Node, generations
Node 2000, 0.13816051427056475
Node 2001, 0.22691063221328658
Node 2002, 0.7806842203334615
Node 2003, 2.085629866733116
Node 2004, 2.521363831369106
Node 2005, 2.83929674945196
Node 2006, 2.917444412988696
Node 2007, 2.9952287951423804
Node 2008, 3.3610211945002795
Node 2009, 3.8524782380411735
Node 2010, 4.064824928342884
Node 2011, 4.284339208144004
Node 2012, 5.1696211447264
Node 2013, 5.4864252309923955
Node 2014, 5.733141714126482
Node 2015, 5.765327079095531
Node 2016, 6.2446393822795105
Node 2017, 6.451812701997681
Node 2018, 6.6715970445757735
Node 2019, 7.203540575079949
Node 2020, 7.514823419221311
Node 2021, 7.752958324935287
Node 2022, 8.063744549404575
Node 2023, 8.1625112550277
Node 2024, 8.452400080037325
Node 2025, 8.53074413895666
Node 2026, 8.879385001514313
Node 2027, 9.361283471487072
Node 2028, 9.409326683238309
Node 2029, 10.2515095451062
Node 2030, 10.35533880271835
Node 2031, 10.664989931229332
Node 2032, 10.795765379186495
Node 2033, 11.220359693236853
Node 2034, 11.845218932843927
Node 2035, 12.553488358268146
Node 2036, 12.710218101989417
Node 2037, 13.018068702687179
Node 2038, 13.717649777218869
Node 2039, 13.813818837753148
Node 2040, 14.21018957687478
Node 2041, 14.543091018839792
Node 2042, 15.023827949524364
Node 2043, 15.161826263674937
Node 2044, 15.29267199700568
Node 2045, 15.393700117813243
Node 2046, 15.530381614590018
Node 2047, 15.702164737752497
Node 2048, 15.758580600973085
Node 2049, 15.78917106898361
Node 2050, 16.013548074005186
Node 2051, 16.154474367712833
Node 2052, 16.197464860963027
Node 2053, 16.203991579664024
Node 2054, 16.660945179995643
Node 2055, 16.719358159801466
Node 2056, 16.752793549190617
Node 2057, 17.121220666726916
Node 2058, 17.436743867040214
Node 2059, 17.69039779164399
Node 2060, 18.468249096196242
Node 2061, 18.490801909684524
Node 2062, 18.514945700959295
Node 2063, 18.67850074726292
Node 2064, 18.881463981422883
Node 2065, 19.649462768670194
Node 2066, 19.802038284137392
Node 2067, 20.671489470270746
Node 2068, 20.839472798336608
Node 2069, 20.90760905737329
Node 2070, 21.468293810252266
Node 2071, 21.590563915435915
Node 2072, 21.832866342819763
Node 2073, 21.939930008050506
Node 2074, 21.962634068760728
Node 2075, 22.17197889026237
Node 2076, 22.36727764400633
Node 2077, 22.476183265799765
Node 2078, 22.487869196832893
Node 2079, 22.505952588387462
Node 2080, 22.581243236518993
Node 2081, 22.64444693342993
Node 2082, 22.6988929115473
Node 2083, 23.010803023927405
Node 2084, 23.432468013737807
Node 2085, 23.55269831750892
Node 2086, 23.826462356274355
Node 2087, 23.96398591223024
Node 2088, 24.378950021587773
Node 2089, 24.61271014898769
Node 2090, 24.82734237811594
Node 2091, 24.865409304182528
Node 2092, 25.203309443611477
Node 2093, 25.25231806696357
Node 2094, 25.836745502301074
Node 2095, 25.90974772486131
Node 2096, 25.929606565023736
Node 2097, 26.003420668310454
Node 2098, 26.100119175082874
Node 2099, 26.287370033040368
Node 2100, 26.819397673403245
Node 2101, 26.909008843759427
Node 2102, 27.020529912856436
Node 2103, 27.08684077448603
Node 2104, 27.091996643506143
Node 2105, 27.108536961077355
Node 2106, 27.136967998179838
Node 2107, 27.238669739439256
Node 2108, 27.362386061371616
Node 2109, 27.550958361890466
Node 2110, 27.798216989518558
Node 2111, 27.96053163425549
Node 2112, 27.96122526386936
Node 2113, 28.194430343327895
Node 2114, 28.2004597642734
Node 2115, 28.7934419385544
Node 2116, 29.023897517732795
Node 2117, 29.066304568749395
Node 2118, 29.151383046690103
Node 2119, 29.754744266990254
Node 2120, 29.79467887957479
Node 2121, 29.84673062767931
Node 2122, 29.875484339764956
Node 2123, 29.88476692738318
Node 2124, 29.977438199239913
Node 2125, 30.044745808230484
Node 2126, 30.06255419696847
Node 2127, 30.09198243370815
Node 2128, 30.092276831562174
Node 2129, 30.168575404516318
Node 2130, 30.198927207066614
Node 2131, 30.25519480576409
Node 2132, 30.25779189586387
Node 2133, 30.46940121534631
Node 2134, 30.90015568269135
Node 2135, 30.986696756879176
Node 2136, 31.00777612641143
Node 2137, 31.138794225729317
Node 2138, 31.193820704047212
Node 2139, 31.212395769869342
Node 2140, 31.22724104657097
Node 2141, 31.68964718200655
Node 2142, 31.751480427467772
Node 2143, 31.787558759548272
Node 2144, 31.84663886300004
Node 2145, 31.853661464025116
Node 2146, 31.934475849780835
Node 2147, 31.995623945414344
Node 2148, 32.02498436566958
Node 2149, 32.08228571096582
Node 2150, 32.27589465919051
Node 2151, 32.41124967071903
Node 2152, 32.84072748222553
Node 2153, 32.87930455149239
Node 2154, 32.88576508841284
Node 2155, 33.192601295501674
Node 2156, 33.46825820855256
Node 2157, 33.91084064563547
Node 2158, 34.16831206073762
Node 2159, 34.17591435309209
Node 2160, 35.0196015691004
Node 2161, 35.15407085034142
Node 2162, 35.21832509257772
Node 2163, 35.85729279567338
Node 2164, 36.201415630445915
Node 2165, 36.21632722663692
Node 2166, 36.22696010688946
Node 2167, 36.433023982742725
Node 2168, 36.593955730025996
Node 2169, 36.60464235970466
Node 2170, 36.917252516309354
Node 2171, 37.09264450356026
Node 2172, 37.17861449253904
Node 2173, 37.38347845137237
Node 2174, 37.73215059390186
Node 2175, 37.747987608807264
Node 2176, 37.7575296694869
Node 2177, 37.833444702449455
Node 2178, 37.85124587795678
Node 2179, 38.006356481598445
Node 2180, 38.15823051161271
Node 2181, 38.196543783137706
Node 2182, 38.37173508053473
Node 2183, 38.54562495680525
Node 2184, 38.6573298879876
Node 2185, 38.9128745767551
Node 2186, 38.91451234024498
Node 2187, 38.93395367611159
Node 2188, 39.002621900602
Node 2189, 39.09915241965796
Node 2190, 39.1842641923126
Node 2191, 39.33316969006231
Node 2192, 39.34982840121292
Node 2193, 39.49652180787135
Node 2194, 39.49925869348833
Node 2195, 39.522059323596096
Node 2196, 39.67756569180013
Node 2197, 39.67827299358617
Node 2198, 39.69535286580561
Node 2199, 39.93251015602142
Node 2200, 40.126269673295276
Node 2201, 40.234774400539436
Node 2202, 40.26920154799277
Node 2203, 40.34310056825466
Node 2204, 40.39251756691515
Node 2205, 40.40175006771181
Node 2206, 40.492839783959546
Node 2207, 40.58755617856971
Node 2208, 40.71947961263432
Node 2209, 40.8889822200467
Node 2210, 40.91836778287443
Node 2211, 40.973415400208246
Node 2212, 41.071057102794484
Node 2213, 41.31929993744015
Node 2214, 41.344206546567776
Node 2215, 41.34439525233275
Node 2216, 41.530358349516376
Node 2217, 41.69693503917191
Node 2218, 41.75299735826296
Node 2219, 41.782310964120974
Node 2220, 41.84179283883402
Node 2221, 42.56727353927761
Node 2222, 42.83064064623383
Node 2223, 42.973405603843474
Node 2224, 43.07716287524131
Node 2225, 43.124376769333
Node 2226, 43.21345637242641
Node 2227, 43.68681935769965
Node 2228, 43.752069821499234
Node 2229, 44.0760111746746
Node 2230, 44.30896361753018
Node 2231, 44.383394909177746
Node 2232, 44.47388826999583
Node 2233, 44.64303416066533
Node 2234, 44.65847385910865
Node 2235, 44.78029544735833
Node 2236, 44.84210291653047
Node 2237, 44.931025442791935
Node 2238, 44.95316652779713
Node 2239, 44.9725767292817
Node 2240, 45.0714411864392
Node 2241, 45.18185234997796
Node 2242, 45.26403705322939
Node 2243, 45.29430522058487
Node 2244, 45.303727444055724
Node 2245, 45.362362579998155
Node 2246, 45.379976484055476
Node 2247, 45.43004696243652
Node 2248, 45.535532521814865
Node 2249, 45.63034608424374
Node 2250, 45.70588413165376
Node 2251, 45.76916372563437
Node 2252, 45.849947975030126
Node 2253, 45.871810146932766
Node 2254, 46.20609116827984
Node 2255, 46.36834681790869
Node 2256, 46.52962575166852
Node 2257, 46.779509113512844
Node 2258, 46.93925306588986
Node 2259, 46.941428144969045
Node 2260, 47.01952757234848
Node 2261, 47.171640512356824
Node 2262, 47.23051194578718
Node 2263, 47.3779765595875
Node 2264, 47.41955535405909
Node 2265, 47.5515653363481
Node 2266, 47.62930155135199
Node 2267, 47.772564628081305
Node 2268, 47.87386581959361
Node 2269, 47.94679591626386
Node 2270, 47.961469188521846
Node 2271, 48.00301681803916
Node 2272, 48.015273441314214
Node 2273, 48.2537823059365
Node 2274, 48.47684438732805
Node 2275, 48.61992209274854
Node 2276, 48.65074786010941
Node 2277, 48.68002293353176
Node 2278, 48.8306161829485
Node 2279, 49.297047425319306
Node 2280, 49.44980077418232
Node 2281, 49.49967871544226
Node 2282, 49.50754802156983
Node 2283, 49.52945005166735
Node 2284, 49.59414583984109
Node 2285, 49.6553446848913
Node 2286, 49.75501273304836
Node 2287, 49.789426981328276
Node 2288, 49.93150621874477
Node 2289, 49.97525414226731
Node 2290, 49.97981313983394
Node 2291, 50.1504306644167
Node 2292, 50.157696832686064
Node 2293, 50.23337257294914
Node 2294, 50.34999982627176
Node 2295, 50.42410925064807
Node 2296, 50.60651207559865
Node 2297, 50.71649657673113
Node 2298, 50.77618950900918
Node 2299, 50.8073377504443
Node 2300, 51.02364681367574
Node 2301, 51.1663378706042
Node 2302, 51.30797560120269
Node 2303, 51.352867599039214
Node 2304, 51.45022753799737
Node 2305, 51.51084891108468
Node 2306, 51.55327884248834
Node 2307, 51.56332754922115
Node 2308, 51.640098370166164
Node 2309, 51.65389357621223
Node 2310, 51.74625783662316
Node 2311, 51.76185418561888
Node 2312, 52.02893666711079
Node 2313, 52.081847848342484
Node 2314, 52.093882259991204
Node 2315, 52.19787977393708
Node 2316, 52.22105665704247
Node 2317, 52.27324533388353
Node 2318, 52.349564864374855
Node 2319, 52.454562779626585
Node 2320, 52.65152885001177
Node 2321, 52.68670650919529
Node 2322, 52.69998192251104
Node 2323, 52.834076127891144
Node 2324, 53.20077541297163
Node 2325, 53.20858074332289
Node 2326, 53.32205569081452
Node 2327, 53.35573777670019
Node 2328, 53.37072740676577
Node 2329, 53.37536333496788
Node 2330, 53.49950479802086
Node 2331, 53.523237677262486
Node 2332, 53.61298385036034
Node 2333, 53.616718845111
Node 2334, 53.61761383968305
Node 2335, 53.814662113150405
Node 2336, 53.952681592989116
Node 2337, 54.069707216958676
Node 2338, 54.16780185308067
Node 2339, 54.35254199409998
Node 2340, 54.42457564305215
Node 2341, 54.45140573521699
Node 2342, 54.536443677174624
Node 2343, 54.625006137329606
Node 2344, 54.81976237284862
Node 2345, 54.85367806119224
Node 2346, 54.89095517966726
Node 2347, 55.03084188140617
Node 2348, 55.20851082548828
Node 2349, 55.45975969113483
Node 2350, 55.541416303603725
Node 2351, 55.81975904237269
Node 2352, 55.83161874742229
Node 2353, 56.08699222119918
Node 2354, 56.227819337293504
Node 2355, 56.24058258987073
Node 2356, 56.424831961852256
Node 2357, 56.450504381432125
Node 2358, 56.45568700806572
Node 2359, 56.481353550155546
Node 2360, 56.496371337349615
Node 2361, 56.51527505984285
Node 2362, 56.765975242315925
Node 2363, 56.91180952123004
Node 2364, 56.920066617460414
Node 2365, 56.957563789808475
Node 2366, 56.9840661949697
Node 2367, 57.084923552323815
Node 2368, 57.202442222550054
Node 2369, 57.4965309978402
Node 2370, 57.50222255810779
Node 2371, 57.645754182027005
Node 2372, 57.702508466472565
Node 2373, 57.849023431709625
Node 2374, 57.911921561866016
Node 2375, 57.91946615415359
Node 2376, 57.99939315446322
Node 2377, 58.08507752420408
Node 2378, 58.20453737258589
Node 2379, 58.329051428585295
Node 2380, 58.38061887793131
Node 2381, 58.40593738732029
Node 2382, 58.43780668532844
Node 2383, 58.438086992702935
Node 2384, 58.51665771028454
Node 2385, 58.525547746372844
Node 2386, 59.025338359085865
Node 2387, 59.295901779694205
Node 2388, 59.55581691734943
Node 2389, 59.56021343421056
Node 2390, 59.660968684569845
Node 2391, 59.78619109507806
Node 2392, 59.837040198477595
Node 2393, 59.90169071392827
Node 2394, 59.985956113807156
Node 2395, 60.035446539012526
Node 2396, 60.09047893453844
Node 2397, 60.15138448998662
Node 2398, 60.24837057477299
Node 2399, 60.258032458269255
Node 2400, 60.377221762899
Node 2401, 60.548254292635974
Node 2402, 60.63436603110795
Node 2403, 60.72337692176969
Node 2404, 60.963860933725655
Node 2405, 61.02301665967311
Node 2406, 61.06141500764356
Node 2407, 61.106859634444916
Node 2408, 61.211810846987106
Node 2409, 61.26560285786087
Node 2410, 61.426066353867746
Node 2411, 61.48327527700886
Node 2412, 61.49581066805275
Node 2413, 61.50228059233184
Node 2414, 61.54314270059348
Node 2415, 61.63677429691043
Node 2416, 61.74069239856413
Node 2417, 61.87533189814109
Node 2418, 61.89256949662525
Node 2419, 61.89551130731544
Node 2420, 61.92523360635186
Node 2421, 61.95260330523466
Node 2422, 61.968077813636896
Node 2423, 62.02640429643927
Node 2424, 62.07507869740964
Node 2425, 62.17523060899697
Node 2426, 62.27628692026104
Node 2427, 62.40256852869847
Node 2428, 62.414387473545325
Node 2429, 62.51935831532671
Node 2430, 62.67459888604757
Node 2431, 62.680471144644116
Node 2432, 62.68826756939687
Node 2433, 62.6980868669903
Node 2434, 62.69910624063572
Node 2435, 62.77010741480535
Node 2436, 62.783946396456244
Node 2437, 62.84435816939875
Node 2438, 63.081375323092736
Node 2439, 63.2666694982144
Node 2440, 63.325929265387984
Node 2441, 63.35419737439808
Node 2442, 63.52398124825458
Node 2443, 63.59969821948495
Node 2444, 63.61391513713343
Node 2445, 63.61923299440885
Node 2446, 63.878959315110954
Node 2447, 63.96895142231151
Node 2448, 64.02796543317642
Node 2449, 64.11692367202173
Node 2450, 64.12454644779812
Node 2451, 64.16860190885224
Node 2452, 64.2051727285104
Node 2453, 64.3602437028276
Node 2454, 64.38423709015571
Node 2455, 64.41163897071678
Node 2456, 64.4621096877148
Node 2457, 64.52812463705683
Node 2458, 64.52851043692837
Node 2459, 64.5951690858466
Node 2460, 64.65807020708746
Node 2461, 64.68203480426286
Node 2462, 64.83972318789189
Node 2463, 64.8952299589377
Node 2464, 64.93736674312979
Node 2465, 64.96007605227523
Node 2466, 65.03358768509325
Node 2467, 65.38819567062745
Node 2468, 65.57580621726977
Node 2469, 65.60833491647773
Node 2470, 65.63882475789188
Node 2471, 65.81029883065631
Node 2472, 65.92280697520275
Node 2473, 65.94295419453259
Node 2474, 65.94393992287753
Node 2475, 65.99578283986203
Node 2476, 66.15856600883251
Node 2477, 66.159388896856
Node 2478, 66.4593479560158
Node 2479, 66.69181167989477
Node 2480, 66.79597588724498
Node 2481, 66.81365987504469
Node 2482, 66.89983409336963
Node 2483, 67.02211062461241
Node 2484, 67.07273085304321
Node 2485, 67.19521698276776
Node 2486, 67.29422264360176
Node 2487, 67.42108603331798
Node 2488, 67.43919885511346
Node 2489, 67.44882172060822
Node 2490, 67.4823284404266
Node 2491, 67.48823816832052
Node 2492, 67.59486214330178
Node 2493, 67.63752166201498
Node 2494, 67.697433186187
Node 2495, 67.70250585726734
Node 2496, 67.74578436305414
Node 2497, 67.77049424921263
Node 2498, 68.03321260108734
Node 2499, 68.06909961098569
Node 2500, 68.09377224097375
Node 2501, 68.09628325636568
Node 2502, 68.10060319910284
Node 2503, 68.22551413102991
Node 2504, 68.25188003108602
Node 2505, 68.32015135394244
Node 2506, 68.32513423508817
Node 2507, 68.55879386901688
Node 2508, 68.85860370440017
Node 2509, 68.87775723377543
Node 2510, 68.89488957902915
Node 2511, 68.99660628181925
Node 2512, 69.00397202316162
Node 2513, 69.00476383234175
Node 2514, 69.02981313684377
Node 2515, 69.04133814225945
Node 2516, 69.10968747392674
Node 2517, 69.18699407467342
Node 2518, 69.32562509613692
Node 2519, 69.49427678959006
Node 2520, 69.51695535266215
Node 2521, 69.6496206700665
Node 2522, 69.65662702034946
Node 2523, 69.82154364650589
Node 2524, 69.88625365890381
Node 2525, 69.99692472227754
Node 2526, 70.06356867163932
Node 2527, 70.07202079154013
Node 2528, 70.21583907428928
Node 2529, 70.25068774159122
Node 2530, 70.3205248037478
Node 2531, 70.42402586881057
Node 2532, 70.43949191416861
Node 2533, 70.4584821218964
Node 2534, 70.45918175648204
Node 2535, 70.52641778101378
Node 2536, 70.53447419738843
Node 2537, 70.55084153965178
Node 2538, 70.62655652040641
Node 2539, 70.68624207457378
Node 2540, 70.70004069978296
Node 2541, 70.74711848411678
Node 2542, 70.77604949869227
Node 2543, 70.83854807673006
Node 2544, 70.95930645604366
Node 2545, 70.95957328175984
Node 2546, 71.14601238950453
Node 2547, 71.27716210214437
Node 2548, 71.43592173287271
Node 2549, 71.45418176722353
Node 2550, 71.60363077454825
Node 2551, 71.66923653850252
Node 2552, 71.85759016446046
Node 2553, 71.85884670080904
Node 2554, 71.97798043756967
Node 2555, 71.98126530334241
Node 2556, 71.99732524925106
Node 2557, 72.07445109231746
Node 2558, 72.28413690104134
Node 2559, 72.30261269454522
Node 2560, 72.3643399879158
Node 2561, 72.43807241444793
Node 2562, 72.5476232430606
Node 2563, 72.55963308483024
Node 2564, 72.7563090318438
Node 2565, 72.87443412005815
Node 2566, 72.92027195410809
Node 2567, 72.93396753879505
Node 2568, 72.93850901343548
Node 2569, 72.94390300943836
Node 2570, 73.13175837475447
Node 2571, 73.17253766507253
Node 2572, 73.24319134225206
Node 2573, 73.29281717752863
Node 2574, 73.34917958917175
Node 2575, 73.37901558713743
Node 2576, 73.70464571556062
Node 2577, 73.79573404899739
Node 2578, 73.8438926381434
Node 2579, 73.87627176933633
Node 2580, 73.91305606265281
Node 2581, 73.95059583349425
Node 2582, 73.95290552878662
Node 2583, 74.01271812102816
Node 2584, 74.01463350625991
Node 2585, 74.0533934517003
Node 2586, 74.13906411472425
Node 2587, 74.23079932505837
Node 2588, 74.25697979991925
Node 2589, 74.33004098857197
Node 2590, 74.46819178522388
Node 2591, 74.48749980332957
Node 2592, 74.49730565502767
Node 2593, 74.62470621257073
Node 2594, 74.69412471930752
Node 2595, 74.7246562303608
Node 2596, 74.76646297466198
Node 2597, 74.7811712481374
Node 2598, 74.79490318106004
Node 2599, 74.92229403030527
Node 2600, 74.93624791150566
Node 2601, 74.97820722606471
Node 2602, 74.98573029680365
Node 2603, 74.99445946106832
Node 2604, 75.00411934088729
Node 2605, 75.0439052761886
Node 2606, 75.15594489864637
Node 2607, 75.26305816507526
Node 2608, 75.30553795949278
Node 2609, 75.47309703272109
Node 2610, 75.51423064639684
Node 2611, 75.55089636407223
Node 2612, 75.57672159337025
Node 2613, 75.69365018075867
Node 2614, 75.74005080457236
Node 2615, 75.75313576810105
Node 2616, 75.7536054376911
Node 2617, 75.79187865069238
Node 2618, 75.83685558529825
Node 2619, 75.83907842105184
Node 2620, 75.88742587353572
Node 2621, 75.91168711366564
Node 2622, 75.91475285462903
Node 2623, 75.94688804804072
Node 2624, 75.990051014035
Node 2625, 76.16410989014535
Node 2626, 76.29880765540385
Node 2627, 76.38814695317976
Node 2628, 76.59787587854868
Node 2629, 76.68001636960612
Node 2630, 76.72588549319848
Node 2631, 76.77325039434682
Node 2632, 76.77475173869857
Node 2633, 76.87558872010705
Node 2634, 77.14310754996814
Node 2635, 77.17217423293631
Node 2636, 77.18331742406997
Node 2637, 77.23087834681127
Node 2638, 77.24590269209486
Node 2639, 77.25563393668786
Node 2640, 77.36089373735278
Node 2641, 77.39215713065434
Node 2642, 77.41763804434447
Node 2643, 77.56899626759723
Node 2644, 77.57776931936745
Node 2645, 77.68464771073916
Node 2646, 77.75049929638827
Node 2647, 77.76134729805293
Node 2648, 77.839952253482
Node 2649, 78.00155005370434
Node 2650, 78.23931355060907
Node 2651, 78.24488969132759
Node 2652, 78.33223920791187
Node 2653, 78.35101598250718
Node 2654, 78.55975583779315
Node 2655, 78.5723941954283
Node 2656, 78.74690956375673
Node 2657, 78.77110739619569
Node 2658, 78.78892342528928
Node 2659, 78.79687953344916
Node 2660, 78.83985928612061
Node 2661, 78.95150545515402
Node 2662, 78.95453558003967
Node 2663, 79.00596657128013
Node 2664, 79.05531230675294
Node 2665, 79.07262833249997
Node 2666, 79.12612494263522
Node 2667, 79.1572792321063
Node 2668, 79.28912201448911
Node 2669, 79.32905747953833
Node 2670, 79.43210092011697
Node 2671, 79.46849839841528
Node 2672, 79.50549159164296
Node 2673, 79.52104292695921
Node 2674, 79.54022894474278
Node 2675, 79.76757372488133
Node 2676, 79.78415417820895
Node 2677, 79.8754259837264
Node 2678, 79.88104199709956
Node 2679, 79.90117495002953
Node 2680, 79.92434019499339
Node 2681, 79.97792761925871
Node 2682, 80.04349262115807
Node 2683, 80.09107664863559
Node 2684, 80.12454697503524
Node 2685, 80.15649913490564
Node 2686, 80.23144762910374
Node 2687, 80.23892773055051
Node 2688, 80.24177524143691
Node 2689, 80.25192729192234
Node 2690, 80.28801941882985
Node 2691, 80.31990189449772
Node 2692, 80.37051729082216
Node 2693, 80.38882781134691
Node 2694, 80.40934940448554
Node 2695, 80.44770942280897
Node 2696, 80.55734515819532
Node 2697, 80.78854844918
Node 2698, 80.81953817421709
Node 2699, 80.84331993851897
Node 2700, 80.88178723410842
Node 2701, 80.9396147056313
Node 2702, 80.9557909409521
Node 2703, 81.17339499795902
Node 2704, 81.18783596590231
Node 2705, 81.26575470076287
Node 2706, 81.28246995829267
Node 2707, 81.40083654083872
Node 2708, 81.58010137756072
Node 2709, 81.5867515102689
Node 2710, 81.60216796900056
Node 2711, 81.69808346164035
Node 2712, 81.75501661902126
Node 2713, 81.81001341020472
Node 2714, 81.84689408229323
Node 2715, 81.92057934850702
Node 2716, 81.929130506018
Node 2717, 81.97806078886735
Node 2718, 82.05027705895313
Node 2719, 82.12338730228963
Node 2720, 82.13748122806547
Node 2721, 82.26101947268535
Node 2722, 82.27145064995447
Node 2723, 82.45067139009132
Node 2724, 82.51734491497358
Node 2725, 82.5521319992366
Node 2726, 82.58386239148912
Node 2727, 82.64538797626795
Node 2728, 82.74555972151306
Node 2729, 82.7508977523728
Node 2730, 82.7533863860291
Node 2731, 82.77059850762147
Node 2732, 82.81826555549776
Node 2733, 82.90712808958614
Node 2734, 82.93524839182952
Node 2735, 82.94877408445824
Node 2736, 82.98223418728078
Node 2737, 83.03027041430013
Node 2738, 83.03777720568252
Node 2739, 83.039242323187
Node 2740, 83.10153245793344
Node 2741, 83.22838259965731
Node 2742, 83.29352226851933
Node 2743, 83.36805020323149
Node 2744, 83.4108534141886
Node 2745, 83.47532907561514
Node 2746, 83.55162803334937
Node 2747, 83.59436642836643
Node 2748, 83.68112379630553
Node 2749, 83.7779763597763
Node 2750, 83.83030250225715
Node 2751, 83.83622303550216
Node 2752, 83.87089105961272
Node 2753, 83.88606680148027
Node 2754, 83.89312497971754
Node 2755, 83.95751168181233
Node 2756, 83.96405628937805
Node 2757, 83.98887491080667
Node 2758, 84.04916326856464
Node 2759, 84.08973918300086
Node 2760, 84.1121934939076
Node 2761, 84.16279451037242
Node 2762, 84.16705502537125
Node 2763, 84.2083940849117
Node 2764, 84.23658946078454
Node 2765, 84.24288611693692
Node 2766, 84.40509968567572
Node 2767, 84.43915538394435
Node 2768, 84.55463537481754
Node 2769, 84.56484194911532
Node 2770, 84.59483064003592
Node 2771, 84.70493424388039
Node 2772, 84.74740135613526
Node 2773, 84.786295982683
Node 2774, 84.79287170991402
Node 2775, 84.80233945646496
Node 2776, 84.86659663613337
Node 2777, 85.0197607051231
Node 2778, 85.04659451876435
Node 2779, 85.1439813434795
Node 2780, 85.16431835264717
Node 2781, 85.2022922020735
Node 2782, 85.23821731113902
Node 2783, 85.35179318398978
Node 2784, 85.3518085986025
Node 2785, 85.37953484948575
Node 2786, 85.38809591593251
Node 2787, 85.48996237723753
Node 2788, 85.53321695933629
Node 2789, 85.54655041014463
Node 2790, 85.56564204231354
Node 2791, 85.57856515073489
Node 2792, 85.61305010453046
Node 2793, 85.65884137500775
Node 2794, 85.75642959200611
Node 2795, 85.87382637418331
Node 2796, 85.88882748842818
Node 2797, 85.9225551892539
Node 2798, 85.92581500377692
Node 2799, 85.93405430023175
Node 2800, 85.96977052113387
Node 2801, 86.00959515771079
Node 2802, 86.1134605786176
Node 2803, 86.14951898380382
Node 2804, 86.23183570472722
Node 2805, 86.23939107422964
Node 2806, 86.27977977949404
Node 2807, 86.34046796525114
Node 2808, 86.38436203620313
Node 2809, 86.42016719616073
Node 2810, 86.4376482804301
Node 2811, 86.44177044761109
Node 2812, 86.54718846518696
Node 2813, 86.5507630905094
Node 2814, 86.71169898906751
Node 2815, 86.73527263023543
Node 2816, 86.8290662288262
Node 2817, 86.84066363512176
Node 2818, 86.89080992566545
Node 2819, 86.90353996900791
Node 2820, 86.91972044051302
Node 2821, 86.98875577702302
Node 2822, 86.99782898250216
Node 2823, 87.16745271890122
Node 2824, 87.19988131223137
Node 2825, 87.21207986246807
Node 2826, 87.22994327359972
Node 2827, 87.32573246372738
Node 2828, 87.3683889790186
Node 2829, 87.4078041722142
Node 2830, 87.44498606500989
Node 2831, 87.47463230688068
Node 2832, 87.47563197084116
Node 2833, 87.51048782455692
Node 2834, 87.58956848151367
Node 2835, 87.59522247370828
Node 2836, 87.64179119198816
Node 2837, 87.7714842417264
Node 2838, 87.85352044424626
Node 2839, 87.87802272364836
Node 2840, 88.07210320133207
Node 2841, 88.1730751165609
Node 2842, 88.30414877618189
Node 2843, 88.33270046861709
Node 2844, 88.35539602829564
Node 2845, 88.43702338480074
Node 2846, 88.49040138787198
Node 2847, 88.50538094107357
Node 2848, 88.53087523945803
Node 2849, 88.57135063114815
Node 2850, 88.5717555274278
Node 2851, 88.65613459542458
Node 2852, 88.68782859712732
Node 2853, 88.71264002473232
Node 2854, 88.72143981548253
Node 2855, 88.79436584779572
Node 2856, 88.84289330626045
Node 2857, 88.85087054428757
Node 2858, 88.86390278182387
Node 2859, 88.879536089703
Node 2860, 88.90159255607028
Node 2861, 88.96899608463751
Node 2862, 89.04744418248049
Node 2863, 89.07058531469407
Node 2864, 89.10029523553723
Node 2865, 89.15977323169575
Node 2866, 89.16888267920707
Node 2867, 89.20394261633058
Node 2868, 89.25975622555262
Node 2869, 89.33232093428512
Node 2870, 89.46713283893854
Node 2871, 89.6113200749701
Node 2872, 89.6613054991819
Node 2873, 89.66613722394573
Node 2874, 89.72963539373963
Node 2875, 89.74695294627737
Node 2876, 89.76678328776583
Node 2877, 89.76828771892264
Node 2878, 89.77346669921113
Node 2879, 89.77599017886325
Node 2880, 89.80146018844529
Node 2881, 89.8147791119079
Node 2882, 89.92017471659496
Node 2883, 89.93869243966408
Node 2884, 89.943905732841
Node 2885, 89.95333687737494
Node 2886, 89.95892163570296
Node 2887, 89.99502177583311
Node 2888, 90.07970273115744
Node 2889, 90.0936815530837
Node 2890, 90.10625044796141
Node 2891, 90.11882912273836
Node 2892, 90.15317224162024
Node 2893, 90.15819153670817
Node 2894, 90.22347931889963
Node 2895, 90.22796331377016
Node 2896, 90.25328609460887
Node 2897, 90.26733103973655
Node 2898, 90.42607121627007
Node 2899, 90.46705194713127
Node 2900, 90.51016336131298
Node 2901, 90.52528707332631
Node 2902, 90.56181117428662
Node 2903, 90.64269278120874
Node 2904, 90.65734050259552
Node 2905, 90.6647392050043
Node 2906, 90.69421043698313
Node 2907, 90.69909406970541
Node 2908, 90.70935356484384
Node 2909, 90.70989064067274
Node 2910, 90.75149139538573
Node 2911, 90.86141343564263
Node 2912, 90.95626589313972
Node 2913, 90.9611789964325
Node 2914, 91.03899140930652
Node 2915, 91.09539176428352
Node 2916, 91.11047890305461
Node 2917, 91.1203841830785
Node 2918, 91.22457690613076
Node 2919, 91.22744925794686
Node 2920, 91.26578928779547
Node 2921, 91.38210022335443
Node 2922, 91.41411983871349
Node 2923, 91.41493005670235
Node 2924, 91.4612737060461
Node 2925, 91.46163636189468
Node 2926, 91.46831129642645
Node 2927, 91.48553707502546
Node 2928, 91.49851513108231
Node 2929, 91.50630833544753
Node 2930, 91.60935207056286
Node 2931, 91.62649723685762
Node 2932, 91.70727793208086
Node 2933, 91.75774781253668
Node 2934, 91.77551215572205
Node 2935, 91.78376791702262
Node 2936, 91.79919906628942
Node 2937, 91.84895818831231
Node 2938, 91.91904206918736
Node 2939, 91.965414268818
Node 2940, 92.01888292148053
Node 2941, 92.06177071488763
Node 2942, 92.07485492773603
Node 2943, 92.08084178560908
Node 2944, 92.10476016475327
Node 2945, 92.13004698535589
Node 2946, 92.23516163502602
Node 2947, 92.26443125207244
Node 2948, 92.27774774930066
Node 2949, 92.28580278414557
Node 2950, 92.34825771889105
Node 2951, 92.35431752439239
Node 2952, 92.39691749398834
Node 2953, 92.39693040233976
Node 2954, 92.406906920386
Node 2955, 92.44818619525599
Node 2956, 92.45149092279173
Node 2957, 92.53199801002049
Node 2958, 92.77069509085447
Node 2959, 92.81134016846364
Node 2960, 92.83722399592638
Node 2961, 92.8724184456729
Node 2962, 92.88662084539962
Node 2963, 92.90085297970533
Node 2964, 92.92904905243641
Node 2965, 92.93761746249864
Node 2966, 93.01879077988471
Node 2967, 93.03466462269138
Node 2968, 93.11066195921276
Node 2969, 93.12995626767555
Node 2970, 93.16391444794398
Node 2971, 93.16969312041782
Node 2972, 93.18327849235537
Node 2973, 93.21020955496805
Node 2974, 93.22268448706922
Node 2975, 93.28302193634062
Node 2976, 93.30364207702846
Node 2977, 93.30655472108752
Node 2978, 93.3083511173179
Node 2979, 93.32114412502943
Node 2980, 93.35119261619195
Node 2981, 93.36365238889715
Node 2982, 93.42610661577058
Node 2983, 93.4435389695381
Node 2984, 93.45926868459381
Node 2985, 93.5060564052251
Node 2986, 93.5430820208572
Node 2987, 93.75437766419246
Node 2988, 93.79146068947553
Node 2989, 93.84141917351117
Node 2990, 93.84679029082311
Node 2991, 93.85537711006702
Node 2992, 93.89514971278265
Node 2993, 93.99077672573473
Node 2994, 94.01269256538069
Node 2995, 94.08657444090984
Node 2996, 94.10583095987262
Node 2997, 94.11927049629823
Node 2998, 94.17347151937791
Node 2999, 94.227784594513
Node 3000, 94.23588500189581
Node 3001, 94.25165816676683
Node 3002, 94.26107708330663
Node 3003, 94.28645987081461
Node 3004, 94.33303952359637
Node 3005, 94.35350881319506
Node 3006, 94.46672012153472
Node 3007, 94.52311278885901
Node 3008, 94.54542927854155
Node 3009, 94.56769912369332
Node 3010, 94.71476410748102
Node 3011, 94.96166540508433
Node 3012, 95.12569368055203
Node 3013, 95.14573089511494
Node 3014, 95.15509430639767
Node 3015, 95.18988779670146
Node 3016, 95.19931878932394
Node 3017, 95.20543109093714
Node 3018, 95.29259719544842
Node 3019, 95.29439096613461
Node 3020, 95.33803008108244
Node 3021, 95.48261763553292
Node 3022, 95.57569946413078
Node 3023, 95.59492608495306
Node 3024, 95.62959937691295
Node 3025, 95.67572366425028
Node 3026, 95.6976455603507
Node 3027, 95.77846613612694
Node 3028, 95.79289850834927
Node 3029, 95.81947993912735
Node 3030, 95.88712288423834
Node 3031, 95.90846910199605
Node 3032, 95.91710769782702
Node 3033, 95.9190685586881
Node 3034, 95.94562181482664
Node 3035, 95.97409945237015
Node 3036, 96.0453971213712
Node 3037, 96.22436115920323
Node 3038, 96.23024481537425
Node 3039, 96.28604697915485
Node 3040, 96.3024722417021
Node 3041, 96.3222909856494
Node 3042, 96.47511939515526
Node 3043, 96.51487223858564
Node 3044, 96.52883151824105
Node 3045, 96.54049636032465
Node 3046, 96.61643680283774
Node 3047, 96.74628906883174
Node 3048, 96.78978418343004
Node 3049, 96.80008053175291
Node 3050, 96.88795990128321
Node 3051, 96.91981495242447
Node 3052, 97.04652959247721
Node 3053, 97.09207914231823
Node 3054, 97.15324405088953
Node 3055, 97.26586423718904
Node 3056, 97.29098211785038
Node 3057, 97.3009428521695
Node 3058, 97.36680473105602
Node 3059, 97.40394294308122
Node 3060, 97.42397897591155
Node 3061, 97.4281426315295
Node 3062, 97.43554185438548
Node 3063, 97.43863701114826
Node 3064, 97.47128824585964
Node 3065, 97.53226912696472
Node 3066, 97.75882450487535
Node 3067, 97.83380178731495
Node 3068, 97.88107450037873
Node 3069, 97.89770829945692
Node 3070, 97.97137244663803
Node 3071, 98.0971390091202
Node 3072, 98.11193017103487
Node 3073, 98.16039479723959
Node 3074, 98.1814982510192
Node 3075, 98.18635692587323
Node 3076, 98.19955443018569
Node 3077, 98.25516624535976
Node 3078, 98.29959001335678
Node 3079, 98.31403748069356
Node 3080, 98.33497585259614
Node 3081, 98.38583677339005
Node 3082, 98.40741012019377
Node 3083, 98.4095110580512
Node 3084, 98.42854401121502
Node 3085, 98.4295865692835
Node 3086, 98.4394115367108
Node 3087, 98.54091878188711
Node 3088, 98.57909371632485
Node 3089, 98.68285765557722
Node 3090, 98.69724054972922
Node 3091, 98.7301735790429
Node 3092, 98.73821368775063
Node 3093, 98.74717488674055
Node 3094, 98.77859719085531
Node 3095, 98.79594730444963
Node 3096, 98.86255913811154
Node 3097, 98.86788460221834
Node 3098, 98.98018315060426
Node 3099, 98.99324322020026
Node 3100, 99.01518959309975
Node 3101, 99.01865565914824
Node 3102, 99.08032719614474
Node 3103, 99.13024946627198
Node 3104, 99.18927221477493
Node 3105, 99.20839611534986
Node 3106, 99.24491315216177
Node 3107, 99.39981757472925
Node 3108, 99.48786796169355
Node 3109, 99.49206734661499
Node 3110, 99.50814961873606
Node 3111, 99.53856379391375
Node 3112, 99.5539674073498
Node 3113, 99.59385048844256
Node 3114, 99.61877280989623
Node 3115, 99.71394383214957
Node 3116, 99.71645572586812
Node 3117, 99.74640076696404
Node 3118, 99.8060781735465
Node 3119, 99.82301745918141
Node 3120, 99.89011321402049
Node 3121, 99.94424723722199
Node 3122, 99.99724901273221
Node 3123, 99.99744543919171
Node 3124, 100.01838398720015
Node 3125, 100.02077327447488
Node 3126, 100.06195230659843
Node 3127, 100.08520535891905
Node 3128, 100.10325305480141
Node 3129, 100.1353158328692
Node 3130, 100.14065041725064
Node 3131, 100.14265621302575
Node 3132, 100.15239848063634
Node 3133, 100.17291596605787
Node 3134, 100.20244043655988
Node 3135, 100.21772843153045
Node 3136, 100.23490640284282
Node 3137, 100.31016301718532
Node 3138, 100.3277732915876
Node 3139, 100.3729468305996
Node 3140, 100.41836780590323
Node 3141, 100.46490673055696
Node 3142, 100.56474990226131
Node 3143, 100.5787374165691
Node 3144, 100.61607939843661
Node 3145, 100.66063983576987
Node 3146, 100.68149792039952
Node 3147, 100.68351664601167
Node 3148, 100.70784992484984
Node 3149, 100.85366475945425
Node 3150, 100.86901510753734
Node 3151, 100.88714363919341
Node 3152, 100.90925681374365
Node 3153, 100.90952653245908
Node 3154, 100.94819056282842
Node 3155, 100.9577754487798
Node 3156, 101.01023916293138
Node 3157, 101.02800650608872
Node 3158, 101.04527841383538
Node 3159, 101.05132831920066
Node 3160, 101.06319151447633
Node 3161, 101.079739211502
Node 3162, 101.11464166172483
Node 3163, 101.1219937244821
Node 3164, 101.23962001481868
Node 3165, 101.2423785919953
Node 3166, 101.24812501474756
Node 3167, 101.32743299156213
Node 3168, 101.35296527849935
Node 3169, 101.3720399672579
Node 3170, 101.39169769849758
Node 3171, 101.43355221352134
Node 3172, 101.44711586336143
Node 3173, 101.45403006316435
Node 3174, 101.50756879229262
Node 3175, 101.55932955334352
Node 3176, 101.60252117448843
Node 3177, 101.60884635551974
Node 3178, 101.612419571324
Node 3179, 101.75443470814656
Node 3180, 101.81671570595789
Node 3181, 101.83000002250137
Node 3182, 101.9300621087487
Node 3183, 101.94239705207752
Node 3184, 102.01527582122888
Node 3185, 102.02091835455131
Node 3186, 102.06834115523516
Node 3187, 102.09593921919733
Node 3188, 102.11459118812448
Node 3189, 102.155674609548
Node 3190, 102.16211153922478
Node 3191, 102.16927770999712
Node 3192, 102.19129265463313
Node 3193, 102.22010549456606
Node 3194, 102.22017895094736
Node 3195, 102.266893700474
Node 3196, 102.27864226600177
Node 3197, 102.35111638758715
Node 3198, 102.35342040226644
Node 3199, 102.46361249449062
Node 3200, 102.46708578478146
Node 3201, 102.47940255775326
Node 3202, 102.47945060458562
Node 3203, 102.49615263044203
Node 3204, 102.50770265079724
Node 3205, 102.6088496920434
Node 3206, 102.61482893768364
Node 3207, 102.63116683531118
Node 3208, 102.7989631619675
Node 3209, 102.86666157320448
Node 3210, 102.89139017773033
Node 3211, 102.92319434166807
Node 3212, 102.97227297534657
Node 3213, 102.99345378977698
Node 3214, 103.05793725072934
Node 3215, 103.06491983106187
Node 3216, 103.18245808248932
Node 3217, 103.19241239350443
Node 3218, 103.29736630413261
Node 3219, 103.34356146891982
Node 3220, 103.39181394269973
Node 3221, 103.39218968204597
Node 3222, 103.41839466720455
Node 3223, 103.50906512768118
Node 3224, 103.51167175468454
Node 3225, 103.54205642323745
Node 3226, 103.62408414988309
Node 3227, 103.66064062832281
Node 3228, 103.76604629645553
Node 3229, 103.77549074066376
Node 3230, 103.81794174821371
Node 3231, 103.84313873340295
Node 3232, 103.88331517423741
Node 3233, 103.9008185086528
Node 3234, 103.94565058045009
Node 3235, 103.96798038759209
Node 3236, 103.98560708197195
Node 3237, 104.13661527559304
Node 3238, 104.14479066887777
Node 3239, 104.18835634339419
Node 3240, 104.28637451784317
Node 3241, 104.29789220478567
Node 3242, 104.29917366547548
Node 3243, 104.30503452355453
Node 3244, 104.37083694378322
Node 3245, 104.37314485600359
Node 3246, 104.37890393287243
Node 3247, 104.4080032731185
Node 3248, 104.49838739615123
Node 3249, 104.50283343359385
Node 3250, 104.52663540886653
Node 3251, 104.55104331311135
Node 3252, 104.64369431379006
Node 3253, 104.65518190012153
Node 3254, 104.75026962811484
Node 3255, 104.75234824460088
Node 3256, 104.83181298777234
Node 3257, 104.95124464185176
Node 3258, 104.99289132724826
Node 3259, 105.01803744007115
Node 3260, 105.03204719948697
Node 3261, 105.05256112615929
Node 3262, 105.06221279188924
Node 3263, 105.14506915679166
Node 3264, 105.15672566828403
Node 3265, 105.16737089475096
Node 3266, 105.18048666776188
Node 3267, 105.25221762222638
Node 3268, 105.31580727527601
Node 3269, 105.32996360678057
Node 3270, 105.47067807193022
Node 3271, 105.47105831457542
Node 3272, 105.51580910268885
Node 3273, 105.55995576326022
Node 3274, 105.5850348166807
Node 3275, 105.61222665149171
Node 3276, 105.6824284042993
Node 3277, 105.70956659576696
Node 3278, 105.74185177882465
Node 3279, 105.81106287265843
Node 3280, 105.89642009685879
Node 3281, 105.91267660124362
Node 3282, 105.92340139598022
Node 3283, 105.94861897334644
Node 3284, 106.00388462588586
Node 3285, 106.03801289051516
Node 3286, 106.0383961957545
Node 3287, 106.15008188915436
Node 3288, 106.22527331885281
Node 3289, 106.24158854343149
Node 3290, 106.24644287296839
Node 3291, 106.27053915757213
Node 3292, 106.27958723631467
Node 3293, 106.32997823067042
Node 3294, 106.35243073185855
Node 3295, 106.35719348707131
Node 3296, 106.3892256813165
Node 3297, 106.42823274521271
Node 3298, 106.49939766353376
Node 3299, 106.54502611756848
Node 3300, 106.56776522096614
Node 3301, 106.62403367435621
Node 3302, 106.68812919580462
Node 3303, 106.79459619325195
Node 3304, 106.95760921538296
Node 3305, 106.99775635132336
Node 3306, 106.99966478460597
Node 3307, 107.01659171839957
Node 3308, 107.07850245311724
Node 3309, 107.10467700386302
Node 3310, 107.12647629715632
Node 3311, 107.12916925416593
Node 3312, 107.13865728284424
Node 3313, 107.25136982743592
Node 3314, 107.27939966995407
Node 3315, 107.32518368741044
Node 3316, 107.36558727352232
Node 3317, 107.36590571957782
Node 3318, 107.39589551116033
Node 3319, 107.44067160544209
Node 3320, 107.45572036227522
Node 3321, 107.47501498467643
Node 3322, 107.53539461448965
Node 3323, 107.54677715567475
Node 3324, 107.5709990722817
Node 3325, 107.61508311180445
Node 3326, 107.72203962529318
Node 3327, 107.76422825041762
Node 3328, 107.798324291941
Node 3329, 107.82480165439291
Node 3330, 107.83464538285075
Node 3331, 107.84098065318372
Node 3332, 107.86252642193928
Node 3333, 107.91088569321026
Node 3334, 108.02309137527199
Node 3335, 108.06077935115523
Node 3336, 108.07302388781436
Node 3337, 108.10231855929128
Node 3338, 108.12728751809476
Node 3339, 108.15096130655157
Node 3340, 108.19005567768254
Node 3341, 108.34028646433099
Node 3342, 108.34274458811952
Node 3343, 108.3678811286332
Node 3344, 108.43097840187377
Node 3345, 108.4323670127028
Node 3346, 108.46575800525791
Node 3347, 108.61547107817718
Node 3348, 108.70553886374692
Node 3349, 108.73691963021588
Node 3350, 108.79247089195609
Node 3351, 108.79297346764147
Node 3352, 108.79541643901536
Node 3353, 108.8179151094862
Node 3354, 108.8564117057284
Node 3355, 108.90969898572204
Node 3356, 108.9264810815333
Node 3357, 108.92782264137273
Node 3358, 108.96971570684484
Node 3359, 109.06466904176145
Node 3360, 109.07755789364404
Node 3361, 109.16200365362845
Node 3362, 109.1940167364775
Node 3363, 109.19420643984742
Node 3364, 109.22635567400407
Node 3365, 109.24895304515219
Node 3366, 109.30617743241763
Node 3367, 109.31194283547515
Node 3368, 109.35885835346268
Node 3369, 109.37741638223582
Node 3370, 109.39868280570963
Node 3371, 109.44068944041146
Node 3372, 109.44458528678359
Node 3373, 109.48006117156312
Node 3374, 109.50058078300961
Node 3375, 109.52526262295333
Node 3376, 109.5514818519058
Node 3377, 109.59771138102927
Node 3378, 109.59780072952236
Node 3379, 109.60720095813478
Node 3380, 109.61052329862926
Node 3381, 109.61456190346192
Node 3382, 109.64304715566179
Node 3383, 109.6512877835979
Node 3384, 109.65726646661132
Node 3385, 109.69313989889487
Node 3386, 109.7171593804834
Node 3387, 109.7811122282337
Node 3388, 109.78746145132492
Node 3389, 109.79488687519387
Node 3390, 109.82651940289847
Node 3391, 109.85742040666315
Node 3392, 109.9868169541054
Node 3393, 109.98841941737338
Node 3394, 109.99010910805177
Node 3395, 110.03556851582401
Node 3396, 110.07591717397706
Node 3397, 110.17061257090334
Node 3398, 110.191650758135
Node 3399, 110.22574524142348
Node 3400, 110.36266506755753
Node 3401, 110.42717159299518
Node 3402, 110.48522307280756
Node 3403, 110.51880586217412
Node 3404, 110.54365481991512
Node 3405, 110.54473252554409
Node 3406, 110.54738256926636
Node 3407, 110.5960860555168
Node 3408, 110.59838718909944
Node 3409, 110.65218060428111
Node 3410, 110.68754836376618
Node 3411, 110.71795525628988
Node 3412, 110.72896440023914
Node 3413, 110.77529042372781
Node 3414, 110.82556744420255
Node 3415, 110.96968589548253
Node 3416, 111.00190966149592
Node 3417, 111.00362364587517
Node 3418, 111.0277254341528
Node 3419, 111.07422209075315
Node 3420, 111.0913549307975
Node 3421, 111.10724826101193
Node 3422, 111.12040211120811
Node 3423, 111.12863747216659
Node 3424, 111.14433002780483
Node 3425, 111.14889421258104
Node 3426, 111.15675154656
Node 3427, 111.21366586067954
Node 3428, 111.2509072201883
Node 3429, 111.29550687126465
Node 3430, 111.31988518182818
Node 3431, 111.33707882536211
Node 3432, 111.39149787941234
Node 3433, 111.56403253436679
Node 3434, 111.5881940353167
Node 3435, 111.59922608174332
Node 3436, 111.605522026499
Node 3437, 111.66269219451328
Node 3438, 111.66427969255035
Node 3439, 111.67217735369766
Node 3440, 111.6920770691473
Node 3441, 111.76454735594402
Node 3442, 111.85741975519363
Node 3443, 111.86421794090916
Node 3444, 111.87924798373625
Node 3445, 111.88373502705436
Node 3446, 111.89290163834931
Node 3447, 111.96231114869622
Node 3448, 111.99038774037062
Node 3449, 112.0098283920464
Node 3450, 112.01387132050912
Node 3451, 112.05598467987807
Node 3452, 112.07598173861726
Node 3453, 112.13402158897922
Node 3454, 112.26508395954811
Node 3455, 112.28231610949886
Node 3456, 112.28254183985531
Node 3457, 112.29538108843
Node 3458, 112.36251186089208
Node 3459, 112.3652189945384
Node 3460, 112.37495977392172
Node 3461, 112.5071399367505
Node 3462, 112.61698438116468
Node 3463, 112.64298770543279
Node 3464, 112.69027598343042
Node 3465, 112.77164353931789
Node 3466, 112.82591506953355
Node 3467, 112.8353694395076
Node 3468, 112.8574491241264
Node 3469, 112.90040297748818
Node 3470, 112.91840167465928
Node 3471, 112.9481375030817
Node 3472, 112.97752951553784
Node 3473, 113.15494498229663
Node 3474, 113.21362707631044
Node 3475, 113.24655019202234
Node 3476, 113.26690612426066
Node 3477, 113.34687822314562
Node 3478, 113.36055595540138
Node 3479, 113.3645577489944
Node 3480, 113.52223308304985
Node 3481, 113.54519196362922
Node 3482, 113.55254894470211
Node 3483, 113.5669084531782
Node 3484, 113.57888948358594
Node 3485, 113.7739592193114
Node 3486, 113.78687801259622
Node 3487, 113.83084728507166
Node 3488, 113.83238097602099
Node 3489, 113.84068285209702
Node 3490, 114.05439682256191
Node 3491, 114.06027684425548
Node 3492, 114.06179410029391
Node 3493, 114.0899010258341
Node 3494, 114.1308291966627
Node 3495, 114.18296998228057
Node 3496, 114.19076154880305
Node 3497, 114.19228840886817
Node 3498, 114.2457676912564
Node 3499, 114.25804404129839
Node 3500, 114.25985618388634
Node 3501, 114.30335889769331
Node 3502, 114.33682028339052
Node 3503, 114.34650961491063
Node 3504, 114.35164134449336
Node 3505, 114.35881734007562
Node 3506, 114.36442622127669
Node 3507, 114.36883775522546
Node 3508, 114.44240255582923
Node 3509, 114.44957115088582
Node 3510, 114.54820077750081
Node 3511, 114.62961568656614
Node 3512, 114.68896464498776
Node 3513, 114.69078010547823
Node 3514, 114.70219204113029
Node 3515, 114.92243755004453
Node 3516, 114.99436156826656
Node 3517, 115.0178772407535
Node 3518, 115.04461043113173
Node 3519, 115.12623281080941
Node 3520, 115.13816329055477
Node 3521, 115.15711676333986
Node 3522, 115.20027477688748
Node 3523, 115.32299074442405
Node 3524, 115.34708132912881
Node 3525, 115.44799206206511
Node 3526, 115.46781490351887
Node 3527, 115.51529087283811
Node 3528, 115.57731475415684
Node 3529, 115.58276226448709
Node 3530, 115.61436998565469
Node 3531, 115.71878749338127
Node 3532, 115.7406800442694
Node 3533, 115.74633055795648
Node 3534, 115.7496515535408
Node 3535, 115.77112197424064
Node 3536, 115.91365496580215
Node 3537, 115.94966711966151
Node 3538, 115.98299399950662
Node 3539, 116.07348738192582
Node 3540, 116.08153913371723
Node 3541, 116.0870318125098
Node 3542, 116.11688687311802
Node 3543, 116.15435533301458
Node 3544, 116.16116401067622
Node 3545, 116.20404323218115
Node 3546, 116.20738597863188
Node 3547, 116.2289121055349
Node 3548, 116.2447858770802
Node 3549, 116.27329357159226
Node 3550, 116.27576430089714
Node 3551, 116.30330898419318
Node 3552, 116.33168120387937
Node 3553, 116.33876605217843
Node 3554, 116.35252642530774
Node 3555, 116.36319263729425
Node 3556, 116.3971770098274
Node 3557, 116.45920604573739
Node 3558, 116.48622828567558
Node 3559, 116.52480625297257
Node 3560, 116.5597692837275
Node 3561, 116.72155564989653
Node 3562, 116.7249637962486
Node 3563, 116.74859143327092
Node 3564, 116.75027325759622
Node 3565, 116.76986003305566
Node 3566, 116.77197357260489
Node 3567, 116.80771162242557
Node 3568, 116.82990702795553
Node 3569, 116.83434417977898
Node 3570, 116.88033290233511
Node 3571, 116.90276225601644
Node 3572, 116.91616830750715
Node 3573, 116.9552072153816
Node 3574, 116.98092517682844
Node 3575, 116.98192473941597
Node 3576, 117.01196961203078
Node 3577, 117.04458035284289
Node 3578, 117.04621051380373
Node 3579, 117.0957725372068
Node 3580, 117.14178983725361
Node 3581, 117.35769341205085
Node 3582, 117.38665375926799
Node 3583, 117.39108718010912
Node 3584, 117.41670989548966
Node 3585, 117.46130412040388
Node 3586, 117.53829485033256
Node 3587, 117.54165091165774
Node 3588, 117.55805805432901
Node 3589, 117.56166486298014
Node 3590, 117.59666933893591
Node 3591, 117.59776661688225
Node 3592, 117.6442828052262
Node 3593, 117.6646630841276
Node 3594, 117.69708364306467
Node 3595, 117.73673536639251
Node 3596, 117.75191003847033
Node 3597, 117.75659744156698
Node 3598, 117.79987706992151
Node 3599, 117.89014566186619
Node 3600, 117.89243066578533
Node 3601, 117.9059783422596
Node 3602, 118.06050486087322
Node 3603, 118.07464324771304
Node 3604, 118.25736696736313
Node 3605, 118.28315383122752
Node 3606, 118.31648908735082
Node 3607, 118.32046016335936
Node 3608, 118.32404785480583
Node 3609, 118.37223571293626
Node 3610, 118.43042027328654
Node 3611, 118.43974007322142
Node 3612, 118.52087274063824
Node 3613, 118.5219081386616
Node 3614, 118.6438338642736
Node 3615, 118.68056098875718
Node 3616, 118.69638733031458
Node 3617, 118.72951271070237
Node 3618, 118.73775177477398
Node 3619, 118.77602092993291
Node 3620, 118.79049215895952
Node 3621, 118.86582445782825
Node 3622, 118.8781584090937
Node 3623, 118.90842110486857
Node 3624, 118.9531725940132
Node 3625, 119.00334662902173
Node 3626, 119.07291032209444
Node 3627, 119.09024261764682
Node 3628, 119.1272720841903
Node 3629, 119.1471482289046
Node 3630, 119.15510826706
Node 3631, 119.1627469517062
Node 3632, 119.18899212663212
Node 3633, 119.2261642065633
Node 3634, 119.24335267235966
Node 3635, 119.31089046495273
Node 3636, 119.3155094048848
Node 3637, 119.31842029992927
Node 3638, 119.33196337334476
Node 3639, 119.35078206874105
Node 3640, 119.42601477144024
Node 3641, 119.4494009824607
Node 3642, 119.45847056088829
Node 3643, 119.47437147626913
Node 3644, 119.4880697471686
Node 3645, 119.50774641739946
Node 3646, 119.53113582746829
Node 3647, 119.65200505455032
Node 3648, 119.69378648638803
Node 3649, 119.70934853867348
Node 3650, 119.83846995338683
Node 3651, 119.84047111970555
Node 3652, 119.93728824410353
Node 3653, 119.93835133477042
Node 3654, 119.94312597311091
Node 3655, 119.94594760273564
Node 3656, 119.96137923554775
Node 3657, 119.9716306485478
Node 3658, 120.0054554913289
Node 3659, 120.01821508857009
Node 3660, 120.08307553554009
Node 3661, 120.13222308950166
Node 3662, 120.14731668716354
Node 3663, 120.23900199202814
Node 3664, 120.30249773449181
Node 3665, 120.32929374374783
Node 3666, 120.3594269995114
Node 3667, 120.38949229980204
Node 3668, 120.42123250195336
Node 3669, 120.46492157144225
Node 3670, 120.52859943566916
Node 3671, 120.61673396534157
Node 3672, 120.76349770235562
Node 3673, 120.84079447114152
Node 3674, 120.85070731877666
Node 3675, 120.8948162668805
Node 3676, 120.95592763689166
Node 3677, 120.97436261645397
Node 3678, 120.98966731910342
Node 3679, 121.00949307941697
Node 3680, 121.12898405582449
Node 3681, 121.18007555479498
Node 3682, 121.20809691647341
Node 3683, 121.21031166106138
Node 3684, 121.21778076629144
Node 3685, 121.23855318923853
Node 3686, 121.24152122491961
Node 3687, 121.2512672445716
Node 3688, 121.25800925580889
Node 3689, 121.33611694078395
Node 3690, 121.38628823667943
Node 3691, 121.41134079366638
Node 3692, 121.46590643981095
Node 3693, 121.47486745874178
Node 3694, 121.49270848085001
Node 3695, 121.58409937019789
Node 3696, 121.58812341361545
Node 3697, 121.622073476324
Node 3698, 121.62371383940416
Node 3699, 121.67774152077818
Node 3700, 121.71186691781297
Node 3701, 121.78139805113112
Node 3702, 121.8299366405157
Node 3703, 121.93757583849602
Node 3704, 121.94960293937423
Node 3705, 121.96889863144668
Node 3706, 121.98570759796482
Node 3707, 122.06377987195143
Node 3708, 122.1335282461365
Node 3709, 122.14861904613844
Node 3710, 122.1812715108649
Node 3711, 122.27026589815179
Node 3712, 122.28078849014256
Node 3713, 122.35539764629254
Node 3714, 122.37434875666202
Node 3715, 122.40891401990598
Node 3716, 122.46834548423001
Node 3717, 122.47440343505377
Node 3718, 122.49730301854729
Node 3719, 122.56179804814116
Node 3720, 122.59157459606686
Node 3721, 122.77992913415181
Node 3722, 122.78995077668513
Node 3723, 122.80824819544542
Node 3724, 122.81803510203547
Node 3725, 122.84000715533558
Node 3726, 122.85062804104338
Node 3727, 122.9150422614922
Node 3728, 122.93129603713437
Node 3729, 122.9642455099125
Node 3730, 123.04581845240864
Node 3731, 123.09808790836547
Node 3732, 123.12312084697884
Node 3733, 123.13098103358398
Node 3734, 123.21873943925713
Node 3735, 123.2889401533202
Node 3736, 123.31885294744909
Node 3737, 123.39019385743164
Node 3738, 123.41416801330493
Node 3739, 123.43772465582676
Node 3740, 123.45971705691834
Node 3741, 123.4686680985033
Node 3742, 123.49381369896692
Node 3743, 123.51610374950042
Node 3744, 123.54411926684432
Node 3745, 123.5567906183035
Node 3746, 123.68841980595501
Node 3747, 123.7225910151809
Node 3748, 123.73421252879251
Node 3749, 123.73610498663595
Node 3750, 123.75162074513823
Node 3751, 123.75946655858812
Node 3752, 123.83175477189846
Node 3753, 123.86430547810416
Node 3754, 123.86610350200039
Node 3755, 123.89585855363869
Node 3756, 123.90433255409721
Node 3757, 123.9541887210153
Node 3758, 123.97071336295255
Node 3759, 123.98643894892288
Node 3760, 124.01269191323884
Node 3761, 124.020332236076
Node 3762, 124.03369508880269
Node 3763, 124.05221078975067
Node 3764, 124.06159491388006
Node 3765, 124.08766383579982
Node 3766, 124.20043525280903
Node 3767, 124.2049621092513
Node 3768, 124.21791233621191
Node 3769, 124.28678927958444
Node 3770, 124.30775366314593
Node 3771, 124.31555497253225
Node 3772, 124.32983588693013
Node 3773, 124.33924702120919
Node 3774, 124.35579258501333
Node 3775, 124.4369243696615
Node 3776, 124.46964713650586
Node 3777, 124.48200822133234
Node 3778, 124.51446448690413
Node 3779, 124.56708063260633
Node 3780, 124.57288838332789
Node 3781, 124.60566874538277
Node 3782, 124.63342877752163
Node 3783, 124.63683896226948
Node 3784, 124.64336403857897
Node 3785, 124.70325564113978
Node 3786, 124.7339056809841
Node 3787, 124.75869655207582
Node 3788, 124.8162865673285
Node 3789, 124.85839293075747
Node 3790, 124.86331851782845
Node 3791, 124.88614388023613
Node 3792, 124.88742931163937
Node 3793, 124.9021944133256
Node 3794, 124.90779450879377
Node 3795, 124.90995060273194
Node 3796, 124.93835481338554
Node 3797, 125.02487465397817
Node 3798, 125.06264328797592
Node 3799, 125.13134960020952
Node 3800, 125.21816052259564
Node 3801, 125.24786878198981
Node 3802, 125.42887268900331
Node 3803, 125.46698977777584
Node 3804, 125.4767114445762
Node 3805, 125.54079531382907
Node 3806, 125.54690353356193
Node 3807, 125.5662424309345
Node 3808, 125.58209747502745
Node 3809, 125.58933796205478
Node 3810, 125.59971412337403
Node 3811, 125.61430434131239
Node 3812, 125.67891876223514
Node 3813, 125.73737873857408
Node 3814, 125.74906755841086
Node 3815, 125.75664335758559
Node 3816, 125.77627911505054
Node 3817, 125.8312263478335
Node 3818, 125.909140710188
Node 3819, 125.96067942798994
Node 3820, 125.99006050768995
Node 3821, 126.06177637933456
Node 3822, 126.06592251349281
Node 3823, 126.10147537462397
Node 3824, 126.1173037828009
Node 3825, 126.11917340350905
Node 3826, 126.16196678801883
Node 3827, 126.18985341300048
Node 3828, 126.19167746293493
Node 3829, 126.19429900042343
Node 3830, 126.19984627128385
Node 3831, 126.21283228869541
Node 3832, 126.2150778007847
Node 3833, 126.25849783598821
Node 3834, 126.32855280346276
Node 3835, 126.33089663486787
Node 3836, 126.58511622837784
Node 3837, 126.63221265921776
Node 3838, 126.63960586698269
Node 3839, 126.64617977260352
Node 3840, 126.70264739651554
Node 3841, 126.72641784430655
Node 3842, 126.73136902440979
Node 3843, 126.74950796048655
Node 3844, 126.75764717175407
Node 3845, 126.92530668305955
Node 3846, 126.97245183424893
Node 3847, 126.99462666013734
Node 3848, 127.00702462274329
Node 3849, 127.03528950428917
Node 3850, 127.06694219254904
Node 3851, 127.0819799399298
Node 3852, 127.0977372186371
Node 3853, 127.10338623159618
Node 3854, 127.1687672717838
Node 3855, 127.23230882747353
Node 3856, 127.24095885650705
Node 3857, 127.32954697496069
Node 3858, 127.34070758835017
Node 3859, 127.37332789460298
Node 3860, 127.39742905408137
Node 3861, 127.4158760151552
Node 3862, 127.4316686094858
Node 3863, 127.5294704554999
Node 3864, 127.53294676662307
Node 3865, 127.54841293171359
Node 3866, 127.59698325693608
Node 3867, 127.63412999362212
Node 3868, 127.67442516447126
Node 3869, 127.76405647875126
Node 3870, 127.81325763331196
Node 3871, 127.81893376758661
Node 3872, 127.84241431747867
Node 3873, 127.8996282196997
Node 3874, 127.95189450010771
Node 3875, 127.95275302312636
Node 3876, 128.03968542212064
Node 3877, 128.0817628029926
Node 3878, 128.08945742662203
Node 3879, 128.12804010190519
Node 3880, 128.16576875767788
Node 3881, 128.1776775039618
Node 3882, 128.17945883307897
Node 3883, 128.2122778912163
Node 3884, 128.27470388379515
Node 3885, 128.30058939973748
Node 3886, 128.31559882653005
Node 3887, 128.36292039673526
Node 3888, 128.44495260768136
Node 3889, 128.48297813249374
Node 3890, 128.61902620955297
Node 3891, 128.61929326671546
Node 3892, 128.6538986679249
Node 3893, 128.7455908653995
Node 3894, 128.74889401169253
Node 3895, 128.75103392760727
Node 3896, 128.7860809242998
Node 3897, 128.79589301492246
Node 3898, 128.8222798610452
Node 3899, 128.8421081039803
Node 3900, 128.89510610336714
Node 3901, 128.96438433142166
Node 3902, 129.11502041433016
Node 3903, 129.13193981399624
Node 3904, 129.15107252454905
Node 3905, 129.1675025934245
Node 3906, 129.22062753167583
Node 3907, 129.32277220271354
Node 3908, 129.32553397012705
Node 3909, 129.3399284444272
Node 3910, 129.35684546233153
Node 3911, 129.37321993172725
Node 3912, 129.43236234127787
Node 3913, 129.53369574287098
Node 3914, 129.57228750638052
Node 3915, 129.66259325406568
Node 3916, 129.68050191623092
Node 3917, 129.70353402199018
Node 3918, 129.70739186767167
Node 3919, 129.72138227262434
Node 3920, 129.72209692564644
Node 3921, 129.72697288991782
Node 3922, 129.735472629587
Node 3923, 129.79450780094658
Node 3924, 129.82913749899228
Node 3925, 130.0107651306043
Node 3926, 130.0241542086045
Node 3927, 130.05030299814132
Node 3928, 130.08953136771146
Node 3929, 130.12298858710398
Node 3930, 130.17603895943722
Node 3931, 130.21815166420154
Node 3932, 130.26134330913894
Node 3933, 130.2652532644023
Node 3934, 130.26952687919578
Node 3935, 130.2929265860767
Node 3936, 130.3450618042615
Node 3937, 130.37695929458317
Node 3938, 130.41504936106014
Node 3939, 130.4305267009521
Node 3940, 130.44530973969043
Node 3941, 130.51878009675787
Node 3942, 130.52503130897824
Node 3943, 130.6111830495017
Node 3944, 130.61446869709098
Node 3945, 130.63872304119022
Node 3946, 130.7029620406398
Node 3947, 130.71404665507401
Node 3948, 130.74228673826988
Node 3949, 130.76021176875602
Node 3950, 130.8627692738238
Node 3951, 130.86516994893398
Node 3952, 130.9204634357663
Node 3953, 130.92548673481656
Node 3954, 130.93985669460716
Node 3955, 130.9478082863217
Node 3956, 130.9652754330847
Node 3957, 131.1032062398591
Node 3958, 131.1124222957601
Node 3959, 131.15470978089095
Node 3960, 131.18113648210797
Node 3961, 131.1964477445071
Node 3962, 131.24320854943264
Node 3963, 131.25318972239313
Node 3964, 131.2616355917265
Node 3965, 131.28282611333194
Node 3966, 131.29447780623755
Node 3967, 131.37742656168552
Node 3968, 131.42337623137186
Node 3969, 131.44174238826733
Node 3970, 131.47569606786888
Node 3971, 131.49163450153497
Node 3972, 131.51033163802688
Node 3973, 131.53907665560564
Node 3974, 131.57959652446334
Node 3975, 131.5875850493847
Node 3976, 131.6152299178646
Node 3977, 131.61574332515266
Node 3978, 131.6248867355849
Node 3979, 131.63766522363565
Node 3980, 131.63916445889146
Node 3981, 131.67746124246457
Node 3982, 131.68480349821445
Node 3983, 131.68747351606925
Node 3984, 131.69635667737168
Node 3985, 131.72672026953694
Node 3986, 131.73866886648526
Node 3987, 131.79738871679623
Node 3988, 131.81372559130824
Node 3989, 131.8242180778017
Node 3990, 131.86172624249397
Node 3991, 131.8754833216316
Node 3992, 131.90615736315237
Node 3993, 131.93479112605442
Node 3994, 131.96138020880088
Node 3995, 131.96481158644832
Node 3996, 132.0339818790165
Node 3997, 132.04420876043986
Node 3998, 132.13102249405355
Node 3999, 132.1817856948775
Node 4000, 132.18484193306438
Node 4001, 132.22276250691036
Node 4002, 132.24287395173297
Node 4003, 132.28012374301593
Node 4004, 132.31739360736162
Node 4005, 132.34916528840813
Node 4006, 132.3591182084496
Node 4007, 132.44064716521905
Node 4008, 132.4736004706046
Node 4009, 132.58263993854962
Node 4010, 132.6254731341921
Node 4011, 132.65905440225416
Node 4012, 132.68954300405065
Node 4013, 132.76146434953645
Node 4014, 132.80379795602576
Node 4015, 132.81054889402185
Node 4016, 132.826977643032
Node 4017, 132.8412592829881
Node 4018, 132.88007111511996
Node 4019, 132.92359423604205
Node 4020, 132.9440182338411
Node 4021, 132.9445998249211
Node 4022, 132.96513194086148
Node 4023, 133.02463565323634
Node 4024, 133.09132702516874
Node 4025, 133.0964685538619
Node 4026, 133.10653790717487
Node 4027, 133.10831157107066
Node 4028, 133.12753103613642
Node 4029, 133.16291235975186
Node 4030, 133.2471085407111
Node 4031, 133.27807269258165
Node 4032, 133.35060907661116
Node 4033, 133.37082213543914
Node 4034, 133.43447461456265
Node 4035, 133.49293713853515
Node 4036, 133.50304072350022
Node 4037, 133.5233356937739
Node 4038, 133.54543727895629
Node 4039, 133.55861090327372
Node 4040, 133.60105045760073
Node 4041, 133.63418025276047
Node 4042, 133.68077499842008
Node 4043, 133.69233693756038
Node 4044, 133.69475351101022
Node 4045, 133.7180370348014
Node 4046, 133.74853185807817
Node 4047, 133.81776650887684
Node 4048, 133.8342294983138
Node 4049, 133.85705244100438
Node 4050, 133.89045437535307
Node 4051, 133.9258433705209
Node 4052, 133.96485068585335
Node 4053, 134.03675427654932
Node 4054, 134.05080193246627
Node 4055, 134.05695716302603
Node 4056, 134.06837275682145
Node 4057, 134.14029989030314
Node 4058, 134.14133608038176
Node 4059, 134.1645532136646
Node 4060, 134.19282419495443
Node 4061, 134.23831143217606
Node 4062, 134.2684577123124
Node 4063, 134.27575556086984
Node 4064, 134.27902240466872
Node 4065, 134.2917885201136
Node 4066, 134.31060218424628
Node 4067, 134.33047619869913
Node 4068, 134.33257399905762
Node 4069, 134.36591250858052
Node 4070, 134.38349872171972
Node 4071, 134.40173303976323
Node 4072, 134.41051521663138
Node 4073, 134.41790777125044
Node 4074, 134.46301127624182
Node 4075, 134.4952152521341
Node 4076, 134.54306543479422
Node 4077, 134.60041836008958
Node 4078, 134.63488519689554
Node 4079, 134.63604023702362
Node 4080, 134.65712771721996
Node 4081, 134.68786027203507
Node 4082, 134.68955317335542
Node 4083, 134.69539172588878
Node 4084, 134.7197803169129
Node 4085, 134.73614190101117
Node 4086, 134.74529885141794
Node 4087, 134.75354088758596
Node 4088, 134.7621153209386
Node 4089, 134.79030400896082
Node 4090, 134.81816450429932
Node 4091, 134.82141529049645
Node 4092, 134.83801045877124
Node 4093, 134.8676784224771
Node 4094, 134.9018082209725
Node 4095, 134.90429012413415
Node 4096, 134.9180371664994
Node 4097, 134.9255918227681
Node 4098, 134.9330282127475
Node 4099, 135.09210927857498
Node 4100, 135.1205580758379
Node 4101, 135.13285021839744
Node 4102, 135.13477753864447
Node 4103, 135.15323781894006
Node 4104, 135.20522050753345
Node 4105, 135.21074619161138
Node 4106, 135.21508815678445
Node 4107, 135.23880062784656
Node 4108, 135.26429869620705
Node 4109, 135.27981141841641
Node 4110, 135.29559356645606
Node 4111, 135.33530102955737
Node 4112, 135.335571914245
Node 4113, 135.4746507329977
Node 4114, 135.51097457170607
Node 4115, 135.57692929633978
Node 4116, 135.61316506495052
Node 4117, 135.6270648090647
Node 4118, 135.64114385252833
Node 4119, 135.70575403910925
Node 4120, 135.72094961497868
Node 4121, 135.77336788682007
Node 4122, 135.79406903897438
Node 4123, 135.8409332239025
Node 4124, 135.8607777900946
Node 4125, 135.92240999024554
Node 4126, 135.9524518981967
Node 4127, 135.9882403237333
Node 4128, 136.0225463104174
Node 4129, 136.0349578547541
Node 4130, 136.06562082233586
Node 4131, 136.14141876116128
Node 4132, 136.17841668150362
Node 4133, 136.22163346681256
Node 4134, 136.2674705795049
Node 4135, 136.296860982793
Node 4136, 136.3068150874279
Node 4137, 136.38520641400112
Node 4138, 136.44190563504696
Node 4139, 136.52334971134485
Node 4140, 136.53267769040258
Node 4141, 136.56714181946472
Node 4142, 136.74293139690968
Node 4143, 136.79197268480036
Node 4144, 136.80562441631426
Node 4145, 136.84865052973888
Node 4146, 136.92248906255557
Node 4147, 136.93823685162306
Node 4148, 136.94350762727842
Node 4149, 136.94683525042944
Node 4150, 136.96494149203178
Node 4151, 137.0129555989716
Node 4152, 137.01549533108968
Node 4153, 137.0395005164171
Node 4154, 137.0493838719634
Node 4155, 137.12804910490928
Node 4156, 137.13466234158219
Node 4157, 137.14013289615727
Node 4158, 137.1464945570395
Node 4159, 137.21730232015233
Node 4160, 137.23289501135895
Node 4161, 137.24024978535252
Node 4162, 137.26245504461525
Node 4163, 137.29939375215275
Node 4164, 137.344151126131
Node 4165, 137.37247255298828
Node 4166, 137.47871473740702
Node 4167, 137.5586805946071
Node 4168, 137.6490885547104
Node 4169, 137.66647280290516
Node 4170, 137.69116783362205
Node 4171, 137.69777809730485
Node 4172, 137.72280897816202
Node 4173, 137.811574945973
Node 4174, 137.8401274738293
Node 4175, 137.8453464706404
Node 4176, 137.88064083042954
Node 4177, 137.88319512647496
Node 4178, 137.9057611607854
Node 4179, 137.97035267064706
Node 4180, 138.00888731951267
Node 4181, 138.0440240116596
Node 4182, 138.05826245163746
Node 4183, 138.05878383335806
Node 4184, 138.06645214132587
Node 4185, 138.11091165176535
Node 4186, 138.21259060823223
Node 4187, 138.3681343210812
Node 4188, 138.40059611080915
Node 4189, 138.4267755897421
Node 4190, 138.49386093293023
Node 4191, 138.56395057700806
Node 4192, 138.5797748378994
Node 4193, 138.64850422432292
Node 4194, 138.66489428856067
Node 4195, 138.66643041705186
Node 4196, 138.6967681584049
Node 4197, 138.72707770674862
Node 4198, 138.76145002304762
Node 4199, 138.77889406895588
Node 4200, 138.7792861516821
Node 4201, 138.78712750520774
Node 4202, 138.78860338614422
Node 4203, 138.8075819351989
Node 4204, 138.8477859861193
Node 4205, 138.86865100206117
Node 4206, 138.87527024612066
Node 4207, 138.89204920107284
Node 4208, 138.92115083637694
Node 4209, 139.01251365351462
Node 4210, 139.0582909169998
Node 4211, 139.08120347703806
Node 4212, 139.11133134719253
Node 4213, 139.11547372226042
Node 4214, 139.1283444628558
Node 4215, 139.16587410185988
Node 4216, 139.23924763141872
Node 4217, 139.256717066532
Node 4218, 139.26999713693982
Node 4219, 139.31652459476655
Node 4220, 139.3193214651613
Node 4221, 139.3340710227077
Node 4222, 139.35316547412117
Node 4223, 139.36588235313337
Node 4224, 139.3701621811623
Node 4225, 139.40639908512466
Node 4226, 139.42875030725386
Node 4227, 139.43698853397342
Node 4228, 139.48517307809698
Node 4229, 139.4919915637011
Node 4230, 139.50253518928497
Node 4231, 139.50444273492394
Node 4232, 139.57529680920396
Node 4233, 139.61385790624306
Node 4234, 139.6504828429473
Node 4235, 139.69432784364736
Node 4236, 139.8830360885017
Node 4237, 139.89670751820267
Node 4238, 139.9012550877656
Node 4239, 139.9051482291411
Node 4240, 139.9414942640624
Node 4241, 139.9451041304487
Node 4242, 140.0100782594102
Node 4243, 140.0277861870967
Node 4244, 140.16220301995025
Node 4245, 140.1807255775545
Node 4246, 140.2003059879164
Node 4247, 140.21767647320235
Node 4248, 140.27141209350071
Node 4249, 140.2849036249518
Node 4250, 140.35616056773318
Node 4251, 140.37178566489115
Node 4252, 140.38190650467033
Node 4253, 140.4398070481495
Node 4254, 140.4841125670543
Node 4255, 140.49806542888274
Node 4256, 140.524886985409
Node 4257, 140.59220279824603
Node 4258, 140.61684783254182
Node 4259, 140.6623596503814
Node 4260, 140.7195569798101
Node 4261, 140.74759617932975
Node 4262, 140.76250581044664
Node 4263, 140.81020467689595
Node 4264, 140.91344983413438
Node 4265, 140.9559294237217
Node 4266, 140.98527328697958
Node 4267, 140.98983165572307
Node 4268, 140.99058522086005
Node 4269, 141.01282931556207
Node 4270, 141.02004563217247
Node 4271, 141.03384131747003
Node 4272, 141.08822386688857
Node 4273, 141.11426029454947
Node 4274, 141.1176890389209
Node 4275, 141.1195581373897
Node 4276, 141.1749256810463
Node 4277, 141.19724543335263
Node 4278, 141.19824759807372
Node 4279, 141.19890848357974
Node 4280, 141.24762137140192
Node 4281, 141.24986005421096
Node 4282, 141.2669423694232
Node 4283, 141.31596078761476
Node 4284, 141.33158603917954
Node 4285, 141.34937703422702
Node 4286, 141.391995707245
Node 4287, 141.39276108368423
Node 4288, 141.40678292048904
Node 4289, 141.46363825513225
Node 4290, 141.501618210221
Node 4291, 141.5789915099888
Node 4292, 141.63700962560824
Node 4293, 141.7246941457287
Node 4294, 141.73876812024088
Node 4295, 141.75046501371327
Node 4296, 141.7668918644398
Node 4297, 141.78647573220573
Node 4298, 141.83349202335506
Node 4299, 141.84642125424563
Node 4300, 141.85288930652075
Node 4301, 141.85799115353544
Node 4302, 141.89443833617986
Node 4303, 141.9191305352428
Node 4304, 141.92285740631058
Node 4305, 141.9586666368802
Node 4306, 141.968818533041
Node 4307, 141.99881205796163
Node 4308, 142.0142925160956
Node 4309, 142.02805773792207
Node 4310, 142.0471617272105
Node 4311, 142.0693457378637
Node 4312, 142.11292453094674
Node 4313, 142.1486235240897
Node 4314, 142.17437829967085
Node 4315, 142.1888425255074
Node 4316, 142.26551435167292
Node 4317, 142.3189640472929
Node 4318, 142.35835866231065
Node 4319, 142.36563255808534
Node 4320, 142.3684867657441
Node 4321, 142.42938099130268
Node 4322, 142.45787926536423
Node 4323, 142.4760958306154
Node 4324, 142.48264234782118
Node 4325, 142.50304685558055
Node 4326, 142.55224634704138
Node 4327, 142.559629509417
Node 4328, 142.56078867711642
Node 4329, 142.5869337738207
Node 4330, 142.6168979611844
Node 4331, 142.6528153386584
Node 4332, 142.70590120058336
Node 4333, 142.73758078307756
Node 4334, 142.74800982113277
Node 4335, 142.76405428756027
Node 4336, 142.77741844818175
Node 4337, 142.87944556050132
Node 4338, 142.88253137374724
Node 4339, 142.88505800404045
Node 4340, 142.89648434110418
Node 4341, 142.89727645904614
Node 4342, 142.9855777254596
Node 4343, 143.07477708857456
Node 4344, 143.07551462985802
Node 4345, 143.10076176429047
Node 4346, 143.16412858304056
Node 4347, 143.20262615605537
Node 4348, 143.2225737404713
Node 4349, 143.22383101000435
Node 4350, 143.24948908926854
Node 4351, 143.263336517843
Node 4352, 143.26621556163624
Node 4353, 143.28085685753467
Node 4354, 143.31756204134302
Node 4355, 143.32536024402955
Node 4356, 143.34953024933142
Node 4357, 143.36855421794178
Node 4358, 143.39411836457913
Node 4359, 143.46807089574523
Node 4360, 143.49461097395613
Node 4361, 143.49892493987792
Node 4362, 143.5045668277083
Node 4363, 143.51749109851218
Node 4364, 143.542598722636
Node 4365, 143.57123725840165
Node 4366, 143.58003773819144
Node 4367, 143.6058460739789
Node 4368, 143.63592814751027
Node 4369, 143.6418940693246
Node 4370, 143.64314399713632
Node 4371, 143.69973318807698
Node 4372, 143.71905300356832
Node 4373, 143.79182244847001
Node 4374, 143.81438279087507
Node 4375, 143.83147814157664
Node 4376, 143.8336945406747
Node 4377, 143.83479464624546
Node 4378, 143.83727057216484
Node 4379, 143.94840337346423
Node 4380, 143.97872128980026
Node 4381, 144.08810036755034
Node 4382, 144.24724136513174
Node 4383, 144.27450268037524
Node 4384, 144.28799542761078
Node 4385, 144.2914858004245
Node 4386, 144.30781956054255
Node 4387, 144.38842656497923
Node 4388, 144.40960405828162
Node 4389, 144.41857475505526
Node 4390, 144.46548900460317
Node 4391, 144.49555096088577
Node 4392, 144.54019031166843
Node 4393, 144.540386134489
Node 4394, 144.56910906339098
Node 4395, 144.6349144093753
Node 4396, 144.6873146563884
Node 4397, 144.725483285311
Node 4398, 144.7756601269837
Node 4399, 144.78055215739394
Node 4400, 144.78820363968416
Node 4401, 144.79070950239642
Node 4402, 144.8097440125175
Node 4403, 144.875297864728
Node 4404, 144.8966721808627
Node 4405, 144.91307148849035
Node 4406, 144.9437510079088
Node 4407, 144.97891498209884
Node 4408, 144.98474304780217
Node 4409, 145.03778308075735
Node 4410, 145.0732855878779
Node 4411, 145.0886294207291
Node 4412, 145.14040373710398
Node 4413, 145.16114440513536
Node 4414, 145.16625583266756
Node 4415, 145.19186344397497
Node 4416, 145.2415159491411
Node 4417, 145.2442633368833
Node 4418, 145.2580607669273
Node 4419, 145.26444029739451
Node 4420, 145.28857730080506
Node 4421, 145.43015282956938
Node 4422, 145.4442009055897
Node 4423, 145.48002166827618
Node 4424, 145.48914003348574
Node 4425, 145.49404654070375
Node 4426, 145.51077238883096
Node 4427, 145.5516350955298
Node 4428, 145.55526214841146
Node 4429, 145.60090150944924
Node 4430, 145.6737420503578
Node 4431, 145.70651937623805
Node 4432, 145.72688991838638
Node 4433, 145.7270862116093
Node 4434, 145.7280062310693
Node 4435, 145.7346824081076
Node 4436, 145.7388296448587
Node 4437, 145.7675334297331
Node 4438, 145.7945291810782
Node 4439, 145.83801801843003
Node 4440, 145.83916457918372
Node 4441, 146.00319272614774
Node 4442, 146.0169687877619
Node 4443, 146.0885232762103
Node 4444, 146.1539930668609
Node 4445, 146.17437932303142
Node 4446, 146.19289521293675
Node 4447, 146.21004248797334
Node 4448, 146.2262027351506
Node 4449, 146.28440624443687
Node 4450, 146.32660366223016
Node 4451, 146.3322662174878
Node 4452, 146.34496444809787
Node 4453, 146.43274567232407
Node 4454, 146.4777942297475
Node 4455, 146.48999991613908
Node 4456, 146.51654179376672
Node 4457, 146.5351671031935
Node 4458, 146.6064007739145
Node 4459, 146.63255268642027
Node 4460, 146.67637857667847
Node 4461, 146.700451092421
Node 4462, 146.74378123553382
Node 4463, 146.75777284275148
Node 4464, 146.76507025325557
Node 4465, 146.81411309026123
Node 4466, 146.84907033256434
Node 4467, 146.85225509694789
Node 4468, 146.86412766842358
Node 4469, 146.94467975238143
Node 4470, 147.01168277335915
Node 4471, 147.078606329221
Node 4472, 147.1228674667547
Node 4473, 147.14837731374445
Node 4474, 147.1717763502145
Node 4475, 147.18484713970162
Node 4476, 147.2337060064846
Node 4477, 147.2649325715109
Node 4478, 147.27538586480932
Node 4479, 147.27796284247538
Node 4480, 147.2838778780603
Node 4481, 147.28931395714767
Node 4482, 147.29637379316128
Node 4483, 147.3433677772237
Node 4484, 147.34445097174176
Node 4485, 147.3538064462292
Node 4486, 147.37359006723176
Node 4487, 147.3843892945229
Node 4488, 147.38567731207232
Node 4489, 147.40696593329972
Node 4490, 147.4081616828031
Node 4491, 147.41142318865383
Node 4492, 147.43974743663526
Node 4493, 147.45605429671238
Node 4494, 147.45654534036447
Node 4495, 147.48784668887126
Node 4496, 147.5949498363763
Node 4497, 147.61475920858035
Node 4498, 147.6358712145774
Node 4499, 147.6516219378363
Node 4500, 147.6532663694101
Node 4501, 147.6761270036842
Node 4502, 147.7424420292112
Node 4503, 147.7518611789645
Node 4504, 147.75681803580812
Node 4505, 147.8404088268345
Node 4506, 147.87901478231143
Node 4507, 147.91298094908035
Node 4508, 147.91672989216505
Node 4509, 147.95450937591133
Node 4510, 147.95640359654973
Node 4511, 147.98573185020754
Node 4512, 148.03619639923141
Node 4513, 148.0484639425183
Node 4514, 148.07384447905974
Node 4515, 148.09252193929706
Node 4516, 148.09600337851026
Node 4517, 148.10707127908202
Node 4518, 148.15457711110656
Node 4519, 148.15460623999
Node 4520, 148.2357681659625
Node 4521, 148.25820589825406
Node 4522, 148.26620902021423
Node 4523, 148.27490281714302
Node 4524, 148.2798351129389
Node 4525, 148.3168250699197
Node 4526, 148.3408229488694
Node 4527, 148.41973470767803
Node 4528, 148.42056748459646
Node 4529, 148.46537385692832
Node 4530, 148.49262990265296
Node 4531, 148.49765433144103
Node 4532, 148.55126185393414
Node 4533, 148.55431714289986
Node 4534, 148.63311659746398
Node 4535, 148.6343755001726
Node 4536, 148.67011709385048
Node 4537, 148.7405836196759
Node 4538, 148.80877757017475
Node 4539, 148.81152567558416
Node 4540, 148.82780561778685
Node 4541, 148.87031464175004
Node 4542, 148.8885044197997
Node 4543, 148.89542343941366
Node 4544, 148.9180150573056
Node 4545, 148.93624566073464
Node 4546, 149.01113677080005
Node 4547, 149.04769034415324
Node 4548, 149.0505142442142
Node 4549, 149.0633913066262
Node 4550, 149.0679970635829
Node 4551, 149.10248373594237
Node 4552, 149.11984277078022
Node 4553, 149.15143618046235
Node 4554, 149.1538725068431
Node 4555, 149.17401359115073
Node 4556, 149.19571248870741
Node 4557, 149.21173893665113
Node 4558, 149.24480977044078
Node 4559, 149.2511258386286
Node 4560, 149.26498103598286
Node 4561, 149.32365297180093
Node 4562, 149.3242982374952
Node 4563, 149.3309862560057
Node 4564, 149.33512920971455
Node 4565, 149.3442338261004
Node 4566, 149.35891024844216
Node 4567, 149.41584815094905
Node 4568, 149.43534993250466
Node 4569, 149.45944875906343
Node 4570, 149.5875993690843
Node 4571, 149.6148686575379
Node 4572, 149.62202532544885
Node 4573, 149.68956018994024
Node 4574, 149.69731818259342
Node 4575, 149.7392103503375
Node 4576, 149.79704429309547
Node 4577, 149.81625997165406
Node 4578, 149.84031697119795
Node 4579, 149.91143294442045
Node 4580, 149.93325923165744
Node 4581, 150.04599957861458
Node 4582, 150.0504244663221
Node 4583, 150.06071385900177
Node 4584, 150.06554244324494
Node 4585, 150.0860522264375
Node 4586, 150.10880268145524
Node 4587, 150.13221618330726
Node 4588, 150.24654977791155
Node 4589, 150.261869892778
Node 4590, 150.2709086737933
Node 4591, 150.32280670777996
Node 4592, 150.32604124402988
Node 4593, 150.4148680726986
Node 4594, 150.45659005169782
Node 4595, 150.52046977349062
Node 4596, 150.54693536281428
Node 4597, 150.7980924141613
Node 4598, 150.8516055831311
Node 4599, 150.917776309461
Node 4600, 150.92508133097482
Node 4601, 150.92589266378005
Node 4602, 150.92935093389957
Node 4603, 150.93106565038613
Node 4604, 150.97942202675753
Node 4605, 150.98163268000297
Node 4606, 150.99677766179548
Node 4607, 151.0590475126578
Node 4608, 151.11914708874303
Node 4609, 151.14928877365827
Node 4610, 151.1598275668663
Node 4611, 151.16312896636026
Node 4612, 151.18532983870415
Node 4613, 151.2802580043528
Node 4614, 151.28217455338347
Node 4615, 151.28705256250078
Node 4616, 151.30594860606962
Node 4617, 151.31044952915025
Node 4618, 151.35568335384528
Node 4619, 151.49775896355487
Node 4620, 151.53092905011388
Node 4621, 151.5841415743803
Node 4622, 151.61431604132102
Node 4623, 151.62242051000425
Node 4624, 151.62820540420336
Node 4625, 151.63490887970698
Node 4626, 151.65230775463425
Node 4627, 151.6678560744066
Node 4628, 151.7145988382027
Node 4629, 151.7149827726318
Node 4630, 151.73567859990035
Node 4631, 151.74550225406014
Node 4632, 151.7512888849128
Node 4633, 151.763913118845
Node 4634, 151.78387867970304
Node 4635, 151.78770753977517
Node 4636, 151.79052264279946
Node 4637, 151.80346297387385
Node 4638, 151.84538549652808
Node 4639, 151.86635969390952
Node 4640, 151.97445191419152
Node 4641, 152.00935115572162
Node 4642, 152.06363089502563
Node 4643, 152.1172404430406
Node 4644, 152.15354857059137
Node 4645, 152.23601283613817
Node 4646, 152.24400249283795
Node 4647, 152.29097097254592
Node 4648, 152.38004237600106
Node 4649, 152.40096472482202
Node 4650, 152.43027214607147
Node 4651, 152.44756829447195
Node 4652, 152.5087103489149
Node 4653, 152.57229380185325
Node 4654, 152.5867557197462
Node 4655, 152.65337086794275
Node 4656, 152.69060113091123
Node 4657, 152.8017587159172
Node 4658, 152.81699559837028
Node 4659, 152.8287016997818
Node 4660, 152.8422915985564
Node 4661, 152.85867738729073
Node 4662, 152.86795259505743
Node 4663, 152.9137456070124
Node 4664, 152.9152506885298
Node 4665, 152.9229562887967
Node 4666, 152.92327293466943
Node 4667, 152.9782285923521
Node 4668, 153.02507836747822
Node 4669, 153.0304600403469
Node 4670, 153.0315315744876
Node 4671, 153.05754237574257
Node 4672, 153.0988308524476
Node 4673, 153.1125813183464
Node 4674, 153.1243018757634
Node 4675, 153.1418128045375
Node 4676, 153.17189500078376
Node 4677, 153.1737915385527
Node 4678, 153.23158668848626
Node 4679, 153.24352252511017
Node 4680, 153.28938942447274
Node 4681, 153.32117632020737
Node 4682, 153.36263958523327
Node 4683, 153.3634119470418
Node 4684, 153.39327301552288
Node 4685, 153.4154293797376
Node 4686, 153.4206173221794
Node 4687, 153.44649433923905
Node 4688, 153.44811404938852
Node 4689, 153.45238116741223
Node 4690, 153.4571189747724
Node 4691, 153.49975331780027
Node 4692, 153.55655364006145
Node 4693, 153.59379034688274
Node 4694, 153.6379421875416
Node 4695, 153.67843221195423
Node 4696, 153.68238206208082
Node 4697, 153.70973169738772
Node 4698, 153.72056759884725
Node 4699, 153.72167365865832
Node 4700, 153.73415999640525
Node 4701, 153.75053958334942
Node 4702, 153.75301990824343
Node 4703, 153.76673559213455
Node 4704, 153.9230306831444
Node 4705, 153.92650711489077
Node 4706, 153.97045817708832
Node 4707, 154.0061886757276
Node 4708, 154.0116235462616
Node 4709, 154.04863581284505
Node 4710, 154.0511058187043
Node 4711, 154.06083868941042
Node 4712, 154.0946229078731
Node 4713, 154.1090521186724
Node 4714, 154.18917530434976
Node 4715, 154.1944894850221
Node 4716, 154.265233567958
Node 4717, 154.30246084632677
Node 4718, 154.35137072056514
Node 4719, 154.40032917925697
Node 4720, 154.45149917625523
Node 4721, 154.50557633094903
Node 4722, 154.5194107384592
Node 4723, 154.5204384669222
Node 4724, 154.52045716795448
Node 4725, 154.60802916828408
Node 4726, 154.60907449185203
Node 4727, 154.63290623118547
Node 4728, 154.71612749853176
Node 4729, 154.71809940862974
Node 4730, 154.76782008331654
Node 4731, 154.82117580848566
Node 4732, 154.82807986707348
Node 4733, 154.8607785186115
Node 4734, 154.89651177865608
Node 4735, 154.9594181923673
Node 4736, 154.9719644401567
Node 4737, 155.00698422561047
Node 4738, 155.07609034306242
Node 4739, 155.09035802156717
Node 4740, 155.17881873578864
Node 4741, 155.17974077464416
Node 4742, 155.2296459335944
Node 4743, 155.2304465984445
Node 4744, 155.24206956707147
Node 4745, 155.255028786111
Node 4746, 155.26669308296624
Node 4747, 155.3086847838197
Node 4748, 155.3708682344478
Node 4749, 155.37963379641744
Node 4750, 155.460267742835
Node 4751, 155.4613357837658
Node 4752, 155.47562781029407
Node 4753, 155.48890047166574
Node 4754, 155.50013928168255
Node 4755, 155.55440335359472
Node 4756, 155.61044856148166
Node 4757, 155.6771193744675
Node 4758, 155.7299645461896
Node 4759, 155.7482118650294
Node 4760, 155.76816978253217
Node 4761, 155.789595843129
Node 4762, 155.80544861844868
Node 4763, 155.81955023500652
Node 4764, 155.88968996156802
Node 4765, 155.907412721261
Node 4766, 155.91571922890574
Node 4767, 155.97687045474092
Node 4768, 155.97755832878758
Node 4769, 155.98989234750016
Node 4770, 156.04418665465613
Node 4771, 156.1439303981262
Node 4772, 156.1571615784996
Node 4773, 156.16024125325032
Node 4774, 156.1788401161037
Node 4775, 156.20038002941763
Node 4776, 156.2437766935628
Node 4777, 156.24640671879303
Node 4778, 156.29348194290736
Node 4779, 156.3026343983537
Node 4780, 156.3579062430009
Node 4781, 156.360171430774
Node 4782, 156.36527882941974
Node 4783, 156.39552009693892
Node 4784, 156.43569470516783
Node 4785, 156.44491361962517
Node 4786, 156.44817710019277
Node 4787, 156.46947036089716
Node 4788, 156.47258217959234
Node 4789, 156.4873920023502
Node 4790, 156.5183413031541
Node 4791, 156.52825111204248
Node 4792, 156.55085859487684
Node 4793, 156.5578247402093
Node 4794, 156.5730785261362
Node 4795, 156.66163218912178
Node 4796, 156.70022561307854
Node 4797, 156.72154841356485
Node 4798, 156.7440364545704
Node 4799, 156.79293361319026
Node 4800, 156.86052052603145
Node 4801, 156.8911098077596
Node 4802, 156.97039491181894
Node 4803, 156.98173134271335
Node 4804, 157.00491505499082
Node 4805, 157.054057854088
Node 4806, 157.05576590609334
Node 4807, 157.0568482518409
Node 4808, 157.08365037310696
Node 4809, 157.1195673957336
Node 4810, 157.12183131703517
Node 4811, 157.12295854318694
Node 4812, 157.1916742923293
Node 4813, 157.20288018485738
Node 4814, 157.21418717488353
Node 4815, 157.24357692212368
Node 4816, 157.2870674016222
Node 4817, 157.3027276071518
Node 4818, 157.3033399443046
Node 4819, 157.30721504501645
Node 4820, 157.31321154032509
Node 4821, 157.33198483137272
Node 4822, 157.3555084763116
Node 4823, 157.3774537493257
Node 4824, 157.3812442129774
Node 4825, 157.41252333814978
Node 4826, 157.45176561246015
Node 4827, 157.4739573102333
Node 4828, 157.51572441380367
Node 4829, 157.6014798895936
Node 4830, 157.60283131953602
Node 4831, 157.63760875077935
Node 4832, 157.66116154450918
Node 4833, 157.67473349010282
Node 4834, 157.73833505169716
Node 4835, 157.783277987583
Node 4836, 157.7836813725161
Node 4837, 157.79006497902571
Node 4838, 157.7904623896729
Node 4839, 157.8035106504519
Node 4840, 157.87882369170225
Node 4841, 157.9862749549297
Node 4842, 158.0273837655081
Node 4843, 158.0285427547298
Node 4844, 158.08820654434086
Node 4845, 158.1025718073348
Node 4846, 158.1107034075885
Node 4847, 158.14118147431495
Node 4848, 158.15101624849314
Node 4849, 158.2193287032402
Node 4850, 158.25204658222665
Node 4851, 158.261816556295
Node 4852, 158.3014750020937
Node 4853, 158.33612185006714
Node 4854, 158.3724040689287
Node 4855, 158.37403608671914
Node 4856, 158.3902383740901
Node 4857, 158.39166487260545
Node 4858, 158.443986730601
Node 4859, 158.4774385096508
Node 4860, 158.48052156776347
Node 4861, 158.5203379716118
Node 4862, 158.62345668295086
Node 4863, 158.63993919522565
Node 4864, 158.6430026809316
Node 4865, 158.64849044407904
Node 4866, 158.7046640064191
Node 4867, 158.7103933584828
Node 4868, 158.72108813718748
Node 4869, 158.75043675634845
Node 4870, 158.7708990578832
Node 4871, 158.772014017877
Node 4872, 158.78901007849575
Node 4873, 158.79421688826926
Node 4874, 158.80332771311487
Node 4875, 158.84757559428152
Node 4876, 158.91041677899184
Node 4877, 158.92270311202682
Node 4878, 158.93711062862232
Node 4879, 158.96573168540993
Node 4880, 158.99686284924448
Node 4881, 158.99854894685933
Node 4882, 159.08229738500629
Node 4883, 159.09763709218646
Node 4884, 159.13578330259722
Node 4885, 159.18212927366648
Node 4886, 159.21019894978795
Node 4887, 159.2361611489791
Node 4888, 159.256258849813
Node 4889, 159.3383068726422
Node 4890, 159.3473486183138
Node 4891, 159.38283628346485
Node 4892, 159.38304020373178
Node 4893, 159.38868517769498
Node 4894, 159.41915705897736
Node 4895, 159.42221813377952
Node 4896, 159.46989793829604
Node 4897, 159.52936467842932
Node 4898, 159.53631261452398
Node 4899, 159.5759287695739
Node 4900, 159.58911265447597
Node 4901, 159.5927804404045
Node 4902, 159.62154375169553
Node 4903, 159.6472206859114
Node 4904, 159.65497506215732
Node 4905, 159.66471423647457
Node 4906, 159.68421607814986
Node 4907, 159.7001907339396
Node 4908, 159.73094288249197
Node 4909, 159.74395837928535
Node 4910, 159.75773246585632
Node 4911, 159.7962726618454
Node 4912, 159.86747218507995
Node 4913, 159.89553466171242
Node 4914, 159.94624434838832
Node 4915, 159.97298246982285
Node 4916, 159.99699837023365
Node 4917, 160.04372178294042
Node 4918, 160.04942638470328
Node 4919, 160.17349071531936
Node 4920, 160.22451957607998
Node 4921, 160.23669700505062
Node 4922, 160.29217337094852
Node 4923, 160.33422711521752
Node 4924, 160.33588775455223
Node 4925, 160.4339186052523
Node 4926, 160.4426396976459
Node 4927, 160.44387749484275
Node 4928, 160.44938883161058
Node 4929, 160.4562049978287
Node 4930, 160.51463466239525
Node 4931, 160.51748428780135
Node 4932, 160.58003540277528
Node 4933, 160.61457690941435
Node 4934, 160.62876300507705
Node 4935, 160.67762776174493
Node 4936, 160.72350367098124
Node 4937, 160.72633798626657
Node 4938, 160.76999430267105
Node 4939, 160.7994639317137
Node 4940, 160.85145809512667
Node 4941, 160.89479576872046
Node 4942, 161.04640777575457
Node 4943, 161.1247136826132
Node 4944, 161.14355551197696
Node 4945, 161.17106478926874
Node 4946, 161.20619915038233
Node 4947, 161.22166403308773
Node 4948, 161.2873004233721
Node 4949, 161.31944381174398
Node 4950, 161.34815656017634
Node 4951, 161.35805069823948
Node 4952, 161.37142082846316
Node 4953, 161.37824068260787
Node 4954, 161.44556106990834
Node 4955, 161.4599809701803
Node 4956, 161.46416077835346
Node 4957, 161.48034513515384
Node 4958, 161.52435165626835
Node 4959, 161.53979891723523
Node 4960, 161.5479567592456
Node 4961, 161.55121453120842
Node 4962, 161.5754825316543
Node 4963, 161.58579523869076
Node 4964, 161.60912399709827
Node 4965, 161.64807911827015
Node 4966, 161.65261735353954
Node 4967, 161.6628017273861
Node 4968, 161.73881125374686
Node 4969, 161.7443634300713
Node 4970, 161.90062279270097
Node 4971, 161.91500637613632
Node 4972, 162.00867590076024
Node 4973, 162.0324896681217
Node 4974, 162.04010780607655
Node 4975, 162.04228803505552
Node 4976, 162.07934962040298
Node 4977, 162.10542178900502
Node 4978, 162.15374264243948
Node 4979, 162.19232093409585
Node 4980, 162.27677174386733
Node 4981, 162.29372901868447
Node 4982, 162.30122269841075
Node 4983, 162.317028582975
Node 4984, 162.31755760011552
Node 4985, 162.3432714036835
Node 4986, 162.36005371515864
Node 4987, 162.45155464129977
Node 4988, 162.5211516824969
Node 4989, 162.5983229568609
Node 4990, 162.59920685923248
Node 4991, 162.71963920122204
Node 4992, 162.7785782411097
Node 4993, 162.8430403395773
Node 4994, 162.8956098329351
Node 4995, 162.92014699775194
Node 4996, 162.9466411798246
Node 4997, 162.95707998083805
Node 4998, 163.081277821204
Node 4999, 163.09701755394246
Node 5000, 163.10753824541226
Node 5001, 163.12617296119282
Node 5002, 163.12932323470133
Node 5003, 163.16506745366692
Node 5004, 163.25378639581052
Node 5005, 163.25524555286225
Node 5006, 163.27979098781898
Node 5007, 163.32505755948665
Node 5008, 163.33145098619582
Node 5009, 163.41433452994355
Node 5010, 163.48132935207718
Node 5011, 163.5171192799411
Node 5012, 163.54481307320248
Node 5013, 163.57225997132787
Node 5014, 163.64616705918422
Node 5015, 163.77807117010627
Node 5016, 163.81191387445097
Node 5017, 163.8442386033536
Node 5018, 163.8546955430867
Node 5019, 163.85473991814138
Node 5020, 163.88421125408618
Node 5021, 163.9558481526986
Node 5022, 163.96715692652305
Node 5023, 163.97698593795042
Node 5024, 163.99263604128
Node 5025, 164.1002883663804
Node 5026, 164.10840253347152
Node 5027, 164.12977168079018
Node 5028, 164.15737993096897
Node 5029, 164.26791545779102
Node 5030, 164.33172832853663
Node 5031, 164.39586221056325
Node 5032, 164.6241530694473
Node 5033, 164.64794415603606
Node 5034, 164.6488767641777
Node 5035, 164.69029012224001
Node 5036, 164.7822775309309
Node 5037, 164.79005149305323
Node 5038, 164.7914807703352
Node 5039, 164.83715395862578
Node 5040, 164.86545953271923
Node 5041, 164.88356755281305
Node 5042, 164.9602966496282
Node 5043, 164.9668338670864
Node 5044, 165.0113237497673
Node 5045, 165.04964333469098
Node 5046, 165.07338100676023
Node 5047, 165.11916794818882
Node 5048, 165.12475851711758
Node 5049, 165.12548222837623
Node 5050, 165.18701168285938
Node 5051, 165.2374856534668
Node 5052, 165.28847765312835
Node 5053, 165.32722771963347
Node 5054, 165.41491805760148
Node 5055, 165.49663095119223
Node 5056, 165.50493486384255
Node 5057, 165.5055069813196
Node 5058, 165.5165172970937
Node 5059, 165.57882261643144
Node 5060, 165.5807158037266
Node 5061, 165.6060886213891
Node 5062, 165.66132126022953
Node 5063, 165.74495426279418
Node 5064, 165.75047100320154
Node 5065, 165.80352059131835
Node 5066, 165.80587206466433
Node 5067, 165.8371219735942
Node 5068, 165.83827861624178
Node 5069, 165.83941805221738
Node 5070, 165.8464757136129
Node 5071, 165.88514108950122
Node 5072, 165.9607271190038
Node 5073, 165.98626096471958
Node 5074, 165.98790323453153
Node 5075, 165.98923681777492
Node 5076, 166.0441046889001
Node 5077, 166.08276452033664
Node 5078, 166.09293978535254
Node 5079, 166.12947399608723
Node 5080, 166.15252070076284
Node 5081, 166.17195378605157
Node 5082, 166.18641505645806
Node 5083, 166.1944910002535
Node 5084, 166.20524865454806
Node 5085, 166.21942546319107
Node 5086, 166.2678401447561
Node 5087, 166.28358590336487
Node 5088, 166.30587611797316
Node 5089, 166.3758207024879
Node 5090, 166.40092088431368
Node 5091, 166.4430460286222
Node 5092, 166.45057301582457
Node 5093, 166.54895955560468
Node 5094, 166.55673826198966
Node 5095, 166.56996430614302
Node 5096, 166.60899449210592
Node 5097, 166.71616195505993
Node 5098, 166.81098579235322
Node 5099, 166.8698477680009
Node 5100, 166.8908287994469
Node 5101, 167.13619015847237
Node 5102, 167.17891643664385
Node 5103, 167.19457477515522
Node 5104, 167.34125075750416
Node 5105, 167.3460755077822
Node 5106, 167.3630278448502
Node 5107, 167.44755930599766
Node 5108, 167.44909609659763
Node 5109, 167.46668699347774
Node 5110, 167.52174994044776
Node 5111, 167.52551519527927
Node 5112, 167.56975939799537
Node 5113, 167.60751699137305
Node 5114, 167.61509464480088
Node 5115, 167.7055627573826
Node 5116, 167.74747375826115
Node 5117, 167.76203188185085
Node 5118, 167.77444512321367
Node 5119, 167.87639199526643
Node 5120, 167.88378773545426
Node 5121, 167.89301559077887
Node 5122, 167.9110106753479
Node 5123, 167.94895392692678
Node 5124, 167.95254036790269
Node 5125, 167.98138901502506
Node 5126, 167.98720526118234
Node 5127, 167.99819516691244
Node 5128, 168.01246003131067
Node 5129, 168.0586629954178
Node 5130, 168.06711722944058
Node 5131, 168.16118556014106
Node 5132, 168.16157058529947
Node 5133, 168.2169243905263
Node 5134, 168.22899219763633
Node 5135, 168.23342703606858
Node 5136, 168.3017789132016
Node 5137, 168.4282008421981
Node 5138, 168.44957039599237
Node 5139, 168.45265835134157
Node 5140, 168.4770463558647
Node 5141, 168.48904624252688
Node 5142, 168.5697412983395
Node 5143, 168.6118656363547
Node 5144, 168.61320211632946
Node 5145, 168.62240138936852
Node 5146, 168.6290398256083
Node 5147, 168.70369025113007
Node 5148, 168.70545275870657
Node 5149, 168.75149300491512
Node 5150, 168.75567375843897
Node 5151, 168.76621118188453
Node 5152, 168.83638475645918
Node 5153, 168.8411577697261
Node 5154, 168.84146101236746
Node 5155, 168.85618537350263
Node 5156, 168.8777520373302
Node 5157, 168.91258833103203
Node 5158, 168.93820946986835
Node 5159, 168.94932790668912
Node 5160, 169.00916334147337
Node 5161, 169.01070244026135
Node 5162, 169.08790015072088
Node 5163, 169.09304926310068
Node 5164, 169.11434130309596
Node 5165, 169.13596737469334
Node 5166, 169.1768426404957
Node 5167, 169.27420563892525
Node 5168, 169.30511298132134
Node 5169, 169.3247484259457
Node 5170, 169.35486148504438
Node 5171, 169.4124705725856
Node 5172, 169.4422258147497
Node 5173, 169.5439611151001
Node 5174, 169.57809364649185
Node 5175, 169.6601814134434
Node 5176, 169.70849580302652
Node 5177, 169.76130192282247
Node 5178, 169.81064791093627
Node 5179, 169.8372206117064
Node 5180, 169.8492591908766
Node 5181, 169.88607551329005
Node 5182, 169.89293888708366
Node 5183, 169.90041205223707
Node 5184, 169.92102314539198
Node 5185, 169.92191428107526
Node 5186, 169.92251082528122
Node 5187, 169.9611702495192
Node 5188, 169.96640244813523
Node 5189, 169.9722251960625
Node 5190, 170.00818217595202
Node 5191, 170.02098235596057
Node 5192, 170.02836072263932
Node 5193, 170.0390064916629
Node 5194, 170.11670082741074
Node 5195, 170.1499405656613
Node 5196, 170.2101023383346
Node 5197, 170.23268667060063
Node 5198, 170.23579122825655
Node 5199, 170.28041602922335
Node 5200, 170.29025129885758
Node 5201, 170.35577354005198
Node 5202, 170.3658482005603
Node 5203, 170.38394621579155
Node 5204, 170.62482693479004
Node 5205, 170.75264821030896
Node 5206, 170.8538389497345
Node 5207, 170.92666341668183
Node 5208, 171.02238396137946
Node 5209, 171.05530228049707
Node 5210, 171.10752353619117
Node 5211, 171.10952818183543
Node 5212, 171.1115565283945
Node 5213, 171.14208304771324
Node 5214, 171.16323986022718
Node 5215, 171.18835967008656
Node 5216, 171.1994222281992
Node 5217, 171.23822347639742
Node 5218, 171.3578935818955
Node 5219, 171.44393299564388
Node 5220, 171.45954550824396
Node 5221, 171.47410620212833
Node 5222, 171.5192617940981
Node 5223, 171.60708984543842
Node 5224, 171.72249482092147
Node 5225, 171.73747544603518
Node 5226, 171.76208847467316
Node 5227, 171.76355299781892
Node 5228, 171.7637481269083
Node 5229, 171.76706021226684
Node 5230, 171.85796176983712
Node 5231, 171.93852358692484
Node 5232, 172.00245873735594
Node 5233, 172.00437543983782
Node 5234, 172.11316515029608
Node 5235, 172.13350459121042
Node 5236, 172.16687236043643
Node 5237, 172.23451532470182
Node 5238, 172.2849397967973
Node 5239, 172.3276879248926
Node 5240, 172.3863451334686
Node 5241, 172.39564519270252
Node 5242, 172.4065277713789
Node 5243, 172.40997222844553
Node 5244, 172.41968619928264
Node 5245, 172.42307030731277
Node 5246, 172.42443762822074
Node 5247, 172.53492640938896
Node 5248, 172.58487471144178
Node 5249, 172.60731041940772
Node 5250, 172.61751634509588
Node 5251, 172.62204077811455
Node 5252, 172.63434305359223
Node 5253, 172.6421770987722
Node 5254, 172.66029168130757
Node 5255, 172.7137862663733
Node 5256, 172.78138520742945
Node 5257, 172.78320197411063
Node 5258, 172.85130295797094
Node 5259, 172.88355254857086
Node 5260, 172.90219509850164
Node 5261, 172.93246641562877
Node 5262, 172.9715107392658
Node 5263, 173.02258713245453
Node 5264, 173.04786367820913
Node 5265, 173.05772839366972
Node 5266, 173.12327304235757
Node 5267, 173.14076609432004
Node 5268, 173.2129826419436
Node 5269, 173.28229687128734
Node 5270, 173.32860792852088
Node 5271, 173.33233649204476
Node 5272, 173.33571154315547
Node 5273, 173.39498862792257
Node 5274, 173.44924853637633
Node 5275, 173.46676379258113
Node 5276, 173.49039589858074
Node 5277, 173.5549097880576
Node 5278, 173.63511653035644
Node 5279, 173.64855402765713
Node 5280, 173.65998192528153
Node 5281, 173.67851278629092
Node 5282, 173.6791802475035
Node 5283, 173.7201556273172
Node 5284, 173.74963026092843
Node 5285, 173.77367040374435
Node 5286, 173.77429591918605
Node 5287, 173.83530939603676
Node 5288, 173.9104961690237
Node 5289, 173.91912311024532
Node 5290, 173.9649130232122
Node 5291, 173.99275225234624
Node 5292, 173.99751391881435
Node 5293, 174.04314808032612
Node 5294, 174.06597897958724
Node 5295, 174.08153618802334
Node 5296, 174.11115437778173
Node 5297, 174.14570711297497
Node 5298, 174.31935700361788
Node 5299, 174.37957588147972
Node 5300, 174.39194342325234
Node 5301, 174.4228501077938
Node 5302, 174.4504499197625
Node 5303, 174.46446205937323
Node 5304, 174.63081006524166
Node 5305, 174.67371462389312
Node 5306, 174.71841788427668
Node 5307, 174.72561054856686
Node 5308, 174.74265832570134
Node 5309, 174.76646045414736
Node 5310, 174.81297447141776
Node 5311, 174.81675659832075
Node 5312, 174.8180377689624
Node 5313, 174.8206463716492
Node 5314, 174.85469703212
Node 5315, 174.88549173716905
Node 5316, 174.89846744208577
Node 5317, 174.9054044237202
Node 5318, 174.98960699567843
Node 5319, 175.04729363092514
Node 5320, 175.06347310107395
Node 5321, 175.17731973033588
Node 5322, 175.18020095971735
Node 5323, 175.2084627341019
Node 5324, 175.27725537375
Node 5325, 175.33237113300237
Node 5326, 175.4097895364789
Node 5327, 175.48971800898704
Node 5328, 175.52231873608292
Node 5329, 175.5572033730413
Node 5330, 175.60631048487647
Node 5331, 175.6202067177171
Node 5332, 175.62658953146035
Node 5333, 175.64577424127316
Node 5334, 175.6588267050335
Node 5335, 175.65983146566575
Node 5336, 175.6709172362761
Node 5337, 175.74094791686292
Node 5338, 175.82709665237965
Node 5339, 175.82849781927203
Node 5340, 175.84568295710167
Node 5341, 175.9168391337936
Node 5342, 175.96239602786318
Node 5343, 176.0189694536942
Node 5344, 176.0502948004669
Node 5345, 176.06124449407366
Node 5346, 176.11440441447834
Node 5347, 176.25520898210004
Node 5348, 176.26838095689433
Node 5349, 176.29583182895095
Node 5350, 176.37333350147037
Node 5351, 176.38924037178543
Node 5352, 176.4202088573393
Node 5353, 176.42555049259047
Node 5354, 176.44490573443588
Node 5355, 176.482235486546
Node 5356, 176.58083327919272
Node 5357, 176.6308677590252
Node 5358, 176.73060884681672
Node 5359, 176.73998292470006
Node 5360, 176.7482714513405
Node 5361, 176.89135380597372
Node 5362, 176.89825842636193
Node 5363, 176.93957325288696
Node 5364, 177.03771229749714
Node 5365, 177.06748544777415
Node 5366, 177.08919081423863
Node 5367, 177.12514881601757
Node 5368, 177.12746164375244
Node 5369, 177.2684435425841
Node 5370, 177.31761141147587
Node 5371, 177.31870992682295
Node 5372, 177.35245794425836
Node 5373, 177.36766682544896
Node 5374, 177.38428871759953
Node 5375, 177.39375017660035
Node 5376, 177.40917685359997
Node 5377, 177.46356446187642
Node 5378, 177.55676011413448
Node 5379, 177.6002830859452
Node 5380, 177.60490761474622
Node 5381, 177.6402540203857
Node 5382, 177.6946001352567
Node 5383, 177.79889591807503
Node 5384, 177.82576168792357
Node 5385, 177.85837990857476
Node 5386, 177.88166855312195
Node 5387, 177.90703475289305
Node 5388, 177.9105720674058
Node 5389, 177.92881080507948
Node 5390, 177.95019343049663
Node 5391, 177.99280290789994
Node 5392, 178.00627523860751
Node 5393, 178.01089346736052
Node 5394, 178.03103559316034
Node 5395, 178.15497598505954
Node 5396, 178.16848267858643
Node 5397, 178.20323221089197
Node 5398, 178.22527982007549
Node 5399, 178.24802805614902
Node 5400, 178.2563778229622
Node 5401, 178.29094829407688
Node 5402, 178.30257612283776
Node 5403, 178.30732619180455
Node 5404, 178.33069407871076
Node 5405, 178.3454875400991
Node 5406, 178.3524272603774
Node 5407, 178.38082520626773
Node 5408, 178.45906315015625
Node 5409, 178.4954622614857
Node 5410, 178.50244230463966
Node 5411, 178.51680160437877
Node 5412, 178.7790791513305
Node 5413, 178.84073979611225
Node 5414, 178.90317094755466
Node 5415, 178.90716786401336
Node 5416, 178.91789802267095
Node 5417, 178.92483065989433
Node 5418, 178.9850074467827
Node 5419, 178.99476000569186
Node 5420, 179.0178842288376
Node 5421, 179.06283941230146
Node 5422, 179.07375407536668
Node 5423, 179.08832197468908
Node 5424, 179.10999984129276
Node 5425, 179.1205567847134
Node 5426, 179.1919695409019
Node 5427, 179.1981655798955
Node 5428, 179.23488869155094
Node 5429, 179.2445633089681
Node 5430, 179.3498481718611
Node 5431, 179.3930871223701
Node 5432, 179.39724538827232
Node 5433, 179.43286660773384
Node 5434, 179.54606603163685
Node 5435, 179.60919140951063
Node 5436, 179.62087680361677
Node 5437, 179.6361035723571
Node 5438, 179.64861374696514
Node 5439, 179.66263399281632
Node 5440, 179.6748975698699
Node 5441, 179.67638869753412
Node 5442, 179.7026883717164
Node 5443, 179.73184994123395
Node 5444, 179.74797315200578
Node 5445, 179.83359320993145
Node 5446, 179.9105805407479
Node 5447, 179.91433618996106
Node 5448, 179.92602790079044
Node 5449, 179.93570711750482
Node 5450, 180.00595744037906
Node 5451, 180.11987592618743
Node 5452, 180.14644099749702
Node 5453, 180.27874726809458
Node 5454, 180.34498239348164
Node 5455, 180.37475786036126
Node 5456, 180.44999333711868
Node 5457, 180.55069460570326
Node 5458, 180.5511591052275
Node 5459, 180.6182116076004
Node 5460, 180.6563103080478
Node 5461, 180.7272175531292
Node 5462, 180.7673001637077
Node 5463, 180.83844778611325
Node 5464, 180.85704056587574
Node 5465, 180.87663613244467
Node 5466, 180.91550285487608
Node 5467, 181.0196965697662
Node 5468, 181.06541814093342
Node 5469, 181.10169837609595
Node 5470, 181.13562010291776
Node 5471, 181.2258165730941
Node 5472, 181.27237917756833
Node 5473, 181.29931185562276
Node 5474, 181.32516140655667
Node 5475, 181.3525305536778
Node 5476, 181.36619382172253
Node 5477, 181.3996050987212
Node 5478, 181.4742713619084
Node 5479, 181.4851501746666
Node 5480, 181.52061129922018
Node 5481, 181.52223326364148
Node 5482, 181.53054412564862
Node 5483, 181.5429760941298
Node 5484, 181.5632787336687
Node 5485, 181.57134308174997
Node 5486, 181.57304068387427
Node 5487, 181.66083377453498
Node 5488, 181.69883528194117
Node 5489, 181.70179240692846
Node 5490, 181.7019356859434
Node 5491, 181.74655445018774
Node 5492, 181.75522924437547
Node 5493, 181.7555741018278
Node 5494, 181.76846250720374
Node 5495, 181.82602637513557
Node 5496, 181.84919826093912
Node 5497, 181.870659939743
Node 5498, 181.88817287681536
Node 5499, 181.8886016734458
Node 5500, 181.93482210274783
Node 5501, 181.93549597048778
Node 5502, 181.94309959932505
Node 5503, 181.95426132750444
Node 5504, 181.9855601508544
Node 5505, 182.17676274062757
Node 5506, 182.24139899962285
Node 5507, 182.29197876823937
Node 5508, 182.32728680819125
Node 5509, 182.35639071842763
Node 5510, 182.4111146102435
Node 5511, 182.43344465865204
Node 5512, 182.52631288480504
Node 5513, 182.56964901471386
Node 5514, 182.59198716280463
Node 5515, 182.68041946036243
Node 5516, 182.68713261760925
Node 5517, 182.6944323282575
Node 5518, 182.73680491153135
Node 5519, 182.7586198266601
Node 5520, 182.78599752062695
Node 5521, 182.78945331191642
Node 5522, 182.7997110446548
Node 5523, 182.8239991964613
Node 5524, 182.83145444201142
Node 5525, 182.83325928907522
Node 5526, 182.945179600015
Node 5527, 182.9573223287196
Node 5528, 183.00200125162326
Node 5529, 183.02886611401
Node 5530, 183.07030490951752
Node 5531, 183.08958937556022
Node 5532, 183.0927156521924
Node 5533, 183.14060096189237
Node 5534, 183.25099665072
Node 5535, 183.31052022352264
Node 5536, 183.37680843057421
Node 5537, 183.40210766156008
Node 5538, 183.42415781577122
Node 5539, 183.44097786804502
Node 5540, 183.48191963902985
Node 5541, 183.492447146111
Node 5542, 183.53326004929448
Node 5543, 183.56615036337965
Node 5544, 183.59330262266658
Node 5545, 183.76626962683045
Node 5546, 183.77123179620506
Node 5547, 183.7816968829217
Node 5548, 183.80426986129055
Node 5549, 183.8870497802275
Node 5550, 183.89261298894013
Node 5551, 183.93106131973343
Node 5552, 183.94236705715522
Node 5553, 183.94566425995941
Node 5554, 184.0088423628691
Node 5555, 184.1268468587227
Node 5556, 184.1283082494757
Node 5557, 184.25973764045082
Node 5558, 184.26112520526738
Node 5559, 184.30864602057386
Node 5560, 184.3640138718772
Node 5561, 184.37144740554328
Node 5562, 184.37219196453572
Node 5563, 184.38007527426288
Node 5564, 184.3815530670645
Node 5565, 184.41520087431638
Node 5566, 184.42592580891485
Node 5567, 184.46249338792714
Node 5568, 184.49914351501462
Node 5569, 184.50327949171864
Node 5570, 184.53975070842054
Node 5571, 184.54150975432088
Node 5572, 184.65191053388125
Node 5573, 184.68019035811813
Node 5574, 184.68084084981115
Node 5575, 184.699576037787
Node 5576, 184.7482674528482
Node 5577, 184.78989807544718
Node 5578, 184.83721377076537
Node 5579, 184.88755460986928
Node 5580, 184.89451882659642
Node 5581, 184.9498299101417
Node 5582, 184.99541327532793
Node 5583, 185.0029320235509
Node 5584, 185.111746781632
Node 5585, 185.14327102540184
Node 5586, 185.14717596591618
Node 5587, 185.15647395754073
Node 5588, 185.2945804606979
Node 5589, 185.32289152217487
Node 5590, 185.33709896831357
Node 5591, 185.40511254431618
Node 5592, 185.42233400642826
Node 5593, 185.46847496622763
Node 5594, 185.5083914546975
Node 5595, 185.51724441120382
Node 5596, 185.5199037408787
Node 5597, 185.5793868015864
Node 5598, 185.62133717223153
Node 5599, 185.62450040665266
Node 5600, 185.67804387612554
Node 5601, 185.75157127759968
Node 5602, 185.82857044629122
Node 5603, 185.82868223830792
Node 5604, 185.9281469460248
Node 5605, 185.94080513883458
Node 5606, 185.96909865258144
Node 5607, 185.97932354241138
Node 5608, 186.08482179919073
Node 5609, 186.16736559159057
Node 5610, 186.16762479804282
Node 5611, 186.22690487625258
Node 5612, 186.2286805675752
Node 5613, 186.24921850588504
Node 5614, 186.25537676107368
Node 5615, 186.30028203666058
Node 5616, 186.34456259181263
Node 5617, 186.37040502422056
Node 5618, 186.39724297036042
Node 5619, 186.401665049724
Node 5620, 186.49701525058427
Node 5621, 186.5314868940618
Node 5622, 186.5444688035585
Node 5623, 186.71190370047594
Node 5624, 186.7521801895379
Node 5625, 186.79002364266202
Node 5626, 186.80079019457852
Node 5627, 186.88065073731852
Node 5628, 186.9015761516594
Node 5629, 186.9714791247896
Node 5630, 186.97887615628733
Node 5631, 187.06075350022897
Node 5632, 187.06276370237825
Node 5633, 187.0812362982414
Node 5634, 187.12131849452237
Node 5635, 187.15893230446983
Node 5636, 187.21833543127374
Node 5637, 187.2594086369062
Node 5638, 187.3283303165003
Node 5639, 187.3528219538575
Node 5640, 187.3758326793074
Node 5641, 187.39193879525075
Node 5642, 187.46851761080464
Node 5643, 187.47599222332704
Node 5644, 187.55013408858542
Node 5645, 187.58765492419835
Node 5646, 187.75830320337926
Node 5647, 187.7746085749664
Node 5648, 187.79727850120904
Node 5649, 187.81512642900657
Node 5650, 187.85734000639704
Node 5651, 187.85916664912014
Node 5652, 187.88631915622764
Node 5653, 187.89639947606707
Node 5654, 187.95519461974854
Node 5655, 187.95970367754603
Node 5656, 188.00352320622991
Node 5657, 188.14243339494507
Node 5658, 188.14717933468935
Node 5659, 188.15946783635493
Node 5660, 188.31274488558964
Node 5661, 188.37155871129139
Node 5662, 188.47336593631175
Node 5663, 188.5541405718543
Node 5664, 188.78097421559914
Node 5665, 188.83224517512963
Node 5666, 188.83613547707907
Node 5667, 188.84227449804365
Node 5668, 188.90347346360085
Node 5669, 188.9081592570452
Node 5670, 188.92159019108493
Node 5671, 188.95616318936558
Node 5672, 188.99870159138166
Node 5673, 189.13814519647832
Node 5674, 189.17742448414248
Node 5675, 189.2811454859877
Node 5676, 189.28508913700333
Node 5677, 189.34468111753972
Node 5678, 189.35315041733696
Node 5679, 189.48320756933597
Node 5680, 189.53143094549782
Node 5681, 189.6630943848211
Node 5682, 189.6894840341975
Node 5683, 189.70522692173418
Node 5684, 189.82210229009218
Node 5685, 189.86328727106073
Node 5686, 189.893403606252
Node 5687, 189.90967102054745
Node 5688, 190.07219710846275
Node 5689, 190.13069193068358
Node 5690, 190.14363533908488
Node 5691, 190.18649073773875
Node 5692, 190.22701776807787
Node 5693, 190.25203440767163
Node 5694, 190.4179055697414
Node 5695, 190.52275416416404
Node 5696, 190.57151706475221
Node 5697, 190.61356573481387
Node 5698, 190.64354329605345
Node 5699, 190.69676899019677
Node 5700, 190.70771184689397
Node 5701, 190.75864659663048
Node 5702, 190.77108273657808
Node 5703, 190.7753564044252
Node 5704, 190.8368626513109
Node 5705, 190.86782127457923
Node 5706, 191.0088799328164
Node 5707, 191.04398297261332
Node 5708, 191.09743958965862
Node 5709, 191.11368000285964
Node 5710, 191.12138339502297
Node 5711, 191.14100567967878
Node 5712, 191.20572380483978
Node 5713, 191.20959092248472
Node 5714, 191.24856054588585
Node 5715, 191.33815399609878
Node 5716, 191.38539516200774
Node 5717, 191.41007912420886
Node 5718, 191.41255197637201
Node 5719, 191.5109680104138
Node 5720, 191.5800074360041
Node 5721, 191.61146415973928
Node 5722, 191.61697162332345
Node 5723, 191.62001525620568
Node 5724, 191.6696419349757
Node 5725, 191.72377773949586
Node 5726, 191.73720116223328
Node 5727, 191.78732780455798
Node 5728, 191.7924282776805
Node 5729, 191.86840888552217
Node 5730, 191.88741031717788
Node 5731, 191.97408417192887
Node 5732, 191.98300313164938
Node 5733, 191.98834188341215
Node 5734, 192.12196134125588
Node 5735, 192.14280700722165
Node 5736, 192.18759031379213
Node 5737, 192.20173108561622
Node 5738, 192.22651734318282
Node 5739, 192.26834181200888
Node 5740, 192.28940342477298
Node 5741, 192.34575879991945
Node 5742, 192.39215973255176
Node 5743, 192.48799233809078
Node 5744, 192.55736875523525
Node 5745, 192.57534237013408
Node 5746, 192.5904134927134
Node 5747, 192.61626258661013
Node 5748, 192.65127629298405
Node 5749, 192.69145278876698
Node 5750, 192.71229414122652
Node 5751, 192.73411817512314
Node 5752, 192.73456203482968
Node 5753, 192.83281319894203
Node 5754, 192.85863522733007
Node 5755, 192.9461094703461
Node 5756, 192.94703096901983
Node 5757, 192.94891313492545
Node 5758, 193.01797592092103
Node 5759, 193.03341138332198
Node 5760, 193.05473282868888
Node 5761, 193.05593441564199
Node 5762, 193.1329118892235
Node 5763, 193.1749083777918
Node 5764, 193.22535905966996
Node 5765, 193.26635826792875
Node 5766, 193.36430940878464
Node 5767, 193.37906444059453
Node 5768, 193.39553163913723
Node 5769, 193.42396745929844
Node 5770, 193.46654379237788
Node 5771, 193.50084538937327
Node 5772, 193.58322618420002
Node 5773, 193.59691789098162
Node 5774, 193.6139168731498
Node 5775, 193.64234912077762
Node 5776, 193.64321899883635
Node 5777, 193.71231295180579
Node 5778, 193.7336813728444
Node 5779, 193.75004826721772
Node 5780, 193.7595105765297
Node 5781, 193.80931806000814
Node 5782, 193.85389003882975
Node 5783, 193.89335279737622
Node 5784, 193.94770509968967
Node 5785, 193.97546121960576
Node 5786, 194.0692432192981
Node 5787, 194.0878297158501
Node 5788, 194.09762507726256
Node 5789, 194.10183865564778
Node 5790, 194.18670005010839
Node 5791, 194.25897993353405
Node 5792, 194.2608654499589
Node 5793, 194.2822025675719
Node 5794, 194.38280888833887
Node 5795, 194.40746123687975
Node 5796, 194.41358330551222
Node 5797, 194.45867637673433
Node 5798, 194.46067442068016
Node 5799, 194.49150035379472
Node 5800, 194.6672792644146
Node 5801, 194.69805270834698
Node 5802, 194.73908138537215
Node 5803, 194.87735448353507
Node 5804, 194.9022701496851
Node 5805, 194.91134540812232
Node 5806, 194.93621016381053
Node 5807, 194.9391914477947
Node 5808, 195.11226450654843
Node 5809, 195.16149274238018
Node 5810, 195.19859064587484
Node 5811, 195.25606653524403
Node 5812, 195.2660520616116
Node 5813, 195.36200589479557
Node 5814, 195.36924422699377
Node 5815, 195.37064957431673
Node 5816, 195.45708310778076
Node 5817, 195.52916641534998
Node 5818, 195.5916643820504
Node 5819, 195.5950724398982
Node 5820, 195.95062529279343
Node 5821, 195.97616300584852
Node 5822, 195.987122375181
Node 5823, 196.02541523825712
Node 5824, 196.0938588741977
Node 5825, 196.0991690520415
Node 5826, 196.10652384048439
Node 5827, 196.2638778121852
Node 5828, 196.30565226639538
Node 5829, 196.33974244291147
Node 5830, 196.36096950850194
Node 5831, 196.41249447222916
Node 5832, 196.4157359015487
Node 5833, 196.44779082594556
Node 5834, 196.45990081354205
Node 5835, 196.48204284127823
Node 5836, 196.5070989746225
Node 5837, 196.62615987778406
Node 5838, 196.65832457162944
Node 5839, 196.67526727381173
Node 5840, 196.71096445296726
Node 5841, 196.7160183004414
Node 5842, 196.74008669198182
Node 5843, 196.75736034374182
Node 5844, 196.8646018680458
Node 5845, 196.92187553367847
Node 5846, 196.92874387274372
Node 5847, 196.94969528245815
Node 5848, 197.02840310415652
Node 5849, 197.0298259960053
Node 5850, 197.14918930946467
Node 5851, 197.15548982535583
Node 5852, 197.18216721893737
Node 5853, 197.18314784533715
Node 5854, 197.184026125817
Node 5855, 197.20147229642347
Node 5856, 197.2280157734662
Node 5857, 197.2540560497442
Node 5858, 197.3048515486444
Node 5859, 197.31044485443172
Node 5860, 197.36275482908755
Node 5861, 197.4006696420416
Node 5862, 197.54706393042693
Node 5863, 197.5515770304305
Node 5864, 197.57563323728507
Node 5865, 197.64344333830607
Node 5866, 197.69157120665093
Node 5867, 197.76690209669638
Node 5868, 197.83333663118012
Node 5869, 197.92027731223178
Node 5870, 197.94832827486243
Node 5871, 197.95681663778174
Node 5872, 198.03130122495472
Node 5873, 198.0423154409589
Node 5874, 198.09531134474238
Node 5875, 198.09715303558778
Node 5876, 198.2289684777629
Node 5877, 198.3111396095163
Node 5878, 198.34179679269462
Node 5879, 198.50020183686328
Node 5880, 198.75353432606695
Node 5881, 198.76501753674427
Node 5882, 198.78282332247153
Node 5883, 198.87439982791324
Node 5884, 199.00463856535637
Node 5885, 199.0336174762124
Node 5886, 199.13344997788906
Node 5887, 199.16283522048386
Node 5888, 199.33584963938733
Node 5889, 199.36166818908487
Node 5890, 199.42023152798603
Node 5891, 199.44457673810535
Node 5892, 199.57222195559982
Node 5893, 199.58693196089195
Node 5894, 199.66631832053494
Node 5895, 199.68401125303066
Node 5896, 199.81631742857007
Node 5897, 199.86687808430307
Node 5898, 199.8686288031592
Node 5899, 199.88336526220365
Node 5900, 199.8839971694338
Node 5901, 199.89203519322496
Node 5902, 199.9192561742262
Node 5903, 199.938404635011
Node 5904, 199.95503894967314
Node 5905, 199.96047303376815
Node 5906, 199.97917915184252
Node 5907, 200.01598384914953
Node 5908, 200.0528429101188
Node 5909, 200.07141919753113
Node 5910, 200.18036025603732
Node 5911, 200.18609924215124
Node 5912, 200.22936366586916
Node 5913, 200.40245393803363
Node 5914, 200.41190081953854
Node 5915, 200.49577153676057
Node 5916, 200.51994397374148
Node 5917, 200.55794207839733
Node 5918, 200.6972962370079
Node 5919, 200.73395834020116
Node 5920, 200.7389663860176
Node 5921, 200.73901647009706
Node 5922, 200.74651600129232
Node 5923, 200.82034773059863
Node 5924, 200.89651903952037
Node 5925, 200.92666861964153
Node 5926, 200.94261100713916
Node 5927, 200.98796931253193
Node 5928, 201.0103705470032
Node 5929, 201.14211268143552
Node 5930, 201.2285838526282
Node 5931, 201.2407190480778
Node 5932, 201.254185340815
Node 5933, 201.25961233466282
Node 5934, 201.2643453985103
Node 5935, 201.2728555324783
Node 5936, 201.28721205398358
Node 5937, 201.44067339129273
Node 5938, 201.46035242777506
Node 5939, 201.51954261085686
Node 5940, 201.5281558923465
Node 5941, 201.5297474001603
Node 5942, 201.5513147002786
Node 5943, 201.5517141577127
Node 5944, 201.56724329127735
Node 5945, 201.74997648874557
Node 5946, 201.76306524104314
Node 5947, 201.79832743499992
Node 5948, 201.85731112777
Node 5949, 201.86013754773595
Node 5950, 201.91893289816835
Node 5951, 202.0612386210699
Node 5952, 202.07226193558358
Node 5953, 202.12610789811794
Node 5954, 202.12698424267708
Node 5955, 202.19866601743504
Node 5956, 202.22144662750162
Node 5957, 202.23051368399723
Node 5958, 202.3251906890481
Node 5959, 202.3476071293181
Node 5960, 202.41455228076265
Node 5961, 202.43782919598576
Node 5962, 202.47598485387778
Node 5963, 202.48239626768517
Node 5964, 202.50001985501288
Node 5965, 202.65467089268108
Node 5966, 202.66809698967762
Node 5967, 202.6739589949757
Node 5968, 202.7375655970458
Node 5969, 202.75278562421252
Node 5970, 202.76337537349582
Node 5971, 202.78761218566035
Node 5972, 202.87367715082277
Node 5973, 202.96025693050598
Node 5974, 203.053337510813
Node 5975, 203.14335264888433
Node 5976, 203.16805894532266
Node 5977, 203.17291647256332
Node 5978, 203.1887457091101
Node 5979, 203.32417124044198
Node 5980, 203.34799474425145
Node 5981, 203.4715061751294
Node 5982, 203.59603781371902
Node 5983, 203.68212825353714
Node 5984, 203.72623566587285
Node 5985, 203.7901469754943
Node 5986, 203.88691306521042
Node 5987, 204.034301906383
Node 5988, 204.06631696368012
Node 5989, 204.12388471210568
Node 5990, 204.12638857200054
Node 5991, 204.15014744233545
Node 5992, 204.22161982425052
Node 5993, 204.24120088931397
Node 5994, 204.28004327543232
Node 5995, 204.33127128471588
Node 5996, 204.43778278200628
Node 5997, 204.44366230230736
Node 5998, 204.81454582102046
Node 5999, 204.8459330728811
Node 6000, 204.92560133787273
Node 6001, 204.9757957832076
Node 6002, 204.97610714613143
Node 6003, 205.0314708283478
Node 6004, 205.05391180146165
Node 6005, 205.08895527665888
Node 6006, 205.1311780503532
Node 6007, 205.1340271377999
Node 6008, 205.18618613898704
Node 6009, 205.27529678012962
Node 6010, 205.29743538728937
Node 6011, 205.47339902007627
Node 6012, 205.47412247553882
Node 6013, 205.6113445755427
Node 6014, 205.61396904835178
Node 6015, 205.65760238986994
Node 6016, 205.6759919290268
Node 6017, 205.78820440878215
Node 6018, 206.01053853129076
Node 6019, 206.02475640515775
Node 6020, 206.054120706505
Node 6021, 206.05596625416283
Node 6022, 206.08501917219607
Node 6023, 206.3142153194482
Node 6024, 206.34127239256958
Node 6025, 206.38924032487026
Node 6026, 206.42834655966945
Node 6027, 206.43387107732832
Node 6028, 206.45365024621813
Node 6029, 206.6741541007201
Node 6030, 206.78556549047454
Node 6031, 206.8174985659446
Node 6032, 207.05777896755492
Node 6033, 207.14866356004424
Node 6034, 207.18630002480344
Node 6035, 207.1921333982161
Node 6036, 207.3072458503635
Node 6037, 207.34251051402805
Node 6038, 207.34556653216524
Node 6039, 207.37763904337814
Node 6040, 207.39635789157822
Node 6041, 207.510572120981
Node 6042, 207.5460374771284
Node 6043, 207.5503234915799
Node 6044, 207.60098343573296
Node 6045, 207.8377528595681
Node 6046, 207.86796552090706
Node 6047, 208.05801239593484
Node 6048, 208.13516726706172
Node 6049, 208.14579142648145
Node 6050, 208.16290727229244
Node 6051, 208.18493711000508
Node 6052, 208.22022168710814
Node 6053, 208.2257193721873
Node 6054, 208.31664134115914
Node 6055, 208.3268133807238
Node 6056, 208.3737298761404
Node 6057, 208.5159416777597
Node 6058, 208.55282703505048
Node 6059, 208.59565520407403
Node 6060, 208.600145429961
Node 6061, 208.6324460232761
Node 6062, 208.65623662102686
Node 6063, 208.70837367598293
Node 6064, 208.71080211467296
Node 6065, 208.716178391706
Node 6066, 208.73543108766404
Node 6067, 208.7498575905746
Node 6068, 208.79113456568658
Node 6069, 208.80989991587066
Node 6070, 208.85273831841292
Node 6071, 208.96533164983475
Node 6072, 209.01024797312826
Node 6073, 209.1077471461837
Node 6074, 209.1144142735812
Node 6075, 209.14059418704193
Node 6076, 209.16767489557233
Node 6077, 209.21458951540512
Node 6078, 209.36161472044165
Node 6079, 209.37330039884185
Node 6080, 209.39845112454836
Node 6081, 209.45554575769518
Node 6082, 209.4724399762475
Node 6083, 209.5221943929638
Node 6084, 209.62051687151782
Node 6085, 209.67787662437212
Node 6086, 209.69535062003737
Node 6087, 209.72496719739067
Node 6088, 209.73386843626207
Node 6089, 209.76302558651943
Node 6090, 209.84366036377958
Node 6091, 209.8775481043493
Node 6092, 209.91270193687242
Node 6093, 209.9205807079084
Node 6094, 210.07825432851624
Node 6095, 210.09117279307327
Node 6096, 210.19959761640928
Node 6097, 210.2557883753026
Node 6098, 210.34831775433673
Node 6099, 210.39647372053014
Node 6100, 210.56550032716962
Node 6101, 210.57952629777392
Node 6102, 210.62387625601636
Node 6103, 210.64552870912235
Node 6104, 210.64811757838558
Node 6105, 210.68000249657496
Node 6106, 210.70632244887307
Node 6107, 210.76784785970506
Node 6108, 210.78024683654007
Node 6109, 210.78284428260844
Node 6110, 210.80744448609173
Node 6111, 210.82495602012057
Node 6112, 210.843791614882
Node 6113, 210.90247628724353
Node 6114, 210.97255831124204
Node 6115, 210.9884753354626
Node 6116, 211.03999597714503
Node 6117, 211.17482939764284
Node 6118, 211.25932383431552
Node 6119, 211.26788613779829
Node 6120, 211.29758175186964
Node 6121, 211.329363690159
Node 6122, 211.37795489440887
Node 6123, 211.41389512777923
Node 6124, 211.4361437502108
Node 6125, 211.48133008241922
Node 6126, 211.5272156009902
Node 6127, 211.55505550709245
Node 6128, 211.82875897431276
Node 6129, 211.86260347550711
Node 6130, 212.0024218630501
Node 6131, 212.05172499216246
Node 6132, 212.06735988411657
Node 6133, 212.08696346570642
Node 6134, 212.08933261357387
Node 6135, 212.13816230176496
Node 6136, 212.17990384154697
Node 6137, 212.1931230486624
Node 6138, 212.21882088514744
Node 6139, 212.23669833953207
Node 6140, 212.2566997809014
Node 6141, 212.4295969757728
Node 6142, 212.47047931907412
Node 6143, 212.67663475381153
Node 6144, 212.73752838305967
Node 6145, 212.74264023759304
Node 6146, 212.76019266182314
Node 6147, 212.8403032900835
Node 6148, 212.92435562324525
Node 6149, 213.0204136564163
Node 6150, 213.11469906083033
Node 6151, 213.1362031671526
Node 6152, 213.1470889473901
Node 6153, 213.17061070145454
Node 6154, 213.23295221148027
Node 6155, 213.36105192400063
Node 6156, 213.3724553722998
Node 6157, 213.38795103960967
Node 6158, 213.45992826217238
Node 6159, 213.55701040665636
Node 6160, 213.68537211571828
Node 6161, 213.6881601323792
Node 6162, 213.7237937043062
Node 6163, 213.83068234136186
Node 6164, 213.97403518034147
Node 6165, 213.98902434597596
Node 6166, 214.01177355422004
Node 6167, 214.08336277568287
Node 6168, 214.15503998393504
Node 6169, 214.22688278731783
Node 6170, 214.27766088235242
Node 6171, 214.28127546532795
Node 6172, 214.30291430765945
Node 6173, 214.4285264254433
Node 6174, 214.49027181282867
Node 6175, 214.5080836545271
Node 6176, 214.74817586222915
Node 6177, 214.84732644242598
Node 6178, 214.89923484865093
Node 6179, 214.99445001289268
Node 6180, 215.06275493235134
Node 6181, 215.1317399955009
Node 6182, 215.14146039074956
Node 6183, 215.23584132432092
Node 6184, 215.3458957101705
Node 6185, 215.36175197532273
Node 6186, 215.37344758536727
Node 6187, 215.4417270636218
Node 6188, 215.44402548535987
Node 6189, 215.46098182464124
Node 6190, 215.5832252468498
Node 6191, 215.61179064103874
Node 6192, 215.72518382239687
Node 6193, 215.9286491418871
Node 6194, 215.9320551262175
Node 6195, 215.9389843680957
Node 6196, 216.13652083717867
Node 6197, 216.13946676939543
Node 6198, 216.18544467332148
Node 6199, 216.34060214532647
Node 6200, 216.37999003501997
Node 6201, 216.38663371946316
Node 6202, 216.46338285102073
Node 6203, 216.4714300847334
Node 6204, 216.4782429602699
Node 6205, 216.50989492100473
Node 6206, 216.53960797880632
Node 6207, 216.57023460638203
Node 6208, 216.61448486937374
Node 6209, 216.62792513958837
Node 6210, 216.6508643628211
Node 6211, 216.65545811147064
Node 6212, 216.7027564984248
Node 6213, 216.71512174089114
Node 6214, 216.75258458563079
Node 6215, 216.76843449189704
Node 6216, 216.8402479202694
Node 6217, 216.94560853882857
Node 6218, 216.9487463325317
Node 6219, 216.96570069241736
Node 6220, 217.05276206172087
Node 6221, 217.06862175353888
Node 6222, 217.07086981384728
Node 6223, 217.09297340320023
Node 6224, 217.17016232716057
Node 6225, 217.19950051398584
Node 6226, 217.22051434664053
Node 6227, 217.26000932052088
Node 6228, 217.36262796717944
Node 6229, 217.42084528746855
Node 6230, 217.4753034077137
Node 6231, 217.4784820718572
Node 6232, 217.51934603380863
Node 6233, 217.5421920509332
Node 6234, 217.5589999656585
Node 6235, 217.57310913853877
Node 6236, 217.61688023316185
Node 6237, 217.6403145434283
Node 6238, 217.881286901672
Node 6239, 217.93234215082697
Node 6240, 217.95838825276076
Node 6241, 217.96713944503253
Node 6242, 217.97010817819918
Node 6243, 217.97718985927432
Node 6244, 217.98186022758435
Node 6245, 218.07589358526815
Node 6246, 218.22841184768532
Node 6247, 218.23242009251564
Node 6248, 218.3665916628317
Node 6249, 218.4264058037472
Node 6250, 218.43019050303977
Node 6251, 218.4833273095311
Node 6252, 218.5204658732477
Node 6253, 218.5642588328493
Node 6254, 218.70311265649443
Node 6255, 218.70801153700526
Node 6256, 218.72264449612615
Node 6257, 218.73306050714183
Node 6258, 218.74788403073435
Node 6259, 218.77705583715561
Node 6260, 218.97552282555313
Node 6261, 219.00069188366012
Node 6262, 219.06981899117136
Node 6263, 219.3525375421298
Node 6264, 219.3867931230938
Node 6265, 219.40194213599779
Node 6266, 219.41170110810071
Node 6267, 219.4723158714371
Node 6268, 219.59293460927466
Node 6269, 219.6115971689229
Node 6270, 219.65281240794394
Node 6271, 219.6674639757259
Node 6272, 219.78774249579502
Node 6273, 219.8419405504107
Node 6274, 219.8738887038695
Node 6275, 219.89008729720135
Node 6276, 219.9552108312978
Node 6277, 219.99404751734974
Node 6278, 220.20190739323203
Node 6279, 220.20352836160362
Node 6280, 220.31508295758425
Node 6281, 220.34688654482616
Node 6282, 220.35006626521533
Node 6283, 220.39319646769684
Node 6284, 220.45682037465744
Node 6285, 220.5759230404116
Node 6286, 220.57739350810823
Node 6287, 220.5872465915461
Node 6288, 220.60594064490544
Node 6289, 220.6317583216741
Node 6290, 220.70110667859194
Node 6291, 220.7538819683192
Node 6292, 220.76576032491377
Node 6293, 220.8025226648974
Node 6294, 220.88530450238335
Node 6295, 220.8944015276928
Node 6296, 220.90634673882383
Node 6297, 221.03269718520542
Node 6298, 221.03945539092217
Node 6299, 221.28290915297964
Node 6300, 221.43392228047267
Node 6301, 221.47809257116793
Node 6302, 221.51017563203786
Node 6303, 221.703922832719
Node 6304, 221.80036496928884
Node 6305, 221.90695054495092
Node 6306, 221.91435190360525
Node 6307, 221.9270708807735
Node 6308, 221.98144450104024
Node 6309, 221.98949485247044
Node 6310, 221.99973358087692
Node 6311, 222.0476086011695
Node 6312, 222.10985730553088
Node 6313, 222.20818752486423
Node 6314, 222.25579097461448
Node 6315, 222.3982209972979
Node 6316, 222.42816728052102
Node 6317, 222.45382736931904
Node 6318, 222.5430227297644
Node 6319, 222.63582520709627
Node 6320, 222.65594099178423
Node 6321, 223.1494189262484
Node 6322, 223.25122180623185
Node 6323, 223.42506392834056
Node 6324, 223.4566553774305
Node 6325, 223.5071799754332
Node 6326, 223.58532609555
Node 6327, 223.6873727046575
Node 6328, 223.89295087345397
Node 6329, 223.93085480152243
Node 6330, 224.03186566369038
Node 6331, 224.09977261979262
Node 6332, 224.18354426289932
Node 6333, 224.27541577772485
Node 6334, 224.2834936889356
Node 6335, 224.57964155840446
Node 6336, 224.59027075768563
Node 6337, 224.61693017647931
Node 6338, 224.64536103317369
Node 6339, 224.6585295051594
Node 6340, 224.691230388179
Node 6341, 224.81288706914836
Node 6342, 224.84807967153927
Node 6343, 225.09631254750096
Node 6344, 225.58156155936308
Node 6345, 225.62260328469054
Node 6346, 225.66603447059296
Node 6347, 225.69051946489407
Node 6348, 225.83886259634895
Node 6349, 225.89428591451264
Node 6350, 226.01647119986941
Node 6351, 226.13281188628744
Node 6352, 226.19204507148683
Node 6353, 226.25044294438712
Node 6354, 226.50112829403588
Node 6355, 226.6433784106152
Node 6356, 226.69921665011697
Node 6357, 226.7401788959861
Node 6358, 226.78913936460378
Node 6359, 226.82252586557493
Node 6360, 226.83750849451948
Node 6361, 226.92023745551245
Node 6362, 226.93556847158766
Node 6363, 226.9849838155688
Node 6364, 227.0656564476144
Node 6365, 227.11537418303527
Node 6366, 227.13208300245535
Node 6367, 227.1509511467387
Node 6368, 227.29072240321273
Node 6369, 227.59193632164627
Node 6370, 227.67405160568643
Node 6371, 227.87111303146676
Node 6372, 228.04677519076253
Node 6373, 228.10282392579043
Node 6374, 228.13362609582933
Node 6375, 228.14362196360128
Node 6376, 228.22974894952193
Node 6377, 228.35144088502855
Node 6378, 228.35177106131192
Node 6379, 228.36548677890517
Node 6380, 228.46353947259348
Node 6381, 228.5611567341559
Node 6382, 228.5646868144836
Node 6383, 228.62171118402097
Node 6384, 228.92445979570763
Node 6385, 228.94039798815248
Node 6386, 229.19906839772932
Node 6387, 229.23522519677962
Node 6388, 229.26466615866585
Node 6389, 229.32593795519205
Node 6390, 229.40433105266075
Node 6391, 229.65410155388116
Node 6392, 229.75815044093864
Node 6393, 229.83026793556203
Node 6394, 229.90870879482912
Node 6395, 229.91698578107454
Node 6396, 230.03219612578303
Node 6397, 230.05286001523712
Node 6398, 230.4560940025178
Node 6399, 230.73458962721168
Node 6400, 230.7401322627627
Node 6401, 230.74494923787879
Node 6402, 230.74884943581057
Node 6403, 230.77432652595198
Node 6404, 230.80349710567
Node 6405, 230.93067659873714
Node 6406, 231.15849922826482
Node 6407, 231.1591694649653
Node 6408, 231.28563158084788
Node 6409, 231.3099813141434
Node 6410, 231.31767151678346
Node 6411, 231.35954182786995
Node 6412, 231.37582604387032
Node 6413, 231.49096029073868
Node 6414, 231.58575200479052
Node 6415, 231.69322202076964
Node 6416, 231.78455571584794
Node 6417, 231.79261449959836
Node 6418, 231.9171687683033
Node 6419, 232.49352677506346
Node 6420, 232.69705292549685
Node 6421, 232.87220664112593
Node 6422, 232.96104471716586
Node 6423, 232.99203506967768
Node 6424, 233.20676001831802
Node 6425, 233.39181512016324
Node 6426, 233.41108357468048
Node 6427, 233.4187063176197
Node 6428, 233.4798699162255
Node 6429, 233.55042529214947
Node 6430, 233.6070130730411
Node 6431, 233.74809818816368
Node 6432, 233.86815549118222
Node 6433, 233.91412224070595
Node 6434, 234.09022718460042
Node 6435, 234.18309187360342
Node 6436, 234.2138823369188
Node 6437, 234.26824734061645
Node 6438, 234.47686816643323
Node 6439, 234.6215062840868
Node 6440, 234.7576399080858
Node 6441, 235.01537648337796
Node 6442, 235.11679202073012
Node 6443, 235.12883228290514
Node 6444, 235.34155463744793
Node 6445, 235.78715391240462
Node 6446, 235.89756550398798
Node 6447, 236.41218413085352
Node 6448, 236.67503029413493
Node 6449, 236.84584081110955
Node 6450, 236.90301023216907
Node 6451, 237.00894753680208
Node 6452, 237.3119310957718
Node 6453, 237.46406988298594
Node 6454, 237.51136114969955
Node 6455, 237.5804571179897
Node 6456, 237.73827373238115
Node 6457, 237.7448869517669
Node 6458, 237.90284641215456
Node 6459, 237.90293740576288
Node 6460, 237.96477541325743
Node 6461, 238.27676562148713
Node 6462, 238.30146292060732
Node 6463, 238.3397368643709
Node 6464, 238.37823647623634
Node 6465, 238.39611858695335
Node 6466, 238.40397461846288
Node 6467, 238.42006199723514
Node 6468, 238.69681172555013
Node 6469, 238.85242549779375
Node 6470, 239.07463688300246
Node 6471, 239.11547215878758
Node 6472, 239.28261581345305
Node 6473, 239.35711847130761
Node 6474, 239.4542200396888
Node 6475, 239.46967937455264
Node 6476, 239.5485741516557
Node 6477, 239.68667527410335
Node 6478, 239.73600940030525
Node 6479, 239.96163436266534
Node 6480, 240.13335064601316
Node 6481, 240.6003892491853
Node 6482, 240.61770557319
Node 6483, 240.71152036174072
Node 6484, 240.717397900202
Node 6485, 240.8188187929973
Node 6486, 241.02184836397336
Node 6487, 241.08817515073426
Node 6488, 241.11313616859076
Node 6489, 241.1232975326475
Node 6490, 241.1568739022876
Node 6491, 241.2207965551341
Node 6492, 241.27473876923565
Node 6493, 241.29199332636242
Node 6494, 241.33205718692838
Node 6495, 241.37995061114424
Node 6496, 241.6022178670952
Node 6497, 241.62106899105706
Node 6498, 241.78669895260586
Node 6499, 241.79060649385738
Node 6500, 241.85500376935968
Node 6501, 241.86936559495817
Node 6502, 242.08073574897722
Node 6503, 242.0853036780229
Node 6504, 242.0867299435455
Node 6505, 242.3191937983204
Node 6506, 242.58552585160663
Node 6507, 242.72598650683176
Node 6508, 242.76807879734946
Node 6509, 242.9319719980415
Node 6510, 242.9332478590782
Node 6511, 243.0016238221681
Node 6512, 243.0459565080079
Node 6513, 243.1167968952295
Node 6514, 243.14092748187227
Node 6515, 243.27140959531556
Node 6516, 243.3321033893502
Node 6517, 243.3928583592118
Node 6518, 243.43276966955887
Node 6519, 243.53191232136933
Node 6520, 243.66282112641974
Node 6521, 243.82958147432683
Node 6522, 243.86224812131158
Node 6523, 244.1585110995454
Node 6524, 244.18412977227084
Node 6525, 244.26889365587738
Node 6526, 244.34084955218012
Node 6527, 244.39276016037397
Node 6528, 244.53789037072843
Node 6529, 244.93462584245768
Node 6530, 244.9913572870684
Node 6531, 244.9974560743242
Node 6532, 245.11435142892577
Node 6533, 245.12238982789222
Node 6534, 245.1228874989824
Node 6535, 245.22074440565945
Node 6536, 245.2236929343347
Node 6537, 245.5341559294783
Node 6538, 245.58320196288747
Node 6539, 245.58621773233006
Node 6540, 245.68935550534056
Node 6541, 245.732735294788
Node 6542, 245.81629261577058
Node 6543, 245.87657333700272
Node 6544, 245.927415525201
Node 6545, 246.2397301268617
Node 6546, 246.31057142867695
Node 6547, 246.43642858680627
Node 6548, 246.62231390355424
Node 6549, 246.78503372145346
Node 6550, 246.9230750230988
Node 6551, 246.9878170779122
Node 6552, 247.0693233876821
Node 6553, 247.21038095368647
Node 6554, 247.36194522942588
Node 6555, 247.61021646740292
Node 6556, 247.77028423607328
Node 6557, 248.22219298369484
Node 6558, 248.23953535890655
Node 6559, 248.25038556905045
Node 6560, 248.25076980028172
Node 6561, 248.39871876737988
Node 6562, 248.40663399002023
Node 6563, 248.47946344511897
Node 6564, 248.64507122513544
Node 6565, 248.69944944281895
Node 6566, 248.98555738726674
Node 6567, 249.01590392078282
Node 6568, 249.04007225710544
Node 6569, 249.04176302687245
Node 6570, 249.10459445635067
Node 6571, 249.38970931527095
Node 6572, 249.44107620265908
Node 6573, 249.60945149737728
Node 6574, 249.70899155032157
Node 6575, 249.86293213392062
Node 6576, 250.02562035961796
Node 6577, 250.1034760354616
Node 6578, 250.19408769062153
Node 6579, 250.2116434381804
Node 6580, 250.34641753639335
Node 6581, 250.38104055842044
Node 6582, 250.4613422050927
Node 6583, 250.47744293771802
Node 6584, 250.5076710176819
Node 6585, 250.79279856530445
Node 6586, 250.8303791703341
Node 6587, 250.94035872667496
Node 6588, 251.01132400796462
Node 6589, 251.11876621892637
Node 6590, 251.3031976713099
Node 6591, 251.38523224881976
Node 6592, 251.55226899740018
Node 6593, 251.6234797078249
Node 6594, 252.1184887508315
Node 6595, 252.39464574057396
Node 6596, 252.40421291639532
Node 6597, 252.52312616624482
Node 6598, 252.57076321362433
Node 6599, 252.59974897269333
Node 6600, 252.63691755647326
Node 6601, 252.7773798511104
Node 6602, 253.00104205765547
Node 6603, 253.12359876744517
Node 6604, 253.27295713894426
Node 6605, 253.30721119941467
Node 6606, 253.4495319237354
Node 6607, 253.47511186933605
Node 6608, 253.48723633648703
Node 6609, 253.6059832963377
Node 6610, 253.73960779250825
Node 6611, 253.74999544532076
Node 6612, 254.21131044470235
Node 6613, 254.23639251871555
Node 6614, 254.29792809112368
Node 6615, 254.3168676439945
Node 6616, 254.3741561891072
Node 6617, 254.41852406483812
Node 6618, 254.63169244266615
Node 6619, 254.73546950235195
Node 6620, 254.77468711977193
Node 6621, 254.7843685799039
Node 6622, 254.84394899797513
Node 6623, 254.9394272143996
Node 6624, 254.96139096610744
Node 6625, 255.15046927588904
Node 6626, 255.2781773362813
Node 6627, 255.30389019936106
Node 6628, 255.3978924984701
Node 6629, 255.40590059313695
Node 6630, 255.4099263972895
Node 6631, 255.429169835221
Node 6632, 255.64986243020965
Node 6633, 255.69980123192826
Node 6634, 255.73104769889125
Node 6635, 255.81475858530456
Node 6636, 255.8296369049083
Node 6637, 255.8825137662117
Node 6638, 256.2514464448817
Node 6639, 256.76701370457175
Node 6640, 256.7920074394843
Node 6641, 256.8438949776476
Node 6642, 257.26393305941906
Node 6643, 257.30799424516164
Node 6644, 257.6659766273545
Node 6645, 257.6763962608445
Node 6646, 257.73405399674647
Node 6647, 258.12272543814265
Node 6648, 258.17508617114134
Node 6649, 258.1919533315382
Node 6650, 258.530180326344
Node 6651, 258.6981421535833
Node 6652, 258.7024309375957
Node 6653, 258.71238002760384
Node 6654, 259.1026408984452
Node 6655, 259.12442781345305
Node 6656, 259.37219742241206
Node 6657, 259.56835514795
Node 6658, 259.58631725271914
Node 6659, 259.5943484937081
Node 6660, 259.64047512540543
Node 6661, 259.6483501403855
Node 6662, 259.6899207368065
Node 6663, 259.7978124479185
Node 6664, 259.9612239835021
Node 6665, 259.9787680891759
Node 6666, 260.2475750439477
Node 6667, 260.7117692445439
Node 6668, 260.7419980229299
Node 6669, 260.90218958809777
Node 6670, 260.93779919875516
Node 6671, 260.9473771295905
Node 6672, 260.98017792303057
Node 6673, 261.05441109554465
Node 6674, 261.33425193947795
Node 6675, 261.3642317963894
Node 6676, 262.06577915317536
Node 6677, 262.5840577372951
Node 6678, 262.76718438308933
Node 6679, 262.8989226651012
Node 6680, 262.9607578624917
Node 6681, 263.03293708431346
Node 6682, 263.2940917355027
Node 6683, 263.5885838038787
Node 6684, 263.7128141799698
Node 6685, 263.9767756783625
Node 6686, 264.3486181385636
Node 6687, 264.3717502918331
Node 6688, 264.64638124389114
Node 6689, 264.9357082831413
Node 6690, 265.0424609646587
Node 6691, 265.1092183586694
Node 6692, 265.2130348825219
Node 6693, 265.50713514341544
Node 6694, 265.66586038188626
Node 6695, 265.6877965586422
Node 6696, 265.8551877282341
Node 6697, 265.95432066497443
Node 6698, 265.97980978901785
Node 6699, 265.99197694153565
Node 6700, 266.0012671892622
Node 6701, 266.06496149167566
Node 6702, 266.2918278581618
Node 6703, 266.505819441368
Node 6704, 266.66839426590786
Node 6705, 266.7028117268199
Node 6706, 266.71610774600555
Node 6707, 266.7367355666611
Node 6708, 267.1287612991011
Node 6709, 267.47836998602594
Node 6710, 267.7498464276428
Node 6711, 268.6414597923428
Node 6712, 268.7943054010326
Node 6713, 268.94702859435495
Node 6714, 269.1473113003337
Node 6715, 269.6709400101152
Node 6716, 270.10741180690553
Node 6717, 270.1718447188718
Node 6718, 270.801434537563
Node 6719, 270.8465295717459
Node 6720, 271.29244021776265
Node 6721, 271.7071110283367
Node 6722, 271.77307474222437
Node 6723, 272.11901084497777
Node 6724, 272.4234120419569
Node 6725, 272.87242417671945
Node 6726, 273.1433460606535
Node 6727, 273.2872496845976
Node 6728, 273.32097870607345
Node 6729, 273.41677934001916
Node 6730, 273.4443124441927
Node 6731, 273.7588649076657
Node 6732, 273.86585273555664
Node 6733, 274.5656074951016
Node 6734, 274.57432947102706
Node 6735, 274.8790227389166
Node 6736, 274.9097463617536
Node 6737, 275.0162155043222
Node 6738, 275.04967846836655
Node 6739, 275.47065551951965
Node 6740, 275.76593402110456
Node 6741, 275.90036866791894
Node 6742, 276.195724118232
Node 6743, 276.6145067488213
Node 6744, 276.6285372019388
Node 6745, 276.64376540572385
Node 6746, 276.7390367749156
Node 6747, 277.786065005845
Node 6748, 278.1755781967593
Node 6749, 278.31384130362494
Node 6750, 278.3502058951014
Node 6751, 278.38818930053367
Node 6752, 278.6556767935616
Node 6753, 278.7532898612822
Node 6754, 279.0398325180125
Node 6755, 279.0534413301536
Node 6756, 279.15335462524996
Node 6757, 279.56291983181535
Node 6758, 279.57749243328215
Node 6759, 279.86715271159244
Node 6760, 279.88186393432903
Node 6761, 279.9087683836062
Node 6762, 280.15819038952674
Node 6763, 280.37437884787306
Node 6764, 280.7998250421986
Node 6765, 280.85635889873816
Node 6766, 280.9861047788662
Node 6767, 280.9874033179463
Node 6768, 281.2915781453283
Node 6769, 281.42261443856495
Node 6770, 281.6075225714196
Node 6771, 281.94529728159205
Node 6772, 282.4571995647225
Node 6773, 282.4701925427786
Node 6774, 282.47424197590686
Node 6775, 282.52303549771983
Node 6776, 282.653396987472
Node 6777, 282.7618892281523
Node 6778, 282.93485415444053
Node 6779, 283.0742918372484
Node 6780, 283.1060608445526
Node 6781, 283.1679112766435
Node 6782, 283.583312075365
Node 6783, 283.9207096444443
Node 6784, 284.03895739772224
Node 6785, 284.3454813697367
Node 6786, 284.43988945846564
Node 6787, 284.46735323632356
Node 6788, 284.6327206213012
Node 6789, 285.01153048074144
Node 6790, 285.02757775827985
Node 6791, 285.2008299993251
Node 6792, 285.6035225033698
Node 6793, 285.65771977086195
Node 6794, 285.8359052314466
Node 6795, 285.95871201055223
Node 6796, 286.05482315700124
Node 6797, 286.1482230452497
Node 6798, 286.1941474591583
Node 6799, 286.5942589289486
Node 6800, 286.7304284082119
Node 6801, 286.9000176541323
Node 6802, 287.0593869339616
Node 6803, 287.0767689043674
Node 6804, 287.09804543382114
Node 6805, 287.22510935244134
Node 6806, 287.2499838130099
Node 6807, 287.3221081562149
Node 6808, 287.4219150910899
Node 6809, 287.64453039449614
Node 6810, 287.8972693840771
Node 6811, 287.90595387527594
Node 6812, 289.17559516109895
Node 6813, 289.9659148020387
Node 6814, 290.1509822239379
Node 6815, 290.36758814918915
Node 6816, 290.53358381443434
Node 6817, 290.8157024333643
Node 6818, 290.9067342586151
Node 6819, 290.99012584975
Node 6820, 291.15891989392236
Node 6821, 291.5723853276732
Node 6822, 291.95317205353655
Node 6823, 291.99111782812133
Node 6824, 292.2772257413664
Node 6825, 292.42979892955447
Node 6826, 292.73470572683334
Node 6827, 292.779660595712
Node 6828, 292.8157265308084
Node 6829, 293.0529488749062
Node 6830, 293.0817903198512
Node 6831, 293.54831571485505
Node 6832, 294.32505143254036
Node 6833, 294.3837052412328
Node 6834, 294.6666046945051
Node 6835, 294.72575265815755
Node 6836, 295.11120629873955
Node 6837, 295.85252611120046
Node 6838, 295.8820637930943
Node 6839, 295.8976650735069
Node 6840, 296.3125908879593
Node 6841, 296.42918531602646
Node 6842, 296.52878374777026
Node 6843, 296.89914241813165
Node 6844, 297.0587937371027
Node 6845, 297.6917194331149
Node 6846, 297.846900270383
Node 6847, 298.16883676464846
Node 6848, 298.18101685692005
Node 6849, 298.24852849117053
Node 6850, 298.48003193892487
Node 6851, 298.698100922273
Node 6852, 298.839595683171
Node 6853, 299.1348373234379
Node 6854, 299.4145298223514
Node 6855, 299.7001547896667
Node 6856, 299.9953839200073
Node 6857, 300.1930723098257
Node 6858, 300.25615242715566
Node 6859, 300.55661235227717
Node 6860, 300.6256271774553
Node 6861, 300.7118549973936
Node 6862, 300.9717605870041
Node 6863, 301.63026366335606
Node 6864, 302.24167571903035
Node 6865, 302.61584352794716
Node 6866, 302.61921478913575
Node 6867, 302.6588320710427
Node 6868, 302.8725280457487
Node 6869, 303.013301114151
Node 6870, 303.09078196576354
Node 6871, 303.11918219932113
Node 6872, 304.0083737799567
Node 6873, 304.32219203321387
Node 6874, 304.79892641876904
Node 6875, 305.0288942538033
Node 6876, 305.0582694534922
Node 6877, 305.15421861774666
Node 6878, 305.19382919053345
Node 6879, 305.36925402173136
Node 6880, 305.76154381373897
Node 6881, 306.31824012207215
Node 6882, 307.52329672509796
Node 6883, 307.9834662810864
Node 6884, 308.2917421164819
Node 6885, 308.66220925332254
Node 6886, 308.86499916260294
Node 6887, 309.2348804472712
Node 6888, 309.3008839927459
Node 6889, 309.6917056492217
Node 6890, 310.0602611946688
Node 6891, 310.34736464574655
Node 6892, 310.412569962587
Node 6893, 311.0669495852602
Node 6894, 311.38372506268485
Node 6895, 311.4653619648479
Node 6896, 311.50444179612884
Node 6897, 311.5154727586527
Node 6898, 311.6162302323838
Node 6899, 311.7210553188425
Node 6900, 311.8167076243113
Node 6901, 311.84698485688426
Node 6902, 312.0217660398477
Node 6903, 312.0915487087656
Node 6904, 312.4981978869823
Node 6905, 312.79130243354376
Node 6906, 313.3383798419913
Node 6907, 313.55955273488627
Node 6908, 314.2667240012099
Node 6909, 314.8994439658192
Node 6910, 315.01479349531223
Node 6911, 315.08507762189686
Node 6912, 315.20027564886874
Node 6913, 315.3753271062558
Node 6914, 315.4661067337676
Node 6915, 315.4850255740641
Node 6916, 315.7778351575645
Node 6917, 316.3810306362758
Node 6918, 316.534935115157
Node 6919, 316.6103548052657
Node 6920, 316.7256101568639
Node 6921, 317.3047425383009
Node 6922, 317.3266165244874
Node 6923, 318.05219302284445
Node 6924, 318.9331266178902
Node 6925, 318.9904794755765
Node 6926, 319.2032575543061
Node 6927, 319.38484445214357
Node 6928, 319.6206563481144
Node 6929, 320.00247506075374
Node 6930, 320.0726870021538
Node 6931, 320.42729048797645
Node 6932, 320.60614491058146
Node 6933, 320.60963205414197
Node 6934, 320.61211378407484
Node 6935, 321.01109664505077
Node 6936, 321.01976562070314
Node 6937, 321.1333224753601
Node 6938, 321.2507083318765
Node 6939, 321.4556984054894
Node 6940, 322.04900722514026
Node 6941, 322.2884653379498
Node 6942, 322.77414670246264
Node 6943, 322.9187365814816
Node 6944, 323.46770586165366
Node 6945, 323.6111019865299
Node 6946, 324.00136358295856
Node 6947, 324.02720118283906
Node 6948, 324.6151413654799
Node 6949, 325.299907572526
Node 6950, 325.61685872969343
Node 6951, 326.1302971792686
Node 6952, 326.6313268057952
Node 6953, 327.18535548817675
Node 6954, 327.95832705149655
Node 6955, 328.11218039889945
Node 6956, 328.2198839667397
Node 6957, 328.71352645817234
Node 6958, 329.15061706282916
Node 6959, 330.201249360141
Node 6960, 330.22868706199966
Node 6961, 330.3457410015381
Node 6962, 330.4095379790483
Node 6963, 330.50474260409294
Node 6964, 330.5657024662629
Node 6965, 331.44667918217135
Node 6966, 331.5209369143322
Node 6967, 331.66098773012936
Node 6968, 331.73143546749895
Node 6969, 332.7700015982352
Node 6970, 332.8678815961924
Node 6971, 333.04945662019406
Node 6972, 333.41657847379173
Node 6973, 333.5593533294912
Node 6974, 334.0430020322785
Node 6975, 334.27447042243375
Node 6976, 334.896491543339
Node 6977, 335.93550763822714
Node 6978, 335.9600861131473
Node 6979, 336.33828712813624
Node 6980, 336.8704944041869
Node 6981, 337.28270433140796
Node 6982, 337.4879213579327
Node 6983, 337.7316912835869
Node 6984, 337.92213775569303
Node 6985, 338.02893048820545
Node 6986, 338.0301651135521
Node 6987, 338.0405151945233
Node 6988, 338.57865508166424
Node 6989, 338.57984874179976
Node 6990, 338.59209228043613
Node 6991, 338.84773040654426
Node 6992, 340.3919034547646
Node 6993, 340.4779257249457
Node 6994, 340.48292581892827
Node 6995, 340.72434946076476
Node 6996, 340.89790086369123
Node 6997, 341.34051235402006
Node 6998, 342.6510735250903
Node 6999, 342.80066330044417
Node 7000, 342.9554640121815
Node 7001, 343.49658859882936
Node 7002, 343.8031515095494
Node 7003, 343.81203956371075
Node 7004, 344.3882446616113
Node 7005, 344.42449458375154
Node 7006, 344.65500608594834
Node 7007, 344.9628605628903
Node 7008, 345.56783468879246
Node 7009, 345.8610021526477
Node 7010, 346.4915658583739
Node 7011, 347.09344066766744
Node 7012, 347.89082463092666
Node 7013, 348.25901013707636
Node 7014, 349.432176351747
Node 7015, 350.28908615934205
Node 7016, 350.71509425205585
Node 7017, 350.9225922930693
Node 7018, 350.956851767349
Node 7019, 351.3137427050825
Node 7020, 352.781900798897
Node 7021, 352.8396745132723
Node 7022, 353.40878362950184
Node 7023, 353.69503474705056
Node 7024, 353.9692668530548
Node 7025, 354.98212574714984
Node 7026, 355.10556814174964
Node 7027, 355.9873293216146
Node 7028, 356.1758560163306
Node 7029, 356.4906748719162
Node 7030, 356.565591388944
Node 7031, 356.6623638297378
Node 7032, 356.76926376266624
Node 7033, 357.6051390174036
Node 7034, 357.7859223434669
Node 7035, 358.3498094251773
Node 7036, 358.62277649210296
Node 7037, 358.67865249585327
Node 7038, 358.78814712590975
Node 7039, 358.80632974863215
Node 7040, 359.09240976874685
Node 7041, 359.497940713661
Node 7042, 359.5612397373748
Node 7043, 360.30664137625416
Node 7044, 360.4023514893546
Node 7045, 360.4106756441394
Node 7046, 362.02295358617204
Node 7047, 362.1794348541495
Node 7048, 362.30065900079916
Node 7049, 362.4559973971871
Node 7050, 362.91321524500313
Node 7051, 362.97690734926493
Node 7052, 364.00762338446845
Node 7053, 364.0878537805544
Node 7054, 364.2319738908408
Node 7055, 364.2720544255797
Node 7056, 364.49149817625386
Node 7057, 364.8060649032774
Node 7058, 365.40351335873993
Node 7059, 365.88167347738033
Node 7060, 366.2293118348315
Node 7061, 366.80145466195506
Node 7062, 367.6818600477353
Node 7063, 367.96219372531317
Node 7064, 368.2034724698797
Node 7065, 368.8388076898513
Node 7066, 369.843999891894
Node 7067, 370.3150628698261
Node 7068, 370.3714837370085
Node 7069, 370.7945963563581
Node 7070, 371.2976477581511
Node 7071, 371.5334826774838
Node 7072, 371.8899084144277
Node 7073, 372.3520506987122
Node 7074, 372.613920070475
Node 7075, 373.27697767486745
Node 7076, 373.634262647466
Node 7077, 374.4071681653377
Node 7078, 374.73854009997086
Node 7079, 374.7660073345333
Node 7080, 375.22771637420163
Node 7081, 375.63125849293743
Node 7082, 375.67232972514586
Node 7083, 376.321663508026
Node 7084, 376.3233918544507
Node 7085, 376.6604994661135
Node 7086, 376.8140581402463
Node 7087, 377.230366068913
Node 7088, 378.46250309491023
Node 7089, 378.9682736246519
Node 7090, 379.0238689444657
Node 7091, 381.04761825784726
Node 7092, 383.0652688217337
Node 7093, 383.2600257526119
Node 7094, 383.2990079596569
Node 7095, 384.90266528018145
Node 7096, 385.13418496492204
Node 7097, 385.3082909227149
Node 7098, 385.8641721265631
Node 7099, 386.40314028411564
Node 7100, 386.7116453269255
Node 7101, 386.7821091597269
Node 7102, 387.1537111599776
Node 7103, 387.40564087984717
Node 7104, 387.9033289331998
Node 7105, 387.9139147805823
Node 7106, 388.0053369840958
Node 7107, 388.65326606708595
Node 7108, 389.6734517678068
Node 7109, 391.7021799773848
Node 7110, 391.76174536367193
Node 7111, 392.242529530143
Node 7112, 392.7836974163282
Node 7113, 393.5604315919003
Node 7114, 393.95049499803616
Node 7115, 394.2841568312968
Node 7116, 395.0319359015617
Node 7117, 396.4246670355507
Node 7118, 397.9098944643641
Node 7119, 398.23780024766506
Node 7120, 398.3205757769019
Node 7121, 398.7801170097097
Node 7122, 399.8428954367974
Node 7123, 401.2801821377808
Node 7124, 401.4255302276988
Node 7125, 401.4534651707602
Node 7126, 402.6428938711786
Node 7127, 403.30593828096215
Node 7128, 403.39607921121154
Node 7129, 404.1992016311242
Node 7130, 404.372293473199
Node 7131, 404.5544380903593
Node 7132, 404.64543893483847
Node 7133, 404.77814211438533
Node 7134, 405.044271560487
Node 7135, 405.15450703210564
Node 7136, 406.1309623943487
Node 7137, 406.1673530719289
Node 7138, 406.2882692208126
Node 7139, 406.54241254147547
Node 7140, 406.8137063577784
Node 7141, 406.8626233673125
Node 7142, 406.94623261902717
Node 7143, 407.1279581536989
Node 7144, 407.8989968849196
Node 7145, 408.22024508645086
Node 7146, 408.22282221811463
Node 7147, 408.2284389988982
Node 7148, 409.1385252688182
Node 7149, 409.3036280005649
Node 7150, 410.87116440794455
Node 7151, 412.08754843571353
Node 7152, 412.29654449350716
Node 7153, 412.4156848435651
Node 7154, 413.3397842708963
Node 7155, 413.6287214122531
Node 7156, 413.87681980758236
Node 7157, 414.2125055763275
Node 7158, 415.97613020216585
Node 7159, 416.1710891605318
Node 7160, 416.42613996755193
Node 7161, 416.61871889833935
Node 7162, 416.6477177995147
Node 7163, 416.9988084495075
Node 7164, 417.5053708798275
Node 7165, 417.73810619969345
Node 7166, 418.83620920618733
Node 7167, 418.94821930890066
Node 7168, 419.8322260837258
Node 7169, 420.62661090104865
Node 7170, 420.76160456526395
Node 7171, 421.01432958350426
Node 7172, 421.3532225310591
Node 7173, 421.45777725024345
Node 7174, 422.43629892222737
Node 7175, 424.9982383254773
Node 7176, 425.95724288930364
Node 7177, 426.7687277325615
Node 7178, 427.368268519192
Node 7179, 427.55882091819194
Node 7180, 428.161177033394
Node 7181, 428.9599086083
Node 7182, 429.1975727600684
Node 7183, 430.041820730127
Node 7184, 430.22200433796087
Node 7185, 430.930304876297
Node 7186, 431.44349398385157
Node 7187, 432.61338348381577
Node 7188, 432.725380421137
Node 7189, 433.34931050922614
Node 7190, 433.3552403036451
Node 7191, 434.0828167712382
Node 7192, 434.16071750299574
Node 7193, 434.628486083036
Node 7194, 437.69681062436274
Node 7195, 438.9641317979926
Node 7196, 440.0980136711112
Node 7197, 440.3761906487914
Node 7198, 442.2274031975011
Node 7199, 444.26422301683436
Node 7200, 444.39667938572296
Node 7201, 445.0460964663938
Node 7202, 446.0477968476234
Node 7203, 446.7797610896527
Node 7204, 446.91164736932467
Node 7205, 447.0640781703504
Node 7206, 447.1174463283989
Node 7207, 447.75243503905307
Node 7208, 448.19859304766317
Node 7209, 449.05365391787814
Node 7210, 449.3370850416034
Node 7211, 449.4591944878502
Node 7212, 450.0687939998932
Node 7213, 450.4663453113547
Node 7214, 450.5781309066191
Node 7215, 451.1698778036853
Node 7216, 451.41993711281594
Node 7217, 451.75658069338533
Node 7218, 452.03608713913985
Node 7219, 453.0041251906704
Node 7220, 453.0885782569163
Node 7221, 453.93901281422916
Node 7222, 454.0809309658716
Node 7223, 456.47735959568
Node 7224, 458.0437174600358
Node 7225, 458.8688201975743
Node 7226, 458.9378305904443
Node 7227, 460.92340835851695
Node 7228, 461.9909989903503
Node 7229, 462.193980974024
Node 7230, 463.74522134924416
Node 7231, 465.3874554204986
Node 7232, 465.82852564590297
Node 7233, 465.89626293174274
Node 7234, 467.23917232409707
Node 7235, 469.2626978852582
Node 7236, 469.7456017948353
Node 7237, 470.0432563779267
Node 7238, 470.31560120946483
Node 7239, 471.47204062545313
Node 7240, 471.74037782575795
Node 7241, 472.4970561454648
Node 7242, 473.43218077130433
Node 7243, 477.5712610844704
Node 7244, 478.424160869137
Node 7245, 478.80296553119825
Node 7246, 479.40672212685035
Node 7247, 479.7547568298376
Node 7248, 480.9801598625891
Node 7249, 481.54021534290524
Node 7250, 481.89006524064257
Node 7251, 481.98064284846527
Node 7252, 483.04163573122423
Node 7253, 483.12142354578367
Node 7254, 483.55336045074387
Node 7255, 483.9506078379712
Node 7256, 484.1371494921306
Node 7257, 484.1430209626217
Node 7258, 484.5409181921489
Node 7259, 484.75790415546186
Node 7260, 487.3982525418218
Node 7261, 488.29988503102294
Node 7262, 488.86974555122066
Node 7263, 489.18057789615585
Node 7264, 489.54771042005154
Node 7265, 491.92768155784574
Node 7266, 493.82717959974804
Node 7267, 494.1534875952774
Node 7268, 494.3524303793657
Node 7269, 497.5776717759821
Node 7270, 497.7719649688862
Node 7271, 498.289910831196
Node 7272, 498.6375183413591
Node 7273, 498.9583945335013
Node 7274, 499.0244177164502
Node 7275, 499.82198629382
Node 7276, 501.41953508565257
Node 7277, 501.92345330272764
Node 7278, 502.02399254997107
Node 7279, 504.27359963280026
Node 7280, 504.56698730748656
Node 7281, 504.79958796636095
Node 7282, 505.5301870592838
Node 7283, 506.17805226907586
Node 7284, 508.2052061708197
Node 7285, 509.7091278439762
Node 7286, 509.7806840324787
Node 7287, 511.312271377748
Node 7288, 511.4515249256025
Node 7289, 511.5937065700779
Node 7290, 512.8127578747539
Node 7291, 514.472406301035
Node 7292, 514.9468407688958
Node 7293, 515.1100610623334
Node 7294, 517.0583087429419
Node 7295, 519.1767775036631
Node 7296, 521.2949103437945
Node 7297, 523.9618414170513
Node 7298, 524.3591332483318
Node 7299, 524.7943734227184
Node 7300, 528.1637845330098
Node 7301, 531.1470945660656
Node 7302, 532.0251046367099
Node 7303, 532.5658199908513
Node 7304, 532.7024021198021
Node 7305, 533.6591459461605
Node 7306, 534.6645417183834
Node 7307, 534.7517203534405
Node 7308, 538.3297819757377
Node 7309, 540.1317787283677
Node 7310, 540.7770239921376
Node 7311, 540.8462511389102
Node 7312, 541.6265625495697
Node 7313, 542.2150581553625
Node 7314, 543.5049977872957
Node 7315, 543.7605982280215
Node 7316, 547.3367786721242
Node 7317, 547.4048744140214
Node 7318, 548.7405014194724
Node 7319, 549.0339774210289
Node 7320, 549.9046354627623
Node 7321, 551.367599812018
Node 7322, 551.3712326226092
Node 7323, 551.3965585603175
Node 7324, 552.496400495412
Node 7325, 553.7640608680273
Node 7326, 557.924779295452
Node 7327, 560.5502115005987
Node 7328, 560.6700246924003
Node 7329, 562.8690377923857
Node 7330, 564.6073001729983
Node 7331, 567.3672970538247
Node 7332, 568.4393596808934
Node 7333, 569.9952665436343
Node 7334, 570.5234133074904
Node 7335, 570.6599346160731
Node 7336, 572.976573053789
Node 7337, 573.5604381418528
Node 7338, 574.2663065883935
Node 7339, 574.6946216768724
Node 7340, 574.7316704843931
Node 7341, 574.8842308123129
Node 7342, 578.4876290798159
Node 7343, 579.9343764821697
Node 7344, 580.2797099725665
Node 7345, 580.4706507370963
Node 7346, 585.1857966427265
Node 7347, 586.1169735077314
Node 7348, 587.8588074970564
Node 7349, 589.4393390133131
Node 7350, 589.9950418684718
Node 7351, 591.8232562485994
Node 7352, 592.3488837757482
Node 7353, 592.8532953598584
Node 7354, 593.1451803210465
Node 7355, 593.3720128744766
Node 7356, 593.636683992427
Node 7357, 594.2292350477419
Node 7358, 595.3899145343509
Node 7359, 595.5713258651735
Node 7360, 595.9155263415952
Node 7361, 600.5045210113268
Node 7362, 601.660389611826
Node 7363, 608.3152164849812
Node 7364, 610.8457534586832
Node 7365, 619.3219929977433
Node 7366, 621.1752289059245
Node 7367, 626.8749885533289
Node 7368, 627.864770114621
Node 7369, 627.9333182463822
Node 7370, 632.041015492859
Node 7371, 633.8361355610955
Node 7372, 635.1882752884669
Node 7373, 635.3958741179373
Node 7374, 637.559024887479
Node 7375, 637.5622330141321
Node 7376, 637.7187332379153
Node 7377, 639.6483440720831
Node 7378, 641.3795095252053
Node 7379, 641.925776366646
Node 7380, 643.1611009632333
Node 7381, 647.0911907814534
Node 7382, 647.2598584261151
Node 7383, 647.8667744419
Node 7384, 651.1143214122941
Node 7385, 653.4410967806664
Node 7386, 654.4013735208257
Node 7387, 657.2740711122846
Node 7388, 658.2448660267739
Node 7389, 661.9629069376751
Node 7390, 662.6179069894555
Node 7391, 667.5449234431261
Node 7392, 669.0897500208388
Node 7393, 669.2926809459757
Node 7394, 670.9583645957438
Node 7395, 672.3092303466337
Node 7396, 672.3761530134834
Node 7397, 672.567984686543
Node 7398, 674.536425965212
Node 7399, 675.5896701163231
Node 7400, 675.6665342410971
Node 7401, 676.0772684309862
Node 7402, 676.7626363150987
Node 7403, 678.4031976605903
Node 7404, 679.1139773133228
Node 7405, 680.9505539157014
Node 7406, 681.4408381042681
Node 7407, 681.8641606604733
Node 7408, 682.6225901766111
Node 7409, 691.8492819106159
Node 7410, 696.0617120577074
Node 7411, 698.0984100516531
Node 7412, 698.5627032268952
Node 7413, 703.158113519221
Node 7414, 706.657981297417
Node 7415, 707.2555304015309
Node 7416, 708.9688338196776
Node 7417, 712.0164050201511
Node 7418, 712.6760181852155
Node 7419, 712.8050953614363
Node 7420, 714.6482050531757
Node 7421, 716.0819952095599
Node 7422, 719.1788444856463
Node 7423, 720.517917109417
Node 7424, 724.2356947208168
Node 7425, 724.5463969256651
Node 7426, 725.2118385018847
Node 7427, 733.4588681305127
Node 7428, 734.6979014129597
Node 7429, 739.9004510285799
Node 7430, 742.2502833067346
Node 7431, 742.5682368434722
Node 7432, 743.4619923854218
Node 7433, 748.1402035145709
Node 7434, 751.3960299306052
Node 7435, 754.0379723264148
Node 7436, 756.1827330064872
Node 7437, 757.6921239627356
Node 7438, 759.1940618903774
Node 7439, 760.9682013520616
Node 7440, 773.6697407878333
Node 7441, 774.7224547783766
Node 7442, 774.8881819909777
Node 7443, 777.678015711053
Node 7444, 778.4547760307748
Node 7445, 778.8195122045744
Node 7446, 779.7386042695802
Node 7447, 786.2012468029195
Node 7448, 787.4336086833899
Node 7449, 789.5491822864419
Node 7450, 789.7179584760088
Node 7451, 789.8415792951523
Node 7452, 792.1338223889778
Node 7453, 794.7908036461138
Node 7454, 797.8372542305003
Node 7455, 800.385530431002
Node 7456, 803.1634602868202
Node 7457, 808.3283329223937
Node 7458, 809.3071429274033
Node 7459, 819.0159884371146
Node 7460, 821.5872820642664
Node 7461, 825.976199592559
Node 7462, 831.0722695657473
Node 7463, 832.4286003615828
Node 7464, 834.5364991477314
Node 7465, 836.2242611151455
Node 7466, 838.7592786569253
Node 7467, 840.1103279997164
Node 7468, 840.2864932208677
Node 7469, 840.4135755668068
Node 7470, 840.5713695027301
Node 7471, 848.6842284158595
Node 7472, 850.2617870592893
Node 7473, 850.2743028495145
Node 7474, 852.3631512962573
Node 7475, 852.5521516957759
Node 7476, 859.6724577557127
Node 7477, 864.0523965706634
Node 7478, 868.2532103824979
Node 7479, 875.9875649845212
Node 7480, 876.9121629983142
Node 7481, 880.3820808877206
Node 7482, 881.2360324345539
Node 7483, 882.5474089811975
Node 7484, 882.5796585694254
Node 7485, 888.9159072628162
Node 7486, 895.0146096354748
Node 7487, 899.6006385680084
Node 7488, 901.90979280947
Node 7489, 905.4391752444674
Node 7490, 907.0176245295506
Node 7491, 909.0502435878823
Node 7492, 909.671390133943
Node 7493, 921.9151808993787
Node 7494, 923.3402769079436
Node 7495, 927.5081125869314
Node 7496, 934.9800067909418
Node 7497, 935.8946752021725
Node 7498, 940.1544422615517
Node 7499, 951.479369601884
Node 7500, 961.0463642024235
Node 7501, 963.7734175434355
Node 7502, 965.9059520122635
Node 7503, 972.1474581793942
Node 7504, 1008.5410168102599
Node 7505, 1010.9998509461008
Node 7506, 1016.4186707624979
Node 7507, 1022.1385875402026
Node 7508, 1035.0252613108642
Node 7509, 1090.6577304863151
Node 7510, 1091.2447807205642
Node 7511, 1126.1706708588015
Node 7512, 1126.5502854546062
Node 7513, 1138.4570611096162
Node 7514, 1140.6101839204669
Node 7515, 1146.7451635134316
Node 7516, 1156.4413349943827
Node 7517, 1158.4248960034608
Node 7518, 1160.5760619362068
Node 7519, 1180.624602780714
Node 7520, 1190.9123464971306
Node 7521, 1192.2051380569144
Node 7522, 1197.7910039794672
Node 7523, 1198.4270345146501
Node 7524, 1199.1005544178772
Node 7525, 1205.9921323185456
Node 7526, 1208.2484108190752
Node 7527, 1242.30131731001
Node 7528, 1247.2195482883244
Node 7529, 1270.9986843706515
Node 7530, 1278.6688695991834
Node 7531, 1284.5959335970604
Node 7532, 1292.0103020045678
Node 7533, 1301.2464277056129
Node 7534, 1328.4091210955316
Node 7535, 1354.6041574673002
Node 7536, 1367.4454801279107
Node 7537, 1373.6382293125012
Node 7538, 1387.5000453276364
Node 7539, 1405.8059952985936
Node 7540, 1413.3206088701177
Node 7541, 1415.9790430304006
Node 7542, 1416.5009368406768
Node 7543, 1464.0576267495799
Node 7544, 1480.410355154879
Node 7545, 1480.8583016637697
Node 7546, 1488.7757776105282
Node 7547, 1495.0735231313818
Node 7548, 1505.4875191810681
Node 7549, 1556.9039656293394
Node 7550, 1564.2271965383738
Node 7551, 1583.2495451460647
Node 7552, 1691.514914359221
Node 7553, 1711.6887614431264
Node 7554, 1713.5705665243556
Node 7555, 1714.0320340253913
Node 7556, 1716.0015162702134
Node 7557, 1734.1663860633414
Node 7558, 1745.747596117505
Node 7559, 1754.9495202426212
Node 7560, 1768.5123242473835
Node 7561, 1811.3601938271067
Node 7562, 1829.1711589131678
Node 7563, 1880.7686994032313
Node 7564, 1910.9851712327636
Node 7565, 1919.2366032627915
Node 7566, 1938.6026354795654
Node 7567, 1950.9368372634399
Node 7568, 1993.0314867453217
Node 7569, 1994.4316041528195
Node 7570, 2027.2026434051804
Node 7571, 2032.5025271135253
Node 7572, 2135.779818385943
Node 7573, 2171.753337132983
Node 7574, 2192.0347130608366
Node 7575, 2199.798350117464
Node 7576, 2288.5282738305973
Node 7577, 2372.887637722373
Node 7578, 2411.467111071857
Node 7579, 2429.039973895629
Node 7580, 2472.843929154413
Node 7581, 2538.4133641492813
Node 7582, 2543.4111026404426
Node 7583, 2577.673087818746
Node 7584, 2608.2192053926187
Node 7585, 2633.9802726723
Node 7586, 2691.9190204188017
Node 7587, 2707.496205965046
Node 7588, 2718.551807166813
Node 7589, 2731.9490698095424
Node 7590, 2760.1284933957613
Node 7591, 2774.5160792712654
Node 7592, 2795.583696969564
Node 7593, 2936.8139370989475
Node 7594, 3026.5261065088916
Node 7595, 3123.094156449901
Node 7596, 3152.486465254159
Node 7597, 3186.5400477129765
Node 7598, 3215.510625498315
Node 7599, 3273.2366285131307
Node 7600, 3319.76320845429
Node 7601, 3338.8684002687005
Node 7602, 3409.8708822556646
Node 7603, 3449.5531743029555
Node 7604, 3483.7394028130616
Node 7605, 3509.734948981295
Node 7606, 3519.0402284806737
Node 7607, 3543.2517391642045
Node 7608, 3573.5933024282913
Node 7609, 3601.943042157291
Node 7610, 3613.058834702355
Node 7611, 3712.1691456599747
Node 7612, 3808.6408573485323
Node 7613, 3923.708896733836
Node 7614, 3944.103771599248
Node 7615, 3954.358597361985
Node 7616, 3960.9524048127455
Node 7617, 3973.4523795480895
Node 7618, 4006.6314057004242
Node 7619, 4007.913706223554
Node 7620, 4040.0500084819982
Node 7621, 4043.993984169845
Node 7622, 4063.073628131934
Node 7623, 4098.404398642323
Node 7624, 4122.201800826202
Node 7625, 4135.059225167667
Node 7626, 4161.418338234187
Node 7627, 4162.498765435312
Node 7628, 4195.573309497841
Node 7629, 4357.083989366716
Node 7630, 4409.090852069263
Node 7631, 4430.009577597714
Node 7632, 4434.582621906849
Node 7633, 4496.989710643965
Node 7634, 4547.4346966492785
Node 7635, 4549.489605619799
Node 7636, 4565.568553052454
Node 7637, 4572.016492675175
Node 7638, 4591.543959582815
Node 7639, 4646.673377704623
Node 7640, 4686.357914850127
Node 7641, 4707.207581398134
Node 7642, 4725.60255556656
Node 7643, 4758.263926405415
Node 7644, 4767.779655135122
Node 7645, 4791.388561204469
Node 7646, 4819.002129436069
Node 7647, 4843.946842032455
Node 7648, 4855.871599741512
Node 7649, 4891.688939616143
Node 7650, 4904.321062369676
Node 7651, 4910.353648810509
Node 7652, 4942.0106391680765
Node 7653, 4970.332185829763
Node 7654, 5042.157603087919
Node 7655, 5060.178038984923
Node 7656, 5116.670509916968
Node 7657, 5137.207543161874
Node 7658, 5189.352322611748
Node 7659, 5236.772133224734
Node 7660, 5240.4048238837295
Node 7661, 5260.9562277357645
Node 7662, 5289.049023343851
Node 7663, 5304.7101086896555
Node 7664, 5396.334796093796
Node 7665, 5414.396624512493
Node 7666, 5534.420180988934
Node 7667, 5549.924888489359
Node 7668, 5601.121537735061
Node 7669, 5646.537176657925
Node 7670, 5689.856751297875
Node 7671, 5779.322446955183
Node 7672, 5803.350381225927
Node 7673, 5837.557290364192
Node 7674, 5964.143553188562
Node 7675, 6006.235444671584
Node 7676, 6022.183953370356
Node 7677, 6028.111780102059
Node 7678, 6036.797425822555
Node 7679, 6049.139640383835
Node 7680, 6072.488394175832
Node 7681, 6085.190481714554
Node 7682, 6112.419996712113
Node 7683, 6182.902709579161
Node 7684, 6198.389256732111
Node 7685, 6229.748059072416
Node 7686, 6234.905124957866
Node 7687, 6285.1112943746075
Node 7688, 6327.768339079921
Node 7689, 6358.496983079959
Node 7690, 6360.491070108806
Node 7691, 6422.095722227521
Node 7692, 6429.954412733266
Node 7693, 6484.669119964598
Node 7694, 6491.302843723916
Node 7695, 6627.300255447602
Node 7696, 6659.363208578679
Node 7697, 6664.764135771356
Node 7698, 6675.040611825435
Node 7699, 6705.3237854956105
Node 7700, 6716.382468113753
Node 7701, 6759.737432993302
Node 7702, 6784.025796654473
Node 7703, 6784.7785772585285
Node 7704, 6819.359828430524
Node 7705, 6846.586306756094
Node 7706, 6859.9151138893885
Node 7707, 6866.234484458749
Node 7708, 6887.3387396345115
Node 7709, 6898.240029050173
Node 7710, 6901.210303581923
Node 7711, 6906.823191022783
Node 7712, 6929.62340119674
Node 7713, 7012.817948633076
Node 7714, 7045.119341270559
Node 7715, 7047.017508593937
Node 7716, 7064.7254564754285
Node 7717, 7065.602058890201
Node 7718, 7077.374079005169
Node 7719, 7082.392538505721
Node 7720, 7124.924610102143
Node 7721, 7125.962461343644
Node 7722, 7150.780073384584
Node 7723, 7157.985798638842
Node 7724, 7266.894243664755
Node 7725, 7267.662216784631
Node 7726, 7276.907934618664
Node 7727, 7280.653900305479
Node 7728, 7283.023516465101
Node 7729, 7374.160086442387
Node 7730, 7389.264457034905
Node 7731, 7389.584407880441
Node 7732, 7433.460181936662
Node 7733, 7439.950114887705
Node 7734, 7533.561654442339
Node 7735, 7557.52109477473
Node 7736, 7579.089416029731
Node 7737, 7634.897280128824
Node 7738, 7660.396478776336
Node 7739, 7676.348788908562
Node 7740, 7701.020946711933
Node 7741, 7754.1622136701335
Node 7742, 7771.18850003028
Node 7743, 7774.582785229512
Node 7744, 7801.751243840426
Node 7745, 7836.3876442332285
Node 7746, 7853.269075188299
Node 7747, 7873.459177401509
Node 7748, 7896.189552701349
Node 7749, 7910.662593497126
Node 7750, 7975.94262595123
Node 7751, 7977.013284454734
Node 7752, 8001.7873116341625
Node 7753, 8022.966965915626
Node 7754, 8148.792246827487
Node 7755, 8261.5842346404
Node 7756, 8285.785273918129
Node 7757, 8288.175945345365
Node 7758, 8310.601852504597
Node 7759, 8324.370975183858
Node 7760, 8341.659322054642
Node 7761, 8406.207824068339
Node 7762, 8409.648097798194
Node 7763, 8528.444876515545
Node 7764, 8536.10443391429
Node 7765, 8540.091111747597
Node 7766, 8559.265367129345
Node 7767, 8570.041870066101
Node 7768, 8645.857461240541
Node 7769, 8669.964219855308
Node 7770, 8731.699056227191
Node 7771, 8743.739629298758
Node 7772, 8774.2333944941
Node 7773, 8857.555763242544
Node 7774, 8884.008858790588
Node 7775, 8984.679105622476
Node 7776, 9099.71805378167
Node 7777, 9109.737717422422
Node 7778, 9193.684834273316
Node 7779, 9248.17229128617
Node 7780, 9280.156409202646
Node 7781, 9298.181158846632
Node 7782, 9345.881821905123
Node 7783, 9354.798179166966
Node 7784, 9409.467728682339
Node 7785, 9451.890298202985
Node 7786, 9475.66685431004
Node 7787, 9611.694977165353
Node 7788, 9678.369776621023
Node 7789, 9821.051934509855
Node 7790, 9861.327747015523
Node 7791, 9937.38465622151
Node 7792, 9949.608789622107
Node 7793, 9974.222730429543
Node 7794, 10039.652415151188
Node 7795, 10080.498260965582
Node 7796, 10094.396221527413
Node 7797, 10095.65159806489
Node 7798, 10096.145069054319
Node 7799, 10206.468009633933
Node 7800, 10220.455661907881
Node 7801, 10294.762047481738
Node 7802, 10325.353176000184
Node 7803, 10399.146581202962
Node 7804, 10439.363542992116
Node 7805, 10518.700037108449
Node 7806, 10603.083533792977
Node 7807, 10616.343007885005
Node 7808, 10687.330171362897
Node 7809, 10742.157553750187
Node 7810, 10795.014839060384
Node 7811, 10865.725090578218
Node 7812, 10871.525536266368
Node 7813, 10874.097963176524
Node 7814, 10952.894015283386
Node 7815, 10990.177701148463
Node 7816, 11046.33470363815
Node 7817, 11062.555428180825
Node 7818, 11062.644453964456
Node 7819, 11107.580680440416
Node 7820, 11140.184363069986
Node 7821, 11252.2617938177
Node 7822, 11286.91602054871
Node 7823, 11304.168228365308
Node 7824, 11410.187718085024
Node 7825, 11476.954917282648
Node 7826, 11480.636265437046
Node 7827, 11539.588448653394
Node 7828, 11553.193476667304
Node 7829, 11576.510570845507
Node 7830, 11702.389553353194
Node 7831, 11704.715413072849
Node 7832, 11748.579094421086
Node 7833, 11759.09945750027
Node 7834, 11873.207369183367
Node 7835, 11911.411172139216
Node 7836, 11912.974238296563
Node 7837, 11963.309653153663
Node 7838, 12059.63461528101
Node 7839, 12073.223694333175
Node 7840, 12075.077778441884
Node 7841, 12146.666424888988
Node 7842, 12198.717457467652
Node 7843, 12200.316480341471
Node 7844, 12255.573676367574
Node 7845, 12275.808517756885
Node 7846, 12282.398543811814
Node 7847, 12323.598247783777
Node 7848, 12425.69929799908
Node 7849, 12509.438647659663
Node 7850, 12546.747628469217
Node 7851, 12648.97788483502
Node 7852, 12651.79958928809
Node 7853, 12718.729534353115
Node 7854, 12884.262106377506
Node 7855, 12889.402109721905
Node 7856, 12908.784574686475
Node 7857, 12932.817561174621
Node 7858, 12953.166534019503
Node 7859, 13094.263272814484
Node 7860, 13187.31901119994
Node 7861, 13188.407077307811
Node 7862, 13386.471141642563
Node 7863, 13394.334540469337
Node 7864, 13561.87965510849
Node 7865, 13630.581879385305
Node 7866, 13762.953639013585
Node 7867, 13781.327750971404
Node 7868, 13918.143703807016
Node 7869, 13929.414780692083
Node 7870, 14099.847281112883
Node 7871, 14205.477447038918
Node 7872, 14208.897969360318
Node 7873, 14222.118064060141
Node 7874, 14583.182371220017
Node 7875, 14645.112384255093
Node 7876, 14666.637400582013
Node 7877, 14726.113165430137
Node 7878, 14734.304570715574
Node 7879, 14880.456019330275
Node 7880, 14910.305363139109
Node 7881, 14967.394256417088
Node 7882, 15057.702976610259
Node 7883, 15087.284847390392
Node 7884, 15186.365832048543
Node 7885, 15241.281150160197
Node 7886, 15298.088164224193
Node 7887, 15359.888904981402
Node 7888, 15473.832993847458
Node 7889, 15514.821579791951
Node 7890, 15806.36313720227
Node 7891, 15918.949889827487
Node 7892, 16064.51843581137
Node 7893, 16134.088507473176
Node 7894, 16197.288579162127
Node 7895, 16197.406099891885
Node 7896, 16197.82370825928
Node 7897, 16346.036575530132
Node 7898, 16424.10007466731
Node 7899, 16463.423480302285
Node 7900, 16601.018981673536
Node 7901, 16659.335077792144
Node 7902, 16694.582341821155
Node 7903, 16721.300385657214
Node 7904, 16776.824204098542
Node 7905, 16858.4118588647
Node 7906, 16945.31028122159
Node 7907, 17001.375464041295
Node 7908, 17005.98254878899
Node 7909, 17090.248793095885
Node 7910, 17176.2537831045
Node 7911, 17181.094222092495
Node 7912, 17221.94728566181
Node 7913, 17552.338626963992
Node 7914, 17583.220048331572
Node 7915, 17681.8092490621
Node 7916, 17689.454660067848
Node 7917, 17837.732431920947
Node 7918, 18081.420566209777
Node 7919, 18154.44151796106
Node 7920, 18186.69182094192
Node 7921, 18196.321452934902
Node 7922, 18372.260643311656
Node 7923, 18474.264900314047
Node 7924, 18523.22373171566
Node 7925, 18581.767123084912
Node 7926, 18850.97130446635
Node 7927, 18899.871194246403
Node 7928, 19039.04834024524
Node 7929, 19062.299279283456
Node 7930, 19280.577255403925
Node 7931, 19286.087477124736
Node 7932, 19290.31097811585
Node 7933, 19465.305245665495
Node 7934, 19615.053416704046
Node 7935, 19643.728176719917
Node 7936, 19726.518634304764
Node 7937, 19828.160073883544
Node 7938, 19906.25994529318
Node 7939, 19931.51333082686
Node 7940, 19940.2185936127
Node 7941, 20108.011286786503
Node 7942, 20137.683608919273
Node 7943, 20260.152351502176
Node 7944, 20424.521810333594
Node 7945, 20455.487159646804
Node 7946, 20599.04430480157
Node 7947, 20617.86831246736
Node 7948, 20648.344621057415
Node 7949, 20862.04883033981
Node 7950, 20952.541577372143
Node 7951, 20995.868142461735
Node 7952, 21227.288627282705
Node 7953, 21258.004273802544
Node 7954, 21502.9409488982
Node 7955, 21778.597080526004
Node 7956, 21920.62503943732
Node 7957, 22196.755467034836
Node 7958, 22239.2475223975
Node 7959, 22390.20924525891
Node 7960, 22515.686053461053
Node 7961, 22685.941676922026
Node 7962, 22754.551327114033
Node 7963, 22887.72445962871
Node 7964, 22895.309834490195
Node 7965, 22938.622103859037
Node 7966, 22954.71624871545
Node 7967, 23179.914128903372
Node 7968, 23194.155258084425
Node 7969, 23283.111605057802
Node 7970, 23376.79602784892
Node 7971, 23388.8704059984
Node 7972, 23448.98579059146
Node 7973, 23687.030091974495
Node 7974, 23785.679555041774
Node 7975, 23841.545668751754
Node 7976, 23864.099757476804
Node 7977, 24340.270856840445
Node 7978, 24601.116108380997
Node 7979, 24714.228451190294
Node 7980, 24907.82679800703
Node 7981, 25500.77757504968
Node 7982, 25785.199397607943
Node 7983, 25836.849823234556
Node 7984, 25924.351598957015
Node 7985, 25932.137445870423
Node 7986, 25991.337790753285
Node 7987, 26127.602576490503
Node 7988, 26188.80269815942
Node 7989, 26194.73947150337
Node 7990, 26539.03204340996
Node 7991, 26635.14384329452
Node 7992, 26680.07103766046
Node 7993, 26785.944948204175
Node 7994, 26852.301457958456
Node 7995, 26879.397142406033
Node 7996, 26914.89593176203
Node 7997, 26988.22706312052
Node 7998, 27342.55606356128
Node 7999, 27421.63270290105
Node 8000, 27423.03750231671
Node 8001, 27593.192403671423
Node 8002, 27758.053197731693
Node 8003, 27895.736101310496
Node 8004, 28187.866396060934
Node 8005, 28227.729490200967
Node 8006, 28621.950127173786
Node 8007, 28755.523020092685
Node 8008, 28801.21222038427
Node 8009, 28900.633516597314
Node 8010, 29114.504273768456
Node 8011, 29196.46695277946
Node 8012, 29221.03511817415
Node 8013, 29549.04599127388
Node 8014, 29631.942819738786
Node 8015, 30181.871267778944
Node 8016, 30320.36790279867
Node 8017, 30397.53450803002
Node 8018, 30453.96638123992
Node 8019, 30543.366330821085
Node 8020, 30605.94862801748
Node 8021, 31121.432691491747
Node 8022, 31138.297379031443
Node 8023, 31153.50774653919
Node 8024, 31805.136075415456
Node 8025, 32321.056086342807
Node 8026, 32448.32829837055
Node 8027, 32827.623892769116
Node 8028, 32897.60050120733
Node 8029, 32956.37416200296
Node 8030, 33071.394394891475
Node 8031, 33104.144610399024
Node 8032, 33141.383430017835
Node 8033, 33433.731448169194
Node 8034, 33437.97767291636
Node 8035, 33455.3744097717
Node 8036, 33475.79843821052
Node 8037, 33610.8391399993
Node 8038, 33696.24125928462
Node 8039, 33712.97608814496
Node 8040, 33813.076999596145
Node 8041, 33898.58362474036
Node 8042, 33934.89652923198
Node 8043, 34442.25961881083
Node 8044, 34453.65181212324
Node 8045, 34961.8829560453
Node 8046, 35012.47235202214
Node 8047, 35049.87796335555
Node 8048, 35244.46355757758
Node 8049, 35287.63127048433
Node 8050, 35841.10716702922
Node 8051, 35908.29933312844
Node 8052, 35999.55261211236
Node 8053, 36147.735413937204
Node 8054, 36811.63424049234
Node 8055, 37091.163137290416
Node 8056, 37176.98372454182
Node 8057, 37228.71572012566
Node 8058, 37309.87615854833
Node 8059, 37327.60014072054
Node 8060, 37853.476029625825
Node 8061, 37854.14497063216
Node 8062, 38022.7249368914
Node 8063, 38133.174788736564
Node 8064, 38290.03099430434
Node 8065, 38614.65359060289
Node 8066, 38793.700367645004
Node 8067, 39004.40988776032
Node 8068, 39637.01382393642
Node 8069, 39863.56773708467
Node 8070, 40323.514575444206
Node 8071, 40873.007461325935
Node 8072, 40973.49447183724
Node 8073, 41119.39755397171
Node 8074, 41269.51826262273
Node 8075, 42198.78292266601
Node 8076, 42295.38128760321
Node 8077, 43230.30949318596
Node 8078, 43571.48132517011
Node 8079, 43713.03201213826
Node 8080, 44003.72084967677
Node 8081, 44060.36794533032
Node 8082, 44085.46896556992
Node 8083, 44123.68170658739
Node 8084, 44593.18101224638
Node 8085, 44718.46351100292
Node 8086, 44905.68624784803
Node 8087, 44987.52675431148
Node 8088, 45483.443037178455
Node 8089, 45484.61150160537
Node 8090, 45619.891935181746
Node 8091, 45871.975872595576
Node 8092, 46195.72489076123
Node 8093, 46248.26139027014
Node 8094, 46358.20281156101
Node 8095, 47062.321032068736
Node 8096, 47326.25606628613
Node 8097, 47488.32503436274
Node 8098, 47520.77105683242
Node 8099, 47529.999804651015
Node 8100, 48001.074081957486
Node 8101, 48173.08876356751
Node 8102, 48381.27963207506
Node 8103, 48856.17493343308
Node 8104, 48972.14236958623
Node 8105, 50306.79245815022
Node 8106, 50918.91730118204
Node 8107, 50998.292616168415
Node 8108, 51049.46504952226
Node 8109, 51356.67466195546
Node 8110, 51917.1032959021
Node 8111, 52382.33985447352
Node 8112, 53313.0676985395
Node 8113, 53951.65728175258
Node 8114, 53981.17024933542
Node 8115, 54093.981108772045
Node 8116, 54534.793451765785
Node 8117, 54954.646189721614
Node 8118, 55421.735391873226
Node 8119, 55913.15810387416
Node 8120, 56261.07202217479
Node 8121, 56927.06880523453
Node 8122, 57177.70539794896
Node 8123, 57661.141986713235
Node 8124, 57697.05042182724
Node 8125, 57745.614085829475
Node 8126, 59887.509226863214
Node 8127, 60799.015471130864
Node 8128, 61170.146485290825
Node 8129, 61198.4958692569
Node 8130, 61692.17464741123
Node 8131, 61718.209537798175
Node 8132, 61752.95711733374
Node 8133, 62761.26142338357
Node 8134, 62787.714229117206
Node 8135, 63516.897407052944
Node 8136, 63892.1413574595
Node 8137, 64402.18799525113
Node 8138, 64543.75512526654
Node 8139, 65161.78673969068
Node 8140, 65193.63827679172
Node 8141, 65286.02756723141
Node 8142, 66081.2905494516
Node 8143, 66254.04194789607
Node 8144, 66876.86025320512
Node 8145, 66975.5712531199
Node 8146, 67707.5597364313
Node 8147, 68177.23194114356
Node 8148, 69320.58262500187
Node 8149, 74762.24275372994
Node 8150, 75861.90636883189
Node 8151, 77996.14701226947
Node 8152, 78222.09937073644
Node 8153, 84310.13036612724
Node 8154, 84734.95758475034
Node 8155, 90494.68234998378
Node 8156, 92037.35717079625
Node 8157, 98776.95330851157
Node 8158, 113496.7971704877
Node 8159, 114498.17741075916
Node 8160, 116897.54486010993
Node 8161, 124002.3554448949
