node_generations, branch_length
11310.505604355245, 8692.188263933238
1932.1674830258519, 9378.338121329392
0.0, 1932.1674830258519
1182.4469855094358, 749.7204975164161
232.9135783886933, 949.5334071207425
0.0, 232.9135783886933
0.0, 232.9135783886933
897.1362134670753, 285.31077204236044
105.12283620765643, 792.0133772594189
0.0, 105.12283620765643
0.0, 105.12283620765643
282.87017129556824, 614.266042171507
0.0, 282.87017129556824
101.73389387673, 181.13627741883823
0.0, 101.73389387673
0.0, 101.73389387673
3377.3176165643313, 7933.187987790914
0.0, 3377.3176165643313
0.0, 3377.3176165643313
17827.527908186858, 2175.1659601016254
6771.654357874882, 11055.873550311975
1786.31231794193, 4985.3420399329525
0.0, 1786.31231794193
1535.770454179391, 250.54186376253892
0.0, 1535.770454179391
140.30907687093088, 1395.4613773084602
0.0, 140.30907687093088
0.0, 140.30907687093088
3934.1343350773177, 2837.5200227975647
0.0, 3934.1343350773177
121.54955945956165, 3812.584775617756
0.0, 121.54955945956165
0.0, 121.54955945956165
17377.21224998628, 450.31565820057585
3646.7787020711257, 13730.433547915156
776.5042632896055, 2870.27443878152
0.0, 776.5042632896055
137.28677888412798, 639.2174844054775
0.0, 137.28677888412798
0.0, 137.28677888412798
3615.840531910028, 30.938170161097787
0.0, 3615.840531910028
2587.2125790352193, 1028.6279528748087
0.0, 2587.2125790352193
186.28119708007762, 2400.9313819551417
0.0, 186.28119708007762
146.33738602697346, 39.943811053104156
0.0, 146.33738602697346
109.09210151253704, 37.24528451443642
0.0, 109.09210151253704
0.0, 109.09210151253704
9791.698687409564, 7585.513562576718
3657.602622950629, 6134.096064458934
0.0, 3657.602622950629
0.0, 3657.602622950629
8864.620427351469, 927.0782600580951
3407.7407272220503, 5456.879700129419
0.0, 3407.7407272220503
587.0213073046376, 2820.719419917413
0.0, 587.0213073046376
0.0, 587.0213073046376
5910.371309163246, 2954.2491181882224
353.0198402641912, 5557.351468899055
0.0, 353.0198402641912
0.0, 353.0198402641912
842.9999401294688, 5067.371369033777
0.0, 842.9999401294688
833.2078001412262, 9.792139988242525
0.0, 833.2078001412262
434.60265361271274, 398.6051465285135
0.0, 434.60265361271274
213.34688721086619, 221.25576640184656
0.0, 213.34688721086619
122.46649032626911, 90.88039688459708
0.0, 122.46649032626911
119.65103734975737, 2.815452976511736
0.0, 119.65103734975737
0.0, 119.65103734975737
