Node, generations
Node 1010, 12651.85920061707
Node 563, 1381.2467089496665
Node 536, 1228.9893415161198
Node 330, 365.7332815442351
Node 102, 208.79127579558565
Node 72, 202.53851402426523
Node 380, 471.889349456024
Node 366, 443.5500841998091
Node 43, 47.47355205492646
Node 284, 303.4333388474126
Node 57, 200.7189746734175
Node 578, 1488.2097606649668
Node 531, 1180.9404149278303
Node 168, 229.17445415582313
Node 323, 359.4395464300675
Node 264, 284.62833260841626
Node 42, 46.53804537637445
Node 40, 7.55152185121487
Node 322, 357.9373428460506
Node 571, 1430.3814998224454
Node 436, 628.7699372593207
Node 295, 316.5446417687469
Node 181, 234.85571014815318
Node 515, 983.516317016663
Node 354, 418.98012804751744
Node 243, 269.3135683687132
Node 478, 815.227576810661
Node 319, 355.4262525656609
Node 233, 262.1954311178502
Node 398, 533.9270724652532
Node 305, 336.79847257022277
Node 275, 294.7746197027513
Node 242, 269.1970129005285
Node 58, 200.78083313237718
Node 195, 238.90737347908205
Node 83, 205.21064117541283
Node 142, 217.01991171883478
Node 111, 210.70850150245835
Node 262, 282.11228926564195
