Node, generations
Node 1031, 8539.299789280289
Node 320, 1080.3460767400277
Node 879, 6433.717188129679
Node 543, 2309.490751090793
Node 436, 1268.158295754031
Node 735, 4842.888812674257
Node 585, 2990.338403126077
Node 446, 1288.4729363269619
Node 268, 1041.6032736553007
Node 235, 1026.7016188494993
Node 184, 1012.8182337064641
Node 39, 369.27311604452
Node 164, 1008.019790266923
Node 286, 1051.1925045194034
Node 96, 848.6119611940562
Node 500, 1471.6247551395954
Node 461, 1327.0846942342785
Node 342, 1103.8006518702396
Node 296, 1054.3159234398443
