node_generations, branch_length
11571.679344237233, 14945.316348136988
0.0, 11571.679344237233
787.5742237983317, 10784.1051204389
0.0, 787.5742237983317
219.80531714851517, 567.7689066498165
0.0, 219.80531714851517
161.64634022168738, 58.15897692682779
128.80270067592284, 32.843639545764546
0.0, 128.80270067592284
0.0, 128.80270067592284
130.94082074734314, 30.705519474344243
0.0, 130.94082074734314
0.0, 130.94082074734314
26126.24388237307, 390.75181000115117
2163.7048542941648, 23962.539028078907
0.0, 2163.7048542941648
1569.725971068408, 593.9788832257568
0.0, 1569.725971068408
0.0, 1569.725971068408
4117.978875144795, 22008.265007228274
0.0, 4117.978875144795
2189.576075039317, 1928.402800105478
133.80603644615704, 2055.77003859316
110.94193062834405, 22.864105817812984
0.0, 110.94193062834405
0.0, 110.94193062834405
131.25814088389953, 2.5478955622575086
0.0, 131.25814088389953
130.15470249711166, 1.1034383867878717
0.0, 130.15470249711166
110.14131416327889, 20.013388333832765
0.0, 110.14131416327889
0.0, 110.14131416327889
1362.9776626069872, 826.5984124323297
0.0, 1362.9776626069872
697.6586977683835, 665.3189648386037
0.0, 697.6586977683835
0.0, 697.6586977683835
