Node, generations
Node 975, 13986.054305931191
Node 40, 7.596502136409929
Node 614, 3721.006910704418
Node 471, 726.3742013389534
Node 452, 630.2909621985264
Node 319, 330.82520665628687
Node 197, 236.13005965390607
Node 206, 237.91820538875865
Node 417, 495.7281902319898
Node 279, 280.37400366900107
Node 88, 203.54206784634147
Node 302, 309.16925591588335
Node 222, 249.24095504236053
Node 205, 237.44483706842342
Node 580, 1849.815993192433
Node 418, 498.1404163565625
Node 394, 444.57358271144705
Node 219, 246.53311656336086
Node 103, 207.02149901551763
Node 550, 1302.3388258545394
Node 432, 557.1759989376297
Node 371, 396.7233932643497
Node 173, 227.87170478371527
Node 43, 70.33255452526923
Node 356, 373.71426758002934
Node 245, 259.4017416839593
Node 83, 202.87038914345084
Node 539, 1216.5172223758948
Node 69, 200.7601740266477
Node 530, 1122.6342026869982
Node 411, 488.2084315129549
Node 323, 333.61563282916336
Node 278, 280.2611099389335
Node 328, 336.713429610744
Node 128, 213.3990106259383
Node 255, 263.7217245752987
Node 177, 228.19082029704285
Node 162, 224.07557846863435
Node 75, 201.95093457790676
