Node, generations
Node 1629, 23282.084594368982
Node 1038, 2011.5847811812175
Node 176, 662.5137272000853
Node 987, 1643.3239212296462
Node 861, 1262.9290556323112
Node 348, 1001.6881702569433
Node 143, 572.8856498349962
Node 751, 1105.579505179405
Node 426, 1006.2763776746585
Node 216, 788.2377538437438
Node 1414, 14547.537349728884
Node 1102, 3414.481242352452
Node 792, 1150.4073010510187
Node 738, 1097.112797042038
Node 676, 1064.1152592457254
Node 259, 895.4661894714765
Node 936, 1437.0041905839964
Node 798, 1153.427999063511
Node 933, 1434.779011513955
Node 518, 1016.6275331364953
Node 70, 266.97029974976454
Node 1332, 12041.897667078929
Node 973, 1561.3569100006132
Node 805, 1164.4471347151077
Node 786, 1140.805069614143
Node 130, 538.4601583562221
Node 741, 1099.489524663971
Node 277, 924.1490735797496
Node 727, 1088.4901329925012
Node 613, 1036.1063829275254
Node 41, 30.987935630699297
Node 54, 156.3606364263822
Node 706, 1079.3003469678476
Node 946, 1464.3820581457162
Node 46, 106.568658257024
Node 802, 1159.3202975036238
Node 651, 1052.4659802490175
Node 57, 177.2726714538781
Node 749, 1104.492359748409
