node_generations, branch_length
1073.8077163676876, 27186.089092458587
0.0, 1073.8077163676876
564.4685634777417, 509.3391528899459
0.0, 564.4685634777417
0.0, 564.4685634777417
7916.988743049725, 20342.908065776548
0.0, 7916.988743049725
2792.6441602727546, 5124.34458277697
450.88853576835703, 2341.7556245043975
0.0, 450.88853576835703
403.51370540095684, 47.37483036740019
306.92550983919256, 96.58819556176428
0.0, 306.92550983919256
288.5532002391704, 18.372309600022163
0.0, 288.5532002391704
0.0, 288.5532002391704
384.69330152573355, 18.820403875223292
0.0, 384.69330152573355
372.07193748619045, 12.621364039543096
0.0, 372.07193748619045
325.9051310032889, 46.16680648290156
0.0, 325.9051310032889
210.40602619649533, 115.49910480679355
0.0, 210.40602619649533
203.33021190407408, 7.075814292421256
0.0, 203.33021190407408
0.0, 203.33021190407408
678.8809690618644, 2113.76319121089
216.28232708237016, 462.5986419794943
0.0, 216.28232708237016
0.0, 216.28232708237016
370.92972446881305, 307.9512445930514
0.0, 370.92972446881305
243.31970865709005, 127.610015811723
0.0, 243.31970865709005
222.44505779433325, 20.874650862756795
0.0, 222.44505779433325
0.0, 222.44505779433325
