node_generations, branch_length
5407.638444071952, 5999.4537475964535
294.398149594407, 5113.240294477545
0.0, 294.398149594407
205.54736103024965, 88.85078856415737
0.0, 205.54736103024965
0.0, 205.54736103024965
3980.809318169606, 1426.8291259023463
452.7889236257619, 3528.020394543844
342.64702489171606, 110.14189873404587
0.0, 342.64702489171606
251.66462598032916, 90.9823989113869
0.0, 251.66462598032916
224.79485987715262, 26.869766103176545
0.0, 224.79485987715262
0.0, 224.79485987715262
425.51745389871166, 27.27146972705026
0.0, 425.51745389871166
260.3960422499576, 165.12141164875408
0.0, 260.3960422499576
213.06233129916205, 47.333710950795535
0.0, 213.06233129916205
212.13261433330376, 0.9297169658582902
0.0, 212.13261433330376
0.0, 212.13261433330376
1698.8844407418753, 2281.9248774277303
752.5947890204685, 946.2896517214068
291.8151596611576, 460.7796293593109
0.0, 291.8151596611576
0.0, 291.8151596611576
441.7630262248861, 310.8317627955824
319.93369120253413, 121.82933502235198
0.0, 319.93369120253413
280.34970625203323, 39.583984950500906
0.0, 280.34970625203323
0.0, 280.34970625203323
405.3791623829625, 36.38386384192364
0.0, 405.3791623829625
340.181931810496, 65.19723057246648
0.0, 340.181931810496
0.0, 340.181931810496
1338.8456569481739, 360.03878379370144
337.604516089622, 1001.241140858552
308.523011334285, 29.081504755336994
0.0, 308.523011334285
294.9370146965835, 13.585996637701498
124.85000914413395, 170.08700555244957
0.0, 124.85000914413395
81.3999510666453, 43.45005807748865
0.0, 81.3999510666453
0.0, 81.3999510666453
275.69140359583724, 19.24561110074626
0.0, 275.69140359583724
214.52610575245834, 61.16529784337891
0.0, 214.52610575245834
0.0, 214.52610575245834
316.45651782211075, 21.14799826751124
0.0, 316.45651782211075
214.4411256507396, 102.01539217137116
0.0, 214.4411256507396
0.0, 214.4411256507396
362.72704318057555, 976.1186137675984
221.76910901539893, 140.95793416517662
0.0, 221.76910901539893
0.0, 221.76910901539893
240.38604994432612, 122.34099323624943
118.34904210667467, 122.03700783765144
0.0, 118.34904210667467
0.0, 118.34904210667467
158.16538673518048, 82.22066320914564
0.0, 158.16538673518048
0.0, 158.16538673518048
7830.565662456427, 3576.5265292119784
216.75552617900243, 7613.810136277425
0.0, 216.75552617900243
0.0, 216.75552617900243
233.51955376798765, 7597.04610868844
0.0, 233.51955376798765
0.0, 233.51955376798765
