Node, generations
Node 440, 2422.397638395825
Node 384, 1601.849933152382
Node 293, 897.5503602707872
Node 405, 1772.2045771943308
Node 285, 853.93966197025
Node 136, 547.082631266893
Node 135, 546.9881427995207
Node 233, 680.7006368664736
Node 336, 1180.13219519928
Node 180, 598.9668169959718
Node 39, 443.3347134111194
Node 164, 575.7134529857252
Node 324, 1051.444724421832
Node 252, 727.556677074394
Node 247, 715.182530178198
Node 61, 505.30759126181005
Node 193, 614.657033990449
Node 262, 764.6997353734894
Node 171, 586.0143563207458
