Node, generations
Node 2853, 29677.818621120736
Node 1917, 1977.5299374136887
Node 1712, 1218.9524761724617
Node 1606, 1090.6102382270144
Node 1485, 1040.1935209873861
Node 1444, 1029.1040746888098
Node 1230, 1009.2060185415037
Node 1772, 1378.7706201985134
Node 1395, 1023.1825253785174
Node 702, 810.3907934482903
Node 1122, 1004.6088426904047
Node 1693, 1188.2060324816202
Node 273, 357.15903400500684
Node 193, 270.2791377187559
Node 1949, 2220.0777250054484
Node 1892, 1864.3236769439877
Node 1840, 1629.0225381274436
Node 1831, 1574.5879109407456
Node 1732, 1277.3366914401506
Node 1436, 1027.940736058693
Node 504, 627.4835559117851
Node 1747, 1307.5713146278974
Node 1881, 1823.7458245114983
Node 1481, 1038.950046878939
Node 341, 444.42166001707085
Node 1452, 1030.8415377602491
Node 99, 107.884711028465
Node 1365, 1019.6466474706061
Node 1674, 1165.4108548563236
Node 1491, 1041.9235543219538
Node 1191, 1007.2428676230188
Node 1329, 1016.6699159083668
Node 1271, 1011.4456830260066
Node 120, 154.33547234996843
Node 1599, 1087.8612220401023
Node 1478, 1038.5482860410536
Node 84, 35.695896475456294
Node 1593, 1084.470299201828
Node 1438, 1027.991253468822
Node 437, 547.1836700765649
Node 1418, 1026.1435546459904
Node 1406, 1024.6998068598741
Node 1367, 1019.8231075400486
Node 1527, 1054.3794075390545
Node 1910, 1950.6277024797403
Node 1808, 1481.7317425909137
Node 1603, 1090.0468347652752
Node 1307, 1013.8735505575212
Node 639, 757.3693119025387
Node 135, 183.36326151851057
Node 104, 115.01757777721656
Node 682, 797.6128669374309
Node 1569, 1073.0771102694175
Node 1342, 1017.8316541033702
Node 674, 791.4492426896107
Node 1220, 1008.7360874870438
Node 671, 786.9409835234655
Node 172, 244.06087238508252
Node 807, 905.1138840529957
Node 1479, 1038.6149669319695
Node 1764, 1356.9304525866853
Node 1440, 1028.1428734392036
Node 447, 565.8365746348164
Node 254, 330.46882887024685
Node 1628, 1108.8848171632403
Node 1433, 1027.2673605789887
Node 1317, 1015.244174689653
Node 1893, 1868.363380448233
Node 1677, 1172.156867162247
Node 95, 99.32566215100768
Node 1505, 1046.0583945481492
Node 700, 808.5934502585677
Node 160, 223.05428884638908
Node 1430, 1027.1169042665192
Node 896, 986.4131384982506
Node 1718, 1240.2470130375523
Node 1620, 1101.473922806568
Node 1558, 1064.9035765342755
Node 662, 778.648814455797
