Node, generations
Node 3023, 27410.95296474789
Node 1475, 5813.664061191674
Node 834, 2564.5356306084136
Node 695, 1975.9998045912523
Node 153, 149.01241524650038
Node 47, 77.92070547045884
Node 204, 199.98120104669
Node 2635, 19248.96208613823
Node 1533, 6299.002422352997
Node 586, 1597.4369495162214
Node 934, 2982.1171063930765
Node 193, 181.11510434594896
Node 163, 154.47908099162507
Node 113, 122.65754224778624
Node 135, 134.8395589444679
Node 74, 105.81672173086365
Node 107, 120.3604552847569
Node 233, 380.76690801129683
Node 2058, 11247.639405066426
Node 1042, 3472.8265513956144
Node 414, 1011.6174532201452
Node 110, 122.11508829671766
Node 40, 11.118445114255065
Node 146, 140.94962276100964
Node 632, 1770.1080860861202
Node 212, 290.27823481356427
Node 185, 172.1690706856322
Node 125, 131.6602497223705
Node 134, 134.78687117911824
Node 120, 129.46525359915427
Node 106, 119.84386980761316
Node 1592, 6795.663332011659
Node 42, 56.707374772025794
Node 363, 881.0344271883918
Node 180, 165.96271677363865
Node 140, 137.16148321984073
Node 162, 154.3662903144049
Node 189, 176.4827439453419
Node 188, 174.20709863700893
