node_generations, branch_length
838.9731238044662, 12336.402627226666
365.49831512715286, 473.4748086773134
238.93659441267891, 126.56172071447395
0.0, 238.93659441267891
0.0, 238.93659441267891
282.9122044021616, 82.58611072499127
0.0, 282.9122044021616
262.96780766162203, 19.94439674053956
0.0, 262.96780766162203
233.53912440376848, 29.42868325785355
0.0, 233.53912440376848
0.0, 233.53912440376848
486.22878973595, 352.74433406851625
0.0, 486.22878973595
457.3967638467997, 28.832025889150316
209.09685125500695, 248.29991259179272
0.0, 209.09685125500695
0.0, 209.09685125500695
260.5688584373547, 196.82790540944495
0.0, 260.5688584373547
0.0, 260.5688584373547
1216.93974637702, 11958.436004654111
800.6547965395331, 416.2849498374868
395.4140887422798, 405.2407077972533
269.92349703274016, 125.49059170953961
0.0, 269.92349703274016
269.2352975836308, 0.6881994491093337
0.0, 269.2352975836308
0.0, 269.2352975836308
271.97455076192045, 123.43953798035932
0.0, 271.97455076192045
0.0, 271.97455076192045
782.8170650973216, 17.83773144221152
120.80510407483858, 662.011961022483
0.0, 120.80510407483858
0.0, 120.80510407483858
453.94600532183983, 328.87105977548174
311.7482994749918, 142.197705846848
0.0, 311.7482994749918
293.95938778510333, 17.788911689888494
0.0, 293.95938778510333
240.99656248665653, 52.9628252984468
0.0, 240.99656248665653
239.18605672318262, 1.8105057634739126
0.0, 239.18605672318262
0.0, 239.18605672318262
420.18199934641694, 33.76400597542289
0.0, 420.18199934641694
231.83111202668334, 188.3508873197336
0.0, 231.83111202668334
0.0, 231.83111202668334
1172.4574860481334, 44.48226032888647
467.6470581953577, 704.8104278527758
0.0, 467.6470581953577
216.00211645680744, 251.64494173855027
0.0, 216.00211645680744
0.0, 216.00211645680744
864.6871570038165, 307.7703290443169
227.06890468248795, 637.6182523213286
0.0, 227.06890468248795
0.0, 227.06890468248795
813.171569385464, 51.51558761835258
351.07405868747804, 462.0975106979859
232.26954893552607, 118.80450975195197
0.0, 232.26954893552607
0.0, 232.26954893552607
340.6890442369932, 10.385014450484846
0.0, 340.6890442369932
204.4752050293473, 136.2138392076459
0.0, 204.4752050293473
0.0, 204.4752050293473
407.25054706012463, 405.9210223253393
0.0, 407.25054706012463
347.5418818891496, 59.70866517097505
0.0, 347.5418818891496
322.3596127214364, 25.182269167713173
0.0, 322.3596127214364
0.0, 322.3596127214364
