node_generations, branch_length
0.0, 35288.39559930135
28034.022026377355, 7254.373572923996
1255.5335986716952, 26778.48842770566
0.0, 1255.5335986716952
1234.9957785927186, 20.537820078976665
0.0, 1234.9957785927186
1166.6648596595942, 68.3309189331244
0.0, 1166.6648596595942
1136.3604439366543, 30.304415722939893
0.0, 1136.3604439366543
1103.5044906615176, 32.8559532751367
0.0, 1103.5044906615176
1041.9053311825076, 61.59915947901004
0.0, 1041.9053311825076
0.0, 1041.9053311825076
1606.7017161065726, 26427.32031027078
1226.0711309507412, 380.63058515583134
0.0, 1226.0711309507412
1078.750402180629, 147.32072877011228
0.0, 1078.750402180629
1034.2711882976284, 44.47921388300051
0.0, 1034.2711882976284
954.1692238528623, 80.10196444476617
0.0, 954.1692238528623
0.0, 954.1692238528623
1424.3916257810256, 182.31009032554698
1175.6443043258485, 248.74732145517714
0.0, 1175.6443043258485
1096.4890844229797, 79.1552199028688
0.0, 1096.4890844229797
1075.33574142278, 21.153343000199584
0.0, 1075.33574142278
892.4189763598444, 182.91676506293572
0.0, 892.4189763598444
0.0, 892.4189763598444
1386.6037682688518, 37.78785751217379
0.0, 1386.6037682688518
0.0, 1386.6037682688518
