node_generations, branch_length
1277.6900661983148, 39188.829026968575
0.0, 1277.6900661983148
67.35152419107537, 1210.3385420072393
0.0, 67.35152419107537
0.0, 67.35152419107537
15978.954265867076, 24487.564827299815
5821.967049232349, 10156.987216634727
105.57902886517925, 5716.38802036717
0.0, 105.57902886517925
0.0, 105.57902886517925
2868.003636492016, 2953.9634127403333
1360.8122827240693, 1507.1913537679468
197.07916704593902, 1163.7331156781302
0.0, 197.07916704593902
183.7268410574325, 13.352325988506522
0.0, 183.7268410574325
168.24495778293598, 15.48188327449651
0.0, 168.24495778293598
0.0, 168.24495778293598
331.4604610565853, 1029.351821667484
132.82838112871008, 198.63207992787522
0.0, 132.82838112871008
0.0, 132.82838112871008
196.84260345682753, 134.61785759975777
0.0, 196.84260345682753
0.0, 196.84260345682753
1502.8113622384608, 1365.1922742535553
272.49666390526585, 1230.3146983331949
0.0, 272.49666390526585
257.7122030736253, 14.784460831640558
0.0, 257.7122030736253
178.47757175273256, 79.23463132089273
0.0, 178.47757175273256
0.0, 178.47757175273256
722.588687497753, 780.2226747407078
199.94491528290234, 522.6437722148506
0.0, 199.94491528290234
0.0, 199.94491528290234
230.6364921251615, 491.95219537259146
0.0, 230.6364921251615
102.12334488885394, 128.5131472363076
0.0, 102.12334488885394
91.84045677908432, 10.282888109769615
0.0, 91.84045677908432
0.0, 91.84045677908432
6416.648225524603, 9562.306040342473
322.7921754567198, 6093.856050067883
0.0, 322.7921754567198
126.10853413348734, 196.68364132323245
0.0, 126.10853413348734
100.22868035175438, 25.87985378173296
0.0, 100.22868035175438
0.0, 100.22868035175438
5501.084463497545, 915.5637620270581
112.22054944031193, 5388.863914057233
0.0, 112.22054944031193
0.0, 112.22054944031193
3234.348851695511, 2266.735611802034
176.65942633941307, 3057.6894253560977
0.0, 176.65942633941307
141.56246236942675, 35.09696396998632
0.0, 141.56246236942675
0.0, 141.56246236942675
1440.9779875663944, 1793.3708641291164
180.15320381213607, 1260.8247837542583
0.0, 180.15320381213607
141.24501936797074, 38.90818444416533
0.0, 141.24501936797074
114.5815990963066, 26.663420271664137
0.0, 114.5815990963066
0.0, 114.5815990963066
469.067970306631, 971.9100172597634
158.01683113094825, 311.0511391756828
0.0, 158.01683113094825
0.0, 158.01683113094825
210.76345623851785, 258.3045140681132
0.0, 210.76345623851785
0.0, 210.76345623851785
