Node, generations
Node 1984, 57611.82774289371
Node 1079, 3034.797714301792
Node 864, 827.2798488787106
Node 778, 657.6821837314296
Node 715, 604.2119995837361
Node 454, 513.6396808345976
Node 680, 578.7034636530074
Node 351, 505.10813432422174
Node 410, 509.81538868395234
Node 743, 627.8319046857167
Node 93, 205.8597032370966
Node 837, 770.1541166316676
Node 548, 527.9161090308902
Node 320, 503.5313879861098
Node 1047, 1946.0016442337535
Node 996, 1513.6304634432422
Node 919, 1045.5372816384572
Node 683, 579.4365508696941
Node 275, 501.91863433309055
Node 442, 512.5429188906799
Node 909, 1007.0469536911016
Node 85, 171.0605518758905
Node 61, 18.497698590268367
Node 716, 605.1587683574396
Node 493, 519.1183121026581
Node 129, 324.22330435787654
Node 976, 1386.2813739181602
Node 779, 658.2663955838852
Node 322, 503.6258562966986
Node 942, 1159.4406979644311
Node 644, 560.2429101481987
Node 713, 603.4262566954998
Node 692, 586.195983917196
Node 603, 541.7962879023465
Node 632, 555.7154248829479
Node 569, 533.9237526405458
Node 712, 602.1062609050786
Node 641, 559.9464411174666
Node 1125, 6472.473313301425
Node 813, 718.2474551184733
Node 703, 596.3834319780194
Node 633, 555.8264893144635
Node 1072, 2370.57206496152
Node 101, 226.5784064632227
Node 926, 1070.7601603688727
Node 852, 802.4411667865942
Node 490, 518.7013602751605
Node 324, 503.8035002887663
Node 77, 156.79966093130255
Node 581, 536.0005808892371
Node 60, 8.440355957361357
Node 924, 1060.7333608869583
Node 771, 653.9050970370462
Node 818, 722.1009935568989
Node 675, 577.4180906162106
Node 609, 543.9821510640679
Node 622, 550.6419161353381
Node 686, 580.1255086170473
Node 621, 550.2365217779081
