Node, generations
Node 3038, 21582.24032000257
Node 2430, 9530.782038824764
Node 1670, 1208.8059432985028
Node 1316, 1019.0553310311027
Node 1149, 1007.0002854523339
Node 580, 715.3307676139926
Node 1562, 1083.1986360906885
Node 1777, 1676.1723221112097
Node 1641, 1156.0795434915085
Node 1613, 1122.60298756441
Node 1552, 1076.8684407996948
Node 1528, 1065.428138215719
Node 1328, 1020.8114047021021
Node 1374, 1026.351103235424
Node 758, 886.275872461757
Node 1373, 1026.2606346173789
Node 780, 908.0458501596831
Node 480, 626.0965803987457
Node 90, 85.3881551980795
Node 1599, 1103.717831655965
Node 1567, 1085.1058786032816
Node 1504, 1058.001076061044
Node 1367, 1025.1736379334438
Node 1581, 1092.7063079685854
Node 852, 961.2931573082684
Node 244, 354.58980818907406
Node 141, 213.96712959651487
Node 386, 533.0223269615451
Node 245, 355.02064515728074
Node 1483, 1052.3269485035223
Node 831, 951.6719947640979
Node 95, 112.56228376871368
Node 2772, 15490.695282913193
Node 2118, 5483.317979621883
Node 1608, 1112.0005839062578
Node 1220, 1010.6665134599651
Node 1341, 1021.7674385543362
Node 335, 465.3149202038168
Node 1733, 1351.3442828476352
Node 1441, 1037.6290099817656
Node 1393, 1028.9467908455067
Node 1469, 1046.2399130956046
Node 1132, 1006.085363919374
Node 2143, 5788.439911647025
Node 1761, 1446.4459256450052
Node 1416, 1031.3427299308407
Node 798, 926.7158280803038
Node 1634, 1140.3540494576755
Node 1553, 1076.921991196711
Node 495, 637.2928586963824
Node 418, 563.2836574633592
Node 1587, 1097.0366091396972
Node 1442, 1037.8613537667422
Node 718, 853.4801328625234
Node 1453, 1041.127744041689
Node 281, 399.5689155996335
Node 1387, 1027.4169218363716
Node 2050, 4827.738366220865
Node 1675, 1218.452085303885
Node 1470, 1046.733307331049
Node 1655, 1177.4617327936983
Node 1536, 1069.175615274696
Node 81, 10.458244950588997
Node 1649, 1164.0749481657347
Node 1539, 1071.9683591644678
Node 143, 217.45516373684603
Node 1480, 1050.191846496697
Node 1049, 1003.3521579057215
Node 704, 842.5305974015041
Node 171, 255.32959998907944
Node 1335, 1021.1912232248811
Node 1313, 1018.8564779777905
Node 339, 472.47741700265925
Node 694, 838.3935056637713
Node 1734, 1351.7230159244716
Node 1208, 1010.0101822691536
Node 1624, 1131.5973633806293
Node 1337, 1021.4258607937116
Node 151, 234.62356562236278
