node_generations, branch_length
0.0, 37611.53810682616
15764.613962417907, 21846.924144408258
7736.288532762758, 8028.325429655149
2768.0383800659356, 4968.250152696823
1352.1820413596222, 1415.8563387063134
0.0, 1352.1820413596222
461.92966816274105, 890.2523731968811
0.0, 461.92966816274105
0.0, 461.92966816274105
1467.3171661911106, 1300.721213874825
1110.3587859497673, 356.9583802413433
445.1970722485792, 665.1617137011881
0.0, 445.1970722485792
0.0, 445.1970722485792
1104.1820318269813, 6.176754122785951
0.0, 1104.1820318269813
1035.9166775762492, 68.26535425073212
0.0, 1035.9166775762492
0.0, 1035.9166775762492
1163.0191143154302, 304.29805187568036
0.0, 1163.0191143154302
1041.0451767036516, 121.97393761177864
0.0, 1041.0451767036516
0.0, 1041.0451767036516
4120.61373800777, 3615.6747947549884
0.0, 4120.61373800777
1031.8504366488785, 3088.763301358891
0.0, 1031.8504366488785
0.0, 1031.8504366488785
12419.846629426513, 3344.767332991394
1098.2687409113282, 11321.577888515185
0.0, 1098.2687409113282
1080.0350621722052, 18.23367873912298
0.0, 1080.0350621722052
0.0, 1080.0350621722052
5864.331910294243, 6555.514719132269
0.0, 5864.331910294243
0.0, 5864.331910294243
