node_generations, branch_length
5965.723393318746, 67541.89463761581
2315.2298389327466, 3650.4935543859997
0.0, 2315.2298389327466
207.96453001077532, 2107.265308921971
0.0, 207.96453001077532
197.43703073029934, 10.527499280475979
0.0, 197.43703073029934
0.0, 197.43703073029934
5752.729564793251, 212.9938285254957
2084.1962539080223, 3668.5333108852283
160.18220161784018, 1924.014052290182
105.34556966200103, 54.83663195583915
0.0, 105.34556966200103
0.0, 105.34556966200103
137.09176523573592, 23.090436382104258
0.0, 137.09176523573592
129.23626854924487, 7.855496686491051
0.0, 129.23626854924487
0.0, 129.23626854924487
1765.811920925694, 318.38433298232826
611.1154985324057, 1154.6964223932882
105.33560131433353, 505.77989721807216
0.0, 105.33560131433353
0.0, 105.33560131433353
246.6252971696439, 364.4902013627618
0.0, 246.6252971696439
145.4044751334134, 101.22082203623049
0.0, 145.4044751334134
0.0, 145.4044751334134
1244.975513248899, 520.836407676795
0.0, 1244.975513248899
175.00017765282314, 1069.9753355960759
0.0, 175.00017765282314
127.09851438064351, 47.90166327217963
0.0, 127.09851438064351
122.72476483694054, 4.373749543702971
0.0, 122.72476483694054
116.16354743631545, 6.5612174006250825
0.0, 116.16354743631545
0.0, 116.16354743631545
3026.5831505943547, 2726.146414198896
0.0, 3026.5831505943547
2307.577923778918, 719.0052268154368
161.03091534614987, 2146.547008432768
0.0, 161.03091534614987
0.0, 161.03091534614987
340.1362098463433, 1967.4417139325747
0.0, 340.1362098463433
200.90162319106895, 139.23458665527437
0.0, 200.90162319106895
0.0, 200.90162319106895
17319.827386860634, 56187.79064407393
2377.802458944543, 14942.02492791609
155.25500750340038, 2222.5474514411426
0.0, 155.25500750340038
0.0, 155.25500750340038
209.75848294813449, 2168.043975996409
111.14482733838283, 98.61365560975166
0.0, 111.14482733838283
0.0, 111.14482733838283
137.1702559109222, 72.58822703721228
0.0, 137.1702559109222
0.0, 137.1702559109222
7777.6380672580035, 9542.18931960263
138.33798481215658, 7639.300082445847
114.69985697388658, 23.638127838269995
0.0, 114.69985697388658
0.0, 114.69985697388658
130.73668908046886, 7.601295731687713
0.0, 130.73668908046886
0.0, 130.73668908046886
1771.494220472277, 6006.143846785726
135.57554239417604, 1635.918678078101
0.0, 135.57554239417604
0.0, 135.57554239417604
146.00027795005872, 1625.4939425222183
0.0, 146.00027795005872
0.0, 146.00027795005872
