Node, generations
Node 1637, 29235.227835064154
Node 589, 3390.472590216829
Node 376, 473.3577138985649
Node 281, 286.81057228740735
Node 156, 219.15415585150438
Node 1123, 13610.309860884303
Node 853, 7754.177321170892
Node 354, 418.6829822926301
Node 198, 231.4654592223289
Node 169, 221.65474207815964
Node 320, 354.64270584906774
Node 58, 200.5280433222134
Node 249, 264.4068957742205
Node 219, 240.31502134840528
Node 486, 920.1242796217364
Node 383, 494.2104527148866
Node 269, 278.8891695285573
Node 178, 224.47557205060218
Node 287, 291.70494104345687
Node 226, 245.5401667209432
Node 112, 209.1314161460799
Node 46, 82.55356924204509
Node 254, 269.26818910796595
Node 458, 743.5748519117848
Node 400, 546.1683794383296
Node 180, 225.00722522537737
Node 114, 210.4207888049326
Node 199, 231.9802880520306
Node 170, 221.67639275023362
Node 443, 665.6129803128009
Node 321, 355.1603990453134
Node 229, 249.4948169934565
Node 228, 249.3417355576861
Node 441, 663.2381260018668
Node 329, 371.6822228538288
Node 172, 222.09985968280702
Node 399, 542.7231240014788
Node 131, 213.66605005977124
Node 353, 416.73828217069564
