node_generations, branch_length
1508.268145980873, 10937.368892766262
1008.7876038547752, 499.4805421260978
1007.124384807053, 1.663219047722123
0.0, 1007.124384807053
0.0, 1007.124384807053
1008.6424597083002, 0.14514414647499052
0.0, 1008.6424597083002
0.0, 1008.6424597083002
1358.412448635343, 149.85569734552996
0.0, 1358.412448635343
1141.080173210992, 217.3322754243511
1045.4678160339258, 95.61235717706609
0.0, 1045.4678160339258
523.9089846190151, 521.5588314149107
0.0, 523.9089846190151
0.0, 523.9089846190151
1133.0667572619318, 8.013415949060118
0.0, 1133.0667572619318
1087.988822582225, 45.077934679706686
0.0, 1087.988822582225
1061.39885300557, 26.58996957665522
0.0, 1061.39885300557
0.0, 1061.39885300557
3900.2034549165514, 8545.433583830585
1563.9851856167581, 2336.218269299793
1228.0543191631016, 335.93086645365656
0.0, 1228.0543191631016
1211.5701724864111, 16.484146676690443
997.8579370312193, 213.71223545519183
0.0, 997.8579370312193
0.0, 997.8579370312193
1078.6405331303852, 132.92963935602597
0.0, 1078.6405331303852
1056.7361758632535, 21.904357267131672
0.0, 1056.7361758632535
277.7982107595308, 778.9379651037227
0.0, 277.7982107595308
0.0, 277.7982107595308
1320.7877993349027, 243.19738628185542
0.0, 1320.7877993349027
1125.9502232359064, 194.83757609899635
0.0, 1125.9502232359064
1070.3926594296286, 55.55756380627781
0.0, 1070.3926594296286
857.0489124395313, 213.34374699009732
0.0, 857.0489124395313
0.0, 857.0489124395313
2303.7194637422117, 1596.4839911743397
0.0, 2303.7194637422117
1512.5539897617884, 791.1654739804233
1066.7493296884036, 445.80466007338487
1044.1211592380912, 22.628170450312382
0.0, 1044.1211592380912
534.2097142860149, 509.9114449520763
0.0, 534.2097142860149
336.5702131474523, 197.6395011385626
0.0, 336.5702131474523
0.0, 336.5702131474523
1055.6238863248657, 11.125443363537897
0.0, 1055.6238863248657
1024.0191679553268, 31.604718369538887
0.0, 1024.0191679553268
0.0, 1024.0191679553268
1298.9828706294954, 213.571119132293
273.7867798074707, 1025.1960908220249
0.0, 273.7867798074707
0.0, 273.7867798074707
1256.5500826080086, 42.432788021486886
0.0, 1256.5500826080086
1132.3867131297475, 124.16336947826107
0.0, 1132.3867131297475
1085.190113110493, 47.19660001925445
1003.7899255858492, 81.4001875246438
0.0, 1003.7899255858492
0.0, 1003.7899255858492
1025.7621166531478, 59.427996457345216
0.0, 1025.7621166531478
0.0, 1025.7621166531478
