Node, generations
Node 1767, 14908.07332994624
Node 1242, 1237.7883502969505
Node 988, 1031.3926095744846
Node 126, 302.933629972278
Node 1192, 1154.158760672932
Node 1470, 2948.8478381185214
Node 1410, 2093.0301453454035
Node 1122, 1083.0005637911233
Node 1121, 1082.2954663605242
Node 705, 1003.814258284164
Node 330, 690.3390957142464
Node 1338, 1518.0628725209694
Node 1256, 1263.0832768581586
Node 953, 1024.190398252719
Node 1336, 1515.2111033748718
Node 1171, 1128.70704039286
Node 1108, 1073.0566828215458
Node 62, 11.695851173315079
Node 961, 1025.5733442998142
Node 585, 1000.1159740682208
Node 1260, 1269.5035228615411
Node 1215, 1190.6619289612877
Node 1186, 1150.2078544634214
Node 1138, 1090.54729757021
Node 1068, 1055.6085839926359
Node 1095, 1066.2688677292347
Node 111, 260.26056832051734
Node 1194, 1154.3210515295787
Node 60, 3.605380849359829
Node 1187, 1150.3357236986662
Node 64, 46.55040920803479
Node 1175, 1129.8937740108747
Node 587, 1000.2273292788805
Node 334, 696.1300735875916
Node 1101, 1068.5540691088906
Node 1218, 1192.5310861262367
Node 1070, 1055.7183912729163
Node 827, 1009.7359275203273
Node 154, 392.11338696736516
Node 413, 799.4528992115123
Node 1460, 2780.119864560761
Node 1141, 1091.9697708021442
Node 1011, 1035.863866697373
Node 908, 1017.2244682410035
Node 533, 927.4696403985746
Node 1010, 1035.7586537494597
Node 892, 1016.0397776008971
Node 69, 75.06579465562018
Node 1045, 1047.5436873140338
Node 833, 1010.1151907828798
Node 61, 11.628901727070653
Node 811, 1008.7697482435992
Node 135, 352.15794986461685
Node 1364, 1669.0826350850089
Node 1080, 1058.5009981065798
Node 882, 1015.3542166980012
Node 1328, 1475.8005587325697
Node 1044, 1047.2756096665366
Node 687, 1003.1313164911442
