Node, generations
Node 1693, 18681.390864104764
Node 408, 1181.1354402360482
Node 1268, 11207.623948949167
Node 426, 1215.1185558286293
Node 394, 1157.3496030719498
Node 421, 1204.8957987040499
Node 326, 1086.293893305516
Node 327, 1086.5607534978235
Node 193, 1017.5448911063665
Node 558, 2375.279127471059
Node 494, 1446.3386086105409
Node 489, 1404.3885353609794
Node 527, 1951.4550376687735
Node 270, 1048.4261215006932
Node 150, 1009.1647351482399
Node 153, 1009.7256610607024
Node 479, 1362.135943019008
Node 349, 1100.5160589916838
Node 185, 1014.5105993463861
