Node, generations
Node 378, 4097.744427091472
Node 192, 463.74792597800376
Node 43, 209.4968317200551
Node 284, 1037.262469699225
Node 221, 606.1144374035696
Node 283, 1026.7769178385597
Node 159, 365.34053765267527
Node 282, 1024.9597443087544
Node 205, 502.78426368121154
Node 82, 242.49378969026316
Node 73, 235.19889631985168
Node 138, 300.81172705308643
Node 63, 227.2437119238519
Node 239, 681.1205335115588
Node 101, 257.14044285560243
Node 44, 210.6247584630259
Node 145, 329.75783949304196
Node 65, 227.48676600320792
Node 127, 281.769142602163
