Node, generations
Node 3168, 29294.65233956564
Node 1758, 6735.2496399493775
Node 832, 1567.8389501265708
Node 531, 300.74397150233887
Node 471, 222.06191230040065
Node 346, 143.46224191812362
Node 415, 173.09036514613535
Node 350, 144.53516240686537
Node 534, 304.098064017753
Node 457, 200.6914406691398
Node 532, 301.4417084965588
Node 242, 114.98444500225739
Node 515, 269.0804644412065
Node 237, 114.62734710069843
Node 485, 234.66640534305182
Node 427, 180.81524743156726
Node 917, 1944.3853285164478
Node 449, 194.90830718343452
Node 274, 122.29667462084012
Node 278, 123.29784187416708
Node 187, 107.36560804410338
Node 778, 1378.6364399055587
Node 375, 153.78018265053154
Node 208, 110.84332818386031
Node 1848, 7356.6971873604325
Node 1218, 3335.6539855320925
Node 750, 1229.8707885105412
Node 576, 499.7292962507697
Node 209, 110.86230913482146
Node 545, 324.2654952723764
Node 143, 103.14657587593368
Node 418, 177.00555150387623
Node 345, 142.5115276996605
Node 273, 122.04385629288468
Node 630, 748.2527343527039
Node 495, 243.72228960488937
Node 441, 187.7910670890545
Node 288, 124.60149791233333
Node 120, 101.6025243968111
Node 392, 160.95819161798283
Node 224, 112.4404306139541
Node 167, 105.22062544285406
Node 488, 236.67061696740524
Node 321, 133.34148019858847
Node 292, 125.27052104166059
Node 261, 118.89943902530605
Node 177, 106.00493065984523
Node 310, 130.69405155173612
Node 363, 149.81397046027595
Node 348, 144.09645599693084
Node 1003, 2309.0285419188413
Node 473, 223.79198981437202
Node 469, 217.26733850006502
Node 353, 145.77126214901662
Node 232, 113.73160625433468
Node 91, 89.9329424634649
Node 215, 111.27947466431208
Node 339, 141.21207730247926
Node 419, 177.02766664563237
Node 414, 172.98188524075678
Node 325, 134.19320344871645
Node 219, 111.68344168465555
Node 362, 149.23139902190132
Node 335, 138.43658812383148
Node 230, 113.63723631412947
Node 190, 107.67876479869109
Node 510, 261.6559144563189
Node 357, 148.09361310406092
Node 1259, 3465.5265483217245
Node 500, 247.39564516228012
Node 338, 140.32493626900745
Node 334, 138.16625163462314
Node 279, 123.45759666760222
Node 402, 167.8502928321539
Node 388, 158.83423235340956
Node 150, 103.69014651370301
Node 989, 2266.659820693005
Node 174, 105.86630818964734
Node 326, 135.12481495118246
