node_generations, branch_length
1616.1051578576983, 34038.93662149064
1162.082565557679, 454.02259230001937
0.0, 1162.082565557679
1134.2185091823333, 27.864056375345626
1027.2060901203274, 107.01241906200585
0.0, 1027.2060901203274
409.26756073977907, 617.9385293805483
0.0, 409.26756073977907
0.0, 409.26756073977907
1109.0038250320406, 25.21468415029267
330.57223445458004, 778.4315905774606
0.0, 330.57223445458004
0.0, 330.57223445458004
1019.7430688316038, 89.26075620043684
0.0, 1019.7430688316038
0.0, 1019.7430688316038
1170.6923939842814, 445.4127638734169
0.0, 1170.6923939842814
0.0, 1170.6923939842814
4170.374332128854, 31484.667447219483
1155.0907852350542, 3015.2835468937997
1010.6491170839122, 144.44166815114204
0.0, 1010.6491170839122
115.30951805230845, 895.3395990316037
0.0, 115.30951805230845
0.0, 115.30951805230845
1092.6393161657434, 62.45146906931086
0.0, 1092.6393161657434
1033.9961510290648, 58.64316513667859
0.0, 1033.9961510290648
0.0, 1033.9961510290648
1554.7873490061502, 2615.5869831227037
0.0, 1554.7873490061502
1010.9512362458773, 543.8361127602728
0.0, 1010.9512362458773
530.1062440548068, 480.84499219107056
0.0, 530.1062440548068
0.0, 530.1062440548068
