node_generations, branch_length
3937.9318720252595, 25359.50477283535
2265.961199362085, 1671.9706726631744
0.0, 2265.961199362085
0.0, 2265.961199362085
3705.8366659688263, 232.0952060564332
0.0, 3705.8366659688263
1527.368982270956, 2178.4676836978706
0.0, 1527.368982270956
270.7416992836485, 1256.6272829873074
0.0, 270.7416992836485
0.0, 270.7416992836485
8201.956424914017, 21095.480219946592
2541.8109372306126, 5660.145487683404
515.2533329113946, 2026.557604319218
231.2270177083146, 284.02631520308
0.0, 231.2270177083146
0.0, 231.2270177083146
233.1871072519066, 282.06622565948805
0.0, 233.1871072519066
214.3737136827049, 18.813393569201708
0.0, 214.3737136827049
0.0, 214.3737136827049
2093.083766476112, 448.72717075450055
0.0, 2093.083766476112
104.96663892119355, 1988.1171275549184
0.0, 104.96663892119355
0.0, 104.96663892119355
4613.591298336689, 3588.365126577328
0.0, 4613.591298336689
2610.9264296336005, 2002.6648687030884
33.95754980020112, 2576.9688798333996
0.0, 33.95754980020112
0.0, 33.95754980020112
329.25702693099765, 2281.669402702603
0.0, 329.25702693099765
196.00817745098016, 133.2488494800175
0.0, 196.00817745098016
0.0, 196.00817745098016
