node_generations, branch_length
1186.5706391336803, 7308.093327715429
758.4628452615261, 428.10779387215416
680.7248813046273, 77.73796395689885
0.0, 680.7248813046273
0.0, 680.7248813046273
712.5522527524315, 45.91059250909461
0.0, 712.5522527524315
0.0, 712.5522527524315
1135.2835658521046, 51.28707328157566
0.0, 1135.2835658521046
611.272981368982, 524.0105844831227
0.0, 611.272981368982
609.7295365412537, 1.5434448277283082
0.0, 609.7295365412537
530.61447717961, 79.1150593616436
0.0, 530.61447717961
0.0, 530.61447717961
1313.4711142506367, 7181.192852598473
841.2230531845711, 472.2480610660656
0.0, 841.2230531845711
767.7188466160103, 73.50420656856079
0.0, 767.7188466160103
523.3062518716396, 244.41259474437072
0.0, 523.3062518716396
0.0, 523.3062518716396
923.790180952086, 389.6809332985507
618.1011364133818, 305.68904453870414
0.0, 618.1011364133818
550.4879901596901, 67.61314625369175
0.0, 550.4879901596901
0.0, 550.4879901596901
664.8118434774176, 258.97833747466836
0.0, 664.8118434774176
596.6806901360123, 68.13115334140525
0.0, 596.6806901360123
550.2253525705117, 46.4553375655006
0.0, 550.2253525705117
0.0, 550.2253525705117
