Node, generations
Node 831, 19610.209768807188
Node 146, 540.5267642932948
Node 130, 532.7660639975825
Node 113, 524.8913747436666
Node 432, 2092.235655877119
Node 370, 1319.6513988543777
Node 262, 707.7022859036423
Node 116, 525.9859209758014
Node 339, 1117.4592692462168
Node 227, 624.8109084691687
Node 138, 536.4555222946385
Node 206, 600.4990648747062
Node 321, 977.3111249574058
Node 274, 741.3602903986678
Node 238, 656.4197533709053
Node 148, 541.2024991873801
Node 423, 1979.9789553090347
Node 213, 609.1010824891813
Node 112, 524.6185575823591
