Node, generations
Node 1380, 25729.686685130284
Node 516, 1668.5953865930665
Node 452, 1355.4177934997422
Node 168, 1009.0637934294942
Node 510, 1640.017449445379
Node 434, 1265.5156985880096
Node 421, 1234.4655715524784
Node 282, 1052.6291124494658
Node 59, 704.7845905174474
Node 289, 1058.9976825816814
Node 21, 97.99303200968197
Node 552, 1972.9863681186744
Node 486, 1503.028236872184
Node 454, 1356.2536356742607
Node 274, 1047.6588184765799
Node 232, 1025.5768101772487
Node 246, 1034.2785995280703
Node 513, 1646.3910497682436
Node 398, 1184.3906197480019
