node_generations, branch_length
11890.432194777783, 8605.76872409421
4425.190180180826, 7465.242014596956
1806.7741425716993, 2618.4160376091268
27.194476020615248, 1779.579666551084
0.0, 27.194476020615248
0.0, 27.194476020615248
878.618655550945, 928.1554870207542
5.7779248182769205, 872.8407307326681
0.0, 5.7779248182769205
0.6930785830941641, 5.084846235182757
0.0, 0.6930785830941641
0.0, 0.6930785830941641
53.829277334418194, 824.7893782165269
0.0, 53.829277334418194
0.0, 53.829277334418194
3898.554996913221, 526.635183267605
0.0, 3898.554996913221
0.0, 3898.554996913221
9716.742206473527, 2173.689988304255
2255.1791973337063, 7461.563009139822
91.17189720048837, 2164.007300133218
0.0, 91.17189720048837
40.35786636015005, 50.814030840338326
0.0, 40.35786636015005
0.0, 40.35786636015005
1540.8248523953384, 714.3543449383678
20.942490086005872, 1519.8823623093326
0.0, 20.942490086005872
0.0, 20.942490086005872
107.18059880760448, 1433.644253587734
0.0, 107.18059880760448
16.60576384397773, 90.57483496362676
0.0, 16.60576384397773
1.8013311668273653, 14.804432677150364
0.0, 1.8013311668273653
0.0, 1.8013311668273653
3766.4326311816676, 5950.30957529186
0.0, 3766.4326311816676
2534.2428694940068, 1232.1897616876608
35.03748218820698, 2499.2053873058
0.0, 35.03748218820698
0.0, 35.03748218820698
127.70934980433644, 2406.5335196896704
0.0, 127.70934980433644
120.4027240850974, 7.306625719239037
0.0, 120.4027240850974
54.86903455038857, 65.53368953470883
0.0, 54.86903455038857
0.0, 54.86903455038857
14705.697531398408, 5790.5033874735855
2578.7618487698037, 12126.935682628604
105.58257846079968, 2473.179270309004
0.0, 105.58257846079968
103.12116676163652, 2.4614116991631647
0.0, 103.12116676163652
0.0, 103.12116676163652
127.8594217132516, 2450.902427056552
0.0, 127.8594217132516
64.54509532513863, 63.314326388112974
0.0, 64.54509532513863
0.0, 64.54509532513863
3139.750724623539, 11565.946806774868
62.72345203265759, 3077.0272725908817
0.0, 62.72345203265759
26.298463700855308, 36.42498833180228
0.0, 26.298463700855308
0.0, 26.298463700855308
1146.4329637068042, 1993.3177609167349
0.0, 1146.4329637068042
126.83212724269342, 1019.6008364641108
37.019726957323115, 89.8124002853703
0.0, 37.019726957323115
0.0, 37.019726957323115
91.74032123876925, 35.09180600392416
0.0, 91.74032123876925
22.119820275258878, 69.62050096351038
0.0, 22.119820275258878
0.0, 22.119820275258878
