Node, generations
Node 745, 14200.85334733669
Node 403, 1248.056460348114
Node 395, 1200.9353147519037
Node 328, 853.8466232383277
Node 182, 566.2273860450498
Node 120, 522.556829909562
Node 522, 2451.0055612801584
Node 317, 786.1094839418448
Node 193, 574.0317780560491
Node 280, 685.6883270954698
Node 21, 178.4940594476817
Node 271, 675.792792799213
Node 255, 645.4017447381221
Node 165, 550.5171375898638
Node 270, 671.1113273511144
Node 142, 530.7731573005898
Node 371, 1099.450707131253
Node 316, 785.9907106759395
Node 162, 548.5393546344125
