Node, generations
Node 1364, 22951.080594075378
Node 849, 2818.3809027240004
Node 844, 2794.120337455675
Node 709, 2256.704735753154
Node 21, 102.80413173760077
Node 723, 2282.4089360981443
Node 901, 3260.0879315459742
Node 804, 2553.8771078127334
Node 608, 2112.0539489026633
Node 807, 2567.4867128711603
Node 753, 2343.3472339225473
Node 745, 2317.6437897176675
Node 473, 2025.8318803739219
Node 771, 2388.041039141461
Node 639, 2143.874163986958
Node 369, 2007.655240153584
Node 379, 2008.963578895462
Node 82, 900.7874957820603
Node 154, 1315.9842673598303
