Node, generations
Node 1779, 52670.57183622335
Node 772, 2701.2437262066733
Node 828, 3264.181731220949
Node 728, 2457.8239011936407
Node 364, 2011.6097862703562
Node 662, 2249.4880013778416
Node 347, 2009.0064650782426
Node 33, 315.9640877261083
Node 827, 3260.16964974611
Node 660, 2244.0100383475055
Node 611, 2161.453486279143
Node 604, 2151.5443316167457
Node 126, 1179.8506523537317
Node 22, 126.730799922903
Node 671, 2276.2872036186263
Node 459, 2032.0435250958951
Node 439, 2025.382905811004
Node 45, 458.43524367179776
Node 218, 1701.7178739138024
