node_generations, branch_length
8485.408602624408, 26853.937118692138
32.175843385155595, 8453.232759239252
0.0, 32.175843385155595
0.0, 32.175843385155595
175.92660018646043, 8309.482002437948
0.0, 175.92660018646043
13.754180680922575, 162.17241950553785
0.0, 13.754180680922575
0.0, 13.754180680922575
11658.600112860318, 23680.74560845623
6762.626687115972, 4895.973425744346
3072.9536737170747, 3689.6730133988976
535.6640818440272, 2537.2895918730474
25.875550880701287, 509.78853096332597
0.0, 25.875550880701287
0.0, 25.875550880701287
108.78273158275094, 426.8813502612763
0.0, 108.78273158275094
3.2956549924042164, 105.48707659034673
0.0, 3.2956549924042164
0.0, 3.2956549924042164
2759.075706413696, 313.8779673033787
83.78689957585712, 2675.288806837839
0.0, 83.78689957585712
20.316438635383243, 63.47046094047388
0.0, 20.316438635383243
15.482590657744142, 4.833847977639101
0.0, 15.482590657744142
0.0, 15.482590657744142
108.84783558492941, 2650.2278708287668
0.0, 108.84783558492941
0.0, 108.84783558492941
4667.825734016958, 2094.800953099014
29.59429556017477, 4638.2314384567835
0.0, 29.59429556017477
0.0, 29.59429556017477
2186.4233445330337, 2481.4023894839247
67.00139197328429, 2119.4219525597496
0.0, 67.00139197328429
0.0, 67.00139197328429
125.46375966478827, 2060.9595848682457
59.60806328020732, 65.85569638458095
0.0, 59.60806328020732
0.0, 59.60806328020732
102.37822966888524, 23.08552999590303
0.0, 102.37822966888524
0.0, 102.37822966888524
8534.701619032248, 3123.89849382807
96.0586712680193, 8438.642947764229
0.0, 96.0586712680193
90.22475149543504, 5.833919772584252
0.0, 90.22475149543504
0.0, 90.22475149543504
5462.368009544744, 3072.333609487504
105.19387600033467, 5357.174133544409
0.0, 105.19387600033467
33.0823333666603, 72.11154263367436
0.0, 33.0823333666603
13.994628126988168, 19.087705239672133
0.0, 13.994628126988168
8.412223006896781, 5.582405120091387
0.0, 8.412223006896781
0.0, 8.412223006896781
4759.270593206985, 703.0974163377596
44.241202482305724, 4715.029390724679
0.0, 44.241202482305724
0.0, 44.241202482305724
4018.10708468675, 741.1635085202347
112.54204550041104, 3905.565039186339
46.199670578221436, 66.3423749221896
0.0, 46.199670578221436
0.0, 46.199670578221436
90.79372364570355, 21.748321854707484
0.0, 90.79372364570355
0.0, 90.79372364570355
199.8467507959535, 3818.2603338907966
0.0, 199.8467507959535
0.0, 199.8467507959535
