Node, generations
Node 791, 2327.232846666692
Node 623, 876.9191719307507
Node 587, 777.766354550116
Node 137, 502.033868938432
Node 444, 588.6000401871322
Node 389, 552.0353336248703
Node 46, 138.3405289014923
Node 591, 783.8560839327821
Node 395, 554.7685534637172
Node 763, 1816.730002877008
Node 713, 1278.0601299495286
Node 659, 996.1123242345491
Node 564, 732.2950820414071
Node 554, 722.1682116298298
Node 550, 713.8911553720303
Node 212, 509.1453393963789
Node 559, 726.4961445076943
Node 450, 595.3180367166145
Node 638, 930.9432561981348
Node 133, 501.85819637224233
Node 464, 609.7600015308147
Node 660, 996.2791168834605
Node 595, 796.502413463943
Node 543, 706.7819247275738
Node 658, 995.2967947650559
Node 404, 561.1552084812641
Node 89, 392.39118430950185
Node 714, 1281.6821027362814
Node 555, 722.2425686938303
Node 329, 530.0249050666456
Node 156, 503.6008825608921
Node 57, 228.67989773517613
Node 130, 501.72186276591407
Node 162, 503.8934066566508
Node 534, 693.0478272707215
Node 215, 509.41792443220845
Node 182, 506.2821055285559
Node 373, 544.3665081705631
Node 176, 505.6203266643906
