node_generations, branch_length
0.0, 33024.695116122726
22887.160105315874, 10137.535010806852
5043.966369216413, 17843.19373609946
0.0, 5043.966369216413
3883.366727654897, 1160.599641561516
141.38010296958302, 3741.9866246853144
0.0, 141.38010296958302
0.0, 141.38010296958302
2789.7584185577125, 1093.6083090971847
0.0, 2789.7584185577125
743.0664670390207, 2046.691951518692
0.0, 743.0664670390207
671.2109718435881, 71.85549519543258
0.0, 671.2109718435881
124.53126389131475, 546.6797079522734
0.0, 124.53126389131475
0.0, 124.53126389131475
15885.333723696887, 7001.8263816189865
7788.829851237761, 8096.503872459126
114.37033553370561, 7674.459515704056
0.0, 114.37033553370561
0.0, 114.37033553370561
707.1422418305265, 7081.687609407235
0.0, 707.1422418305265
598.3035943035619, 108.83864752696456
0.0, 598.3035943035619
453.2357515917972, 145.06784271176468
0.0, 453.2357515917972
175.69260111568994, 277.54315047610726
0.0, 175.69260111568994
0.0, 175.69260111568994
8854.82419342016, 7030.509530276728
0.0, 8854.82419342016
1661.658984748611, 7193.1652086715485
0.0, 1661.658984748611
101.62494167173675, 1560.0340430768742
0.0, 101.62494167173675
0.0, 101.62494167173675
