node_generations, branch_length
7993.591103292164, 5939.328331211757
277.3951907384619, 7716.195912553702
0.0, 277.3951907384619
215.53393866067742, 61.861252077784485
0.0, 215.53393866067742
0.0, 215.53393866067742
3566.2638493872514, 4427.327253904912
0.0, 3566.2638493872514
0.0, 3566.2638493872514
11007.512773836848, 2925.406660667073
415.5781913691157, 10591.934582467733
0.0, 415.5781913691157
359.681508837343, 55.89668253177268
0.0, 359.681508837343
250.24674236226844, 109.43476647507458
0.0, 250.24674236226844
0.0, 250.24674236226844
2243.418736071115, 8764.094037765733
345.75827544233965, 1897.6604606287751
0.0, 345.75827544233965
335.60155181553813, 10.156723626801522
291.61228502239766, 43.98926679314047
0.0, 291.61228502239766
210.6926134290959, 80.91967159330176
0.0, 210.6926134290959
0.0, 210.6926134290959
318.5734416181512, 17.028110197386923
0.0, 318.5734416181512
273.1109999320781, 45.462441686073134
0.0, 273.1109999320781
0.0, 273.1109999320781
369.13637423134867, 1874.282361839766
251.25647447103646, 117.87989976031221
0.0, 251.25647447103646
0.0, 251.25647447103646
293.8960362008013, 75.24033803054738
0.0, 293.8960362008013
0.0, 293.8960362008013
