node_generations, branch_length
1278.0997208760991, 2190.5354498482534
728.1257503154409, 549.9739705606582
0.0, 728.1257503154409
531.0278017337372, 197.0979485817037
0.0, 531.0278017337372
0.0, 531.0278017337372
1213.5418280685205, 64.55789280757858
700.6990369868817, 512.8427910816389
0.0, 700.6990369868817
0.0, 700.6990369868817
1007.8609572153143, 205.68087085320622
600.4731648915857, 407.3877923237286
0.0, 600.4731648915857
564.5590804660121, 35.914084425573606
0.0, 564.5590804660121
513.8725214256909, 50.686559040321185
0.0, 513.8725214256909
0.0, 513.8725214256909
636.9582991014163, 370.90265811389804
0.0, 636.9582991014163
559.4743128878537, 77.48398621356262
0.0, 559.4743128878537
0.0, 559.4743128878537
2109.2014354621724, 1359.43373526218
1023.8133168502784, 1085.388118611894
499.46868519042727, 524.3446316598511
0.0, 499.46868519042727
0.0, 499.46868519042727
795.4350782979363, 228.37823855234205
516.2115773792352, 279.2235009187011
0.0, 516.2115773792352
0.0, 516.2115773792352
564.0773109327533, 231.357767365183
0.0, 564.0773109327533
525.9074007009883, 38.169910231765016
0.0, 525.9074007009883
0.0, 525.9074007009883
1893.347151827512, 215.8542836346603
534.0791375459426, 1359.2680142815695
0.0, 534.0791375459426
0.0, 534.0791375459426
1062.9813934022775, 830.3657584252346
0.0, 1062.9813934022775
847.2113339220531, 215.7700594802244
668.8293580120667, 178.3819759099864
568.5862679982323, 100.24309001383438
0.0, 568.5862679982323
0.0, 568.5862679982323
623.8341115459114, 44.99524646615532
0.0, 623.8341115459114
0.0, 623.8341115459114
822.6129286737972, 24.598405248255858
616.4970833481269, 206.1158453256703
0.0, 616.4970833481269
50.059618317167555, 566.4374650309594
0.0, 50.059618317167555
0.0, 50.059618317167555
786.3139042359376, 36.29902443785966
562.8784390266508, 223.4354652092868
0.0, 562.8784390266508
331.04843479575703, 231.83000423089373
0.0, 331.04843479575703
69.97804834021034, 261.07038645554667
0.0, 69.97804834021034
0.0, 69.97804834021034
748.8132458949748, 37.50065834096279
552.8375756677291, 195.9756702272457
0.0, 552.8375756677291
162.45967466257918, 390.3779010051499
0.0, 162.45967466257918
0.0, 162.45967466257918
599.2085972666493, 149.60464862832544
0.0, 599.2085972666493
558.1747503929711, 41.03384687367827
0.0, 558.1747503929711
535.9185744037159, 22.256175989255212
0.0, 535.9185744037159
0.0, 535.9185744037159
