node_generations, branch_length
2278.243616144229, 15791.458972117945
0.0, 2278.243616144229
2186.148075831354, 92.09554031287462
1963.9887987567133, 222.15927707464084
0.0, 1963.9887987567133
269.19956341024147, 1694.7892353464717
0.0, 269.19956341024147
0.0, 269.19956341024147
2074.0130932220404, 112.13498260931374
283.521621287289, 1790.4914719347514
0.0, 283.521621287289
0.0, 283.521621287289
2049.889429972298, 24.12366324974255
526.2118685087262, 1523.6775614635717
0.0, 526.2118685087262
0.0, 526.2118685087262
2005.9531977174238, 43.936232254874085
0.0, 2005.9531977174238
0.0, 2005.9531977174238
8248.440856387446, 9821.261731874729
2500.9627295619835, 5747.478126825463
2230.7142706751824, 270.248458886801
2170.9162496732856, 59.798021001896814
0.0, 2170.9162496732856
0.0, 2170.9162496732856
2227.257671064607, 3.4565996105752674
0.0, 2227.257671064607
2090.7506393253007, 136.5070317393065
0.0, 2090.7506393253007
2075.8486620074286, 14.901977317872024
0.0, 2075.8486620074286
2042.1849901267235, 33.663671880705124
0.0, 2042.1849901267235
560.2544144239116, 1481.930575702812
0.0, 560.2544144239116
0.0, 560.2544144239116
2282.90100686141, 218.06172270057323
0.0, 2282.90100686141
2168.005395622526, 114.89561123888416
2072.3785623790054, 95.62683324352065
0.0, 2072.3785623790054
0.0, 2072.3785623790054
2167.991083485247, 0.014312137278921
828.8902599710513, 1339.1008235141958
0.0, 828.8902599710513
637.4510084568493, 191.43925151420194
0.0, 637.4510084568493
0.0, 637.4510084568493
2146.1089812951927, 21.88210219005441
0.0, 2146.1089812951927
2145.1926360559287, 0.9163452392640465
2003.1909525245844, 142.00168353134427
0.0, 2003.1909525245844
0.0, 2003.1909525245844
2140.1914999653277, 5.001136090600994
0.0, 2140.1914999653277
2037.441475361035, 102.75002460429278
0.0, 2037.441475361035
2023.55369026803, 13.887785093004823
2014.577119600116, 8.976570667914075
0.0, 2014.577119600116
508.81486342538847, 1505.7622561747276
0.0, 508.81486342538847
0.0, 508.81486342538847
2020.8399350795453, 2.713755188484811
0.0, 2020.8399350795453
0.0, 2020.8399350795453
3309.5673288736702, 4938.873527513775
1786.9459251389683, 1522.621403734702
0.0, 1786.9459251389683
0.0, 1786.9459251389683
2230.0281673030845, 1079.5391615705857
723.6803349833324, 1506.3478323197521
0.0, 723.6803349833324
0.0, 723.6803349833324
2196.392351155544, 33.63581614754048
0.0, 2196.392351155544
0.0, 2196.392351155544
