Node, generations
Node 1131, 28462.085665095965
Node 240, 629.6222654480702
Node 235, 621.793181045761
Node 20, 104.78771261092542
Node 481, 2026.8432563007823
Node 267, 676.3048154711897
Node 103, 516.5568041137483
Node 441, 1576.5289532417485
Node 149, 540.1898504125355
Node 363, 1043.238905334197
Node 206, 579.1874056147489
Node 344, 951.3573909867724
Node 114, 519.3651946997278
Node 319, 839.266193867406
Node 208, 580.189042455549
Node 239, 628.3194960261427
Node 144, 535.1677928428273
Node 191, 567.1582353418664
Node 29, 322.27135530159063
