node_generations, branch_length
1833.8155465761195, 26758.214383748593
694.5836373227398, 1139.2319092533796
0.0, 694.5836373227398
0.0, 694.5836373227398
1669.7956249827798, 164.01992159333963
1127.444781320564, 542.3508436622158
0.0, 1127.444781320564
0.0, 1127.444781320564
1502.0579263731122, 167.73769860966763
1215.2500633305608, 286.8078630425514
0.0, 1215.2500633305608
1063.9349963931902, 151.3150669373706
0.0, 1063.9349963931902
0.0, 1063.9349963931902
1444.292965087484, 57.76496128562826
0.0, 1444.292965087484
1263.5875375986857, 180.70542748879825
1047.7500293632304, 215.8375082354553
0.0, 1047.7500293632304
551.3678331628985, 496.3821962003319
0.0, 551.3678331628985
0.0, 551.3678331628985
1136.39548253372, 127.19205506496564
1073.3023291138034, 63.09315341991669
0.0, 1073.3023291138034
0.0, 1073.3023291138034
1086.5280276446515, 49.86745488906854
24.519842582906854, 1062.0081850617446
0.0, 24.519842582906854
0.0, 24.519842582906854
792.7906794883045, 293.737348156347
0.0, 792.7906794883045
0.0, 792.7906794883045
12837.08036194605, 15754.949568378663
1545.684124850442, 11291.396237095607
1085.4934038921726, 460.19072095826937
0.0, 1085.4934038921726
603.4869355831388, 482.00646830903383
0.0, 603.4869355831388
0.0, 603.4869355831388
1264.2978668428848, 281.3862580075572
1192.7086404599406, 71.58922638294416
1110.2089976768666, 82.49964278307402
1099.6432168005615, 10.565780876305098
0.0, 1099.6432168005615
1045.357106300132, 54.28611050042946
0.0, 1045.357106300132
1003.2472222775862, 42.109884022545884
0.0, 1003.2472222775862
0.0, 1003.2472222775862
1106.7941815748538, 3.4148161020127645
0.0, 1106.7941815748538
1009.2069266279492, 97.58725494690464
0.0, 1009.2069266279492
1000.9450931329479, 8.26183349500127
0.0, 1000.9450931329479
0.0, 1000.9450931329479
1140.9067761029635, 51.80186435697715
0.0, 1140.9067761029635
1050.6879534613763, 90.21882264158717
0.0, 1050.6879534613763
1021.7428515885044, 28.945101872871874
0.0, 1021.7428515885044
0.0, 1021.7428515885044
1222.4384566982876, 41.85941014459718
1000.9728135199048, 221.46564317838283
0.0, 1000.9728135199048
362.4770795731839, 638.4957339467209
0.0, 362.4770795731839
0.0, 362.4770795731839
1045.8649020070695, 176.57355469121808
0.0, 1045.8649020070695
0.0, 1045.8649020070695
10582.142704127084, 2254.937657818966
0.0, 10582.142704127084
1004.8161099762392, 9577.326594150843
0.0, 1004.8161099762392
0.0, 1004.8161099762392
