node_generations, branch_length
8996.458584956254, 13298.136215911643
81.06595198934981, 8915.392632966903
0.0, 81.06595198934981
0.0, 81.06595198934981
97.27010404118774, 8899.188480915065
0.0, 97.27010404118774
55.63487957072362, 41.63522447046412
0.0, 55.63487957072362
0.0, 55.63487957072362
14689.873834941796, 7604.720965926101
7015.367597103603, 7674.506237838194
145.01376309141386, 6870.353834012189
0.0, 145.01376309141386
0.0, 145.01376309141386
3532.528323861752, 3482.8392732418506
190.47977286290993, 3342.048550998842
0.0, 190.47977286290993
58.36992659580317, 132.10984626710675
0.0, 58.36992659580317
0.0, 58.36992659580317
3225.049397545079, 307.4789263166731
0.0, 3225.049397545079
2994.279928968017, 230.76946857706207
242.97210305327027, 2751.307825914747
0.0, 242.97210305327027
119.01986021782542, 123.95224283544485
0.0, 119.01986021782542
0.0, 119.01986021782542
1659.8470657112546, 1334.4328632567624
0.0, 1659.8470657112546
50.736464440133446, 1609.1106012711211
0.0, 50.736464440133446
0.0, 50.736464440133446
8782.454463562146, 5907.41937137965
0.0, 8782.454463562146
205.42278150386025, 8577.031682058287
0.0, 205.42278150386025
0.0, 205.42278150386025
