node_generations, branch_length
1361.2307067183783, 133664.61680599488
1196.4865724291383, 164.74413428924004
1130.8582284228585, 65.6283440062798
0.0, 1130.8582284228585
0.0, 1130.8582284228585
1161.9074789856645, 34.57909344347377
1106.3003268981936, 55.60715208747092
0.0, 1106.3003268981936
1053.8794705860287, 52.420856312164915
0.0, 1053.8794705860287
0.0, 1053.8794705860287
1108.2909977600577, 53.616481225606776
0.0, 1108.2909977600577
1085.2466519085572, 23.044345851500566
0.0, 1085.2466519085572
1068.9491168865839, 16.297535021973317
1003.2672137119897, 65.68190317459414
0.0, 1003.2672137119897
0.0, 1003.2672137119897
1040.7835192353493, 28.16559765123452
0.0, 1040.7835192353493
1022.0113976107842, 18.772121624565102
0.0, 1022.0113976107842
363.46804399717104, 658.5433536136131
0.0, 363.46804399717104
0.0, 363.46804399717104
1209.281750302579, 151.94895641579933
0.0, 1209.281750302579
1114.7238182144508, 94.55793208812815
1007.495778810005, 107.22803940444578
0.0, 1007.495778810005
0.0, 1007.495778810005
1110.5039076301616, 4.2199105842892095
0.0, 1110.5039076301616
788.6569664060478, 321.84694122411383
0.0, 788.6569664060478
440.27347490437523, 348.38349150167255
0.0, 440.27347490437523
0.0, 440.27347490437523
3947.468557964993, 131078.37895474827
1697.7170926080257, 2249.7514653569674
1342.2848500872199, 355.43224252080586
1053.162078969893, 289.1227711173269
1006.6996558480416, 46.462423121851316
0.0, 1006.6996558480416
0.0, 1006.6996558480416
1048.2880354639367, 4.8740435059562515
0.0, 1048.2880354639367
808.9830131878692, 239.30502227606746
0.0, 808.9830131878692
0.0, 808.9830131878692
1193.7957430985643, 148.48910698865552
0.0, 1193.7957430985643
1175.9310697179696, 17.864673380594695
932.5359052212036, 243.39516449676603
0.0, 932.5359052212036
0.0, 932.5359052212036
1036.7828750892527, 139.14819462871696
0.0, 1036.7828750892527
0.0, 1036.7828750892527
1506.4697078438023, 191.2473847642234
1106.7447328966098, 399.72497494719255
0.0, 1106.7447328966098
1046.164264807309, 60.580468089300666
0.0, 1046.164264807309
0.0, 1046.164264807309
1134.1944421356186, 372.2752657081837
0.0, 1134.1944421356186
1050.369955719826, 83.82448641579253
0.0, 1050.369955719826
163.4920325827487, 886.8779231370773
0.0, 163.4920325827487
0.0, 163.4920325827487
1849.7887645594449, 2097.6797934055485
0.0, 1849.7887645594449
1052.5603878273419, 797.228376732103
0.0, 1052.5603878273419
0.0, 1052.5603878273419
