node_generations, branch_length
742.285696942161, 30716.100754228726
0.0, 742.285696942161
0.0, 742.285696942161
6923.926381998747, 24534.460069172143
4082.8615460329283, 2841.064835965819
1440.5769216871145, 2642.284624345814
0.0, 1440.5769216871145
401.9075641203633, 1038.6693575667512
0.0, 401.9075641203633
0.0, 401.9075641203633
2417.9974863552975, 1664.8640596776308
446.0540495809303, 1971.9434367743672
332.94554960073634, 113.10849998019398
208.7162434891414, 124.22930611159495
0.0, 208.7162434891414
0.0, 208.7162434891414
239.09448518626326, 93.85106441447309
0.0, 239.09448518626326
226.30722521456678, 12.787259971696471
0.0, 226.30722521456678
0.0, 226.30722521456678
440.44691942376284, 5.607130157167489
0.0, 440.44691942376284
0.0, 440.44691942376284
472.439773030726, 1945.5577133245715
0.0, 472.439773030726
442.977752305308, 29.462020725417972
266.0975928126813, 176.88015949262672
0.0, 266.0975928126813
0.0, 266.0975928126813
280.7988084016979, 162.1789439036101
0.0, 280.7988084016979
0.0, 280.7988084016979
6434.213036031686, 489.7133459670613
0.0, 6434.213036031686
203.7467974608854, 6230.466238570801
0.0, 203.7467974608854
0.0, 203.7467974608854
