node_generations, branch_length
4463.775715488936, 16441.59359680066
0.0, 4463.775715488936
3673.464957495855, 790.3107579930811
0.0, 3673.464957495855
262.393990544792, 3411.070966951063
0.0, 262.393990544792
0.0, 262.393990544792
8251.573400823449, 12653.795911466148
301.1325916047937, 7950.440809218655
0.0, 301.1325916047937
177.10175245924378, 124.03083914554989
143.41825783296528, 33.6834946262785
0.0, 143.41825783296528
134.1558714484323, 9.262386384532988
0.0, 134.1558714484323
0.0, 134.1558714484323
143.8983525002306, 33.20339995901318
0.0, 143.8983525002306
0.0, 143.8983525002306
4754.229089272908, 3497.3443115505406
1306.1270148857006, 3448.1020743872073
0.0, 1306.1270148857006
264.65404369895003, 1041.4729711867506
0.0, 264.65404369895003
0.0, 264.65404369895003
1587.1132049344046, 3167.1158843385033
209.80083217505083, 1377.3123727593538
0.0, 209.80083217505083
111.38066519192685, 98.42016698312398
0.0, 111.38066519192685
0.0, 111.38066519192685
348.2886029745958, 1238.824601959809
163.7747955019862, 184.51380747260959
0.0, 163.7747955019862
0.0, 163.7747955019862
218.23740014497736, 130.05120282961843
0.0, 218.23740014497736
0.0, 218.23740014497736
