Node, generations
Node 1166, 10914.80180866318
Node 401, 250.97767375817497
Node 745, 1166.3853461162503
Node 650, 618.087024277646
Node 591, 482.93840770944195
Node 250, 213.47683949647376
Node 410, 257.0421597314408
Node 623, 552.1735533157232
Node 460, 296.34503466162045
Node 288, 218.84191728288263
Node 445, 280.30191616441107
Node 413, 258.2020789632307
Node 372, 241.910807035361
Node 339, 232.56509892186344
Node 278, 217.37135518617816
Node 144, 203.08662134199048
Node 246, 213.2653773224061
Node 342, 233.850576001553
Node 151, 203.71282317230384
Node 273, 216.6253276666951
Node 375, 243.44576158200283
Node 560, 408.8917950145883
Node 322, 228.39145782860834
Node 529, 363.2394262971099
Node 74, 138.44221787195912
Node 668, 705.9911985939544
Node 564, 418.2416490980733
Node 330, 230.4053868295724
Node 509, 332.8263503857583
Node 356, 237.8095406518475
Node 306, 224.84264851185264
Node 231, 211.59472166419621
Node 636, 585.6258371413057
Node 597, 499.44391003960254
Node 473, 306.30908968009953
Node 82, 167.8925982699948
Node 275, 216.83334547672976
Node 85, 181.39665721504664
Node 570, 431.1064567952731
Node 360, 238.48416957778173
Node 233, 212.24659822737115
Node 350, 236.64427261429245
Node 96, 200.20883592265275
Node 532, 365.23321287493826
Node 438, 273.7670054929208
Node 242, 212.86339483166805
Node 515, 341.1365665162014
Node 341, 233.20772843622777
Node 309, 225.17056684575883
Node 631, 577.3015741036237
Node 321, 228.12512223420012
Node 613, 529.8665438773048
Node 70, 132.21144711308833
Node 496, 323.837908854466
Node 370, 241.44820890482546
Node 63, 90.92638262051297
Node 482, 310.7519408312123
Node 264, 215.11609329858047
Node 327, 229.7437853770326
