Node, generations
Node 1014, 12695.78594125958
Node 643, 968.767869815035
Node 942, 9911.92832849283
Node 666, 1109.5093744854687
Node 525, 668.2719454879744
Node 371, 542.0836140779385
Node 228, 508.8877418716946
Node 514, 653.5722577098936
Node 396, 551.9734648321734
Node 498, 643.629058616448
Node 494, 641.0637127618028
Node 244, 511.5380941409536
Node 658, 1022.8446111657953
Node 607, 832.1862934245626
Node 471, 618.2989910331586
Node 342, 529.0481967938293
Node 461, 609.4882543134605
Node 165, 503.05733460148355
Node 125, 498.010139126774
Node 557, 728.1984142066261
Node 390, 549.7771814326348
Node 135, 501.022931101794
Node 518, 655.5166541017657
Node 70, 263.1621103045646
Node 633, 948.1738334731662
Node 444, 586.235815340711
Node 59, 191.6319514365661
Node 698, 1342.2057462208293
Node 507, 648.1578660060196
Node 505, 646.9993789702846
Node 506, 647.1443855765388
Node 178, 503.8803685116935
Node 43, 96.91672190025625
Node 482, 628.6431505450283
Node 319, 525.5487754013138
Node 415, 563.3013496311805
Node 522, 661.3960153185847
Node 374, 543.49909630522
Node 363, 537.5896708513243
