Node, generations
Node 4369, 103669.42737118634
Node 3036, 2514.253906544826
Node 2839, 2087.102386820311
Node 1624, 1568.0612904157272
Node 171, 262.91503887374904
Node 643, 733.3573077372666
Node 3007, 2383.4987973122766
Node 1220, 1223.7760632258853
Node 112, 171.53395562720655
Node 2629, 2022.8186830374273
Node 1794, 1706.0509371416742
Node 2611, 2020.3030710358635
Node 117, 182.17681495434883
Node 3180, 3925.5502703781644
Node 3026, 2445.8675285121617
Node 2781, 2054.834333340401
Node 2730, 2040.6098794129412
Node 2959, 2223.5905037527914
Node 2831, 2081.0784205502086
Node 2706, 2034.3281180571864
Node 2572, 2015.78336928349
Node 208, 300.4702097505461
Node 2280, 2002.184779867458
Node 2783, 2055.902477997312
Node 2691, 2031.802257131486
Node 2407, 2006.782790994986
Node 2779, 2054.7977437658205
Node 2896, 2139.302904056766
Node 2212, 2000.9333357574576
Node 83, 36.60091408097811
Node 2893, 2137.3741355572247
Node 3112, 3038.6382231433986
Node 2932, 2179.1578178586456
Node 2450, 2008.559861372464
Node 3032, 2499.141389947698
Node 2950, 2214.62559882304
Node 2764, 2050.9958686844006
Node 2679, 2030.0343225507715
Node 1252, 1249.4653256200952
Node 1022, 1052.685047890712
Node 2866, 2112.406417895679
Node 2786, 2056.892195353625
Node 357, 456.147864679884
Node 3022, 2439.9932152591564
Node 2898, 2140.9404010010976
Node 2776, 2054.340892047671
Node 2569, 2015.5631584785324
Node 2958, 2223.5245822767724
Node 2828, 2079.3085159195443
Node 1231, 1231.6809008019336
Node 857, 914.9098697357356
Node 163, 251.03063571559773
Node 2724, 2038.3057789103018
Node 867, 921.5873944767635
Node 2655, 2026.7944225124804
Node 169, 259.13164998629793
Node 2921, 2158.7015760854756
Node 2886, 2130.0544458203026
Node 2833, 2081.601700161156
Node 904, 946.0113054331064
Node 122, 187.04294995665026
Node 2746, 2045.2508961668311
Node 2653, 2026.6839615424096
Node 98, 121.29134644601596
Node 1417, 1397.9793977816043
Node 370, 464.7135065213802
Node 495, 598.7578453154578
Node 428, 529.0167645543918
Node 2681, 2030.770340939431
Node 2663, 2028.3760037941415
Node 2579, 2017.0729394077564
Node 1805, 1715.9449507527536
Node 482, 583.1149720745223
Node 2475, 2009.6134745454883
Node 2198, 2000.5589160170819
Node 296, 396.7362835995406
Node 2884, 2127.6905384487404
Node 2392, 2006.1690590008536
Node 1641, 1583.2255436162006
