Node, generations
Node 2103, 20979.50246762912
Node 1344, 1428.6190831216072
Node 1269, 1221.0571866339278
Node 80, 152.40384942791138
Node 1247, 1196.5049377367554
Node 1169, 1097.8144309547224
Node 934, 1018.5638461961166
Node 1193, 1125.9648656087868
Node 682, 1001.9333181626562
Node 60, 55.311259141138706
Node 1332, 1375.7816127224746
Node 1008, 1028.6208463115831
Node 1284, 1253.5050484923202
Node 1038, 1035.0006993141005
Node 924, 1016.5394636480042
Node 1272, 1224.189599961789
Node 1147, 1081.0615890035851
Node 1120, 1068.1589755708735
Node 61, 65.30535047094655
Node 1478, 3498.3543306370643
Node 1375, 1595.9082769750426
Node 1213, 1146.2900387438813
Node 660, 1001.2781730671915
Node 303, 611.4537878050928
Node 1004, 1026.9095368577523
Node 353, 685.7287888928182
Node 89, 185.91589010686562
Node 1308, 1310.6689002905748
Node 1118, 1067.1253008747763
Node 860, 1010.409713396898
Node 118, 268.88034249906025
Node 341, 672.0758414388408
Node 1062, 1042.773029080408
Node 275, 561.2152065369287
Node 1048, 1036.9013924501087
Node 1015, 1029.1344157227795
Node 528, 920.3186852829348
Node 115, 267.7496086993981
Node 124, 280.39540031207383
Node 1267, 1214.3124317777315
Node 821, 1007.669558577616
Node 1227, 1164.1448420953636
Node 1018, 1029.3739235412932
Node 350, 682.3570884879472
Node 94, 220.32306594886654
Node 407, 760.5657400844689
Node 1175, 1105.1820593480136
Node 1111, 1063.617295887285
Node 884, 1012.5649339264394
Node 1127, 1069.8570062118472
Node 842, 1009.1038168784017
Node 978, 1023.0630862760312
Node 1390, 1712.4808795980189
Node 1204, 1134.4036717093395
Node 1092, 1057.2199849797942
Node 1197, 1130.440974104954
Node 1373, 1585.2281400785162
Node 1185, 1112.6254498838991
Node 1083, 1051.752338772655
