node_generations, branch_length
4520.250929973559, 28316.61950589317
0.0, 4520.250929973559
125.12146757563075, 4395.129462397928
0.0, 125.12146757563075
68.54280467785283, 56.57866289777792
0.0, 68.54280467785283
0.0, 68.54280467785283
27417.25241207397, 5419.618023792762
112.10432371045675, 27305.148088363512
0.0, 112.10432371045675
0.0, 112.10432371045675
8864.688694899567, 18552.563717174402
738.379446549034, 8126.309248350533
0.0, 738.379446549034
482.5629255510869, 255.81652099794712
52.58263295425811, 429.9802925968288
0.0, 52.58263295425811
0.0, 52.58263295425811
226.65874113172683, 255.90418441936006
0.0, 226.65874113172683
147.19800838716625, 79.46073274456057
0.0, 147.19800838716625
89.7918571502665, 57.40615123689976
0.0, 89.7918571502665
0.0, 89.7918571502665
3042.8074261946435, 5821.881268704923
0.0, 3042.8074261946435
157.9332623863455, 2884.874163808298
51.038948023739856, 106.89431436260563
0.0, 51.038948023739856
0.0, 51.038948023739856
127.22650920843239, 30.7067531779131
76.57430395427006, 50.652205254162325
0.0, 76.57430395427006
0.0, 76.57430395427006
88.2933186322979, 38.93319057613449
0.0, 88.2933186322979
0.0, 88.2933186322979
