Node, generations
Node 880, 3860.348409039681
Node 653, 2214.6685971172838
Node 649, 2203.921931917764
Node 638, 2185.337325944573
Node 556, 2082.6438567250484
Node 465, 2035.0393127463526
Node 427, 2020.6533221447694
Node 324, 2004.7325909740678
Node 800, 2957.761893242723
Node 619, 2157.197392944292
Node 481, 2039.7380783080027
Node 100, 1033.8247880880394
Node 606, 2142.578564409695
Node 769, 2634.707352806007
Node 567, 2092.138539834968
Node 719, 2408.1795096967585
Node 569, 2093.956480756522
Node 646, 2196.4205406571054
Node 599, 2130.7525183852504
