Node, generations
Node 1246, 10631.62484555823
Node 844, 5520.188360353163
Node 636, 3409.0024206028656
Node 347, 1118.9779989560884
Node 341, 1111.1297316283071
Node 280, 1062.9420924623034
Node 219, 1025.5020233087328
Node 120, 1001.8669588624714
Node 331, 1097.6482862136675
Node 530, 2000.5149969008382
Node 1224, 10273.59726284006
Node 279, 1062.303631810597
Node 237, 1033.8648815716542
Node 41, 460.9591723729844
Node 80, 830.3931864131144
Node 396, 1191.0874832211891
Node 211, 1024.5697009592286
Node 209, 1023.6388738064061
Node 348, 1119.6603110687129
