Node, generations
Node 1484, 60644.705198720265
Node 430, 1843.8904775242688
Node 326, 961.8262992565465
Node 278, 759.4351096668662
Node 138, 537.1548440102671
Node 159, 555.6238307774153
Node 141, 538.8224111859912
Node 395, 1470.6987078451368
Node 309, 879.6857091668317
Node 225, 641.9110764195229
Node 136, 536.7355438009918
Node 322, 936.2276451295518
Node 315, 899.8668688013672
Node 287, 780.3470469093596
Node 310, 880.8191932621312
Node 570, 7267.919989436128
Node 312, 892.0879381543218
Node 293, 823.5107525760491
Node 362, 1222.2049465734733
