Node, generations
Node 2226, 16730.559627704606
Node 1749, 1490.7139690589438
Node 1407, 1036.2174264287828
Node 1629, 1200.1231471836934
Node 1200, 1010.8333334500009
Node 1559, 1103.9874100597078
Node 84, 55.79601077558219
Node 1442, 1044.7131482855727
Node 364, 499.28911796040666
Node 1903, 2717.34174282015
Node 1759, 1534.0658255299365
Node 261, 366.0503823231415
Node 128, 170.96139516207276
Node 1733, 1428.0384691804186
Node 1620, 1179.1773357470656
Node 1510, 1070.8888864397031
Node 1319, 1021.706842708601
Node 839, 964.5476849946562
Node 1015, 1003.1581670139814
Node 349, 480.39380255713206
Node 1469, 1055.2688461197404
Node 1423, 1038.874086528067
Node 793, 933.2127029963656
Node 520, 671.3365803593684
Node 1403, 1035.144694258912
Node 1393, 1032.0036244982625
Node 95, 94.4855663976115
Node 1581, 1125.1459467546615
Node 1413, 1037.6109342412838
Node 763, 906.1727528367736
Node 1732, 1418.69861592337
Node 1686, 1296.4363096362144
Node 1483, 1059.9891619548478
Node 596, 745.2144828601123
Node 1598, 1141.990260504723
Node 1325, 1022.2314288495083
Node 1492, 1064.4418169004143
Node 1715, 1371.0952085279253
Node 1627, 1196.8271037381814
Node 1525, 1079.0471086966559
Node 356, 492.9278951058604
Node 86, 64.05642620371583
Node 1392, 1031.7584461968127
Node 844, 972.2604359778899
Node 1597, 1140.742155636772
Node 1499, 1066.153586805293
Node 896, 1000.3533284903123
Node 1511, 1071.329105843698
Node 1809, 1893.5506489179222
Node 1552, 1100.2130682574198
Node 1550, 1096.5074577947503
Node 1500, 1067.1932119685503
Node 1335, 1023.4501690370655
Node 438, 577.3565520287959
Node 1546, 1095.0284997063259
Node 1085, 1005.2793028245687
Node 1309, 1020.7723589327467
Node 572, 720.8383866670573
Node 1807, 1887.9578922309481
Node 1212, 1011.497449608614
Node 357, 493.18131860245666
Node 167, 244.320279279525
Node 1698, 1319.2758100338492
Node 1639, 1218.6132755456908
Node 359, 494.9822608803596
Node 1258, 1015.6899081222117
Node 944, 1001.4886552396895
Node 1676, 1272.7897035596707
Node 1594, 1139.2852792402985
Node 878, 1000.0433445123473
Node 126, 166.0464903721683
Node 1144, 1007.496446084785
Node 269, 375.05136696270876
Node 255, 360.9380159004661
Node 1610, 1164.5244193989156
Node 1547, 1095.3373657083416
Node 1527, 1079.3640160465623
Node 1465, 1052.8987260306346
Node 769, 910.8137013369418
