Node, generations
Node 1656, 55809.24971206493
Node 456, 794.7947289011886
Node 417, 647.1786270618047
Node 105, 209.11547694492828
Node 402, 577.9885866369533
Node 369, 459.55526916076064
Node 108, 209.9887065776349
Node 41, 32.7943563928069
Node 846, 11546.587090612771
Node 378, 497.8132273052925
Node 276, 290.71941933123327
Node 242, 262.6589841316065
Node 162, 222.94350678930468
Node 213, 248.0836228454149
Node 56, 154.99675406827527
Node 372, 476.30054278999006
Node 355, 424.2250245935709
Node 320, 350.7744473859669
Node 184, 228.98421343564434
Node 164, 223.35275711606397
Node 150, 219.6057435643844
Node 340, 387.969723582959
Node 292, 308.0541739072157
Node 545, 1473.1771681718285
Node 308, 328.2182633911758
Node 495, 1050.665848682354
Node 363, 442.359167053922
Node 294, 309.5698534108285
Node 212, 246.98358109579362
Node 126, 213.92178510441587
Node 158, 221.2652997891354
Node 290, 304.7077571322549
Node 336, 379.2453141361999
Node 206, 241.05720647186655
Node 84, 203.6676240885744
Node 42, 36.245265857850704
Node 224, 253.10340215338596
Node 207, 243.73306304834853
Node 215, 248.9809540494235
