Node, generations
Node 2877, 43231.20001462943
Node 1618, 10892.358624214636
Node 1032, 5314.400877917688
Node 206, 215.04671642073845
Node 55, 56.81506105660665
Node 62, 61.691789287336476
Node 1489, 9729.292770785121
Node 1304, 7872.975261090171
Node 181, 163.71068639403035
Node 161, 142.86133223060102
Node 531, 2107.3502748314736
Node 147, 118.20098048062638
Node 85, 72.0393071466927
Node 205, 210.37425234647648
Node 183, 167.32662106908415
Node 94, 74.34557647668464
Node 138, 107.70237442658164
Node 67, 62.63916344620314
Node 204, 206.45349235497707
Node 166, 145.694597165041
Node 159, 138.23938836643592
Node 107, 86.02935301567639
Node 43, 50.23620919508006
Node 144, 113.52747982749635
Node 169, 147.95320777634475
Node 73, 67.44688553076293
Node 1856, 14355.016666597532
Node 111, 89.14467740926709
Node 87, 72.79497802127182
Node 68, 63.03197891383756
Node 106, 85.31185451654783
Node 79, 68.81064035275786
Node 446, 1695.6199263297895
Node 132, 102.62762551515262
Node 110, 88.23936484923195
Node 133, 102.76176657168112
Node 121, 94.02594270534149
Node 90, 73.33570840871846
Node 46, 52.22099721947509
