Node, generations
Node 1126, 11838.469026054961
Node 353, 404.0573301589061
Node 96, 7.418716448057506
Node 724, 2419.2067967842986
Node 700, 2266.2195534327357
Node 344, 377.0247237958545
Node 97, 7.508718361798699
Node 422, 840.216691865504
Node 124, 20.690536447245083
Node 709, 2308.744082557081
Node 390, 701.733451899191
Node 310, 172.7169755889356
Node 83, 2.447682567822685
Node 82, 2.271140183576475
Node 179, 51.46363620485772
Node 389, 691.3382439545538
Node 311, 175.17140939655758
Node 113, 15.054810030063113
Node 304, 164.04049969955165
Node 242, 96.96714604796786
Node 163, 40.02944971991437
Node 134, 24.216374786165815
Node 239, 93.69586662575605
Node 106, 11.910597778324522
Node 204, 69.94024634155231
Node 95, 7.287942410592254
Node 178, 50.70148125856301
Node 296, 156.1782252119955
Node 227, 84.71013976998303
Node 109, 13.602943994351701
Node 105, 11.76808912415304
Node 92, 6.179148334601633
Node 195, 61.85050559307819
Node 253, 110.59536278023208
Node 181, 51.89929064384664
Node 112, 14.7620002394552
Node 121, 19.883693963665934
Node 94, 6.9364721604917925
Node 365, 487.0975174279472
Node 294, 150.28336665666464
Node 98, 7.894272269830065
Node 650, 2090.2535059695642
Node 453, 968.3577789480245
Node 259, 114.54460470432906
Node 213, 77.16945357036883
Node 127, 21.45671914729832
Node 241, 95.89953138823145
Node 202, 69.38598546846826
Node 143, 29.586949602472647
Node 337, 310.33715728375785
Node 104, 11.050400887165319
Node 99, 8.993385016511803
Node 90, 5.011498859947263
Node 607, 1895.9182897116273
Node 317, 193.76146430714172
Node 111, 14.664454434895875
Node 228, 85.42805368206724
Node 199, 65.52258901010953
Node 171, 46.13789353380988
Node 169, 44.521788367758205
Node 149, 33.9381567902664
Node 168, 44.443858668736745
Node 140, 28.73518161523678
Node 110, 13.996308083119287
Node 80, 1.5768185522764637
Node 125, 21.104731771407867
Node 443, 908.2317398100492
Node 117, 16.749481203019563
Node 238, 93.36566951269069
Node 197, 63.60034792191627
Node 87, 3.7888896560675676
Node 165, 43.2902726266457
Node 86, 3.5725159640989714
Node 84, 2.540973099888942
Node 147, 32.64618624155101
Node 208, 73.06231348633342
Node 151, 36.95036306349113
Node 166, 43.59354050273957
Node 101, 10.177953959973369
