Node, generations
Node 4204, 73188.51820611012
Node 371, 215.00075962937083
Node 204, 202.46945797169877
Node 2431, 11981.880703544895
Node 1304, 3234.1471074902747
Node 570, 281.35567139869795
Node 400, 221.2987048947932
Node 537, 261.1731340919533
Node 468, 235.41383450125525
Node 242, 204.25664703881262
Node 154, 200.30887152490953
Node 483, 240.1118860063414
Node 273, 205.88222559179255
Node 89, 78.90886496604664
Node 423, 225.08428022290136
Node 1110, 2392.450100825153
Node 733, 878.1297612212019
Node 551, 267.4933057031589
Node 412, 222.8932618657353
Node 497, 243.75476742825686
Node 402, 221.61657507627606
Node 566, 276.8499910275564
Node 531, 259.17240496123395
Node 775, 1103.7670538175798
Node 527, 254.89019553833012
Node 492, 242.58333804602248
Node 171, 200.9565719866793
Node 99, 108.86868440510251
Node 192, 201.65578601944088
Node 507, 246.86313051719182
Node 107, 120.59511580598968
Node 587, 297.4803227200402
Node 101, 110.93779145183782
Node 510, 248.14147300076894
Node 455, 231.66292806374426
Node 472, 236.14123020559668
Node 216, 203.06241913056482
Node 282, 206.40004764221325
Node 2020, 7891.251128296138
Node 1374, 3544.7750284166755
Node 574, 282.7887356409892
Node 475, 237.35097068865682
Node 1153, 2578.120601477388
Node 654, 390.24540559025047
Node 435, 228.0603711262704
Node 287, 206.69653808078783
Node 552, 270.04988547998266
Node 100, 108.97062790594579
Node 742, 921.5231081712906
Node 254, 204.76686526389545
Node 600, 318.8767964044193
Node 535, 260.98212633636007
Node 511, 248.81850252293182
Node 517, 251.56230083528982
Node 1651, 5273.669324952922
Node 584, 291.6416184768111
Node 119, 135.34536468325965
Node 558, 273.83621572435413
Node 487, 241.74139921244597
Node 279, 206.1604999309
Node 85, 71.29499822687944
Node 333, 210.70693329811166
Node 177, 201.1336632784096
Node 1121, 2432.035187085234
Node 576, 284.5251114605285
Node 568, 278.8523040655862
Node 459, 232.67659529617268
Node 414, 222.98513388651446
Node 247, 204.48129356389114
Node 339, 211.04247174048677
Node 328, 210.02459100397363
Node 81, 55.77260105745682
Node 522, 252.69173697101496
Node 813, 1210.7232954768667
Node 505, 245.48088837656752
Node 657, 398.1899488990451
Node 610, 326.2613946206175
Node 589, 299.71830555582466
Node 80, 22.416836563500702
