Node, generations
Node 1176, 19985.146945217584
Node 543, 1935.0920822655016
Node 486, 1480.9035949235742
Node 433, 1302.88707305816
Node 302, 1076.3936307207402
Node 62, 714.1730285421175
Node 264, 1045.8189959713598
Node 120, 1004.368658347082
Node 430, 1287.166187987901
Node 388, 1170.657094089945
Node 381, 1160.0027076464614
Node 449, 1357.8609529721316
Node 318, 1085.7139771406967
Node 304, 1077.9303433199486
Node 53, 596.3026146608821
Node 561, 2086.266670349401
Node 468, 1419.0471834433563
Node 253, 1041.8761988567474
Node 393, 1180.515694257099
