Node, generations
Node 3806, 57603.52217801152
Node 1767, 5449.074806098759
Node 1312, 1387.8922163041714
Node 1254, 1265.5375063047925
Node 1303, 1364.571468224639
Node 1194, 1165.553345758196
Node 1092, 1080.2534667745335
Node 974, 1038.2615442053643
Node 1155, 1135.7225360091163
Node 579, 1001.5649009326335
Node 1106, 1090.7197187202362
Node 152, 393.42358792947647
Node 85, 197.77003682221516
Node 1019, 1051.4794894421925
Node 1295, 1344.4503572625285
Node 961, 1033.1084323426421
Node 92, 221.2598861185105
Node 1238, 1231.4427215988396
Node 1112, 1096.1773986877627
Node 158, 407.92022552700655
Node 94, 221.89258102870807
Node 999, 1044.9345673053026
Node 750, 1008.3905907179541
Node 1221, 1202.5276984772868
Node 367, 757.2658367044261
Node 1144, 1127.9629701858914
Node 1051, 1063.2460785390938
Node 258, 589.3021909413733
Node 1516, 3308.803960571016
Node 1181, 1153.6772191490336
Node 876, 1017.5439942960238
Node 769, 1009.3874935959672
Node 1232, 1223.70492796119
Node 752, 1008.412998673174
Node 2031, 7716.325507523615
Node 1491, 3111.6405092642667
Node 815, 1012.1612290021309
Node 1392, 2337.9593534444953
Node 1077, 1073.321291142837
Node 889, 1018.8578656194348
Node 1237, 1231.3852090992004
Node 1198, 1170.2106892933186
Node 1132, 1113.7591998009812
Node 1104, 1089.1478363748763
Node 1086, 1077.9172933409652
Node 1172, 1146.0371531290193
Node 895, 1019.5305564605493
Node 167, 433.16459285662626
Node 1006, 1047.1564709173322
Node 922, 1023.9275640051037
Node 1645, 4365.770858218907
Node 1424, 2595.669488033297
Node 886, 1018.6842071008136
Node 309, 681.1858513538158
Node 159, 413.90297071222517
Node 1118, 1102.4797747661278
Node 627, 1002.9863332806291
Node 259, 591.2434696168036
Node 973, 1038.2215125136843
