Node, generations
Node 4013, 90731.64918350975
Node 1793, 8663.515949983115
Node 383, 174.81149366051238
Node 235, 77.95458012565727
Node 167, 60.67299786363387
Node 337, 132.55399942533072
Node 174, 62.04829536896812
Node 416, 217.94659390932978
Node 333, 129.7300648955812
Node 345, 140.32480328829297
Node 3265, 39219.19147751926
Node 1098, 3331.7675800523843
Node 401, 194.01758731274643
Node 256, 86.22714966699834
Node 980, 2762.1091329578526
Node 313, 114.69920342098803
Node 232, 76.93565265767648
Node 225, 73.76507956023043
Node 172, 61.60183894923631
Node 83, 33.780989997678
Node 196, 67.62255093741709
Node 181, 62.462765600313716
Node 2617, 20650.498469864553
Node 1028, 3030.1189656630927
Node 339, 134.80444568071167
Node 237, 79.50679148569554
Node 226, 74.23835156205334
Node 372, 166.26586049030544
Node 329, 126.98259109231668
Node 257, 86.41017784673336
Node 101, 51.71457009844459
Node 2560, 19484.709994300138
Node 2135, 12381.006072121634
Node 612, 1179.0876123459652
Node 419, 219.95823359739217
Node 303, 108.12895384657683
Node 299, 106.66726075191822
Node 146, 57.556131956251605
Node 373, 166.4018882048278
Node 276, 94.24499488562074
Node 109, 52.55060744849974
Node 439, 333.6871532786138
Node 282, 96.19991371725861
Node 114, 52.97829830930045
Node 82, 33.377516618608794
Node 245, 81.6473822247681
Node 140, 56.57402560122512
Node 102, 51.7445766716903
Node 1932, 10027.031063680079
Node 328, 126.65826182344244
Node 311, 112.93397323211356
Node 1278, 4330.836302474927
Node 261, 87.76149106185984
Node 278, 95.09729794978459
Node 87, 50.15042638303986
Node 2420, 16752.949471109347
Node 1030, 3052.0684767988073
Node 431, 246.22228381717431
Node 298, 104.96560695449337
Node 293, 102.88222929808872
Node 285, 97.97657182189893
Node 208, 69.26719157307035
Node 165, 59.81981622248856
Node 288, 100.12341390282691
Node 131, 55.17624072791243
Node 464, 530.9399823337145
Node 414, 216.22002107781353
Node 142, 56.77038783311431
Node 100, 51.69605775091489
Node 80, 25.883287632625773
Node 376, 167.7015006220485
Node 295, 103.21031215259173
Node 347, 143.4668555426529
Node 450, 465.9650082898734
Node 236, 78.36382593962811
Node 148, 57.652170622221064
Node 186, 64.95086595601258
Node 1410, 5239.5656964530435
Node 179, 62.33361960626181
