Node, generations
Node 2482, 26117.215613974844
Node 2375, 23450.28744546963
Node 930, 3414.58218950991
Node 787, 2604.034403676248
Node 485, 1098.583692394044
Node 72, 52.03842049620417
Node 232, 128.2889255579522
Node 490, 1115.6587710244314
Node 293, 189.65770767498805
Node 208, 113.88514921147711
Node 103, 59.56172446264511
Node 240, 135.09506265153843
Node 170, 87.6266883933364
Node 149, 76.7083252580253
Node 71, 52.02935835921403
Node 61, 32.859783582884035
Node 367, 522.5667322478594
Node 194, 101.21903843537861
Node 80, 54.26431807865017
Node 1945, 14478.14006519596
Node 552, 1494.387287766274
Node 207, 113.11642170454245
Node 197, 103.6520078370102
Node 99, 59.059065525887185
Node 128, 68.97835584437492
Node 353, 390.91444402888334
Node 156, 80.72754868489771
Node 129, 69.11992946826065
Node 189, 97.5802483611999
Node 142, 73.746153310339
Node 121, 67.18932827993021
Node 77, 53.595033130493526
Node 1112, 4667.702986599678
Node 164, 83.29197174886703
Node 933, 3421.3492041915592
Node 472, 1064.149020270484
Node 326, 234.37040753109326
Node 262, 146.603703574813
Node 175, 89.00718883878103
Node 115, 64.39291915994633
Node 82, 54.28679435832426
Node 132, 70.10144393121928
Node 125, 68.15843579990302
Node 254, 144.08820035556272
Node 141, 72.89182478836308
Node 110, 64.05916737710929
Node 227, 123.69162236614561
Node 429, 862.0798594504217
Node 81, 54.26557990170614
Node 752, 2395.121884853937
Node 331, 240.99247031021628
Node 236, 132.3809598838472
Node 165, 83.44059752205759
Node 172, 87.87569374298964
Node 160, 82.12442889061658
Node 334, 245.1477498235182
Node 266, 151.55546214989
Node 177, 89.74280951651448
Node 133, 70.27545755769778
