node_generations, branch_length
0.0, 71352.14718473196
2653.537552110621, 68698.60963262134
0.0, 2653.537552110621
2371.4247407868256, 282.11281132379554
1637.6507046712338, 733.7740361155918
1138.8909940271074, 498.75971064412647
0.0, 1138.8909940271074
1109.0286890514806, 29.862304975626785
1023.4922092569324, 85.5364797945482
0.0, 1023.4922092569324
0.0, 1023.4922092569324
1100.536620976094, 8.492068075386669
0.0, 1100.536620976094
0.0, 1100.536620976094
1484.9936126802795, 152.6570919909543
1011.0562488536816, 473.9373638265979
0.0, 1011.0562488536816
0.0, 1011.0562488536816
1040.3871460419398, 444.6064666383397
0.0, 1040.3871460419398
1001.3796321330321, 39.00751390890764
0.0, 1001.3796321330321
0.0, 1001.3796321330321
1706.9930912585246, 664.431649528301
1026.2235778898432, 680.7695133686814
0.0, 1026.2235778898432
0.0, 1026.2235778898432
1509.0401789599644, 197.95291229856025
0.0, 1509.0401789599644
1360.372488753503, 148.66769020646143
1327.2140075578238, 33.15848119567909
0.0, 1327.2140075578238
1225.1639227578203, 102.05008480000356
1052.1674895397312, 172.99643321808912
769.8864141429576, 282.28107539677353
0.0, 769.8864141429576
0.0, 769.8864141429576
1031.8647920927963, 20.30269744693487
0.0, 1031.8647920927963
1022.1384582973677, 9.726333795428559
0.0, 1022.1384582973677
1009.8559061380652, 12.282552159302554
0.0, 1009.8559061380652
0.0, 1009.8559061380652
1155.1038829909473, 70.06003976687293
1024.2584314639146, 130.84545152703276
0.0, 1024.2584314639146
0.0, 1024.2584314639146
1076.8278950198908, 78.27598797105657
0.0, 1076.8278950198908
0.0, 1076.8278950198908
1345.9859965345868, 14.386492218916146
0.0, 1345.9859965345868
1323.4835547121802, 22.50244182240658
1043.6568071389283, 279.82674757325185
0.0, 1043.6568071389283
0.0, 1043.6568071389283
1132.7235887723753, 190.75996593980494
1012.7643116642392, 119.959277108136
0.0, 1012.7643116642392
372.4757395449985, 640.2885721192408
0.0, 372.4757395449985
0.0, 372.4757395449985
1130.8346320486917, 1.8889567236835774
1046.6951024754005, 84.13952957329116
0.0, 1046.6951024754005
0.0, 1046.6951024754005
1053.866638311216, 76.96799373747558
924.5958871057328, 129.2707512054833
0.0, 924.5958871057328
0.0, 924.5958871057328
1007.1872131657112, 46.679425145504865
0.0, 1007.1872131657112
1005.9318989075426, 1.255314258168596
0.0, 1005.9318989075426
712.371009279594, 293.56088962794865
0.0, 712.371009279594
0.0, 712.371009279594
