Node, generations
Node 2589, 41471.1859235257
Node 575, 3409.4024527024935
Node 185, 679.3749594239239
Node 109, 278.84317871221714
Node 52, 217.9072593783639
Node 298, 1533.6291421955168
Node 37, 209.93560852836433
Node 159, 382.32882935182715
Node 1441, 12278.402838725939
Node 310, 1625.8886773388847
Node 1124, 8382.821196188945
Node 714, 4483.674155710525
Node 614, 3690.7146708912373
Node 577, 3411.7175610083823
Node 184, 674.2251342229589
Node 45, 214.99945983699655
Node 517, 3023.1780879494668
Node 57, 222.46637260128782
Node 162, 392.1399523506687
