node_generations, branch_length
4254.0583672119365, 25911.632559319958
549.9661612060466, 3704.0922060058897
0.0, 549.9661612060466
47.07327323681936, 502.8928879692273
0.0, 47.07327323681936
0.0, 47.07327323681936
1171.7983704734525, 3082.259996738484
230.7467560044255, 941.051614469027
0.0, 230.7467560044255
225.04454315728452, 5.70221284714097
0.0, 225.04454315728452
0.0, 225.04454315728452
290.09211474015905, 881.7062557332933
0.0, 290.09211474015905
251.11315811864077, 38.97895662151828
0.0, 251.11315811864077
0.0, 251.11315811864077
13335.27393791224, 16830.416988619654
0.0, 13335.27393791224
12473.677154010464, 861.5967839017758
7879.171197350122, 4594.505956660341
177.26346245345036, 7701.907734896672
0.0, 177.26346245345036
0.0, 177.26346245345036
623.7754670505306, 7255.395730299591
239.8297320590256, 383.945734991505
0.0, 239.8297320590256
5.721553777844856, 234.10817828118073
0.0, 5.721553777844856
0.0, 5.721553777844856
245.4078798791629, 378.36758717136763
0.0, 245.4078798791629
0.0, 245.4078798791629
10218.754019470076, 2254.9231345403878
434.19696392656147, 9784.557055543515
0.0, 434.19696392656147
352.90664424592416, 81.29031968063731
0.0, 352.90664424592416
0.0, 352.90664424592416
8822.262204044935, 1396.4918154251409
228.17000475585846, 8594.092199289076
0.0, 228.17000475585846
110.78262047357525, 117.38738428228321
0.0, 110.78262047357525
0.0, 110.78262047357525
4033.30034200441, 4788.961862040525
345.7860167057314, 3687.5143252986786
0.0, 345.7860167057314
313.93622619933296, 31.84979050639845
244.8776796320043, 69.05854656732868
218.87137213062832, 26.00630750137597
0.0, 218.87137213062832
0.0, 218.87137213062832
243.44913597353963, 1.4285436584646618
0.0, 243.44913597353963
0.0, 243.44913597353963
280.48904005487714, 33.44718614445583
0.0, 280.48904005487714
0.0, 280.48904005487714
1037.7674410358118, 2995.5329009685984
261.72920139753563, 776.0382396382761
0.0, 261.72920139753563
245.74582035005807, 15.983381047477565
206.08674978728453, 39.659070562773536
0.0, 206.08674978728453
205.6756559294231, 0.41109385786143093
0.0, 205.6756559294231
0.0, 205.6756559294231
228.48642753766907, 17.259392812388995
0.0, 228.48642753766907
222.2319406390376, 6.254486898631484
0.0, 222.2319406390376
0.0, 222.2319406390376
388.8895702842173, 648.8778707515944
0.0, 388.8895702842173
340.4110683900018, 48.478501894215526
0.0, 340.4110683900018
0.0, 340.4110683900018
