Node, generations
Node 972, 13322.750926335719
Node 572, 1361.6656544896484
Node 350, 358.49818222748706
Node 262, 263.6670420509614
Node 139, 212.6251321395938
Node 251, 258.02945031465646
Node 190, 229.22113832371113
Node 515, 897.3036619707816
Node 458, 627.0419417395875
Node 379, 435.7649692034478
Node 339, 350.42699607851216
Node 319, 324.7575710799458
Node 298, 298.8511860243566
Node 168, 219.65279426185177
Node 159, 217.51199134339114
Node 121, 209.91691634677423
Node 300, 301.36032851841554
Node 245, 254.53587051945004
Node 199, 232.7017055377014
Node 165, 218.76562322405502
Node 451, 602.353177148831
Node 235, 250.74276071167705
Node 352, 368.5888376712611
Node 318, 323.28080625930124
Node 510, 875.9862775773275
Node 469, 690.2209986491953
Node 185, 225.44283156632375
Node 290, 294.5782213893686
Node 496, 811.2013337082336
Node 170, 220.42684651367912
Node 317, 322.79755449838586
Node 216, 243.08331656192976
Node 94, 204.59839039943896
Node 593, 1532.2469959179537
Node 422, 531.299851182902
Node 265, 265.0024197172208
Node 186, 225.60285651331685
Node 226, 246.93806085619693
Node 204, 236.9669621705903
