Node, generations
Node 3847, 52648.67073008475
Node 2076, 8681.469064169767
Node 244, 149.64802642425838
Node 3129, 25302.86892056356
Node 2523, 13642.327353662502
Node 1423, 4310.636481729196
Node 341, 214.65449824090368
Node 300, 189.24930326674914
Node 980, 2328.9759447045085
Node 313, 196.75202798924292
Node 166, 122.26048228096258
Node 231, 145.19323453425346
Node 217, 138.6755435774337
Node 1565, 5031.567971324494
Node 332, 208.83738180251018
Node 265, 161.90379984038367
Node 128, 112.17261273371018
Node 66, 89.89243283961441
Node 270, 167.63223142244266
Node 257, 155.99743878413625
Node 247, 150.97180240681016
Node 93, 103.92900936411927
Node 68, 100.06807005603636
Node 2700, 16256.822261623956
Node 820, 1773.6323125437254
Node 580, 1017.4400483991702
Node 373, 239.90526160696947
Node 136, 113.85236918245393
Node 158, 118.86238973678924
Node 118, 108.6652022853969
Node 419, 464.4833283734836
Node 184, 127.06895481290985
Node 415, 445.1513223456539
Node 356, 226.18044251208366
Node 1928, 7420.081020171637
Node 235, 146.97545897140455
Node 1197, 3261.6771843920483
Node 133, 113.16752816856068
Node 1055, 2659.17165872996
Node 352, 223.77924458178964
Node 329, 207.56674595361207
Node 248, 151.71998039269164
Node 60, 1.6989353814224846
Node 108, 106.79109462397973
Node 307, 193.0326742814777
Node 973, 2297.7723547497308
Node 676, 1324.1368124070043
Node 326, 203.7862030797764
Node 249, 151.81633667590603
Node 62, 48.76607299581533
Node 666, 1283.785939771251
Node 285, 178.21286459220033
Node 225, 141.9612255970264
Node 167, 122.28416799115197
Node 398, 355.12713436468636
Node 82, 102.1799573034105
Node 64, 71.01317992457031
Node 817, 1754.3788757783377
Node 258, 157.11404966998697
