node_generations, branch_length
1662.7794061974507, 6965.743324369192
0.0, 1662.7794061974507
1094.715881982047, 568.0635242154037
0.0, 1094.715881982047
539.6975640455535, 555.0183179364935
0.0, 539.6975640455535
522.5649147031359, 17.132649342417608
0.0, 522.5649147031359
519.2133641412948, 3.351550561841009
0.0, 519.2133641412948
0.0, 519.2133641412948
2117.393935606113, 6511.12879496053
1151.3932844984392, 966.0006511076735
507.1986950887578, 644.1945894096814
0.0, 507.1986950887578
0.0, 507.1986950887578
692.3472493601828, 459.04603513825646
0.0, 692.3472493601828
617.4224610561262, 74.92478830405662
0.0, 617.4224610561262
0.0, 617.4224610561262
1335.0915225850715, 782.3024130210413
557.5668816230773, 777.5246409619942
0.0, 557.5668816230773
0.0, 557.5668816230773
989.1899891155124, 345.9015334695591
606.1266433335323, 383.06334578198005
599.7092546004784, 6.41738873305394
0.0, 599.7092546004784
532.2782862772167, 67.43096832326171
0.0, 532.2782862772167
0.0, 532.2782862772167
600.6158128398852, 5.510830493647177
0.0, 600.6158128398852
0.0, 600.6158128398852
718.3103300208754, 270.87965909463696
0.0, 718.3103300208754
0.0, 718.3103300208754
