node_generations, branch_length
1402.6002901734848, 46422.725152901294
1106.9857077564695, 295.6145824170153
0.0, 1106.9857077564695
1069.2674995985146, 37.718208157954905
0.0, 1069.2674995985146
1011.8861364987624, 57.38136309975221
0.0, 1011.8861364987624
0.0, 1011.8861364987624
1190.2525015970878, 212.34778857639708
0.0, 1190.2525015970878
1171.4008619293825, 18.851639667705285
1031.745958698872, 139.6549032305104
0.0, 1031.745958698872
407.2218199182823, 624.5241387805897
0.0, 407.2218199182823
244.3872191297922, 162.8346007884901
0.0, 244.3872191297922
0.0, 244.3872191297922
1146.9099372383619, 24.49092469102061
0.0, 1146.9099372383619
0.0, 1146.9099372383619
9936.973550737057, 37888.35189233772
1501.0181503179642, 8435.955400419092
1251.3122664165182, 249.705883901446
1010.407761928572, 240.90450448794627
0.0, 1010.407761928572
848.8764939560223, 161.5312679725497
0.0, 848.8764939560223
0.0, 848.8764939560223
1181.2408900809608, 70.07137633555749
0.0, 1181.2408900809608
299.3934801641823, 881.8474099167785
0.0, 299.3934801641823
0.0, 299.3934801641823
1447.358129362687, 53.66002095527733
1070.5615982378365, 376.7965311248504
0.0, 1070.5615982378365
1012.133235892354, 58.42836234548247
0.0, 1012.133235892354
0.0, 1012.133235892354
1397.729881584773, 49.628247777913884
888.6798208896491, 509.0500606951239
0.0, 888.6798208896491
385.02138895558824, 503.6584319340609
0.0, 385.02138895558824
0.0, 385.02138895558824
1169.6375085218965, 228.0923730628765
0.0, 1169.6375085218965
1104.0392851917375, 65.59822333015904
0.0, 1104.0392851917375
1015.3616081153236, 88.67767707641383
0.0, 1015.3616081153236
0.0, 1015.3616081153236
7749.782669316133, 2187.1908814209237
1179.6685344585214, 6570.114134857612
1151.0883794529702, 28.580155005551205
0.0, 1151.0883794529702
1012.8210124096562, 138.26736704331404
0.0, 1012.8210124096562
0.0, 1012.8210124096562
1165.420458406645, 14.248076051876524
0.0, 1165.420458406645
1050.992389509925, 114.42806889671988
0.0, 1050.992389509925
0.0, 1050.992389509925
1752.840423616517, 5996.942245699616
0.0, 1752.840423616517
1741.3606220257552, 11.479801590761781
1104.7269875736727, 636.6336344520826
0.0, 1104.7269875736727
1057.1878006469826, 47.539186926690036
0.0, 1057.1878006469826
0.0, 1057.1878006469826
1321.8660603257645, 419.49456169999075
0.0, 1321.8660603257645
1000.4680728883885, 321.39798743737595
0.0, 1000.4680728883885
0.0, 1000.4680728883885
