Node, generations
Node 2050, 7944.046055817471
Node 1721, 1313.0235035016826
Node 1502, 1055.0604569902066
Node 1406, 1028.6966002739132
Node 1368, 1023.1390859424056
Node 1246, 1011.9367672157928
Node 1703, 1252.3052441424657
Node 1643, 1150.16557057717
Node 1409, 1029.1494503254892
Node 1633, 1138.0914291016813
Node 1152, 1005.8862659699561
Node 1011, 1001.5743875480692
Node 175, 257.30849459104843
Node 1648, 1156.2686199623595
Node 1500, 1053.9986626438758
Node 1418, 1031.8114918529704
Node 1634, 1139.525922071754
Node 1575, 1093.2964611058696
Node 1377, 1024.2464420791011
Node 1562, 1081.3923879130812
Node 1479, 1046.2991330756877
Node 493, 590.9143706622011
Node 95, 85.71846041996564
Node 1166, 1006.4852654162033
Node 825, 890.9387233956531
Node 361, 449.81549538906916
Node 321, 416.35763195221773
Node 779, 852.0314184294288
Node 1001, 1001.3539697067753
Node 517, 610.449591867314
Node 391, 479.179140639366
Node 1513, 1059.063184390318
Node 1311, 1016.8430236164887
Node 655, 748.9785915545103
Node 390, 478.24791495758785
Node 1896, 2361.647068620936
Node 1870, 2126.601394771359
Node 1441, 1036.1634777434156
Node 1830, 1790.0999252293404
Node 1256, 1012.6969938275564
Node 1132, 1005.0477996679588
Node 207, 295.65210292989354
Node 112, 138.3051253304458
Node 704, 786.2551756294642
Node 206, 295.34188377898397
Node 1817, 1715.5644886096836
Node 1667, 1188.446921240682
Node 1616, 1123.7943919739016
Node 712, 790.3002830535503
Node 1614, 1123.1814440800395
Node 1352, 1021.1282247070689
Node 191, 276.6026730027094
Node 1610, 1117.6644841743114
Node 1306, 1016.3957980965237
Node 148, 215.81302476829396
Node 1889, 2318.4715136424934
Node 1743, 1370.5050922118253
Node 1627, 1130.1459939777374
Node 1597, 1109.5624665580438
Node 1172, 1006.8328115067185
Node 265, 357.71995584023045
Node 1335, 1018.9634829315485
Node 1300, 1015.7170531443663
Node 1599, 1111.550960913801
Node 798, 867.865630808334
Node 243, 328.42295756855066
Node 340, 435.3464894136795
Node 1595, 1108.2663691655591
Node 1425, 1033.3919377143584
Node 421, 530.7217306558575
Node 105, 121.0252811310065
Node 1761, 1443.9121339601702
Node 1511, 1057.920944315871
Node 1752, 1393.2274560207552
Node 617, 711.1151075749491
Node 1527, 1066.3274551889483
Node 1521, 1064.246046934411
Node 1056, 1002.6922223988297
Node 614, 709.3127571980174
