node_generations, branch_length
1063.0371230220965, 23498.042380131104
0.0, 1063.0371230220965
877.4245921059502, 185.61253091614628
0.0, 877.4245921059502
672.6006800886911, 204.8239120172591
0.0, 672.6006800886911
567.1565779665538, 105.44410212213734
209.30228008405368, 357.8542978825001
0.0, 209.30228008405368
0.0, 209.30228008405368
468.1496751733897, 99.00690279316404
0.0, 468.1496751733897
218.1849977450251, 249.9646774283646
0.0, 218.1849977450251
0.0, 218.1849977450251
13359.534873022742, 11201.544630130458
360.5502415624995, 12998.984631460242
0.0, 360.5502415624995
261.1823098207324, 99.36793174176705
0.0, 261.1823098207324
0.0, 261.1823098207324
2593.7234338580683, 10765.811439164674
0.0, 2593.7234338580683
961.9651228208073, 1631.7583110372611
323.78651082672104, 638.1786119940863
0.0, 323.78651082672104
265.0788318488844, 58.70767897783662
0.0, 265.0788318488844
233.3142332008475, 31.764598648036923
0.0, 233.3142332008475
0.0, 233.3142332008475
423.7379074961638, 538.2272153246436
0.0, 423.7379074961638
224.69221515564047, 199.04569234052335
0.0, 224.69221515564047
224.388291857995, 0.30392329764546844
0.0, 224.388291857995
0.0, 224.388291857995
