node_generations, branch_length
2519.9932831951633, 30103.072673327595
0.0, 2519.9932831951633
2373.1010536069807, 146.89222958818254
1089.2141459819586, 1283.886907625022
0.0, 1089.2141459819586
0.0, 1089.2141459819586
2124.4577796088315, 248.6432739981492
0.0, 2124.4577796088315
2031.6131042635884, 92.8446753452431
219.7759952000445, 1811.837109063544
0.0, 219.7759952000445
0.0, 219.7759952000445
2013.8864216588713, 17.726682604717098
0.0, 2013.8864216588713
0.0, 2013.8864216588713
11178.668216732101, 21444.397739790656
0.0, 11178.668216732101
3911.3064427205013, 7267.361774011601
2592.6993587293805, 1318.6070839911208
2305.2073449966188, 287.49201373276173
0.0, 2305.2073449966188
2187.975902500127, 117.23144249649158
2006.129887210206, 181.84601528992107
0.0, 2006.129887210206
1760.5600605436143, 245.56982666659178
0.0, 1760.5600605436143
0.0, 1760.5600605436143
2132.5751046055634, 55.400797894563766
2027.7090192756366, 104.86608532992682
0.0, 2027.7090192756366
0.0, 2027.7090192756366
2107.4006497941987, 25.17445481136474
0.0, 2107.4006497941987
2010.0731161870115, 97.3275336071872
0.0, 2010.0731161870115
933.5922195999811, 1076.4808965870302
0.0, 933.5922195999811
596.9069852672063, 336.6852343327748
0.0, 596.9069852672063
0.0, 596.9069852672063
2555.369875219815, 37.32948350956531
513.0910214955213, 2042.2788537242939
0.0, 513.0910214955213
0.0, 513.0910214955213
2494.124923639493, 61.24495158032232
2026.73818234924, 467.38674129025276
0.0, 2026.73818234924
0.0, 2026.73818234924
2122.3240253235595, 371.8008983159334
0.0, 2122.3240253235595
0.0, 2122.3240253235595
2950.4057943901385, 960.9006483303629
2126.2118399114565, 824.1939544786819
878.8238128982636, 1247.388027013193
0.0, 878.8238128982636
840.6786202199501, 38.14519267831349
0.0, 840.6786202199501
0.0, 840.6786202199501
2106.202263415934, 20.00957649552265
2038.7524450409387, 67.44981837499517
0.0, 2038.7524450409387
184.22091103528663, 1854.531534005652
0.0, 184.22091103528663
0.0, 184.22091103528663
2072.945145236504, 33.25711817943011
0.0, 2072.945145236504
1610.3860106894822, 462.5591345470216
0.0, 1610.3860106894822
0.0, 1610.3860106894822
2361.9868073168827, 588.4189870732557
0.0, 2361.9868073168827
2100.957586094712, 261.0292212221707
0.0, 2100.957586094712
2097.425427334101, 3.532158760610855
0.0, 2097.425427334101
1377.2580227463593, 720.1674045877419
0.0, 1377.2580227463593
0.0, 1377.2580227463593
