Node, generations
Node 2224, 28347.12396661754
Node 1232, 7683.2920450379615
Node 489, 331.6137924211726
Node 470, 309.3648395931914
Node 402, 261.41294043764816
Node 150, 203.82722975890806
Node 484, 326.5115491331555
Node 252, 214.87941333999365
Node 251, 214.62617556992427
Node 317, 228.2055513021534
Node 254, 215.3839872155217
Node 221, 210.44212686858003
Node 63, 63.23848657724325
Node 728, 1892.9555916841655
Node 115, 201.0684927487827
Node 474, 311.9427072235225
Node 438, 282.2385688844002
Node 236, 212.02389699015868
Node 1738, 15461.572314517694
Node 614, 618.9334543943627
Node 201, 208.11085382725898
Node 584, 519.5968593681721
Node 568, 468.34364294677005
Node 493, 339.1969575345716
Node 521, 384.48236251594267
Node 393, 259.3174291534683
Node 273, 218.2383786743863
Node 232, 211.2529754202835
Node 427, 275.3791637310322
Node 300, 224.06145405301913
Node 1274, 8175.189907646408
Node 398, 260.2962570135354
Node 365, 243.93287565733
Node 746, 2045.557747221821
Node 352, 237.41664731634427
Node 266, 216.66877136135957
Node 707, 1611.2514977881915
Node 554, 437.2590503466006
Node 567, 468.18475607175213
Node 524, 389.92662311805407
Node 447, 289.95405027962903
Node 335, 231.91176528959497
Node 199, 207.9889839621397
Node 64, 66.15658502318321
Node 384, 255.64312263599797
Node 61, 28.140862738549732
Node 261, 216.1775786862264
Node 233, 211.33306570526884
Node 224, 210.59032278242012
Node 72, 118.16591143354573
Node 513, 365.2808146701426
Node 200, 208.02991374069936
Node 345, 236.4930815992155
Node 313, 227.63027674459775
Node 105, 200.3953295439104
Node 152, 204.02726880556878
Node 528, 398.78433307147594
Node 440, 283.8682622631539
Node 262, 216.2165014121776
