Node, generations
Node 3181, 35270.382476474275
Node 1191, 1119.4691746353133
Node 913, 1017.8747579177758
Node 76, 135.97057582594138
Node 1938, 8024.961841690024
Node 1462, 2725.64227138791
Node 1381, 1470.0412040701326
Node 481, 859.5943586725567
Node 1335, 1323.9029425878855
Node 866, 1013.6830455244237
Node 64, 63.011546675089896
Node 1317, 1288.292705917514
Node 1170, 1102.6119465662566
Node 924, 1019.1318266675855
Node 1091, 1059.0579310952744
Node 1407, 1981.9838168930075
Node 636, 1001.8404133208483
Node 431, 790.8934350078679
Node 1332, 1315.594833118383
Node 1227, 1152.9527843710132
Node 1199, 1125.8618699734525
Node 1229, 1153.9454635193706
Node 1152, 1086.5846774716924
Node 1086, 1055.8515069615123
Node 462, 827.5110595295656
Node 1222, 1146.895000267621
Node 1043, 1042.704187378459
Node 1142, 1082.1959632400267
Node 1106, 1064.4948815884725
Node 1054, 1044.9599495921912
Node 890, 1015.741532088071
Node 1132, 1076.323343494291
Node 1764, 5966.560328741972
Node 1368, 1431.9972901334665
Node 1057, 1046.1053005624763
Node 985, 1027.3685473056073
Node 1294, 1247.0691158461657
Node 1179, 1107.057343859697
Node 801, 1008.316432159069
Node 1045, 1043.2723218499332
Node 369, 705.9871172025747
Node 1604, 4166.8929301252165
Node 1278, 1215.6940695176208
Node 1232, 1156.9480882329722
Node 873, 1014.1902281487279
Node 1365, 1419.9354378673977
Node 1207, 1132.659975782948
Node 1346, 1337.9897115866092
Node 1149, 1083.3830593291457
Node 309, 636.1947727417003
Node 779, 1006.5787230678146
Node 1234, 1158.2654968630297
Node 1197, 1124.456373823186
Node 277, 598.2803135748492
Node 1178, 1106.5120142680971
Node 68, 88.31048950843024
Node 884, 1015.0956564376523
Node 61, 29.20843625910761
Node 205, 464.7339265318139
