Node, generations
Node 1682, 65556.70346254713
Node 532, 1790.3879607219624
Node 525, 1743.2398836324649
Node 366, 1133.1348252718185
Node 122, 1002.4304333899611
Node 273, 1048.51695316323
Node 375, 1147.6400634076624
Node 348, 1117.1654404972219
Node 70, 701.0056002588669
Node 872, 12832.811636911607
Node 569, 2093.3365673156322
Node 433, 1291.952772398007
Node 210, 1017.1604285121795
Node 384, 1166.0422318967921
Node 303, 1073.4066928316338
Node 460, 1395.1185897463383
Node 184, 1010.7466077470862
Node 23, 147.48942013339658
Node 174, 1009.210748160858
