node_generations, branch_length
542.7624518216459, 1159.7981737324235
394.96541221420654, 147.79703960743933
243.68240362954697, 151.28300858465957
0.0, 243.68240362954697
0.0, 243.68240362954697
352.694581140961, 42.27083107324552
283.52520610479434, 69.16937503616668
0.0, 283.52520610479434
0.0, 283.52520610479434
292.6119929193981, 60.0825882215629
0.0, 292.6119929193981
253.95811182073078, 38.65388109866734
0.0, 253.95811182073078
233.39403751743262, 20.564074303298156
0.0, 233.39403751743262
206.79770500714568, 26.596332510286942
0.0, 206.79770500714568
0.0, 206.79770500714568
445.8657566202272, 96.89669520141865
0.0, 445.8657566202272
310.3284729471251, 135.53728367310214
210.6974224719299, 99.63105047519517
0.0, 210.6974224719299
0.0, 210.6974224719299
291.453382569718, 18.875090377407105
84.21153763185178, 207.24184493786618
0.0, 84.21153763185178
0.0, 84.21153763185178
120.80292112603435, 170.65046144368364
0.0, 120.80292112603435
0.0, 120.80292112603435
1489.0799919666472, 213.48063358742206
0.0, 1489.0799919666472
957.529056183515, 531.5509357831322
649.7816097149546, 307.7474464685604
418.6602223645241, 231.1213873504305
0.0, 418.6602223645241
0.0, 418.6602223645241
615.6159221342809, 34.16568758067365
0.0, 615.6159221342809
0.0, 615.6159221342809
911.9880434220587, 45.54101276145627
594.0323381422667, 317.955705279792
346.3018017548019, 247.73053638746478
0.0, 346.3018017548019
0.0, 346.3018017548019
447.05781021234384, 146.97452792992283
0.0, 447.05781021234384
295.07149662607367, 151.98631358627017
0.0, 295.07149662607367
0.0, 295.07149662607367
911.4851746713792, 0.502868750679454
206.15223115548378, 705.3329435158955
0.0, 206.15223115548378
0.0, 206.15223115548378
553.583199504308, 357.9019751670712
486.26643212690226, 67.31676737740577
286.5877080639714, 199.67872406293088
0.0, 286.5877080639714
232.40542027881935, 54.18228778515203
0.0, 232.40542027881935
212.52933399940866, 19.876086279410686
0.0, 212.52933399940866
56.61163031090281, 155.91770368850587
0.0, 56.61163031090281
0.0, 56.61163031090281
289.11482179252687, 197.1516103343754
0.0, 289.11482179252687
210.24162173770517, 78.8732000548217
0.0, 210.24162173770517
0.0, 210.24162173770517
505.5283969065658, 48.05480259774225
0.0, 505.5283969065658
243.05545592020786, 262.4729409863579
0.0, 243.05545592020786
210.82448261707734, 32.230973303130526
0.0, 210.82448261707734
0.0, 210.82448261707734
