Node, generations
Node 3844, 48413.27206642771
Node 2978, 2424.2568947659033
Node 2372, 2007.7396235550475
Node 598, 737.5002363163401
Node 2264, 2003.4046323585007
Node 1907, 1831.913157301791
Node 2819, 2130.5452467509413
Node 2784, 2100.9656043972054
Node 2608, 2032.1549000071168
Node 2376, 2008.0204369334942
Node 2605, 2031.2946827348346
Node 203, 319.6654173812911
Node 2581, 2027.2796617137344
Node 2211, 2002.0897401214709
Node 168, 253.52794188703265
Node 2729, 2070.7807126034445
Node 2610, 2032.5824641309105
Node 1974, 1899.0280294052263
Node 131, 207.08008891062678
Node 3148, 3675.20308479453
Node 3069, 2897.6443543028727
Node 2759, 2084.9767830887713
Node 3000, 2511.9360397417677
Node 2933, 2291.7941133359254
Node 2697, 2056.4351495394844
Node 2642, 2041.3894501616355
Node 2828, 2140.850041649484
Node 2214, 2002.165632161041
Node 640, 768.9085768234246
Node 237, 364.6694960840036
Node 753, 860.636999505175
Node 2950, 2322.0574682061733
Node 2859, 2167.8504801380045
Node 2775, 2096.2587673898643
Node 93, 108.33228131611145
Node 2948, 2320.794253218009
Node 2681, 2052.086292293579
Node 1326, 1361.1092470348162
Node 2906, 2237.8866735202732
Node 1506, 1501.604715587995
Node 3088, 3042.021665150805
Node 2731, 2071.2639110474765
Node 2520, 2019.6685038033866
Node 911, 987.7226618265782
Node 2669, 2048.1947896971824
Node 365, 501.7403072401943
Node 2652, 2042.8701970812588
Node 935, 1013.3673345368867
Node 2445, 2011.764892162082
Node 208, 327.7151072835043
Node 226, 353.50232281712124
Node 3083, 2991.410247376691
Node 2856, 2165.836828152005
Node 2913, 2249.5119847462756
Node 1693, 1657.6207786024727
Node 1231, 1277.4508318573087
Node 905, 980.0410135638397
Node 82, 42.46685273396137
Node 263, 388.79394403396225
Node 2865, 2174.3679198937552
Node 2766, 2091.335987785169
Node 2763, 2088.138141994771
Node 1259, 1308.334148161936
Node 2120, 2000.4816641127852
Node 593, 731.9246817974487
Node 1905, 1831.4903153827945
Node 1320, 1356.0686033311708
Node 81, 24.687257812048973
Node 2802, 2114.4448483903448
Node 2567, 2025.9846202700817
Node 102, 140.0291747708188
Node 1588, 1566.322519867347
Node 1010, 1076.7751796659459
Node 266, 389.82597717234995
Node 2765, 2091.2890126901148
Node 2433, 2010.8837854467295
Node 2403, 2009.0963119011465
Node 2234, 2002.6480583764799
Node 2364, 2007.5015487047037
