Node, generations
Node 906, 14050.745050086829
Node 539, 1748.4398708482622
Node 442, 1257.4135133947336
Node 460, 1316.9218553941741
Node 428, 1234.6141483560166
Node 325, 1087.3965818539875
Node 21, 70.24152045260065
Node 802, 10181.86975540865
Node 534, 1723.9779573215221
Node 505, 1546.9789042017142
Node 454, 1309.55652898608
Node 246, 1032.1231802272255
Node 448, 1283.8675826222318
Node 405, 1192.5393868039876
Node 386, 1166.1869609496766
Node 369, 1143.8425035652324
Node 310, 1071.6766500837439
Node 148, 1007.4474605351953
Node 281, 1047.596137111378
