node_generations, branch_length
2424.932970383439, 41912.34462690258
163.72791050271854, 2261.2050598807205
0.0, 163.72791050271854
0.0, 163.72791050271854
1381.797311572922, 1043.1356588105173
0.0, 1381.797311572922
1266.7294588742188, 115.06785269870306
0.0, 1266.7294588742188
240.70738030888455, 1026.0220785653344
0.0, 240.70738030888455
0.0, 240.70738030888455
11012.815123976568, 33324.46247330945
549.8292104156554, 10462.985913560913
0.0, 549.8292104156554
0.0, 549.8292104156554
10245.634620877565, 767.1805030990035
2570.2480607068187, 7675.386560170746
0.0, 2570.2480607068187
537.193743950515, 2033.0543167563037
146.27965183778903, 390.91409211272594
0.0, 146.27965183778903
0.0, 146.27965183778903
291.6643202811261, 245.5294236693889
0.0, 291.6643202811261
157.0165738945618, 134.6477463865643
0.0, 157.0165738945618
0.0, 157.0165738945618
5630.6324920423385, 4615.002128835226
230.21014437693546, 5400.422347665403
0.0, 230.21014437693546
100.57641470001056, 129.6337296769249
0.0, 100.57641470001056
0.0, 100.57641470001056
281.9899664654717, 5348.642525576867
0.0, 281.9899664654717
143.2576079958763, 138.7323584695954
0.0, 143.2576079958763
0.0, 143.2576079958763
