Node, generations
Node 2768, 38943.02367164009
Node 1641, 1244.0564085347864
Node 828, 1000.003533721964
Node 492, 652.4166222537672
Node 377, 527.1313337720956
Node 1981, 7735.651874132338
Node 1516, 1087.7925719927027
Node 1193, 1012.4007266458816
Node 1867, 2635.149368607269
Node 1566, 1130.4952453657706
Node 1844, 2184.117661243943
Node 1629, 1222.641899044256
Node 822, 990.4109839782096
Node 1356, 1032.5710171779576
Node 1102, 1006.8968168040402
Node 1842, 2153.585256053452
Node 1754, 1581.6464586838865
Node 1374, 1037.98374460228
Node 134, 203.6280777709225
Node 1691, 1355.2697203452337
Node 420, 563.3614981345263
Node 1592, 1158.8598003053137
Node 1519, 1089.909027919252
Node 1407, 1045.414269439914
Node 1266, 1019.0775417213619
Node 1288, 1021.7103801846444
Node 1240, 1016.2972908597582
Node 1443, 1058.2578499070405
Node 1287, 1021.6124000405997
Node 682, 841.1853263616454
Node 490, 648.5272979177581
Node 1168, 1011.0442779918101
Node 1591, 1157.7769838304646
Node 1581, 1146.9609270316037
Node 1573, 1136.6402854191592
Node 1473, 1067.6387073530589
Node 1089, 1006.3138509678377
Node 1359, 1033.567419138815
Node 1015, 1003.9778976621808
Node 1292, 1022.2031106928525
Node 656, 813.7535523364534
Node 93, 89.59020733748848
Node 95, 100.06272906467032
Node 1554, 1116.1460005751328
Node 1771, 1674.874042783861
Node 1651, 1252.0027153208616
Node 680, 840.8077729655178
Node 136, 204.82798491791408
Node 1643, 1245.4515034225274
Node 1352, 1030.8175108356309
Node 1520, 1089.9462364267783
Node 1502, 1078.560856127758
Node 702, 869.2150696774352
Node 81, 7.296253548821128
Node 1323, 1026.0822692990043
Node 394, 538.4021943207965
Node 1690, 1353.9064517176341
Node 1464, 1064.0329246917984
Node 1385, 1040.5407654563041
Node 1251, 1016.979031637756
Node 1100, 1006.8797565753287
Node 1056, 1005.2839067921492
Node 117, 173.67650470971213
Node 1250, 1016.9149506426572
Node 775, 934.5174905634599
Node 233, 358.6062045164114
Node 1686, 1343.042316232929
Node 1550, 1111.7572772082992
Node 665, 823.4717984227226
Node 1498, 1076.1113007462272
Node 976, 1003.0360637111336
Node 1338, 1028.9997753026057
Node 1314, 1024.929026268869
Node 1186, 1012.0177872570682
Node 1607, 1178.4832699421058
Node 1458, 1062.5370111726509
Node 1130, 1008.3861663288463
Node 353, 504.79164939992705
Node 1408, 1045.832005197135
