Node, generations
Node 3121, 28332.822435596347
Node 1983, 8514.69244330193
Node 1157, 2723.3526841578546
Node 651, 356.15334386517264
Node 543, 262.52290275651393
Node 507, 246.10530318088036
Node 599, 304.74126800547424
Node 442, 225.68954393085156
Node 83, 47.08804678813422
Node 428, 223.37394105041002
Node 592, 297.79997800969744
Node 503, 244.786446148767
Node 397, 218.3427655553995
Node 299, 208.78899648460387
Node 361, 213.87268637440147
Node 98, 97.07831486851163
Node 467, 231.8087986819033
Node 927, 1701.7377068865865
Node 676, 387.3472240333258
Node 325, 211.02351913468848
Node 689, 480.8900257408509
Node 271, 206.42572337691112
Node 80, 2.369558503725765
Node 645, 349.471025795238
Node 499, 242.27767419512108
Node 193, 201.60265013173523
Node 263, 205.8293411496702
Node 1387, 4115.678508430852
Node 591, 297.64342635534024
Node 520, 251.30469661251414
Node 208, 202.47349505940986
Node 303, 209.31335361703267
Node 653, 357.518429596001
Node 509, 246.26069688835187
Node 82, 45.22066539818604
Node 472, 233.433650914868
Node 457, 229.03265097379455
Node 424, 222.75924247239024
Node 600, 305.65023435778204
Node 538, 259.24640686137167
Node 521, 251.98338176880054
Node 468, 231.93264652456145
Node 585, 295.4254834999759
Node 486, 237.10457881993943
Node 2251, 11607.090258981569
Node 1490, 4643.268757210295
Node 474, 233.70518948589546
Node 94, 89.06407486128744
Node 188, 201.40849697237763
Node 88, 55.60380118658118
Node 982, 1912.0587008072343
Node 306, 209.37372917240498
Node 929, 1705.7835773401114
Node 147, 200.242483015082
Node 691, 503.1302631161296
Node 644, 349.3200390308539
Node 663, 373.3206858893039
Node 567, 279.546955397551
Node 92, 71.95261611601502
Node 2038, 9073.947086095694
Node 605, 310.0528375413553
Node 511, 246.8725243163182
Node 420, 222.34750052501434
Node 354, 213.3790023804868
Node 362, 213.92544503841933
Node 873, 1479.7130926423233
Node 608, 311.63692674102975
Node 832, 1235.0014261330339
Node 584, 294.3387878490352
Node 333, 211.9710340981295
Node 99, 101.95411529429153
Node 481, 234.82128543492473
Node 639, 336.99469316907727
Node 524, 252.44258470423802
Node 540, 260.13985390056285
Node 316, 210.25558891688647
Node 159, 200.41990838936454
Node 297, 208.7196385236198
Node 456, 227.98062260075503
