Node, generations
Node 1971, 3014.53466347812
Node 1860, 1678.2947168488543
Node 1606, 1086.2111582126033
Node 1458, 1031.8221582870801
Node 541, 658.9668001282231
Node 292, 406.94830627101686
Node 1537, 1053.7393123508707
Node 212, 306.6250519416661
Node 81, 32.349980143788024
Node 1469, 1033.3294241321203
Node 1817, 1468.1606658659402
Node 1677, 1150.4143733781752
Node 1229, 1008.5120166217079
Node 585, 699.8274209041792
Node 1658, 1123.9802592897015
Node 153, 225.1335434491065
Node 1494, 1039.213860918198
Node 1750, 1240.103200488131
Node 1720, 1191.6621788674015
Node 1679, 1151.7634308086238
Node 1529, 1050.7706285511438
Node 1743, 1226.8443589518222
Node 1736, 1216.0640398812175
Node 1710, 1181.4273475697025
Node 1701, 1169.6841081951995
Node 1167, 1005.956271443386
Node 1535, 1052.9512289849904
Node 114, 138.59605539907673
Node 1711, 1181.5828623073999
Node 1161, 1005.6684255591305
Node 325, 434.37148524942995
Node 1143, 1004.8538717966929
Node 1540, 1055.1427542902647
Node 1210, 1007.3559672311059
Node 433, 553.3578027704601
Node 369, 481.3060633294752
Node 85, 54.94572724009372
Node 1901, 2034.2014669968378
Node 1838, 1530.3414014379978
Node 1767, 1278.7972681917875
Node 1340, 1015.4622321980339
Node 113, 135.43668938700424
Node 286, 402.9323388341544
Node 196, 274.10684580198847
Node 1654, 1120.455077155633
Node 1558, 1060.6592083330138
Node 427, 548.1892776635556
Node 1367, 1018.3813525452199
Node 1233, 1008.5567638388019
Node 924, 997.2523262986213
Node 1650, 1114.6484318771052
Node 1366, 1018.280975289475
Node 154, 226.5117932661347
Node 1832, 1512.8723112494968
Node 1539, 1054.7383526883677
Node 1462, 1032.386191859013
Node 1255, 1009.7503161011134
Node 1739, 1220.2070112287317
Node 1695, 1165.1174957819355
Node 1260, 1009.9767666087151
Node 1889, 1936.0411297765186
Node 1660, 1126.9120590135726
Node 1866, 1741.4174642560267
Node 1766, 1278.6033200978582
Node 1447, 1030.3455332301442
Node 1179, 1006.5791725088833
Node 581, 698.403195659753
Node 417, 536.0704119269705
Node 636, 743.4271237115238
Node 126, 167.32616625739428
Node 1478, 1034.9049286196582
Node 1840, 1533.1110395933836
Node 1718, 1190.5317918672395
Node 1614, 1089.7037988284023
Node 1445, 1029.9645732697466
Node 764, 865.7251732503672
Node 1621, 1095.4673863018145
Node 476, 595.9410373758088
Node 641, 750.3569087569448
