Node, generations
Node 2348, 7987.286661361466
Node 1890, 2969.866447791673
Node 1792, 1457.8005687296154
Node 1558, 1074.8816191498718
Node 1546, 1067.52545809589
Node 1314, 1015.9384829970694
Node 760, 884.3294440759303
Node 94, 64.41155936339155
Node 1015, 1002.4550350570815
Node 434, 573.6176912805693
Node 1511, 1053.152247858731
Node 1780, 1425.433412412457
Node 1598, 1103.445728133003
Node 1565, 1077.88923803386
Node 1267, 1012.2584732856449
Node 1698, 1212.7445282530507
Node 98, 76.63746243265601
Node 1687, 1198.1509364749393
Node 1451, 1035.3551110298617
Node 1392, 1024.958119033536
Node 1309, 1015.5983552140514
Node 332, 459.9483742652318
Node 473, 606.7492653741617
Node 1430, 1029.770703613082
Node 1301, 1014.8573104783038
Node 1662, 1167.7366093603277
Node 1628, 1132.6265631773908
Node 1501, 1049.8328137835229
Node 134, 203.55169101107097
Node 1433, 1030.605592032997
Node 250, 377.98554622994527
Node 1387, 1024.4726371569643
Node 470, 605.168093828166
Node 1367, 1021.9540035730174
Node 81, 16.03445569516549
Node 415, 552.7816610671027
Node 1530, 1059.9015311658181
Node 1497, 1048.342586442848
Node 86, 42.112601928370076
Node 1450, 1035.2886733356663
Node 1311, 1015.7514861100309
Node 1160, 1006.5502197004206
Node 1659, 1163.151704070288
Node 254, 381.0525405203667
Node 202, 311.2099802374134
Node 2327, 7693.167979567924
Node 1783, 1432.6621956440638
Node 1300, 1014.8199762625011
Node 517, 652.5618104873506
Node 1749, 1337.979822156343
Node 144, 220.92309858619913
Node 1446, 1034.29484131184
Node 168, 262.9720015951733
Node 1851, 2438.6067173177976
Node 440, 583.3718781981679
Node 185, 290.42137445912994
Node 1805, 1678.403320960031
Node 1731, 1283.9916135357435
Node 96, 67.03042780715182
Node 1769, 1375.6299012973634
Node 1623, 1130.6793500120655
Node 1398, 1025.5723600446584
Node 840, 959.726744201548
Node 622, 758.3208526239918
Node 1302, 1014.8700476041171
Node 89, 51.296719226470564
Node 232, 347.1973486146909
Node 1710, 1232.6342895278285
Node 1625, 1131.3546546626744
Node 1574, 1083.618686883383
Node 182, 285.8464987039166
Node 154, 243.59036841226387
Node 1299, 1014.6253246691415
Node 1582, 1089.4853097536302
Node 1519, 1056.9302334940674
Node 1442, 1032.6546762536948
Node 1554, 1072.2971471429742
Node 303, 436.7016763264417
Node 1542, 1063.8121772472828
