Node, generations
Node 1713, 25418.30501783371
Node 991, 4745.33835562441
Node 714, 418.7377440329024
Node 590, 286.50751047134366
Node 519, 247.58830333233908
Node 699, 393.6274626246414
Node 605, 293.68681986010904
Node 536, 255.24008311312875
Node 314, 209.36937190044557
Node 490, 236.835342030507
Node 445, 226.95711567500575
Node 939, 3277.1828179672475
Node 823, 864.2284238885909
Node 719, 433.0996457416141
Node 495, 237.44002544106064
Node 501, 241.31697689721878
Node 805, 782.33973959577
Node 765, 607.2815886394658
Node 80, 6.192420335075759
Node 734, 461.9954495745667
Node 453, 229.18978345383397
Node 225, 203.37052439238298
Node 422, 222.68621938476142
Node 399, 219.0598548952145
Node 659, 337.24917208849695
Node 498, 239.7885936502176
Node 631, 313.63991949129587
Node 573, 274.6602553649837
Node 544, 258.429982396253
Node 172, 200.91108505587076
Node 423, 222.70849273967517
Node 804, 782.178219895387
Node 731, 452.8222655269149
Node 678, 360.9037955345429
Node 94, 87.95896975865661
Node 673, 355.42241949176133
Node 626, 310.08469604343804
Node 480, 235.6205108112248
Node 529, 251.46688033705337
Node 479, 235.5722878769582
Node 391, 217.95378464967888
Node 119, 138.60966100435436
Node 651, 330.98632600139274
Node 465, 232.2416514188523
Node 293, 207.82183741143493
Node 116, 133.55504428230947
Node 452, 228.57716388484292
Node 322, 210.31973314305452
Node 442, 226.0410888004849
Node 706, 408.07873106533793
Node 473, 233.23516395000064
Node 83, 30.63211527970768
Node 615, 298.3295161808949
Node 308, 209.08765223477184
Node 518, 247.56782452875603
Node 245, 204.46700539334046
Node 784, 712.102118990996
Node 696, 390.59226359527617
Node 670, 353.03740313805866
Node 372, 215.9504855234413
Node 527, 249.30018865503172
Node 701, 396.6498383784177
Node 354, 213.68692847917654
Node 654, 334.0608044909177
Node 621, 304.48863964814325
Node 466, 232.36433347995535
Node 242, 204.34897209160442
Node 637, 319.0033879614908
Node 848, 1053.6038499393208
Node 691, 385.3113344537231
Node 796, 754.768746991797
Node 680, 362.1022637377908
Node 120, 139.71795678898462
Node 684, 369.4840811208141
Node 418, 221.92794350684753
Node 88, 46.22473051134335
Node 510, 244.72023697787986
Node 236, 204.0393726152729
Node 406, 220.30622625668903
