Node, generations
Node 2203, 26388.211741961983
Node 1534, 2740.7662797755925
Node 1410, 2240.6219943667716
Node 1458, 2385.105935140038
Node 972, 2007.6688605101597
Node 1406, 2238.203310860535
Node 1224, 2060.853581332857
Node 1128, 2028.4026067539608
Node 1069, 2016.8185418270605
Node 312, 1028.4409010592685
Node 1256, 2076.709594057212
Node 1186, 2046.7564079934534
Node 1185, 2046.3946413554295
Node 551, 1479.7216623624854
Node 1584, 3201.714450128734
Node 1134, 2030.0195714491795
Node 306, 1018.4824720301345
Node 923, 2004.3770229931013
Node 1550, 2864.0078742261885
Node 1357, 2165.579736990227
Node 1532, 2737.0742150138703
Node 1503, 2552.5619115256536
Node 1337, 2146.3820875975202
Node 1219, 2059.5274052999125
Node 1021, 2011.706162044805
Node 408, 1197.4347739925024
Node 1104, 2023.5248031138467
Node 914, 2003.905103065652
Node 462, 1295.3188301219593
Node 465, 1304.3037686646328
Node 55, 195.5124144953129
Node 1322, 2127.3107863527785
Node 1161, 2037.8496515684676
Node 1523, 2661.8631813562542
Node 144, 626.3636026277165
Node 1520, 2639.4188217509427
Node 1267, 2082.6759862649815
Node 1272, 2084.4511273048292
Node 910, 2003.7178477568682
