Node, generations
Node 1083, 10571.714281874369
Node 749, 2894.973523185648
Node 205, 138.3927952285101
Node 62, 1.5255703058022083
Node 171, 94.2497632472257
Node 89, 20.51860632028514
Node 154, 78.46454875842917
Node 424, 1166.573039711678
Node 140, 58.021290672812974
Node 75, 10.913056017005882
Node 71, 8.68544584355797
Node 60, 0.17999365860610733
Node 63, 1.7642411088549064
Node 106, 33.75025154842843
Node 85, 17.999477167885463
Node 79, 14.322620203273866
Node 61, 0.3593265368278976
Node 983, 6712.109033726036
Node 624, 2083.525201600647
Node 342, 838.3510903202915
Node 147, 67.20718590058226
Node 98, 25.933917124620898
Node 180, 105.03849815440269
Node 166, 88.42742953249495
Node 64, 2.354504551246878
Node 124, 47.885017647525565
Node 74, 9.641726801893972
Node 65, 2.525434401723534
Node 583, 1978.3679960910413
Node 220, 161.4698828064374
Node 170, 93.553815031579
Node 70, 8.428211992526835
Node 481, 1439.556536994564
Node 286, 540.281013169386
Node 210, 151.39772196827886
Node 94, 22.834193560886916
Node 177, 101.062071211241
Node 67, 6.917158446066979
Node 636, 2145.926372492113
Node 526, 1676.4292332870564
Node 73, 9.326613268699854
Node 182, 107.72116538063773
Node 173, 95.34438091090081
Node 135, 53.6285967422375
Node 615, 2059.2997841920374
Node 281, 517.7339551492519
Node 107, 36.05974765142456
Node 101, 30.368882000151054
Node 156, 79.50525639493833
Node 486, 1451.7866113631198
Node 168, 92.43666201942337
Node 454, 1315.0795265398713
Node 160, 85.49781021804276
Node 149, 68.37158534550417
Node 72, 9.083027411517682
Node 93, 21.561517934883188
Node 178, 102.21005219176443
Node 88, 19.679211894813225
Node 69, 7.708860993692531
