Node, generations
Node 1545, 39642.400575345884
Node 607, 2349.3088369037855
Node 464, 1352.443308378649
Node 104, 987.8983420600093
Node 517, 1636.9354868074229
Node 472, 1391.6918688950036
Node 229, 1027.1717725506237
Node 68, 665.2417613070019
Node 615, 2459.51560389835
Node 576, 2036.5449262335164
Node 518, 1637.6110686612
Node 460, 1337.9174994100003
Node 458, 1334.192283379739
Node 65, 636.5050175140882
Node 333, 1102.9800358428536
Node 496, 1481.743989638619
Node 418, 1211.3398188015567
Node 283, 1055.7837691817094
Node 77, 757.5676874775644
