Node, generations
Node 2058, 29647.94005787694
Node 325, 1869.9170663294308
Node 929, 7456.898502793677
Node 373, 2307.772935721182
Node 806, 6166.99585334008
Node 162, 377.7643300520465
Node 128, 296.52155069959247
Node 80, 236.91570467252217
Node 64, 221.75538146441184
Node 155, 352.3679772750697
Node 36, 207.19830086195935
Node 152, 348.11491660229893
Node 59, 220.14056512585753
Node 545, 3851.1288017103143
Node 153, 348.30100016562375
Node 35, 206.18836154907402
Node 142, 321.6898059807327
Node 166, 387.08053206426314
Node 148, 332.9909740141552
