Node, generations
Node 595, 2572.704320421367
Node 515, 1721.9187255919162
Node 376, 1196.624103942442
Node 473, 1468.812005021254
Node 160, 1012.4836717620075
Node 377, 1197.814185235016
Node 20, 54.23480963528336
Node 521, 1750.6448439163396
Node 459, 1426.2116608919257
Node 155, 1011.7923776319436
Node 421, 1285.4611747825024
Node 391, 1213.0638805741135
Node 207, 1022.0672744149125
Node 486, 1565.4874271241656
Node 299, 1079.6239197003156
Node 340, 1132.7213825474375
Node 309, 1090.0092376097898
Node 323, 1106.7599840685689
Node 146, 1010.3295839752951
