node_generations, branch_length
1357.4297375814472, 46026.534634095144
1007.6125235149765, 349.8172140664707
0.0, 1007.6125235149765
0.0, 1007.6125235149765
1182.7680554798903, 174.66168210155683
1015.2727961351233, 167.49525934476708
0.0, 1015.2727961351233
0.0, 1015.2727961351233
1027.587151936116, 155.18090354377432
0.0, 1027.587151936116
0.0, 1027.587151936116
17982.46143108467, 29401.502940591923
1971.6294099653255, 16010.832021119344
1663.3044817426025, 308.324928222723
1316.1094591964206, 347.1950225461819
0.0, 1316.1094591964206
1105.9133784247376, 210.196080771683
0.0, 1105.9133784247376
260.17106997869143, 845.7423084460462
0.0, 260.17106997869143
0.0, 260.17106997869143
1364.974956744356, 298.3295249982466
0.0, 1364.974956744356
1170.8898862186772, 194.0850705256787
1024.2381670231423, 146.65171919553495
0.0, 1024.2381670231423
0.0, 1024.2381670231423
1152.5159100839498, 18.3739761347274
0.0, 1152.5159100839498
1113.3548790746881, 39.161031009261706
0.0, 1113.3548790746881
0.0, 1113.3548790746881
1831.214864268945, 140.41454569638063
1411.6922577438327, 419.5226065251122
1039.0322677110512, 372.6599900327815
0.0, 1039.0322677110512
0.0, 1039.0322677110512
1221.9661624372188, 189.72609530661384
1171.5898480167673, 50.376314420451536
0.0, 1171.5898480167673
1054.5144121964654, 117.07543582030189
0.0, 1054.5144121964654
0.0, 1054.5144121964654
1201.4634543626678, 20.502708074551037
0.0, 1201.4634543626678
0.0, 1201.4634543626678
1714.0846415992933, 117.13022266965163
0.0, 1714.0846415992933
0.0, 1714.0846415992933
5688.491359379921, 12293.970071704749
1270.4212406125803, 4418.07011876734
40.18178473506629, 1230.239455877514
0.0, 40.18178473506629
0.0, 40.18178473506629
1244.4398200248015, 25.981420587778757
1071.6768859104, 172.76293411440156
0.0, 1071.6768859104
1034.924190331942, 36.75269557845786
0.0, 1034.924190331942
163.2822650079819, 871.6419253239602
0.0, 163.2822650079819
0.0, 163.2822650079819
1089.150978100221, 155.28884192458054
1046.5767648482026, 42.57421325201835
0.0, 1046.5767648482026
1028.5219407043455, 18.054824143857104
0.0, 1028.5219407043455
1019.1184551666288, 9.403485537716733
0.0, 1019.1184551666288
929.7641540366117, 89.35430113001712
0.0, 929.7641540366117
0.0, 929.7641540366117
1072.765086938444, 16.385891161776954
0.0, 1072.765086938444
0.0, 1072.765086938444
1469.7244073157558, 4218.766952064165
0.0, 1469.7244073157558
0.0, 1469.7244073157558
