node_generations, branch_length
1668.5953865930665, 24061.091298537216
1355.4177934997422, 313.1775930933243
0.0, 1355.4177934997422
1009.0637934294942, 346.35400007024793
0.0, 1009.0637934294942
0.0, 1009.0637934294942
1640.017449445379, 28.577937147687408
0.0, 1640.017449445379
1265.5156985880096, 374.5017508573694
0.0, 1265.5156985880096
1234.4655715524784, 31.050127035531204
1052.6291124494658, 181.83645910301266
0.0, 1052.6291124494658
704.7845905174474, 347.8445219320183
0.0, 704.7845905174474
0.0, 704.7845905174474
1058.9976825816814, 175.46788897079705
0.0, 1058.9976825816814
97.99303200968197, 961.0046505719994
0.0, 97.99303200968197
0.0, 97.99303200968197
1972.9863681186744, 23756.700317011608
1503.028236872184, 469.95813124649044
0.0, 1503.028236872184
1356.2536356742607, 146.77460119792318
0.0, 1356.2536356742607
1047.6588184765799, 308.59481719768087
1025.5768101772487, 22.082008299331164
0.0, 1025.5768101772487
0.0, 1025.5768101772487
1034.2785995280703, 13.380218948509537
0.0, 1034.2785995280703
0.0, 1034.2785995280703
1646.3910497682436, 326.5953183504307
0.0, 1646.3910497682436
1184.3906197480019, 462.00043002024177
0.0, 1184.3906197480019
0.0, 1184.3906197480019
