Node, generations
Node 2698, 25623.85024963351
Node 1740, 1324.653664347393
Node 1579, 1098.993554262166
Node 484, 632.1480156960545
Node 1418, 1033.3491327247127
Node 2204, 10753.163304093843
Node 1763, 1387.4691080524995
Node 1640, 1155.6417338759481
Node 1507, 1059.537543423474
Node 269, 399.5994572338121
Node 1562, 1088.7217272766106
Node 1701, 1245.5120997580857
Node 1357, 1021.0950089172951
Node 234, 353.2128035780295
Node 1631, 1136.5139789248105
Node 1435, 1038.0097041157446
Node 1351, 1020.4821759902471
Node 1210, 1008.7767437387527
Node 2025, 6260.344848595264
Node 1729, 1310.272058785594
Node 1877, 1955.4164802450052
Node 1636, 1143.3427978117259
Node 1324, 1017.1822289347207
Node 555, 696.5464858704199
Node 1863, 1846.3689922977487
Node 1632, 1137.5161489568534
Node 1413, 1031.7882412170186
Node 1476, 1048.397731506784
Node 1425, 1034.7803704602898
Node 1854, 1797.9278962842614
Node 1778, 1422.7850003146004
Node 1616, 1123.7207047346335
Node 1397, 1028.4447203748236
Node 184, 291.057213180371
Node 503, 652.526431656742
Node 1502, 1056.9361551611025
Node 1828, 1617.778844895145
Node 1603, 1114.9974845160152
Node 1559, 1084.378359878029
Node 1088, 1004.345851522713
Node 423, 566.5303954434113
Node 1420, 1033.8765968370083
Node 998, 1002.2174059128852
Node 1575, 1094.888910502681
Node 1497, 1055.6630031686564
Node 1267, 1012.392216646761
Node 508, 655.8047160311553
Node 373, 520.3251807596112
Node 1510, 1061.019438386515
Node 1162, 1006.8070740568178
Node 953, 1001.076649131131
Node 237, 360.81894692968336
Node 1296, 1014.1542946422154
Node 344, 494.0380191376638
Node 1775, 1415.8622031997731
Node 1403, 1029.9609574855465
Node 1755, 1367.8429211838973
Node 1393, 1027.4749789863529
Node 1733, 1313.0592556799718
Node 1672, 1199.1760386781286
Node 1602, 1113.9622772598607
Node 369, 515.4265627149108
Node 127, 197.34598595530204
Node 253, 384.7593988251266
Node 1674, 1201.5382272384118
Node 1501, 1056.8849107637309
Node 1112, 1005.252579713835
Node 597, 735.298577015553
Node 239, 365.01748859694874
Node 1655, 1173.7134603775323
Node 1486, 1052.1716131828323
Node 1405, 1030.3112207426454
Node 1253, 1011.2605270404061
Node 1387, 1026.235102874742
Node 1630, 1135.777794504658
Node 1523, 1065.901759427631
Node 781, 896.8565807543445
Node 1424, 1034.4214580907342
Node 663, 813.4561504370946
