Node, generations
Node 2947, 44246.09818993997
Node 838, 3664.5158173698906
Node 523, 1842.1262026826741
Node 191, 189.75403280758616
Node 632, 2469.0778748791035
Node 215, 213.8101579113444
Node 111, 130.18835824386113
Node 59, 106.2842242823705
Node 585, 2214.899047416294
Node 1843, 13806.046031134541
Node 1453, 8580.15449231795
Node 288, 337.2477258769158
Node 40, 32.64215760804437
Node 185, 186.20689230965456
Node 94, 122.33482203696734
Node 87, 119.52029333285388
Node 143, 142.5742052709992
Node 1579, 9948.915178310359
Node 440, 1400.5803566282239
Node 232, 235.42134365546153
Node 225, 225.45644736925004
Node 131, 137.71008251033436
Node 155, 151.7991868736387
Node 432, 1362.1288743645466
Node 128, 136.75300047738364
Node 75, 113.4092455288183
Node 387, 1023.8133263015868
Node 104, 124.56546460112719
Node 383, 1008.0516769871745
Node 200, 196.23354611608997
Node 273, 298.6890014764554
Node 110, 129.6885642255437
Node 201, 196.27170982070754
Node 138, 140.42169425713942
Node 878, 3948.5937369140734
Node 272, 297.3810523751011
Node 144, 143.83885747434073
Node 51, 101.91223839879622
Node 275, 301.3132138518824
