node_generations, branch_length
11817.562376444743, 28224.75495936697
2539.193030496861, 9278.369345947882
0.0, 2539.193030496861
0.0, 2539.193030496861
3454.907340698014, 8362.655035746728
1277.5849667152615, 2177.3223739827527
0.0, 1277.5849667152615
1026.8925588738834, 250.6924078413781
0.0, 1026.8925588738834
0.0, 1026.8925588738834
1291.9999882372633, 2162.907352460751
0.0, 1291.9999882372633
836.861987775032, 455.1380004622313
0.0, 836.861987775032
0.0, 836.861987775032
22362.32517081944, 17679.992164992273
6818.342115788381, 15543.983055031058
0.0, 6818.342115788381
0.0, 6818.342115788381
11888.00064973774, 10474.3245210817
100.05727222243169, 11787.943377515308
0.0, 100.05727222243169
0.0, 100.05727222243169
11404.909840480706, 483.09080925703347
0.0, 11404.909840480706
7947.3784047761055, 3457.531435704601
2734.0679557295016, 5213.310449046604
0.0, 2734.0679557295016
166.06250365829732, 2568.005452071204
0.0, 166.06250365829732
0.0, 166.06250365829732
2824.183511576722, 5123.194893199383
111.79605904628961, 2712.3874525304327
0.0, 111.79605904628961
0.0, 111.79605904628961
1308.639689926178, 1515.543821650544
0.0, 1308.639689926178
0.0, 1308.639689926178
