node_generations, branch_length
474.03785031655957, 6654.584254405541
268.1383669908429, 205.8994833257167
0.0, 268.1383669908429
224.57333574324278, 43.5650312476001
0.0, 224.57333574324278
93.2773854774627, 131.29595026578008
0.0, 93.2773854774627
0.0, 93.2773854774627
368.0576429209087, 105.9802073956509
232.5800675999373, 135.47757532097137
0.0, 232.5800675999373
0.0, 232.5800675999373
329.0931226253721, 38.9645202955366
0.0, 329.0931226253721
235.834809104328, 93.25831352104407
82.34784932950515, 153.48695977482285
0.0, 82.34784932950515
0.0, 82.34784932950515
219.9230090786658, 15.911800025662188
0.0, 219.9230090786658
214.83673247358746, 5.086276605078353
0.0, 214.83673247358746
0.0, 214.83673247358746
4821.990388424506, 2306.6317162975947
668.9471843238422, 4153.043204100663
405.7570622092074, 263.1901221146348
242.29362348649647, 163.46343872271092
0.0, 242.29362348649647
0.0, 242.29362348649647
368.2012165404601, 37.55584566874728
0.0, 368.2012165404601
0.0, 368.2012165404601
605.574445413547, 63.3727389102952
0.0, 605.574445413547
258.2630934106127, 347.31135200293426
0.0, 258.2630934106127
0.0, 258.2630934106127
1697.5681926926848, 3124.4221957318214
691.3352814348934, 1006.2329112577913
357.6381385451196, 333.69714288977383
277.8541198798466, 79.78401866527298
0.0, 277.8541198798466
252.0308447742195, 25.82327510562712
0.0, 252.0308447742195
0.0, 252.0308447742195
350.63489768356175, 7.003240861557856
0.0, 350.63489768356175
268.4280451949919, 82.20685248856984
0.0, 268.4280451949919
0.0, 268.4280451949919
416.1721523263105, 275.16312910858295
200.43264880611048, 215.7395035202
0.0, 200.43264880611048
0.0, 200.43264880611048
302.78046291926205, 113.39168940704843
0.0, 302.78046291926205
299.17714737796274, 3.6033155412993096
216.81978300384048, 82.35736437412226
0.0, 216.81978300384048
0.0, 216.81978300384048
219.66822008596844, 79.5089272919943
0.0, 219.66822008596844
207.11507113332712, 12.553148952641322
0.0, 207.11507113332712
0.0, 207.11507113332712
850.6407315424611, 846.9274611502236
407.54776351198933, 443.0929680304718
225.7581577378531, 181.78960577413622
0.0, 225.7581577378531
0.0, 225.7581577378531
248.42549257472027, 159.12227093726906
0.0, 248.42549257472027
0.0, 248.42549257472027
451.1399275460098, 399.50080399645134
0.0, 451.1399275460098
229.9645467328599, 221.1753808131499
0.0, 229.9645467328599
0.0, 229.9645467328599
