node_generations, branch_length
2810.591198328265, 40573.67899729797
0.0, 2810.591198328265
2646.3319298334764, 164.25926849478856
2085.338059633268, 560.9938702002082
0.0, 2085.338059633268
627.3395680559388, 1457.9984915773293
0.0, 627.3395680559388
0.0, 627.3395680559388
2564.4352499877295, 81.8966798457468
703.0603532777849, 1861.3748967099446
0.0, 703.0603532777849
0.0, 703.0603532777849
2024.4642054278686, 539.971044559861
1827.0725304402833, 197.39167498758525
0.0, 1827.0725304402833
0.0, 1827.0725304402833
2015.4094579732473, 9.054747454621292
0.0, 2015.4094579732473
2006.5345177747292, 8.874940198518061
0.0, 2006.5345177747292
0.0, 2006.5345177747292
10301.151662211321, 33083.11853341491
2184.513124737937, 8116.6385374733845
2070.755077734395, 113.75804700354183
2038.2951748185556, 32.45990291583939
0.0, 2038.2951748185556
0.0, 2038.2951748185556
2054.183139516066, 16.571938218328796
0.0, 2054.183139516066
0.0, 2054.183139516066
2111.6339248252057, 72.87919991273111
0.0, 2111.6339248252057
2107.2680739007233, 4.365850924482402
0.0, 2107.2680739007233
818.9209503490467, 1288.3471235516765
0.0, 818.9209503490467
0.0, 818.9209503490467
2306.9339815907956, 7994.217680620526
2133.098083010706, 173.83589858008963
0.0, 2133.098083010706
2128.0931594251856, 5.004923585520373
2055.9097243793576, 72.18343504582799
0.0, 2055.9097243793576
0.0, 2055.9097243793576
2089.884674376401, 38.208485048784496
0.0, 2089.884674376401
2072.1395203633388, 17.745154013062347
644.4472635542676, 1427.6922568090713
0.0, 644.4472635542676
0.0, 644.4472635542676
719.7967490881657, 1352.3427712751732
0.0, 719.7967490881657
0.0, 719.7967490881657
2276.0460497064582, 30.887931884337377
2079.3201416223746, 196.72590808408358
0.0, 2079.3201416223746
2074.8565749098443, 4.463566712530337
0.0, 2074.8565749098443
2074.085953887767, 0.7706210220771936
2003.002053393967, 71.08390049380023
0.0, 2003.002053393967
0.0, 2003.002053393967
2025.7102639659222, 48.37568992184492
0.0, 2025.7102639659222
816.7501487156634, 1208.9601152502587
0.0, 816.7501487156634
0.0, 816.7501487156634
2243.3904870944502, 32.655562612008
0.0, 2243.3904870944502
2117.9069863169007, 125.48350077754958
2060.424415851811, 57.48257046508979
0.0, 2060.424415851811
742.8171209512278, 1317.607294900583
0.0, 742.8171209512278
0.0, 742.8171209512278
2084.106995467194, 33.799990849706774
0.0, 2084.106995467194
0.0, 2084.106995467194
