node_generations, branch_length
5366.754022154534, 6575.427281949372
0.0, 5366.754022154534
3399.8191288301678, 1966.9348933243664
133.34243866684548, 3266.4766901633225
0.0, 133.34243866684548
0.0, 133.34243866684548
2127.70158901176, 1272.1175398184077
171.39371409719772, 1956.3078749145623
0.0, 171.39371409719772
142.97111111211967, 28.422602985078044
0.0, 142.97111111211967
0.0, 142.97111111211967
329.20156166031916, 1798.5000273514408
225.52750181600345, 103.6740598443157
0.0, 225.52750181600345
0.0, 225.52750181600345
264.5193796622533, 64.68218199806586
225.69345505062645, 38.825924611626846
0.0, 225.69345505062645
139.42941338077216, 86.2640416698543
0.0, 139.42941338077216
0.0, 139.42941338077216
252.91147838086437, 11.607901281388934
0.0, 252.91147838086437
207.85067299514594, 45.060805385718425
121.59337680315258, 86.25729619199336
0.0, 121.59337680315258
109.53385430001747, 12.059522503135113
0.0, 109.53385430001747
109.40002524184706, 0.1338290581704058
0.0, 109.40002524184706
0.0, 109.40002524184706
152.50806826243218, 55.34260473271377
0.0, 152.50806826243218
0.0, 152.50806826243218
7534.239901718571, 4407.941402385335
2108.064384713076, 5426.175517005495
0.0, 2108.064384713076
1804.7997568978226, 303.26462781525333
0.0, 1804.7997568978226
234.94471393940702, 1569.8550429584157
0.0, 234.94471393940702
233.5296606262927, 1.4150533131143277
194.66024855583305, 38.869412070459646
0.0, 194.66024855583305
0.0, 194.66024855583305
195.32535801396943, 38.20430261232326
0.0, 195.32535801396943
163.78852159219895, 31.536836421770488
105.3398738656309, 58.44864772656804
0.0, 105.3398738656309
0.0, 105.3398738656309
113.40839586455593, 50.38012572764302
0.0, 113.40839586455593
0.0, 113.40839586455593
5068.753544031832, 2465.486357686739
0.0, 5068.753544031832
4808.879384413304, 259.8741596185273
228.69745812035447, 4580.181926292949
0.0, 228.69745812035447
114.91658587627064, 113.78087224408382
0.0, 114.91658587627064
0.0, 114.91658587627064
1126.4430809274975, 3682.436303485807
247.26583564843446, 879.1772452790631
0.0, 247.26583564843446
224.7694156657312, 22.49641998270326
132.27581357263625, 92.49360209309495
0.0, 132.27581357263625
124.24106798252265, 8.034745590113602
0.0, 124.24106798252265
0.0, 124.24106798252265
153.53815936555227, 71.23125630017893
0.0, 153.53815936555227
0.0, 153.53815936555227
335.40944145557773, 791.0336394719197
0.0, 335.40944145557773
0.0, 335.40944145557773
