Node, generations
Node 3071, 29978.398087946876
Node 1483, 5601.032839646601
Node 1143, 3602.2703221468246
Node 665, 1526.3652419899156
Node 192, 122.7237895383583
Node 165, 115.70644547566576
Node 70, 100.33031499656933
Node 360, 227.86161723741537
Node 244, 142.86352151621298
Node 169, 117.36713978079976
Node 60, 3.501899018153885
Node 326, 193.98696720784955
Node 154, 112.89317029737377
Node 64, 74.50842933935463
Node 1015, 2953.6164962223506
Node 431, 596.4951258651828
Node 382, 321.22541803073176
Node 429, 592.401232975574
Node 260, 149.1681411475801
Node 686, 1605.1976934122097
Node 367, 234.64153575527214
Node 340, 207.45378226302628
Node 182, 120.76005050608974
Node 301, 176.17037714919064
Node 231, 135.2713719240987
Node 245, 142.9313278969153
Node 1437, 5287.527510886857
Node 161, 114.89026971585533
Node 249, 144.52902473477678
Node 174, 118.36533792516074
Node 217, 131.41395607171052
Node 145, 111.08284396353118
Node 2342, 14723.546488479731
Node 2335, 14642.096273466404
Node 1814, 8248.571695252322
Node 378, 278.85444391291196
Node 276, 156.09879268600835
Node 258, 148.1521221370506
Node 491, 882.570539182705
Node 306, 178.42313279368815
Node 324, 193.1121147710089
Node 285, 165.2008874517162
Node 136, 108.46639859297053
Node 266, 151.18055147328798
Node 153, 112.88426353560803
Node 201, 126.04163052784229
Node 1912, 9202.90179813874
Node 666, 1527.8624718415892
Node 365, 234.13331307042648
Node 271, 154.6125341868035
Node 234, 136.51996500676023
Node 72, 100.61867533592866
Node 377, 266.4672606425328
Node 689, 1615.774372338626
Node 272, 155.35158275700016
Node 319, 189.02526911428532
Node 295, 171.7823707283308
Node 191, 122.64613716298696
Node 200, 126.01981696284228
