node_generations, branch_length
11292.354954945535, 17448.409635872627
4144.09450229652, 7148.260452649015
3871.655140705205, 272.43936159131454
0.0, 3871.655140705205
952.0615556941142, 2919.593585011091
148.0396279435676, 804.0219277505466
0.0, 148.0396279435676
107.04245752896398, 40.99717041460363
0.0, 107.04245752896398
0.0, 107.04245752896398
828.156258547805, 123.90529714630918
0.0, 828.156258547805
0.0, 828.156258547805
4096.574523577648, 47.51997871887215
0.0, 4096.574523577648
439.816290180457, 3656.7582333971905
0.0, 439.816290180457
163.8027670976411, 276.0135230828159
0.0, 163.8027670976411
0.0, 163.8027670976411
9595.554702280846, 1696.8002526646887
124.70882972097522, 9470.84587255987
0.0, 124.70882972097522
0.0, 124.70882972097522
214.8101326708898, 9380.744569609957
0.0, 214.8101326708898
191.87325936864798, 22.93687330224182
0.0, 191.87325936864798
0.0, 191.87325936864798
20886.821041605257, 7853.943549212905
0.0, 20886.821041605257
188.10365349506822, 20698.717388110188
0.0, 188.10365349506822
145.93279551373433, 42.17085798133388
0.0, 145.93279551373433
106.19538428523992, 39.73741122849441
0.0, 106.19538428523992
0.0, 106.19538428523992
