node_generations, branch_length
7013.771642947042, 11765.90688995106
2065.6429162930485, 4948.128726653993
1307.2244783285375, 758.418437964511
100.47725358703946, 1206.747224741498
0.0, 100.47725358703946
0.0, 100.47725358703946
241.03204581060552, 1066.192432517932
0.0, 241.03204581060552
0.0, 241.03204581060552
1948.145232163264, 117.4976841297846
0.0, 1948.145232163264
207.53418081384922, 1740.6110513494148
0.0, 207.53418081384922
133.92672435951957, 73.60745645432965
0.0, 133.92672435951957
130.6606674832125, 3.2660568763070614
0.0, 130.6606674832125
128.9649578595709, 1.6957096236416191
0.0, 128.9649578595709
0.0, 128.9649578595709
7010.421874189904, 3.3497687571380084
164.4504262297978, 6845.971447960106
103.31077537080795, 61.13965085898987
0.0, 103.31077537080795
0.0, 103.31077537080795
133.26457336174013, 31.18585286805768
0.0, 133.26457336174013
106.0283051245745, 27.236268237165632
0.0, 106.0283051245745
0.0, 106.0283051245745
6516.662438516085, 493.7594356738191
1059.705793571077, 5456.956644945008
139.47672406851424, 920.2290695025628
0.0, 139.47672406851424
134.58013938331524, 4.896584685199002
0.0, 134.58013938331524
121.56819592359572, 13.011943459719518
0.0, 121.56819592359572
108.1312483608912, 13.436947562704518
0.0, 108.1312483608912
0.0, 108.1312483608912
283.1734233869995, 776.5323701840775
0.0, 283.1734233869995
275.3317113526137, 7.841712034385807
0.0, 275.3317113526137
0.0, 275.3317113526137
4289.448374475069, 2227.214064041016
0.0, 4289.448374475069
216.73849383442698, 4072.7098806406416
165.73632099898327, 51.0021728354437
0.0, 165.73632099898327
132.7383935333941, 32.997927465589186
0.0, 132.7383935333941
55.13850675003159, 77.5998867833625
0.0, 55.13850675003159
0.0, 55.13850675003159
166.85419366098188, 49.8843001734451
0.0, 166.85419366098188
0.0, 166.85419366098188
11305.795833675153, 7473.88269922295
0.0, 11305.795833675153
2637.9900060506834, 8667.80582762447
222.92290413000148, 2415.067101920682
0.0, 222.92290413000148
155.11599297257428, 67.80691115742721
0.0, 155.11599297257428
108.4947914466845, 46.621201525889774
0.0, 108.4947914466845
0.0, 108.4947914466845
1282.8970000839804, 1355.093005966703
0.0, 1282.8970000839804
325.41824500085005, 957.4787550831304
0.0, 325.41824500085005
164.70596648628882, 160.71227851456123
0.0, 164.70596648628882
100.02974266666682, 64.676223819622
0.0, 100.02974266666682
0.0, 100.02974266666682
