node_generations, branch_length
3738.5526495386757, 28124.351166300443
0.0, 3738.5526495386757
2068.4966868037436, 1670.055962734932
0.0, 2068.4966868037436
1771.3332966351704, 297.1633901685732
217.3695985286663, 1553.9636981065041
0.0, 217.3695985286663
201.1844816640642, 16.185116864602094
0.0, 201.1844816640642
0.0, 201.1844816640642
229.34013636309905, 1541.9931602720715
0.0, 229.34013636309905
39.777958111485376, 189.56217825161366
0.0, 39.777958111485376
0.0, 39.777958111485376
24123.40782054195, 7739.495995297169
3632.1255615891896, 20491.28225895276
0.0, 3632.1255615891896
433.35387581008496, 3198.7716857791047
0.0, 433.35387581008496
306.64667831100087, 126.70719749908409
0.0, 306.64667831100087
0.0, 306.64667831100087
19481.42328651209, 4641.98453402986
306.6334016397811, 19174.78988487231
0.0, 306.6334016397811
0.0, 306.6334016397811
3971.9575584139534, 15509.465728098137
586.9799421981184, 3384.977616215835
322.4166562654602, 264.5632859326582
0.0, 322.4166562654602
0.0, 322.4166562654602
342.6366310123861, 244.34331118573226
0.0, 342.6366310123861
0.0, 342.6366310123861
3941.7234409952994, 30.234117418654023
0.0, 3941.7234409952994
0.0, 3941.7234409952994
