Node, generations
Node 940, 9241.411161922206
Node 721, 1544.545984211622
Node 627, 955.4106252220572
Node 531, 658.6542942218585
Node 520, 640.5373887901881
Node 230, 509.00014351569894
Node 508, 624.3049514187517
Node 44, 138.163526204878
Node 369, 534.8120126549421
Node 54, 258.6756409925142
Node 306, 519.4624978113467
Node 180, 505.3953783699424
Node 622, 946.670682173881
Node 572, 748.9747162729825
Node 479, 594.7145897547781
Node 475, 591.5427254978925
Node 192, 506.0378457476081
Node 40, 5.848393467886767
Node 323, 522.953089970696
Node 558, 713.5758952073468
Node 548, 681.828165192413
Node 660, 1086.6332895984158
Node 464, 580.7224533036956
Node 376, 537.2315109318216
Node 188, 505.67561917349286
Node 621, 946.3463155657838
Node 501, 616.2523915011133
Node 461, 580.1582578186442
Node 361, 532.189999809853
Node 314, 521.1277993169481
Node 383, 541.4005532749055
Node 276, 514.8419660434267
Node 549, 684.7632947285412
Node 521, 641.4296858518427
Node 894, 7348.899529406073
Node 534, 664.587045068369
Node 354, 530.4160460079871
Node 512, 630.8781595689595
Node 486, 603.2260177494735
