node_generations, branch_length
6072.184887950846, 15083.103454324595
0.0, 6072.184887950846
5258.016314469694, 814.1685734811517
694.7383117340438, 4563.27800273565
85.21955847260972, 609.5187532614341
0.0, 85.21955847260972
0.0, 85.21955847260972
86.84084617252616, 607.8974655615176
69.0178372751538, 17.82300889737236
0.0, 69.0178372751538
0.0, 69.0178372751538
76.85647625299201, 9.984369919534146
0.0, 76.85647625299201
0.0, 76.85647625299201
1443.485510272811, 3814.5308041968833
202.72906122484878, 1240.7564490479624
0.0, 202.72906122484878
140.65057189170514, 62.07848933314364
0.0, 140.65057189170514
51.82510091398266, 88.82547097772249
0.0, 51.82510091398266
0.0, 51.82510091398266
235.75978770371327, 1207.7257225690978
0.0, 235.75978770371327
171.5259515325266, 64.23383617118668
0.0, 171.5259515325266
0.0, 171.5259515325266
9438.398280450301, 11716.890061825141
1628.200190013839, 7810.198090436463
126.72879434245071, 1501.471395671388
98.32736773461002, 28.40142660784069
0.0, 98.32736773461002
0.0, 98.32736773461002
103.01338164255671, 23.715412699894003
0.0, 103.01338164255671
0.0, 103.01338164255671
1009.513369270482, 618.6868207433569
0.0, 1009.513369270482
0.0, 1009.513369270482
6640.590030962233, 2797.808249488068
2535.1577190862376, 4105.432311875995
93.99315246870752, 2441.16456661753
0.0, 93.99315246870752
0.0, 93.99315246870752
96.07692162762757, 2439.08079745861
0.0, 96.07692162762757
53.08517995337729, 42.99174167425028
0.0, 53.08517995337729
0.0, 53.08517995337729
5763.77606530768, 876.8139656545527
474.75180444958147, 5289.024260858098
221.03198358105433, 253.71982086852714
160.95579785959143, 60.076185721462906
98.7306502404735, 62.225147619117934
0.0, 98.7306502404735
63.091417924942434, 35.63923231553106
0.0, 63.091417924942434
61.838123171221, 1.253294753721434
0.0, 61.838123171221
0.0, 61.838123171221
133.93663574277087, 27.019162116820553
0.0, 133.93663574277087
67.0098636731531, 66.92677206961777
0.0, 67.0098636731531
55.58760301253643, 11.42226066061668
0.0, 55.58760301253643
0.0, 55.58760301253643
187.7862557612019, 33.24572781985245
0.0, 187.7862557612019
0.0, 187.7862557612019
221.92908355980535, 252.82272088977612
0.0, 221.92908355980535
63.855386915486015, 158.07369664431934
0.0, 63.855386915486015
0.0, 63.855386915486015
2613.421929887564, 3150.354135420116
0.0, 2613.421929887564
0.0, 2613.421929887564
