Node, generations
Node 2058, 6433.3259362019335
Node 1846, 1839.2628687023196
Node 1732, 1280.3246491929692
Node 1790, 1457.1002073713073
Node 1713, 1235.2869238051135
Node 1660, 1148.0309357492279
Node 1652, 1140.8135077302775
Node 532, 679.9600119547662
Node 1644, 1134.5369931998414
Node 938, 1000.3674220511657
Node 1502, 1050.2581038646315
Node 1434, 1032.3097835333795
Node 674, 791.5576332139327
Node 1984, 4837.817827866212
Node 1637, 1127.9592231254016
Node 1593, 1093.8104522564465
Node 1893, 2907.126547635083
Node 1812, 1547.514558319114
Node 1716, 1241.5256668537572
Node 1038, 1002.6562979885491
Node 725, 828.8433497597782
Node 1013, 1001.9225833315044
Node 1538, 1062.7957844379282
Node 1760, 1348.4774980335
Node 1317, 1015.7170945103893
Node 1227, 1009.4115305561022
Node 1853, 1854.220223889455
Node 1786, 1440.633241517937
Node 1689, 1205.8401461544865
Node 1527, 1057.475346185621
Node 1207, 1008.4677086125021
Node 1607, 1105.4962522944645
Node 1260, 1011.4558134320914
Node 1153, 1005.8503046407161
Node 1511, 1052.4370900425326
Node 1046, 1002.9060414260712
Node 1470, 1039.4325845736387
Node 776, 881.1027636055227
Node 1722, 1259.5097655024274
Node 1584, 1089.6783149100015
Node 823, 921.3185894983428
Node 83, 25.611612537784726
Node 125, 161.22493823535692
Node 89, 84.87458951713958
Node 1565, 1075.6082481619553
Node 773, 879.9600502969679
Node 1659, 1147.1751872003895
Node 1641, 1131.2994090661016
Node 1484, 1043.781470320493
Node 1309, 1014.6524026447042
Node 1787, 1446.3024761149256
Node 1638, 1129.0202324216082
Node 1452, 1035.879579646324
Node 1430, 1031.5657372451942
Node 1341, 1017.95516741056
Node 1769, 1365.7786465416798
Node 1445, 1034.0387496571864
Node 1330, 1016.8131728388902
Node 1286, 1012.9761472819838
Node 1766, 1358.6452218759687
Node 1566, 1077.6911255864102
Node 1458, 1037.174744590349
Node 116, 150.9375087650121
Node 1761, 1349.7417434306544
Node 1643, 1132.4001062396185
Node 1535, 1059.6899662136502
Node 1507, 1051.3982253250877
Node 928, 1000.1599878683469
Node 848, 945.1017899503455
Node 343, 462.3539134373903
Node 165, 233.20907431508016
Node 475, 612.0245366471602
Node 981, 1001.3458770589097
Node 1704, 1221.7232472287826
Node 681, 801.5657777175796
Node 580, 728.1510348092365
Node 1346, 1018.671705603131
Node 1069, 1003.3259555889009
Node 967, 1001.126412478797
