Node, generations
Node 924, 17575.804031529035
Node 275, 835.4518740884772
Node 223, 551.4765328289116
Node 27, 203.3904993816415
Node 196, 461.1055612081729
Node 94, 244.23035965321745
Node 503, 6446.338101373504
Node 308, 1206.844384686815
Node 205, 495.3397801266983
Node 126, 288.7720102727634
Node 97, 245.66052382741194
Node 448, 5404.83604457093
Node 215, 533.9381148662563
Node 165, 373.95935896757504
Node 58, 219.14717176728888
Node 149, 334.51984734454766
Node 57, 218.57327662026364
Node 185, 433.83346354033296
Node 68, 228.11899494424821
