node_generations, branch_length
6986.261881953522, 75163.11692805127
437.76882079237174, 6548.49306116115
219.53426260648712, 218.23455818588462
0.0, 219.53426260648712
0.0, 219.53426260648712
408.05414345070056, 29.714677341671177
283.27464874693607, 124.7794947037645
0.0, 283.27464874693607
0.0, 283.27464874693607
335.70068233150903, 72.35346111919154
0.0, 335.70068233150903
217.25800655154436, 118.44267577996467
0.0, 217.25800655154436
0.0, 217.25800655154436
1953.646074318229, 5032.615807635293
288.3621544817418, 1665.2839198364873
0.0, 288.3621544817418
216.7436781036655, 71.61847637807631
0.0, 216.7436781036655
0.0, 216.7436781036655
462.9080107257444, 1490.7380635924847
0.0, 462.9080107257444
235.62642290297558, 227.28158782276884
0.0, 235.62642290297558
0.0, 235.62642290297558
10642.687029234108, 71506.69178077069
0.0, 10642.687029234108
819.1524202012743, 9823.534609032835
455.9806305314631, 363.1717896698112
0.0, 455.9806305314631
349.7130036050803, 106.26762692638277
0.0, 349.7130036050803
305.43122527418564, 44.28177833089467
0.0, 305.43122527418564
0.0, 305.43122527418564
499.704706828027, 319.44771337324727
0.0, 499.704706828027
0.0, 499.704706828027
