node_generations, branch_length
3780.7186209558326, 55506.87273703638
225.5849002231303, 3555.1337207327024
0.0, 225.5849002231303
0.0, 225.5849002231303
3410.912161521468, 369.80645943436457
0.0, 3410.912161521468
1080.3042383472396, 2330.6079231742287
0.0, 1080.3042383472396
267.7746414411952, 812.5295969060444
0.0, 267.7746414411952
0.0, 267.7746414411952
16913.095264280037, 42374.49609371218
9930.905111763055, 6982.1901525169815
318.6059942194737, 9612.299117543582
0.0, 318.6059942194737
271.7675883395804, 46.83840587989329
0.0, 271.7675883395804
0.0, 271.7675883395804
2732.8099893810017, 7198.095122382054
0.0, 2732.8099893810017
2517.207457827053, 215.60253155394867
245.6396586138892, 2271.567799213164
0.0, 245.6396586138892
0.0, 245.6396586138892
1153.1730501483548, 1364.0344076786982
399.69797089880734, 753.4750792495474
311.3572436637, 88.34072723510735
245.9624448439456, 65.39479881975439
0.0, 245.9624448439456
218.57754579213898, 27.384899051806627
0.0, 218.57754579213898
0.0, 218.57754579213898
247.9066080739127, 63.45063558978728
0.0, 247.9066080739127
0.0, 247.9066080739127
375.38476064860674, 24.313210250200598
252.13617984960848, 123.24858079899826
0.0, 252.13617984960848
224.48794873295083, 27.648231116657655
0.0, 224.48794873295083
198.40621527336023, 26.081733459590595
0.0, 198.40621527336023
0.0, 198.40621527336023
290.36906651169096, 85.01569413691578
239.2230572132796, 51.14600929841137
0.0, 239.2230572132796
202.74014307069402, 36.48291414258557
0.0, 202.74014307069402
0.0, 202.74014307069402
272.9455966061261, 17.423469905564843
0.0, 272.9455966061261
202.12054434824947, 70.82505225787665
0.0, 202.12054434824947
0.0, 202.12054434824947
1051.166253162501, 102.00679698585373
262.53491486986684, 788.6313382926343
0.0, 262.53491486986684
213.61600744915145, 48.918907420715385
0.0, 213.61600744915145
209.17536462795096, 4.440642821200498
0.0, 209.17536462795096
0.0, 209.17536462795096
372.58110698423656, 678.5851461782645
0.0, 372.58110698423656
0.0, 372.58110698423656
16892.47649394333, 20.618770336706802
0.0, 16892.47649394333
5897.967651447756, 10994.508842495574
0.0, 5897.967651447756
248.81649744597914, 5649.151154001777
225.16187829357185, 23.654619152407292
0.0, 225.16187829357185
0.0, 225.16187829357185
229.7803449396073, 19.03615250637185
0.0, 229.7803449396073
203.0997243408249, 26.680620598782383
0.0, 203.0997243408249
0.0, 203.0997243408249
