Node, generations
Node 3803, 71774.97012372634
Node 1485, 5158.484704263971
Node 1320, 4205.003913809519
Node 542, 555.9711253329126
Node 370, 261.97618262725285
Node 411, 285.80700719663366
Node 170, 206.2581788656091
Node 235, 216.00554359236097
Node 135, 203.6001583591582
Node 112, 201.35803893588218
Node 1182, 3487.314415835874
Node 500, 350.6319761330547
Node 271, 223.55515934110156
Node 220, 213.31031450429197
Node 1171, 3428.175255922582
Node 947, 2374.6960388924276
Node 68, 94.5301060680091
Node 496, 348.3830767892343
Node 382, 267.4509461077621
Node 320, 236.25893908917283
Node 313, 234.54151780088404
Node 84, 161.36939277881856
Node 261, 221.31353971126188
Node 368, 258.8338057567054
Node 111, 201.31667616367469
Node 426, 294.9391602316236
Node 258, 220.89688082790266
Node 1577, 5717.022789185422
Node 482, 333.40736589770717
Node 65, 74.50022069388005
Node 328, 241.58629742620218
Node 1524, 5399.325195421105
Node 592, 826.2577981250809
Node 523, 387.63248582277623
Node 333, 245.08985489458055
Node 274, 224.02974995135298
Node 197, 208.9157197902086
Node 202, 210.92793250362354
Node 373, 262.84135168447216
Node 276, 224.21530348538502
Node 291, 228.617256528906
Node 229, 215.0997013133156
Node 555, 644.7698140486008
Node 268, 223.16709626915093
Node 212, 212.38324241838265
Node 177, 206.89773913531303
Node 214, 212.39235419076542
Node 802, 1764.4869186057829
Node 417, 288.8009101310955
Node 299, 230.74693904394672
Node 726, 1446.717600612638
Node 602, 869.5284314917673
Node 354, 253.0537680027183
Node 156, 204.90763998467722
Node 725, 1443.7109019645936
Node 401, 279.3480698005685
Node 399, 276.2131726886675
Node 397, 275.28966128838863
Node 171, 206.29639212972347
