Node, generations
Node 1251, 13458.332171196522
Node 611, 309.26128908670876
Node 557, 273.94297210631555
Node 462, 232.63824394269236
Node 323, 211.47933335468602
Node 189, 201.94608096580333
Node 499, 245.44439534852796
Node 391, 221.73505668100475
Node 463, 232.9313729530837
Node 569, 278.598284843565
Node 540, 264.53759370868625
Node 440, 227.89106041446433
Node 384, 220.79810210262153
Node 919, 1276.2884566004939
Node 857, 854.1953803251513
Node 442, 228.91256218426807
Node 259, 205.81870377511243
Node 839, 802.0307360557098
Node 774, 572.6910657938778
Node 336, 212.7064074934958
Node 311, 210.4437575864076
Node 84, 46.62390286272913
Node 743, 492.06251233517304
Node 614, 311.07603719074643
Node 169, 201.08688331551943
Node 701, 407.5196923699403
Node 625, 322.1525565486182
Node 617, 312.4848628998674
Node 492, 243.26489263026815
Node 362, 217.14379315085316
Node 310, 210.326124274684
Node 494, 243.45917053363186
Node 98, 91.56259371998584
Node 775, 573.0638060565568
Node 719, 434.1425653035913
Node 421, 225.75517218695722
Node 726, 449.6588707822423
Node 903, 1126.7940200434673
Node 797, 647.200454828953
Node 704, 420.57775691646566
Node 559, 274.18041935080703
Node 718, 430.25558928447055
Node 664, 356.46818610839813
Node 455, 231.22484044333945
Node 81, 12.386022718827757
Node 364, 217.22320701634766
Node 561, 276.10041570646683
Node 510, 250.89738897876447
Node 437, 227.676778910173
Node 517, 254.11513295466264
Node 900, 1112.5911224499325
Node 789, 608.317088840627
Node 508, 249.9009978328039
Node 488, 241.71885044625827
Node 385, 220.8990011351589
Node 253, 205.45827957838642
Node 334, 212.53660583882285
Node 102, 107.42182331528574
Node 636, 332.94748021295436
Node 159, 200.63000168222305
Node 371, 218.26289649036204
Node 272, 206.68695256323582
Node 895, 1086.4914391488455
Node 703, 417.7324228142207
Node 594, 295.13777022083053
Node 411, 224.28781783489313
Node 223, 203.75181511445808
Node 396, 222.64769703558653
Node 80, 5.034206431571672
Node 356, 216.26157881773722
Node 809, 697.4176854468844
Node 603, 300.672346598887
Node 321, 211.28950026042924
Node 245, 204.80539694497762
Node 178, 201.3596968333072
Node 650, 341.3463768497129
Node 582, 289.43242949980083
Node 512, 252.1206068231823
Node 439, 227.8424119630802
