node_generations, branch_length
5060.14865745961, 61463.85346818902
271.59884445196326, 4788.549813007647
0.0, 271.59884445196326
0.0, 271.59884445196326
358.69696010421785, 4701.451697355393
307.0264429204967, 51.67051718372113
0.0, 307.0264429204967
0.0, 307.0264429204967
344.1714760776449, 14.52548402657294
0.0, 344.1714760776449
0.0, 344.1714760776449
11982.125343948474, 54541.876781700164
0.0, 11982.125343948474
3234.316325582918, 8747.809018365555
2420.7395915766233, 813.5767340062948
18.117489202852227, 2402.622102373771
0.0, 18.117489202852227
0.0, 18.117489202852227
465.67946872935875, 1955.0601228472647
250.37652186805153, 215.30294686130722
0.0, 250.37652186805153
0.0, 250.37652186805153
366.24167961455856, 99.43778911480018
0.0, 366.24167961455856
0.0, 366.24167961455856
2518.6033390073876, 715.7129865755305
239.02932012994674, 2279.5740188774407
0.0, 239.02932012994674
215.86891141409797, 23.160408715848774
0.0, 215.86891141409797
0.0, 215.86891141409797
345.1442325897929, 2173.4591064175947
222.68415675155165, 122.46007583824127
0.0, 222.68415675155165
0.0, 222.68415675155165
238.48285325730433, 106.6613793324886
0.0, 238.48285325730433
0.0, 238.48285325730433
