Node, generations
Node 1866, 72361.12289779483
Node 644, 620.0306970072976
Node 523, 391.6959656012798
Node 370, 255.65090537222957
Node 60, 6.896255871001821
Node 635, 590.623282955154
Node 454, 304.5977414066138
Node 111, 201.82945155639285
Node 319, 237.04472844302427
Node 531, 401.9602490627438
Node 1191, 17720.335905390482
Node 716, 1009.2922632046146
Node 442, 294.55244100392184
Node 363, 251.94735606541707
Node 337, 241.5413085109616
Node 700, 898.2419129789497
Node 581, 473.98283205456204
Node 351, 246.587853589054
Node 318, 237.03297902255758
Node 251, 220.11665404687153
Node 107, 201.59208343520842
Node 674, 761.4260517049144
Node 623, 563.6213958785228
Node 270, 222.79422752555334
Node 608, 527.9042428779014
Node 537, 411.8579705866236
Node 320, 237.51390113836658
Node 66, 96.94668811905474
Node 286, 228.2547081940369
Node 369, 255.58694823304418
Node 303, 231.9829407997274
Node 650, 648.648495351397
Node 764, 1392.201295100526
Node 469, 326.36806066442847
Node 425, 283.859625105092
Node 432, 287.26693530383517
Node 373, 259.4874990406943
Node 277, 225.57589302277302
Node 385, 264.6717272091963
Node 250, 219.6269551777089
Node 226, 215.64752291865994
Node 153, 205.61071964667264
Node 304, 232.06784487422743
Node 210, 213.3600075509292
Node 152, 205.60899108678808
Node 648, 637.5744821114066
Node 591, 494.81940870458936
Node 451, 301.96346950690315
Node 287, 228.29377628939315
Node 271, 223.4701357306223
Node 364, 253.40537069983307
Node 259, 221.299792342376
Node 310, 234.19073747656523
Node 186, 209.03583629742482
Node 524, 391.9178181399145
Node 65, 57.151560596428816
Node 314, 235.01560127033343
Node 198, 211.41417955591518
Node 162, 206.42186830079112
