node_generations, branch_length
7595.559441888127, 21710.42465593616
303.5139594942543, 7292.045482393873
0.0, 303.5139594942543
235.51531048948158, 67.99864900477274
0.0, 235.51531048948158
0.0, 235.51531048948158
7314.841350591383, 280.7180912967442
0.0, 7314.841350591383
473.98539986340097, 6840.855950727982
0.0, 473.98539986340097
297.22370054797364, 176.76169931542734
0.0, 297.22370054797364
282.52876359681613, 14.694936951157501
0.0, 282.52876359681613
239.17346837620883, 43.3552952206073
0.0, 239.17346837620883
211.56436855082327, 27.609099825385556
0.0, 211.56436855082327
0.0, 211.56436855082327
10885.364205374237, 18420.61989245005
397.2699525304676, 10488.09425284377
340.5860122782454, 56.683940252222214
290.54721395935536, 50.03879831889003
218.78640688155883, 71.76080707779653
0.0, 218.78640688155883
0.0, 218.78640688155883
232.8014566638616, 57.745757295493775
0.0, 232.8014566638616
0.0, 232.8014566638616
303.4567077025381, 37.129304575707295
244.12520599914734, 59.33150170339076
0.0, 244.12520599914734
209.81452951532157, 34.31067648382577
0.0, 209.81452951532157
0.0, 209.81452951532157
286.90873856057954, 16.54796914195856
228.43416755307797, 58.47457100750157
0.0, 228.43416755307797
0.0, 228.43416755307797
261.45593399907153, 25.452804561508003
0.0, 261.45593399907153
0.0, 261.45593399907153
367.00660403382034, 30.263348496647268
214.0171478279617, 152.98945620585863
0.0, 214.0171478279617
0.0, 214.0171478279617
304.7277731004779, 62.27883093334242
0.0, 304.7277731004779
278.95090655075296, 25.776866549724957
0.0, 278.95090655075296
241.42912429143954, 37.521782259313426
0.0, 241.42912429143954
206.95035188694237, 34.478772404497164
0.0, 206.95035188694237
0.0, 206.95035188694237
3080.0410457037533, 7805.323159670484
365.6316571150647, 2714.4093885886887
0.0, 365.6316571150647
351.8132455794346, 13.818411535630105
261.3724085390297, 90.44083704040486
223.15190624176822, 38.220502297261504
0.0, 223.15190624176822
220.05601354138597, 3.095892700382251
0.0, 220.05601354138597
0.0, 220.05601354138597
239.04558457492925, 22.32682396410047
0.0, 239.04558457492925
0.0, 239.04558457492925
262.03470402758416, 89.77854155185042
0.0, 262.03470402758416
0.0, 262.03470402758416
2997.6114147326734, 82.42963097107986
216.45284069998587, 2781.1585740326877
0.0, 216.45284069998587
0.0, 216.45284069998587
1670.2232319641435, 1327.38818276853
0.0, 1670.2232319641435
0.0, 1670.2232319641435
