Node, generations
Node 2947, 43282.18223294962
Node 1819, 1673.94071594023
Node 1694, 1252.3055076514693
Node 1049, 1004.3975526652082
Node 1352, 1024.3154028972244
Node 312, 455.8647567303932
Node 1813, 1629.607668934597
Node 1594, 1131.9773102825447
Node 1591, 1130.8938146983542
Node 1403, 1036.5497198998378
Node 1556, 1093.610462263565
Node 686, 838.7006987059631
Node 1396, 1033.7491212343941
Node 1349, 1023.5343923280634
Node 1689, 1237.4773656750392
Node 1683, 1231.9421030675298
Node 1601, 1137.8761663177322
Node 1034, 1004.0121039755172
Node 353, 506.57977951998447
Node 1183, 1009.0113877567987
Node 176, 265.28609787253026
Node 1988, 6148.659780457465
Node 1646, 1181.8770836519973
Node 1316, 1020.3742639841173
Node 843, 988.3097820164975
Node 488, 647.4846435064287
Node 1836, 1810.3383971903424
Node 1664, 1203.2325348071668
Node 1574, 1112.7229700316982
Node 1477, 1052.9381003769854
Node 877, 1000.346794653688
Node 125, 171.1650686789371
Node 145, 202.93465523328223
Node 1097, 1006.0311823272768
Node 1537, 1080.5902854695817
Node 1518, 1071.3607522320501
Node 1455, 1046.9678584999808
Node 322, 463.5964383836567
Node 1469, 1050.6031501612415
Node 661, 817.894910326367
Node 82, 26.324328254337754
Node 1663, 1203.0006378701842
Node 1517, 1070.7952497851293
Node 85, 40.12660296212589
Node 1551, 1088.8432919965132
Node 1794, 1540.8503443439333
Node 1744, 1380.5711363177948
Node 384, 540.2946447929762
Node 1705, 1276.1123948652298
Node 1673, 1215.6058923508235
Node 1604, 1140.0926563398696
Node 1685, 1233.9454733237646
Node 1527, 1074.6843807542218
Node 1341, 1022.9821098687883
Node 1290, 1017.3821417723509
Node 431, 591.9217985077986
Node 100, 112.22544555566311
Node 1331, 1022.200571125673
Node 127, 175.42741946640368
Node 1644, 1180.2487814639744
Node 1434, 1041.6052932200835
Node 1373, 1029.8627691130243
Node 563, 736.7575068467291
Node 1752, 1407.9911005062092
Node 1621, 1156.4725250927447
Node 1475, 1051.912455372722
Node 1376, 1030.0709060474949
Node 160, 241.38283246402307
Node 1742, 1367.6479715889056
Node 1497, 1058.7322444077417
Node 1486, 1055.475024847075
Node 1467, 1050.159310118677
Node 1649, 1184.402237439141
Node 792, 935.9877231930401
Node 98, 111.1745969827587
Node 88, 50.57030856410294
Node 392, 546.5620484675441
Node 334, 473.4716838700477
Node 1474, 1051.9016536910462
