node_generations, branch_length
13753.241792311936, 33564.30972022195
0.0, 13753.241792311936
3663.86898787708, 10089.372804434855
2914.3538990966144, 749.5150887804657
0.0, 2914.3538990966144
0.0, 2914.3538990966144
3172.2323403274886, 491.63664754959154
0.0, 3172.2323403274886
3085.7816531734497, 86.45068715403886
188.57121789474655, 2897.2104352787032
0.0, 188.57121789474655
0.0, 188.57121789474655
765.2808298467534, 2320.5008233266963
0.0, 765.2808298467534
0.0, 765.2808298467534
47006.64439632572, 310.9071162081673
178.2501631449807, 46828.39423318074
0.0, 178.2501631449807
140.1686979226091, 38.08146522237158
0.0, 140.1686979226091
0.0, 140.1686979226091
1317.9933346658513, 45688.65106165987
50.19767605154089, 1267.7956586143105
0.0, 50.19767605154089
0.0, 50.19767605154089
1129.7915170353426, 188.20181763050869
72.7475318224964, 1057.043985212846
0.0, 72.7475318224964
69.44811791553724, 3.2994139069591597
0.0, 69.44811791553724
0.0, 69.44811791553724
213.001148171828, 916.7903688635147
58.56477549061218, 154.4363726812158
0.0, 58.56477549061218
0.0, 58.56477549061218
112.70121834087384, 100.29992983095416
0.0, 112.70121834087384
0.0, 112.70121834087384
