Node, generations
Node 3585, 30777.895778745024
Node 2850, 14546.372668569787
Node 1542, 1082.3058609565408
Node 1320, 1020.8031941009465
Node 84, 66.29197027923803
Node 1439, 1043.864639680588
Node 1033, 1002.6876233142249
Node 125, 185.74511857461638
Node 1753, 1399.8531248769593
Node 1647, 1164.1539926195244
Node 1069, 1003.9144653985561
Node 1667, 1189.8350141130327
Node 1411, 1037.2237905058248
Node 1226, 1011.6878010421003
Node 1404, 1034.505102581972
Node 530, 663.9937662552367
Node 96, 125.52276080466935
Node 1590, 1109.2671470969933
Node 3398, 25700.93244299129
Node 1781, 1495.6219468287047
Node 1769, 1430.254658025923
Node 1734, 1355.405671450584
Node 1595, 1113.412231400897
Node 1307, 1019.2330005875943
Node 614, 737.4582372714326
Node 1084, 1004.6178444306739
Node 1513, 1067.1303426896527
Node 1613, 1130.0580455587722
Node 1556, 1088.5747712320258
Node 532, 666.1744809917368
Node 1458, 1049.0629720910774
Node 553, 682.1835127149683
Node 1602, 1118.0858648538265
Node 1334, 1022.5455931092658
Node 1581, 1106.3411975497766
Node 1579, 1104.8993844223126
Node 697, 811.2530385171897
Node 1578, 1104.8189740870955
Node 808, 922.0362101685743
Node 1764, 1417.1218798059072
Node 1660, 1182.288197308391
Node 1598, 1114.6322186909504
Node 1516, 1069.2915905976436
Node 1421, 1040.2903990912896
Node 1420, 1040.1781445154854
Node 423, 560.020017777386
Node 1324, 1021.170951478236
Node 1535, 1078.6875470816817
Node 1454, 1048.4638108933748
Node 1077, 1004.194201594461
Node 82, 32.35906560732689
Node 1061, 1003.7782608815379
Node 1039, 1003.00060908494
Node 80, 2.609282223933521
Node 1483, 1055.9302594559983
Node 541, 670.2028210489474
Node 152, 224.18005106334454
Node 1652, 1168.0899315970667
Node 609, 732.2233375984184
Node 331, 462.3714932209581
Node 340, 468.80987821972644
Node 1732, 1330.4476661521437
Node 1429, 1042.1396893512176
Node 1038, 1002.9993825802329
Node 344, 476.1096012148501
Node 314, 445.9915361973472
Node 486, 619.1646035793926
Node 349, 483.1139060312289
Node 2318, 7095.289408516685
Node 1503, 1063.769632026761
Node 1435, 1043.2726133727697
Node 1258, 1013.7962296252133
Node 1482, 1055.5597778624706
Node 1211, 1010.8584177613859
Node 1245, 1012.7522743860242
Node 234, 358.38335667475474
Node 1766, 1419.9506677281051
Node 1663, 1184.786980042626
Node 1621, 1140.3175115701592
