Node, generations
Node 471, 7387.360168126173
Node 330, 1219.15669568935
Node 242, 706.645542231088
Node 68, 241.26400057868275
Node 237, 659.1644136296551
Node 213, 550.7671238609652
Node 119, 294.0559494261907
Node 405, 4032.3478582385465
Node 236, 657.8760310300746
Node 39, 206.80190650669385
Node 127, 309.8771258727185
Node 82, 251.06483664169372
Node 376, 1814.3182518192898
Node 224, 611.5067663853457
Node 108, 280.13990002869764
Node 104, 279.03552653586974
Node 208, 534.7819032596241
Node 146, 348.8672800836448
Node 145, 348.45858371722386
