Node, generations
Node 2119, 37619.263953710055
Node 1451, 16473.080781330496
Node 401, 1242.7476692171329
Node 343, 1113.5452543293718
Node 324, 1085.169796572609
Node 293, 1068.4927980365132
Node 129, 1005.8439835451501
Node 1492, 17448.591241158065
Node 385, 1191.9770925078237
Node 811, 6297.475880066927
Node 380, 1182.383041402293
Node 375, 1165.09622518313
Node 63, 784.291686686887
Node 307, 1072.6106261888997
Node 297, 1069.6805980167862
Node 197, 1022.3322717641802
Node 426, 1314.984175165172
Node 115, 1003.3412572362444
Node 93, 1000.3019463187252
