Node, generations
Node 1981, 28224.658279582567
Node 1474, 15188.367435221304
Node 606, 3028.035006570647
Node 294, 293.28297760023
Node 40, 27.486053086929335
Node 196, 235.4866358526842
Node 334, 351.0124838812783
Node 160, 221.89023169585099
Node 112, 209.15741852614565
Node 82, 203.72474851452998
Node 153, 218.20771568915674
Node 133, 212.00094376606202
Node 1139, 9864.490236338766
Node 663, 3665.567620723012
Node 284, 278.997377676603
Node 131, 211.81349210337328
Node 213, 242.95559480329507
Node 104, 206.01742837725612
Node 378, 414.1965048297761
Node 347, 371.1241381817619
Node 285, 280.1436884412912
Node 91, 204.7202086739855
Node 344, 368.1767940256417
Node 310, 313.5493666132514
Node 263, 266.41935532804405
Node 251, 261.3737138746997
Node 183, 229.94041134165036
Node 799, 5594.312394149542
Node 350, 374.5027046934806
Node 428, 532.595488987004
Node 389, 432.26336749437877
Node 354, 382.20489079299
Node 169, 226.39844926151287
Node 137, 213.67359612099807
Node 165, 224.21169381312112
Node 239, 257.77957639834426
Node 173, 227.160511323772
Node 107, 207.21848618650628
Node 189, 232.89713745369045
