Node, generations
Node 3334, 28373.97898486384
Node 957, 3160.3932978798775
Node 735, 2586.2948072449058
Node 143, 53.200457598242735
Node 129, 43.22948397915301
Node 65, 10.335108080792637
Node 126, 42.82809180081962
Node 125, 42.562848871110255
Node 214, 129.80638912762979
Node 2360, 10950.116255712424
Node 893, 2967.9994555651515
Node 176, 86.6680020740956
Node 101, 29.7170959807711
Node 95, 27.80172087116262
Node 116, 37.72328638519175
Node 196, 105.91216734806241
Node 74, 16.03833110007683
Node 2224, 9832.372548207706
Node 846, 2832.454440860685
Node 205, 117.09844294952487
Node 244, 162.8243426681328
Node 121, 40.3485661533832
Node 73, 14.92702264042692
Node 2034, 8295.57461069352
Node 148, 60.53968468940949
Node 63, 5.239675695575226
Node 80, 20.52037304136166
Node 72, 14.69218132303504
Node 1653, 5851.381375499283
Node 1266, 4119.964829701784
Node 262, 552.2281886364691
Node 128, 43.060019943909055
Node 253, 188.49937490367822
Node 226, 143.20624103418223
Node 81, 20.97984739155592
Node 78, 20.08890022759447
Node 145, 55.39012174049287
Node 97, 28.893734916302737
Node 64, 7.593024070665757
Node 811, 2758.66822933014
Node 197, 107.09473566773836
Node 75, 17.740026853660225
Node 61, 0.8121544853537821
Node 295, 1161.0715407019777
Node 156, 66.11753429047512
Node 85, 22.263674927087973
Node 1372, 4588.193232191027
Node 235, 152.30813581259204
Node 60, 0.7957302276958329
Node 222, 139.90445139935227
Node 172, 85.205204189966
Node 99, 29.11643225124466
Node 104, 31.75617233261829
Node 69, 11.472881650027544
Node 202, 113.14017621345701
Node 547, 2211.983791236808
Node 93, 25.746898693734806
Node 88, 23.393332466702322
Node 227, 145.18566302854327
