Node, generations
Node 1808, 13209.508831168385
Node 641, 2380.3503301033834
Node 166, 160.83679226115956
Node 302, 337.7869198101696
Node 247, 245.58628676748683
Node 108, 119.10047761134764
Node 192, 184.094207211894
Node 149, 142.79087297450104
Node 180, 172.54917737019383
Node 1420, 8501.168197403333
Node 1055, 5230.155771908389
Node 799, 3319.7864217166716
Node 310, 417.4343904039772
Node 227, 214.49554341193428
Node 83, 108.39953696395327
Node 68, 105.74005690240415
Node 80, 107.26409704826413
Node 288, 304.2188566088842
Node 85, 109.26486621416423
Node 222, 211.79320415068105
Node 169, 163.57612960709696
Node 470, 1575.5956715642474
Node 286, 300.2929672225159
Node 217, 203.98060027201043
Node 144, 138.42835414548875
Node 196, 186.3858120765847
Node 436, 1376.1546103723078
Node 274, 278.94405875598324
Node 133, 130.25869509330133
Node 815, 3478.243804148534
Node 102, 116.73042366103971
Node 635, 2338.302429966363
Node 296, 320.80876086851436
Node 1242, 6656.288958460041
Node 280, 289.94290930940883
Node 275, 279.4601027744168
Node 48, 100.91580657332314
Node 226, 214.43809703827438
Node 44, 86.6001140619063
