Node, generations
Node 3621, 65997.03357905385
Node 511, 235.16874363782733
Node 328, 133.9246611952517
Node 142, 103.08369800753069
Node 2225, 14618.02468992057
Node 2065, 12259.218187230095
Node 1095, 3471.6476214897743
Node 520, 250.89405119037622
Node 466, 196.87922689571724
Node 343, 138.20071417429907
Node 118, 101.32262587625262
Node 433, 176.9785609497834
Node 281, 119.6281197767384
Node 406, 167.79825733793834
Node 302, 125.2942951874019
Node 257, 116.4965747153606
Node 399, 163.92740764152623
Node 209, 109.96106433628174
Node 108, 100.59480325834006
Node 143, 103.11033936887061
Node 371, 147.64273203422746
Node 473, 200.79646517134998
Node 330, 134.17657605271782
Node 376, 150.46145804430395
Node 218, 110.7833436587765
Node 1110, 3567.7625806956776
Node 488, 212.29220460509634
Node 408, 168.5975505603921
Node 369, 147.39422252108454
Node 451, 189.85943646724243
Node 84, 36.24587797282038
Node 534, 271.9712346200065
Node 439, 180.08125223317288
Node 129, 102.220831512225
Node 250, 115.52672934980163
Node 191, 108.19758363169773
Node 167, 105.4142341252254
Node 498, 220.54023948891134
Node 427, 175.34422965609423
Node 318, 131.02196157444243
Node 233, 113.0756586994201
Node 227, 111.70663059744874
Node 114, 101.13329678262038
Node 2101, 12744.547346082052
Node 458, 192.48388052680505
Node 391, 158.7598911563781
Node 344, 138.47656004466347
Node 174, 106.35405244288494
Node 132, 102.34154485707118
Node 1372, 5419.60605573275
Node 1082, 3366.7341593767787
Node 631, 828.6222125247789
Node 510, 232.82815493079235
Node 500, 220.8417746658295
Node 438, 179.5885522359087
Node 635, 850.2181384072021
Node 543, 292.73016165108925
Node 133, 102.4264415441443
Node 99, 92.34605464500163
Node 487, 211.302511698926
Node 571, 349.4411386648729
Node 518, 250.33760593682337
Node 481, 204.8378346259031
Node 285, 120.33227493126324
Node 184, 107.5114875762594
Node 449, 189.71935663079742
Node 419, 171.7667602140855
Node 364, 145.57619888127147
Node 570, 348.57193044737664
Node 445, 184.3085776347633
Node 304, 126.27857187741377
Node 472, 199.50292360049284
Node 336, 136.1629709053779
Node 151, 103.79162332792492
Node 422, 173.06480708934936
Node 308, 127.49523766883257
Node 101, 98.57262484390047
Node 295, 124.80324727275836
Node 216, 110.6578784760947
