Node, generations
Node 2786, 38513.89055003778
Node 1994, 12493.718972571754
Node 1500, 2377.7516466062707
Node 1396, 1464.5073066660595
Node 593, 970.4046481807728
Node 1168, 1071.987878265835
Node 1055, 1030.5088943055214
Node 1126, 1047.4004865049117
Node 1109, 1042.1156835040736
Node 959, 1018.1853565169674
Node 625, 1000.1601663190595
Node 354, 654.1190422290264
Node 842, 1008.2159029166135
Node 1116, 1043.5958395770729
Node 1077, 1033.596158131478
Node 1450, 1730.1716649016803
Node 1379, 1387.358285120546
Node 1286, 1170.1020221834522
Node 1232, 1119.2291916476256
Node 101, 224.60308658391372
Node 1356, 1324.0292692587914
Node 1061, 1030.982129730633
Node 711, 1002.4605542503754
Node 883, 1011.1213138287114
Node 97, 212.66498969257822
Node 222, 478.1501870377757
Node 98, 214.1927626227104
Node 1306, 1202.5609341221698
Node 1259, 1143.819665491654
Node 1445, 1716.9869284865324
Node 1278, 1165.2989295773991
Node 363, 666.5649778570762
Node 1098, 1039.2122039809187
Node 1037, 1027.4809868655552
Node 423, 753.5267321467579
Node 1329, 1259.1792799874675
Node 813, 1006.6964592965284
Node 1818, 8946.67673563765
Node 1455, 1764.390978944649
Node 1325, 1242.3730015635574
Node 1205, 1093.320286589636
Node 1150, 1061.4350810184096
Node 939, 1015.7759022466593
Node 1271, 1157.757518066265
Node 898, 1012.546576664512
Node 635, 1000.4197180884382
Node 1353, 1309.8752282219377
Node 1078, 1033.6088636712923
Node 1101, 1040.2654066868088
Node 413, 741.6588909797917
Node 1474, 1863.7396664654514
Node 1357, 1327.400417379107
Node 318, 605.2626308893666
Node 1298, 1189.2329229347597
Node 1270, 1153.259108944641
Node 246, 505.7866152731127
Node 231, 491.1936103281437
Node 61, 39.40690776048863
Node 865, 1009.8393330659521
