Node, generations
Node 2567, 91680.65694889067
Node 837, 691.8765832620745
Node 824, 656.8649029223002
Node 737, 451.53456838428843
Node 466, 234.66029821677617
Node 158, 200.57840989839315
Node 580, 285.71055063789123
Node 777, 538.7715811445073
Node 567, 277.9943778238521
Node 524, 251.72116635826495
Node 493, 241.66645633075493
Node 409, 221.2989101738284
Node 191, 201.80237267997992
Node 379, 216.74225302952993
Node 286, 207.17731055059517
Node 232, 204.0502888627129
Node 197, 202.0858460610616
Node 460, 232.93316383909365
Node 356, 214.41866906010173
Node 95, 86.7114449974116
Node 1552, 17929.654796276296
Node 858, 803.0152662462935
Node 575, 282.8591842506207
Node 499, 245.1240744982441
Node 764, 513.3442034275872
Node 738, 451.7216775528679
Node 596, 292.84209166470464
Node 362, 214.94734932190292
Node 518, 250.2054160785093
Node 317, 210.0694712249132
Node 128, 178.15780136423854
Node 735, 449.2820370609119
Node 714, 421.63699290242624
Node 632, 324.8253701122185
Node 537, 258.3621124967773
Node 472, 235.66630292691062
Node 338, 212.71650324332984
Node 610, 301.0595461629177
Node 517, 250.19894511887452
Node 443, 227.4795063895759
Node 513, 249.16242563680004
Node 519, 250.27826571683775
Node 98, 103.01570128204771
Node 81, 27.74349212976643
Node 763, 512.5878251939369
Node 293, 207.46267200142873
Node 426, 225.40355950748682
Node 372, 216.10951235312143
Node 238, 204.41733118637197
Node 1214, 8776.953545727565
Node 844, 722.916948419729
Node 684, 369.9295193139777
Node 573, 281.93992169747077
Node 547, 263.52618681896246
Node 312, 209.7113312866628
Node 619, 311.8631149720146
Node 403, 220.43271517017317
Node 377, 216.5388451301921
Node 905, 1109.9207088442606
Node 673, 353.67697502293765
Node 275, 206.40223864995653
Node 263, 205.68137759056054
Node 556, 268.83677447713103
Node 836, 691.5970549531081
Node 592, 291.6059166861627
Node 326, 211.10787203786677
Node 184, 201.55750924390722
Node 437, 226.70960355424273
Node 253, 205.25695217843656
Node 663, 347.2137810929469
Node 358, 214.595623639593
Node 165, 200.76724095688692
Node 84, 50.14061552370041
Node 654, 341.60954982691936
Node 540, 261.15675255536866
Node 418, 223.86888078870842
Node 161, 200.65216073044576
Node 479, 237.55626111083083
Node 80, 23.477076492577382
