node_generations, branch_length
11212.688802191511, 45209.265529996774
246.4341326009862, 10966.254669590526
0.0, 246.4341326009862
104.90401259231601, 141.5301200086702
0.0, 104.90401259231601
0.0, 104.90401259231601
10581.22569795207, 631.4631042394412
1967.6425084556056, 8613.583189496465
1308.5147565516907, 659.1277519039149
0.0, 1308.5147565516907
250.41476534423632, 1058.0999912074544
0.0, 250.41476534423632
0.0, 250.41476534423632
1844.0006263814644, 123.64188207414122
0.0, 1844.0006263814644
377.462108585949, 1466.5385177955154
0.0, 377.462108585949
167.55565641236575, 209.90645217358326
0.0, 167.55565641236575
0.0, 167.55565641236575
8100.65740187294, 2480.56829607913
0.0, 8100.65740187294
2769.922623885045, 5330.734777987895
282.72002581246477, 2487.2025980725803
0.0, 282.72002581246477
130.22845956925286, 152.4915662432119
0.0, 130.22845956925286
0.0, 130.22845956925286
1696.5384744860767, 1073.3841493989685
0.0, 1696.5384744860767
278.5520994316183, 1417.9863750544584
0.0, 278.5520994316183
0.0, 278.5520994316183
16869.11312284052, 39552.84120934777
0.0, 16869.11312284052
230.44176951943473, 16638.671353321086
0.0, 230.44176951943473
0.0, 230.44176951943473
