Node, generations
Node 807, 5531.541925892882
Node 659, 3935.540444903529
Node 280, 1053.0696453317828
Node 272, 1050.1480131290168
Node 185, 1013.6822042584392
Node 570, 2982.70270378439
Node 747, 4839.486925953988
Node 444, 1315.8424168376248
Node 144, 1005.4088502997033
Node 432, 1266.0942531325431
Node 284, 1054.8462043187283
Node 195, 1016.0588914886899
Node 138, 1004.811234433327
Node 70, 648.9170649865322
Node 342, 1104.9598263754424
Node 50, 512.9022940938265
Node 468, 1397.2716754558019
Node 382, 1172.1575897686998
Node 111, 995.7106885111752
