node_generations, branch_length
363.37532550984736, 38845.841502517374
0.0, 363.37532550984736
257.7345895533929, 105.64073595645448
224.61708778838437, 33.11750176500851
0.0, 224.61708778838437
0.0, 224.61708778838437
249.19124529315772, 8.543344260235159
0.0, 249.19124529315772
0.0, 249.19124529315772
33289.987967259396, 5919.228860767827
1666.011008606702, 31623.976958652693
0.0, 1666.011008606702
234.31375984609582, 1431.6972487606063
0.0, 234.31375984609582
224.6560037282865, 9.657756117809328
0.0, 224.6560037282865
0.0, 224.6560037282865
7847.232359234683, 25442.755608024712
337.26228144423516, 7509.970077790448
0.0, 337.26228144423516
0.0, 337.26228144423516
5563.686605931695, 2283.5457533029876
0.0, 5563.686605931695
3808.2808310551336, 1755.4057748765617
330.18735289046356, 3478.09347816467
0.0, 330.18735289046356
0.0, 330.18735289046356
612.810372891746, 3195.470458163388
391.59897653263334, 221.2113963591127
0.0, 391.59897653263334
0.0, 391.59897653263334
395.17851778027796, 217.6318551114681
0.0, 395.17851778027796
375.4994379701766, 19.67907981010137
0.0, 375.4994379701766
325.3887067520146, 50.11073121816196
0.0, 325.3887067520146
0.0, 325.3887067520146
