Node, generations
Node 1947, 3225.4923987076368
Node 1888, 2443.1830979196056
Node 1802, 1677.2786728092433
Node 1720, 1304.9787333552663
Node 1471, 1050.1931121354346
Node 1462, 1046.9397381506615
Node 104, 117.69686847826168
Node 1682, 1229.786648863397
Node 116, 139.27034985750632
Node 1501, 1061.5647993459295
Node 752, 864.8059840813435
Node 204, 306.9865501523598
Node 1740, 1358.8389854764644
Node 1556, 1097.113263532614
Node 1202, 1009.8196585030389
Node 1665, 1209.3272837030715
Node 1656, 1188.8362837110271
Node 1303, 1017.6845804649777
Node 92, 74.88921553257182
Node 1504, 1062.8896540067692
Node 1450, 1044.2185560191165
Node 1140, 1006.8290090149611
Node 1248, 1012.8707884484519
Node 1830, 1856.6724051519152
Node 1369, 1025.4691505119395
Node 1828, 1834.9201670245259
Node 83, 36.960658036406734
Node 1686, 1251.5020100370202
Node 1595, 1122.3561314283484
Node 1338, 1021.2809950085127
Node 1564, 1102.2418130997596
Node 1339, 1021.3784398785323
Node 1052, 1003.5947384604151
Node 1553, 1093.2342859544483
Node 82, 21.870937281498396
Node 1458, 1046.3383261256674
Node 595, 745.925001625382
Node 1075, 1004.1416270147552
Node 1647, 1173.871111436465
Node 1480, 1052.4347908491015
Node 218, 324.56577759192004
Node 97, 89.92992373775222
Node 81, 17.583102855299963
Node 1588, 1114.297827889765
Node 1445, 1042.0586755969382
Node 1424, 1037.7067950178098
Node 831, 939.0288327474836
Node 1544, 1089.283172744528
Node 967, 1001.5355685441393
Node 1402, 1033.0555361748288
Node 1901, 2545.2639617635086
Node 1784, 1561.7001196476567
Node 1710, 1290.858115799973
Node 1566, 1102.3986511094936
Node 1552, 1093.178216259352
Node 453, 591.4244042271835
Node 189, 286.3198924125801
Node 1502, 1062.377884750541
Node 1194, 1009.3336928897198
Node 1155, 1007.6835807155974
Node 147, 212.76020733438023
Node 94, 80.48427684943434
Node 224, 330.3052860269282
Node 140, 192.44288727923077
Node 1476, 1051.611190622285
Node 1451, 1044.246205351385
Node 1708, 1289.7013548667915
Node 84, 47.21796490061642
Node 1530, 1079.4914045740613
Node 1432, 1038.2900519968491
Node 1345, 1022.4383573753353
Node 1333, 1020.4667868787369
Node 220, 326.2519084941824
Node 80, 5.047908319687698
Node 1321, 1018.759006821433
Node 1215, 1010.6617682894371
Node 1725, 1317.2876611650365
Node 1586, 1112.3842534822898
Node 205, 309.6009999808279
