Node, generations
Node 1603, 20250.713224649782
Node 1033, 2102.3219185163885
Node 912, 1406.0816353168066
Node 625, 1035.5146662041234
Node 988, 1746.9207027591497
Node 791, 1127.593289714928
Node 982, 1724.7663118629273
Node 891, 1331.1317746610548
Node 782, 1121.430238138962
Node 641, 1041.6158497029699
Node 58, 182.7445400589046
Node 687, 1062.4362651731105
Node 662, 1049.5063768299403
Node 491, 1012.176351076284
Node 673, 1053.642289399173
Node 842, 1203.8875292048706
Node 838, 1197.0996821802416
Node 60, 186.117103425414
Node 898, 1351.608130122715
Node 557, 1021.0776125130574
Node 1136, 6470.994837247868
Node 1015, 1914.8657531065483
Node 700, 1067.971251549687
Node 669, 1051.1939321137802
Node 119, 501.6749023710442
Node 302, 1000.1120740732727
Node 933, 1489.4869401768624
Node 685, 1059.9181968560315
Node 480, 1011.3949118769247
Node 160, 620.0071286082501
Node 923, 1459.7433318436324
Node 676, 1055.5883362019645
Node 623, 1035.4619410170624
Node 801, 1139.2454826843225
Node 667, 1050.92448788989
Node 1051, 2278.4369271079518
Node 312, 1000.3651736712162
Node 843, 1204.7708474805925
Node 595, 1027.078198491252
