node_generations, branch_length
665.2712890056479, 86368.17981130461
263.93200597253775, 401.3392830331101
0.0, 263.93200597253775
0.0, 263.93200597253775
533.3255096902102, 131.94577931543768
0.0, 533.3255096902102
240.58846616161054, 292.73704352859966
0.0, 240.58846616161054
233.24970741645953, 7.3387587451510115
0.0, 233.24970741645953
0.0, 233.24970741645953
5621.635964101122, 81411.81513620913
361.5724463833974, 5260.063517717725
0.0, 361.5724463833974
348.07705513329915, 13.495391250098237
0.0, 348.07705513329915
329.5984146968984, 18.47864043640078
0.0, 329.5984146968984
0.0, 329.5984146968984
1920.190017750065, 3701.4459463510575
751.0594383948404, 1169.1305793552247
211.9709181472942, 539.0885202475462
0.0, 211.9709181472942
83.06525554490874, 128.90566260238546
0.0, 83.06525554490874
0.0, 83.06525554490874
482.1913429305909, 268.8680954642495
0.0, 482.1913429305909
291.5363479665787, 190.6549949640122
0.0, 291.5363479665787
0.0, 291.5363479665787
826.9410910341428, 1093.2489267159222
570.7810279844144, 256.16006304972836
122.29324919459421, 448.48777878982025
0.0, 122.29324919459421
0.0, 122.29324919459421
533.927540076842, 36.85348790757246
253.3863597980523, 280.5411802787897
0.0, 253.3863597980523
0.0, 253.3863597980523
329.84882814208, 204.078711934762
302.9054266342573, 26.94340150782267
248.90788854542112, 53.997538088836194
0.0, 248.90788854542112
208.47009944305586, 40.43778910236526
0.0, 208.47009944305586
0.0, 208.47009944305586
272.3955452741758, 30.509881360081522
0.0, 272.3955452741758
0.0, 272.3955452741758
319.3827405510117, 10.466087591068288
0.0, 319.3827405510117
0.0, 319.3827405510117
746.1555252665585, 80.78556576758433
244.2070736329137, 501.94845163364477
0.0, 244.2070736329137
0.0, 244.2070736329137
700.276996314219, 45.87852895233948
0.0, 700.276996314219
490.91127023685027, 209.36572607736872
344.1847749383961, 146.72649529845415
0.0, 344.1847749383961
0.0, 344.1847749383961
404.0923420365879, 86.81892820026235
215.5456010127747, 188.5467410238132
0.0, 215.5456010127747
0.0, 215.5456010127747
303.5335792813184, 100.55876275526953
240.3897703156693, 63.1438089656491
0.0, 240.3897703156693
203.94870312951116, 36.441067186158136
0.0, 203.94870312951116
0.0, 203.94870312951116
296.19697624170067, 7.336603039617728
0.0, 296.19697624170067
212.13562800308384, 84.06134823861683
0.0, 212.13562800308384
0.0, 212.13562800308384
