node_generations, branch_length
8705.905372715326, 19599.560277395438
0.0, 8705.905372715326
5195.663445638266, 3510.2419270770597
130.4431062453663, 5065.2203393929
0.0, 130.4431062453663
103.66955294658558, 26.773553298780712
0.0, 103.66955294658558
0.0, 103.66955294658558
1493.220392228213, 3702.443053410053
0.0, 1493.220392228213
0.0, 1493.220392228213
16526.883773047888, 11778.581877062876
666.8196629888122, 15860.064110059076
145.2108877152044, 521.6087752736078
0.0, 145.2108877152044
67.88872373981, 77.32216397539439
0.0, 67.88872373981
0.0, 67.88872373981
274.74163993222743, 392.07802305658475
157.63060600005952, 117.11103393216791
0.0, 157.63060600005952
60.897519128261386, 96.73308687179812
0.0, 60.897519128261386
0.0, 60.897519128261386
222.63265133241984, 52.10898859980759
0.0, 222.63265133241984
0.0, 222.63265133241984
2853.22270271913, 13673.661070328759
116.18294383276509, 2737.0397588863652
0.0, 116.18294383276509
0.0, 116.18294383276509
226.83861900154292, 2626.384083717587
0.0, 226.83861900154292
73.54409975341608, 153.29451924812685
0.0, 73.54409975341608
54.20501989674449, 19.33907985667159
0.0, 54.20501989674449
0.0, 54.20501989674449
