Node, generations
Node 3175, 30836.761935751718
Node 1458, 5280.092629388291
Node 165, 152.3549707026373
Node 152, 146.61971557660243
Node 76, 112.70479517286321
Node 163, 151.2297447155477
Node 69, 111.21866481252303
Node 734, 1953.2180357832342
Node 457, 1103.956863648745
Node 161, 151.0103806883967
Node 2936, 24895.94291964839
Node 1786, 7519.413340219807
Node 309, 557.1644707074556
Node 171, 156.31065248562697
Node 83, 113.72729939226585
Node 691, 1805.9099349125283
Node 316, 585.1431786796466
Node 671, 1759.0961526150527
Node 2688, 19632.112173483238
Node 518, 1320.8632702010943
Node 191, 168.9349447097373
Node 168, 155.53339439379502
Node 117, 131.9714730571081
Node 87, 115.25075153072035
Node 136, 139.9541597300653
Node 240, 341.43420703037447
Node 133, 137.90701360090918
Node 105, 123.02763809376958
Node 62, 109.38174197104439
Node 1804, 7671.979703812101
Node 58, 107.71656712249681
Node 1333, 4559.954944299147
Node 199, 175.98145083157465
Node 72, 111.8236861199654
Node 894, 2522.7355289242882
Node 204, 182.29798692874138
Node 115, 131.0533385730179
Node 376, 801.9862856046647
Node 107, 124.19383973232146
