Node, generations
Node 3162, 62678.97154475252
Node 2402, 27309.160541882637
Node 941, 1559.937226977014
Node 845, 1239.4513606220248
Node 727, 1085.3677725585646
Node 178, 646.5166540675405
Node 842, 1233.7064240293612
Node 831, 1206.669885934809
Node 398, 1003.3922663160638
Node 343, 1000.8854108075145
Node 651, 1039.8493710069245
Node 1989, 16932.817385981827
Node 876, 1288.7104924358844
Node 872, 1277.5528651668862
Node 767, 1117.2369805015192
Node 732, 1090.6960614594777
Node 849, 1247.0471678179172
Node 519, 1013.1281354876893
Node 784, 1135.3835540736416
Node 711, 1072.56531421683
Node 563, 1019.1033957415892
Node 533, 1014.8277499476787
Node 636, 1036.1990319787808
Node 371, 1002.0772912432246
Node 197, 698.8945838629226
Node 466, 1008.1271111139174
Node 781, 1132.8024957787
Node 772, 1121.596065784069
Node 765, 1109.415117617483
Node 263, 848.1876394644449
Node 754, 1104.833967351236
Node 935, 1466.25446705334
Node 893, 1336.6327952463287
Node 846, 1240.1281782440801
Node 827, 1198.8297100267944
Node 655, 1040.9753469525494
Node 41, 21.745363205996007
Node 493, 1010.1678882080275
Node 859, 1260.7845113818694
