Node, generations
Node 3297, 39290.11087861633
Node 1162, 3631.1807139436028
Node 503, 396.4244123893762
Node 427, 303.6896127094284
Node 471, 357.12921567735896
Node 65, 79.44510941919165
Node 268, 217.9987430761556
Node 257, 216.4827653556447
Node 508, 418.0406618360636
Node 487, 377.1535666789129
Node 395, 267.07334595710853
Node 267, 217.49584053120023
Node 372, 252.70660308135632
Node 155, 204.2771842744028
Node 2402, 14825.986067570238
Node 1564, 6201.543360401119
Node 723, 1490.4519885457655
Node 408, 274.037551775641
Node 387, 262.46877791859475
Node 307, 226.8654137233508
Node 1226, 3991.729151150989
Node 901, 2265.441263159542
Node 877, 2148.6734776825524
Node 321, 231.0637241897465
Node 313, 229.00743183782953
Node 306, 226.85640478461517
Node 215, 211.5416575414447
Node 336, 236.22096540821005
Node 328, 234.10633321788475
Node 178, 207.04054275709026
Node 1173, 3705.320059748568
Node 393, 266.29066321573805
Node 1056, 3128.9799194063357
Node 638, 1180.0508174519512
Node 81, 142.75518531576571
Node 71, 99.02280888633788
Node 512, 489.8427529523001
Node 343, 238.36241872330416
Node 291, 223.2731524632709
Node 274, 218.83257591250486
Node 76, 129.01364425187901
Node 1570, 6220.777100368634
Node 169, 206.051955946406
Node 574, 873.8308527561434
Node 486, 375.49444024586984
Node 368, 250.07659707112114
Node 432, 310.6534994582001
Node 185, 207.8262571939456
Node 366, 246.6246091678928
Node 525, 582.8620915727911
Node 367, 247.21371430870468
Node 107, 200.85221955198608
Node 162, 204.7771740297723
Node 405, 273.34072198818325
Node 364, 245.69784761188023
Node 335, 235.95991681374383
Node 271, 218.36255826758656
Node 325, 232.36647439182886
Node 256, 216.46116562803493
