Node, generations
Node 1747, 45131.38565599674
Node 866, 1095.3958074751658
Node 794, 660.2082497084436
Node 694, 388.68776546321254
Node 493, 239.56826691194263
Node 342, 212.35366469965624
Node 763, 551.4783161567958
Node 513, 247.7832282922569
Node 189, 202.37525857420056
Node 738, 474.06123714520413
Node 566, 271.31542574203064
Node 482, 236.08828460189338
Node 480, 235.9861509560882
Node 498, 241.34740838915042
Node 464, 232.37351143746014
Node 730, 458.0134818339777
Node 686, 377.32565824501467
Node 198, 202.69757535425018
Node 642, 324.87763659933756
Node 399, 219.0732083304299
Node 388, 217.97322425185706
Node 366, 215.281380223813
Node 243, 205.68078958529767
Node 218, 203.97253742331134
Node 535, 255.65285521138762
Node 459, 231.01677386290754
Node 251, 206.09246794719556
Node 411, 220.64904046885363
Node 350, 213.4220087539918
Node 248, 205.79000748007303
Node 729, 457.8836908200565
Node 624, 304.87203325296605
Node 410, 220.31273479868284
Node 408, 219.84395831442683
Node 561, 269.9230825448817
Node 344, 212.6106229543836
Node 230, 204.59739146906364
Node 650, 334.77754375052115
Node 603, 293.1423518874044
Node 133, 194.46539249008845
Node 587, 283.829277635517
Node 647, 331.80697332348313
Node 598, 290.1534977781292
Node 505, 243.62703482006273
Node 404, 219.463033223511
Node 527, 254.15657471292374
Node 494, 239.87632003162028
Node 623, 303.86158791463174
Node 592, 286.00097375855756
Node 474, 235.4051458423297
Node 816, 763.317049889659
Node 445, 226.05442113757533
Node 367, 215.38630511387683
Node 1403, 23147.72851433608
Node 532, 255.4785181614271
Node 461, 231.41169899063627
Node 484, 236.67505251438462
Node 106, 145.77045140319322
Node 822, 817.4258831025161
Node 683, 376.57987097771695
Node 564, 271.230714208323
Node 668, 354.5352563642458
Node 581, 281.11122937896204
Node 364, 215.0319126633935
Node 572, 276.22635416747266
Node 405, 219.60561793840537
Node 317, 210.35323849842908
Node 616, 301.57666148482235
Node 497, 240.06027488692268
Node 569, 273.8764193337283
Node 195, 202.645744952863
Node 691, 379.69113918838065
Node 483, 236.16279814135396
Node 419, 222.0377773930707
Node 190, 202.4025142505578
Node 392, 218.1968154599641
Node 269, 206.60212285223975
Node 524, 253.43123733005564
Node 233, 204.90588355045148
