Node, generations
Node 1554, 5772.519178297543
Node 1475, 2292.0960467893815
Node 1117, 1063.2011243555125
Node 1077, 1046.9101803398455
Node 1001, 1027.3953957418269
Node 404, 711.542754238724
Node 1407, 1750.4800406961112
Node 977, 1023.3474334123832
Node 895, 1012.83915729954
Node 139, 296.7272039342236
Node 645, 1000.8697465893442
Node 961, 1020.7538327777368
Node 880, 1011.9486778860313
Node 1389, 1641.2856861788214
Node 1285, 1250.6270795051678
Node 1201, 1126.1771122714667
Node 1146, 1082.20691637774
Node 1140, 1079.046273248241
Node 304, 574.4640069370861
Node 740, 1003.9997248905314
Node 1179, 1108.1622085977517
Node 511, 863.0211152735321
Node 691, 1002.598711963966
Node 1383, 1616.0945889346165
Node 1081, 1048.2359723574568
Node 392, 703.2281288254919
Node 1208, 1131.6315203068507
Node 1154, 1088.610132086614
Node 314, 591.1675267305228
Node 866, 1011.2948704808099
Node 1495, 2697.420903792586
Node 1337, 1408.2670039442028
Node 1280, 1239.3919733549042
Node 1315, 1349.6528314852544
Node 1284, 1249.7822594910695
Node 722, 1003.5935451397423
Node 278, 532.4400468056923
Node 173, 349.21222639490765
Node 105, 227.93461827072312
Node 1309, 1321.7818297015378
Node 1181, 1112.1590606320058
Node 363, 668.4162809335074
Node 1159, 1093.1275761062757
Node 1157, 1090.5711645343238
Node 1016, 1031.4661991668438
Node 1015, 1031.1658006733287
Node 330, 618.6002022518918
Node 1345, 1444.278743181952
Node 1306, 1307.240769665092
Node 288, 544.1596160023481
Node 1242, 1176.4899431364431
Node 1087, 1052.0615418311222
Node 945, 1019.0833417649492
Node 448, 779.6887659770275
Node 1060, 1041.0770586323524
Node 815, 1008.1013600321996
Node 792, 1006.529963594905
Node 676, 1002.0987974901885
Node 1096, 1055.710288126792
