node_generations, branch_length
1972.521237130364, 60669.03643877461
0.0, 1972.521237130364
1478.0380786183703, 494.4831585119937
0.0, 1478.0380786183703
1217.2903158476686, 260.7477627707017
0.0, 1217.2903158476686
1086.8431250028052, 130.44719084486337
0.0, 1086.8431250028052
468.6909990306877, 618.1521259721176
0.0, 468.6909990306877
0.0, 468.6909990306877
32045.810751262637, 30595.746924642335
1612.7487661636185, 30433.06198509902
0.0, 1612.7487661636185
1020.0271421003195, 592.721624063299
0.0, 1020.0271421003195
1000.7426346465113, 19.284507453808146
0.0, 1000.7426346465113
0.0, 1000.7426346465113
1932.8234824719616, 30112.987268790675
0.0, 1932.8234824719616
1474.5389070773808, 458.28457539458077
1150.887901297703, 323.6510057796779
0.0, 1150.887901297703
1080.4648238868592, 70.42307741084369
0.0, 1080.4648238868592
0.0, 1080.4648238868592
1363.8303338591008, 110.70857321827998
0.0, 1363.8303338591008
1207.9832472216929, 155.84708663740798
0.0, 1207.9832472216929
1132.1916295580183, 75.79161766367451
0.0, 1132.1916295580183
1002.9126007056785, 129.27902885233982
0.0, 1002.9126007056785
125.51856045697768, 877.3940402487009
0.0, 125.51856045697768
0.0, 125.51856045697768
