node_generations, branch_length
1995.368708805185, 23847.016909868227
206.7549004297159, 1788.613808375469
0.0, 206.7549004297159
0.0, 206.7549004297159
226.48098354231325, 1768.8877252628718
0.0, 226.48098354231325
0.0, 226.48098354231325
12115.345629279424, 13727.039989393988
404.40680710135746, 11710.938822178066
0.0, 404.40680710135746
353.59224594380885, 50.81456115754861
0.0, 353.59224594380885
262.563687900531, 91.02855804327783
0.0, 262.563687900531
182.91399846767285, 79.64968943285817
0.0, 182.91399846767285
0.0, 182.91399846767285
11608.017231927235, 507.3283973521884
328.3042946586612, 11279.712937268574
0.0, 328.3042946586612
242.41756710834107, 85.88672755032013
0.0, 242.41756710834107
235.2307417182576, 7.18682539008347
0.0, 235.2307417182576
220.47811277951774, 14.75262893873986
0.0, 220.47811277951774
0.0, 220.47811277951774
5495.9111441581845, 6112.106087769051
578.8631756150622, 4917.047968543122
476.15095155484465, 102.71222406021758
0.0, 476.15095155484465
0.0, 476.15095155484465
525.2608400331297, 53.60233558193249
389.7552028799391, 135.50563715319066
311.9100878701598, 77.84511500977925
253.15662673348015, 58.753461136679675
0.0, 253.15662673348015
0.0, 253.15662673348015
254.6513470768392, 57.25874079332064
0.0, 254.6513470768392
201.37714102786143, 53.27420604897776
0.0, 201.37714102786143
0.0, 201.37714102786143
379.4369569091694, 10.31824597076968
0.0, 379.4369569091694
317.3860145598262, 62.05094234934319
236.83991002274198, 80.54610453708423
0.0, 236.83991002274198
215.08386658245277, 21.756043440289204
0.0, 215.08386658245277
0.0, 215.08386658245277
238.1695397076184, 79.2164748522078
0.0, 238.1695397076184
211.26645991045766, 26.903079797160757
0.0, 211.26645991045766
0.0, 211.26645991045766
438.25585611543465, 87.00498391769509
203.9406326851591, 234.31522343027555
0.0, 203.9406326851591
0.0, 203.9406326851591
298.11803017017667, 140.137825945258
0.0, 298.11803017017667
0.0, 298.11803017017667
624.280345428539, 4871.630798729646
467.07439301634815, 157.20595241219087
349.1329151111256, 117.94147790522254
0.0, 349.1329151111256
0.0, 349.1329151111256
361.74466742255015, 105.329725593798
0.0, 361.74466742255015
0.0, 361.74466742255015
560.5424261421632, 63.73791928637581
0.0, 560.5424261421632
262.9330841256193, 297.6093420165439
0.0, 262.9330841256193
228.45023629005163, 34.48284783556767
0.0, 228.45023629005163
0.0, 228.45023629005163
