Node, generations
Node 4317, 60182.40521567588
Node 1994, 5559.4645360461445
Node 809, 1129.341895683062
Node 738, 1002.8061279147586
Node 199, 108.1342155732532
Node 271, 120.91691160952513
Node 270, 120.85737483909949
Node 745, 1010.0749163955328
Node 402, 179.84649398032866
Node 381, 161.0202753709729
Node 303, 130.71703494969302
Node 360, 151.78158148592584
Node 3389, 22376.329504193018
Node 1131, 1880.7285844989087
Node 424, 194.1807457604457
Node 345, 143.87991945724406
Node 325, 137.0861559962335
Node 285, 124.9323519240857
Node 287, 125.60644052493093
Node 478, 381.07666672054575
Node 378, 160.34904463642766
Node 161, 104.26749217228168
Node 2415, 8707.597252024796
Node 1255, 2236.7787247098745
Node 942, 1451.9217032949032
Node 445, 260.887148996507
Node 708, 928.9354802977946
Node 522, 515.3329056978777
Node 268, 118.89888028235637
Node 236, 113.8951646414833
Node 107, 100.45582696369631
Node 135, 102.27844731708919
Node 83, 12.69776581307819
Node 80, 3.118375350880261
Node 474, 374.3769253947013
Node 377, 158.67432514860278
Node 294, 127.47378220617752
Node 195, 107.5583861899852
Node 209, 109.60748141871677
Node 158, 103.958869962368
Node 111, 100.86122041603072
Node 389, 168.3916204952328
Node 605, 714.9818388557014
Node 98, 94.91257501459629
Node 376, 158.52690593789725
Node 1065, 1718.3909923025067
Node 298, 129.2018647674833
Node 818, 1140.8985703184608
Node 155, 103.76419533157558
Node 418, 189.16913332874427
Node 336, 141.2683456344576
Node 2175, 6893.074101435568
Node 1191, 2058.874384974245
Node 342, 143.1956288338452
Node 266, 118.7903358498573
Node 244, 115.46756184179107
Node 151, 103.16264961697478
Node 104, 100.37124434055303
Node 174, 105.60003630210711
Node 511, 487.32550184637466
Node 420, 190.22331264498098
Node 205, 109.36567012503039
Node 108, 100.51362769773982
Node 400, 178.11508322083515
Node 1270, 2272.069159289402
Node 542, 585.3730423984965
Node 263, 117.96359793014541
Node 116, 101.02796785905731
Node 317, 134.70056698086128
Node 276, 121.41939740515399
Node 799, 1113.0094368050814
Node 343, 143.31555273736646
Node 280, 123.26925166530586
Node 89, 36.478999893381655
Node 286, 125.05039585677163
Node 182, 105.94978232190536
Node 148, 102.86503816802568
Node 258, 117.46785909310022
Node 163, 104.44445413589642
