Node, generations
Node 994, 14439.455831991445
Node 543, 1688.7080096511518
Node 352, 1086.533406438989
Node 566, 1906.927762905119
Node 559, 1846.2143295533995
Node 555, 1796.5074581406705
Node 461, 1275.2380775175798
Node 51, 615.9620288351241
Node 436, 1204.959161244836
Node 302, 1050.9929172249006
Node 533, 1624.5238273298633
Node 413, 1174.1745964039005
Node 376, 1103.9735274058726
Node 342, 1077.4142301282138
Node 327, 1071.278743560256
Node 443, 1228.1073227911716
Node 33, 412.74231441028195
Node 148, 1004.74742973939
Node 53, 637.1659318681278
