Node, generations
Node 2256, 33305.6211816279
Node 1338, 11349.965664619836
Node 169, 378.92816586520416
Node 628, 3818.517249924582
Node 252, 1170.5937191428102
Node 89, 249.72519530787974
Node 1662, 16079.064661505932
Node 791, 5184.359574497932
Node 182, 474.66587282388883
Node 104, 264.72293753409286
Node 348, 1895.9801483372717
Node 123, 290.97749519288453
Node 152, 358.4579376189265
Node 44, 207.95946144556365
Node 92, 252.04722619716657
Node 836, 5553.189649582234
Node 145, 341.4254385689257
Node 87, 246.9182971556559
Node 22, 46.97343605630124
