Node, generations
Node 2160, 24560.491031097816
Node 1437, 2297.1146443292214
Node 1112, 2021.6926252771468
Node 516, 1424.9003994797772
Node 40, 9.00923718545853
Node 1385, 2171.3948389138473
Node 1360, 2133.852006479991
Node 1321, 2096.964851332399
Node 1149, 2027.352003562094
Node 53, 186.51945515785485
Node 1101, 2020.2808886572732
Node 319, 1008.404422919297
Node 48, 124.67468217097948
Node 1309, 2089.890416596726
Node 1287, 2076.6135071642984
Node 1661, 5771.707130212101
Node 1599, 3427.5314411087747
Node 1490, 2514.3634503553412
Node 1093, 2018.3970991065942
Node 488, 1361.9797091497508
Node 1368, 2145.503199747615
Node 1267, 2067.8329538220187
Node 716, 1794.017137904692
Node 1116, 2022.5961190907515
Node 591, 1554.9601688178816
Node 41, 46.09925312056934
Node 636, 1647.7286160962947
Node 577, 1530.3222459186916
Node 1277, 2071.3114730858783
Node 249, 862.4910230281016
Node 244, 838.3141498168683
Node 50, 145.62818786356718
Node 1606, 3482.5234172298096
Node 1484, 2486.811132812789
Node 1504, 2583.0963840434188
Node 1470, 2422.104889336015
Node 72, 304.3897871194356
Node 1396, 2187.8958666535136
Node 1049, 2012.8382257871203
