Node, generations
Node 1448, 22558.727332971266
Node 944, 1352.6888633584751
Node 837, 1153.730660413189
Node 671, 1037.8606077032257
Node 144, 547.063474174619
Node 942, 1352.0226974875159
Node 918, 1285.607847465341
Node 817, 1130.4845805403954
Node 428, 1004.5053859019168
Node 1065, 2048.284283532434
Node 981, 1491.9357213929313
Node 870, 1201.5445409668164
Node 838, 1158.133872181074
Node 615, 1024.6553401554233
Node 866, 1195.5343531543358
Node 177, 629.3912089876086
Node 962, 1424.4880548711078
Node 955, 1382.975770837729
Node 378, 1001.5286438436341
Node 959, 1402.1816493693354
Node 812, 1121.496328090475
Node 707, 1051.4210891595358
Node 430, 1004.5670949420844
Node 573, 1018.0569636416269
Node 920, 1290.496239602032
Node 882, 1217.8078402992974
Node 238, 805.4221817156416
Node 88, 367.71376935534374
Node 1026, 1757.7318515878096
Node 740, 1066.6017626630721
Node 474, 1007.5372134159281
Node 873, 1204.0528963720467
Node 872, 1202.9941456708946
Node 616, 1025.144912749002
Node 808, 1117.6063169591016
Node 758, 1076.0980513148609
Node 785, 1096.9602333091646
Node 223, 778.7874820061853
Node 409, 1003.440507991015
