node_generations, branch_length
10973.162010986714, 12770.558049113362
737.2645089954965, 10235.897501991218
154.8391735499672, 582.4253354455293
0.0, 154.8391735499672
0.0, 154.8391735499672
346.7860659325632, 390.4784430629333
0.0, 346.7860659325632
170.7956342497654, 175.99043168279778
0.0, 170.7956342497654
128.9625348333837, 41.833099416381714
0.0, 128.9625348333837
102.01887515946824, 26.943659673915462
0.0, 102.01887515946824
0.0, 102.01887515946824
2498.5538220818294, 8474.608188904886
0.0, 2498.5538220818294
179.14312508603746, 2319.410696995792
0.0, 179.14312508603746
136.35213475838117, 42.79099032765629
0.0, 136.35213475838117
0.0, 136.35213475838117
13117.402499313715, 10626.317560786361
4413.51025437768, 8703.892244936036
1340.5878836777242, 3072.922370699956
213.625264204868, 1126.9626194728562
0.0, 213.625264204868
166.90338990960592, 46.72187429526207
0.0, 166.90338990960592
141.17778805865882, 25.7256018509471
0.0, 141.17778805865882
134.3342885131955, 6.843499545463317
0.0, 134.3342885131955
100.53758376592016, 33.79670474727534
0.0, 100.53758376592016
50.76956482891245, 49.76801893700771
0.0, 50.76956482891245
0.0, 50.76956482891245
921.1038151054759, 419.48406857224836
212.0656877195466, 709.0381273859293
188.721765730022, 23.343921989524574
0.0, 188.721765730022
102.71545845339554, 86.00630727662647
0.0, 102.71545845339554
0.0, 102.71545845339554
188.92225425188957, 23.14343346765702
0.0, 188.92225425188957
0.0, 188.92225425188957
592.0859003355814, 329.01791476989445
0.0, 592.0859003355814
0.0, 592.0859003355814
3513.8475497474296, 899.6627046302506
101.07958810250985, 3412.76796164492
0.0, 101.07958810250985
0.0, 101.07958810250985
839.0840215134389, 2674.7635282339907
180.78204830433825, 658.3019732091007
0.0, 180.78204830433825
152.7471131251593, 28.034935179178945
0.0, 152.7471131251593
0.0, 152.7471131251593
312.4421274261468, 526.641894087292
129.03132974883252, 183.41079767731426
0.0, 129.03132974883252
0.0, 129.03132974883252
160.40689802397225, 152.03522940217454
0.0, 160.40689802397225
0.0, 160.40689802397225
9575.783294880994, 3541.6192044327217
139.8817924207743, 9435.90150246022
0.0, 139.8817924207743
0.0, 139.8817924207743
299.38615778231696, 9276.397137098676
0.0, 299.38615778231696
277.9387114009098, 21.447446381407133
0.0, 277.9387114009098
267.90868610600126, 10.030025294908569
0.0, 267.90868610600126
0.0, 267.90868610600126
