Node, generations
Node 2786, 29896.97722433676
Node 2131, 15632.194214891937
Node 643, 2105.20139858089
Node 294, 670.9827987949978
Node 704, 2386.0437800752034
Node 250, 249.39777132112843
Node 108, 87.93688322556288
Node 210, 189.2036973627752
Node 114, 90.85446766666969
Node 171, 146.10610423030587
Node 40, 30.05702799454045
Node 280, 575.9097805406516
Node 128, 96.07628209747791
Node 115, 91.30456051076811
Node 2331, 19265.13622427095
Node 285, 597.1661315251298
Node 52, 58.823317711247064
Node 1734, 10200.372511560081
Node 1216, 5221.393565256403
Node 289, 608.8567808680237
Node 135, 103.1122334786324
Node 134, 102.8102499010774
Node 133, 102.4528542246409
Node 205, 181.9028471909509
Node 88, 76.56605120137347
Node 46, 55.475641399714654
Node 138, 105.57565377032454
Node 590, 1884.873561846137
Node 540, 1662.5261627354257
Node 243, 234.37107079395787
Node 256, 379.6498063280214
Node 204, 181.15324644018088
Node 43, 52.53453922802547
Node 215, 192.22301257150957
Node 86, 75.9510534392072
Node 50, 58.54663851788421
Node 184, 157.6468736596258
Node 111, 89.35855348605423
Node 136, 103.53268832243282
