Node, generations
Node 2128, 23684.04041436623
Node 873, 5333.388339282704
Node 445, 2473.117398132584
Node 99, 275.1518392350394
Node 118, 303.06799945423063
Node 79, 250.239057735565
Node 69, 236.34599608214975
Node 96, 270.6476597280187
Node 1359, 10368.58011610318
Node 40, 214.52943636088818
Node 802, 4823.677091700748
Node 193, 732.7931944350612
Node 109, 287.55032995872665
Node 63, 229.3347924228018
Node 25, 201.49291486617773
Node 188, 687.7993145073001
Node 157, 384.70198776215693
Node 610, 3498.8346267238376
Node 176, 607.6683685822084
