Node, generations
Node 2483, 38142.89644993333
Node 641, 707.037191411395
Node 536, 415.75519664705286
Node 524, 394.53095423686403
Node 493, 347.3104255195354
Node 156, 204.22192648165458
Node 1583, 11610.458211293491
Node 1083, 5609.048793064468
Node 326, 236.8709739631848
Node 273, 221.27673193998947
Node 262, 219.75911511301163
Node 664, 885.3552565135532
Node 245, 217.10919437828537
Node 488, 338.7868530340694
Node 360, 247.62982574971676
Node 465, 317.05364285107436
Node 135, 202.24830082786627
Node 1565, 11274.757783718802
Node 783, 2400.6403407287094
Node 632, 671.809496051884
Node 492, 347.2599663293338
Node 484, 334.7791578733319
Node 61, 48.18174792468477
Node 533, 407.6289913920435
Node 366, 250.612422116431
Node 307, 230.14886755500515
Node 194, 208.2564972510066
Node 138, 202.69570807741337
Node 516, 376.0815864822319
Node 391, 259.19633724230664
Node 454, 303.41289469001583
Node 404, 266.39631729708344
Node 84, 130.80667347236775
Node 381, 255.72340680967653
Node 372, 252.67280875762322
Node 1227, 7046.151838363445
Node 513, 373.01660292707066
Node 410, 270.4665878426957
Node 348, 243.4101628438663
Node 281, 222.36873434455526
Node 340, 242.23272822561506
Node 110, 200.78152759355496
Node 485, 335.95001592281557
Node 472, 325.1217322097294
Node 235, 215.67920132553365
Node 170, 205.0788328362128
Node 455, 303.4450915198703
Node 224, 213.62713282555626
Node 347, 243.28300305309008
Node 244, 216.67547888136744
Node 243, 216.42744645399077
Node 323, 235.42279628636803
Node 606, 580.8704809756398
Node 449, 297.1203538873963
Node 68, 75.30505441749315
Node 339, 242.0439293806051
Node 498, 351.26164596799845
Node 359, 247.22093838376142
Node 228, 214.29352171847333
