Node, generations
Node 2224, 15626.181350671413
Node 1164, 4557.93859902386
Node 243, 141.13529397519315
Node 220, 130.21251740589958
Node 157, 112.67013640872753
Node 653, 1629.6528036988352
Node 401, 307.431249244587
Node 359, 228.21384854294672
Node 349, 217.37871961353082
Node 184, 120.4589486544943
Node 113, 104.92523019584084
Node 275, 160.34845525179762
Node 378, 266.9953424261124
Node 244, 141.43945201634503
Node 207, 126.46546669632356
Node 133, 108.56154003232557
Node 155, 112.35218422461365
Node 60, 9.634336473380785
Node 225, 133.16150250768587
Node 365, 241.1161601104035
Node 568, 1231.2656731030754
Node 397, 302.2144037325323
Node 294, 171.10484542757806
Node 330, 203.20153780531095
Node 146, 111.31885531036619
Node 1642, 8317.72058021984
Node 1523, 7332.687294583689
Node 449, 651.7018874156169
Node 368, 246.19661015646227
Node 210, 127.68192359204103
Node 587, 1346.1059772856815
Node 240, 140.32295960035125
Node 539, 1086.5711228328685
Node 430, 497.0814112975969
Node 222, 131.72621290285636
Node 72, 74.11235391203043
Node 169, 114.82121835335657
Node 136, 108.84725096457332
Node 74, 84.3267367511735
Node 307, 181.69015027780526
Node 502, 951.4790786765263
Node 306, 181.39159175459645
Node 377, 262.8210329018308
Node 1590, 7958.68165085841
Node 343, 214.78498495684485
Node 327, 200.60494499866115
Node 177, 116.63775020544793
Node 685, 1802.199740168754
Node 255, 147.6199558204202
Node 236, 139.32073239190885
Node 208, 126.60742256047999
Node 148, 111.51614066351509
Node 95, 102.02509643540864
Node 195, 124.12996528278998
Node 317, 190.6234051671833
Node 253, 146.11401488363018
Node 282, 163.4520525916792
Node 281, 163.35274859324736
Node 93, 101.94236424650191
