Node, generations
Node 329, 1449.7889842868367
Node 291, 1020.9707027695262
Node 225, 629.2486847591503
Node 179, 462.29709998723314
Node 37, 206.99141394853004
Node 219, 603.035958698247
Node 150, 393.4635207544
Node 44, 212.58989115024494
Node 84, 242.16995983301433
Node 253, 745.2055406837071
Node 216, 592.3617692766371
Node 156, 408.7133769680522
Node 113, 284.3557170728925
Node 304, 1170.7709579501345
Node 274, 885.546507070148
Node 185, 473.6078803407828
Node 147, 382.8401382584562
Node 172, 438.14402023619283
Node 55, 220.19067808738876
