Node, generations
Node 2359, 3677.540572832979
Node 2295, 2806.849409868374
Node 2253, 2573.9941876072944
Node 2237, 2498.5388520594865
Node 2146, 2217.1993717636856
Node 1942, 2048.676104052007
Node 768, 1213.081807797144
Node 328, 679.9409743140887
Node 2192, 2323.9063905711546
Node 2015, 2083.179988654199
Node 1479, 2000.9488849820584
Node 62, 27.568326588244865
Node 1793, 2018.5785469625569
Node 995, 1494.2225645171816
Node 91, 191.3832341625516
Node 702, 1150.2644662983453
Node 214, 512.4984476089304
Node 1715, 2011.3729325928625
Node 2139, 2203.745619029519
Node 2107, 2161.4905556511453
Node 1919, 2042.0249026974786
Node 1722, 2011.7825992747569
Node 2245, 2530.7985680580073
Node 1712, 2011.293732615849
Node 2232, 2479.73811071359
Node 2018, 2084.2125637132735
Node 502, 925.2159117098232
Node 1968, 2060.6929333574362
Node 106, 262.6653055496537
Node 1892, 2034.1575042445722
Node 1626, 2006.1306357410595
Node 1521, 2002.241637606474
Node 2299, 2821.9323650628853
Node 2230, 2472.809241834634
Node 2067, 2117.692869771173
Node 2032, 2091.960382959524
Node 1841, 2025.5578226055338
Node 733, 1186.1746919064153
Node 1677, 2009.3472142871556
Node 657, 1105.399101232924
Node 196, 482.1233294389101
Node 2020, 2085.030535662732
Node 1957, 2056.295029582365
Node 573, 1013.9773066160499
Node 333, 690.9257678839117
Node 302, 649.4637555621322
Node 63, 34.9549352027833
Node 1944, 2050.6335439626478
Node 1853, 2027.6098685930874
Node 1621, 2005.9444969392832
Node 132, 311.8986995131675
Node 2193, 2324.797161491927
Node 1883, 2031.972724402256
Node 1834, 2024.3332292546538
Node 2281, 2743.272198444543
Node 2033, 2091.9742989318183
Node 66, 46.937865665539825
Node 2124, 2178.977123714775
Node 641, 1090.865200870358
