Node, generations
Node 1584, 29552.884050930057
Node 617, 661.1572811197736
Node 490, 383.3363534062202
Node 534, 470.00051550545265
Node 411, 301.48167165239073
Node 394, 288.3554065678579
Node 320, 242.14294779084562
Node 496, 393.9470923938691
Node 352, 256.6234534588074
Node 207, 212.21599760284735
Node 481, 375.72498855571166
Node 308, 236.11960804906929
Node 247, 220.11862165598325
Node 215, 213.83446136776314
Node 286, 229.69705688219935
Node 769, 2534.0456979073374
Node 570, 536.3561088121673
Node 454, 344.92393187559924
Node 250, 220.50256816033357
Node 204, 211.6416580415056
Node 143, 204.0254088725708
Node 106, 200.40511613563663
Node 443, 329.8251732778433
Node 441, 327.91664503956525
Node 317, 239.05383558235317
Node 63, 26.646078183451866
Node 544, 491.95474417675416
Node 70, 54.09216021070875
Node 734, 1492.9711564420732
Node 613, 643.8035237471406
Node 536, 475.2704960943587
Node 285, 229.33549984904985
Node 222, 214.86015799186532
Node 424, 313.6990872374824
Node 728, 1420.5421722233627
Node 664, 881.5558714027103
Node 573, 548.6596396905996
Node 351, 256.2646383334571
Node 507, 422.16761000628276
Node 169, 207.1363410598217
Node 60, 0.18611933456555096
Node 660, 867.9006416212113
Node 470, 361.84719461789604
Node 374, 275.5219910632475
Node 524, 454.3018849892761
Node 427, 315.2614997934665
Node 196, 210.8350407128523
Node 185, 209.0571330469978
Node 305, 235.55619167985174
Node 61, 17.573667046942138
Node 64, 26.834439187067897
Node 479, 375.02649031169153
Node 154, 205.46969594841985
Node 75, 71.4965316109364
Node 74, 63.43221760586876
Node 421, 311.34508256425954
Node 265, 223.1692162626857
Node 103, 195.1933902424798
Node 412, 302.48564620671146
