Node, generations
Node 3647, 32779.40947442183
Node 1120, 2183.564639575427
Node 422, 178.10535155019608
Node 1025, 1883.382523492463
Node 785, 1234.6600389182533
Node 365, 150.16415975378774
Node 292, 123.82493248193728
Node 150, 103.55028281272388
Node 283, 121.98803804134938
Node 326, 134.55412987769185
Node 428, 183.0511835625591
Node 263, 118.5774599325696
Node 220, 112.50442863670779
Node 272, 119.79029781767427
Node 794, 1253.0542105890195
Node 447, 199.62370199161464
Node 339, 139.6126110595004
Node 224, 112.7760779269379
Node 333, 137.7879387478142
Node 244, 115.13644372473264
Node 117, 101.49991835678696
Node 503, 396.3129159705123
Node 354, 145.4474200704396
Node 366, 151.6434116577089
Node 175, 107.0373412803299
Node 3388, 25620.101944529473
Node 1038, 1927.8146507401084
Node 343, 140.67449165695564
Node 211, 111.23137204400649
Node 255, 116.74720455495923
Node 240, 114.64443385379062
Node 522, 441.5466446297197
Node 99, 86.80201884263482
Node 374, 154.0218048925074
Node 299, 125.09529807002323
Node 305, 126.07047812624342
Node 2389, 9716.378235807255
Node 1417, 3288.9720588902983
Node 496, 383.920022110974
Node 294, 124.25869738253103
Node 375, 154.2001106593236
Node 351, 144.6925400344254
Node 256, 116.98308376981223
Node 277, 120.38500389861962
Node 118, 101.57850712691005
Node 145, 103.1281780033921
Node 827, 1346.5754233937969
Node 489, 358.5651166743108
Node 568, 612.5453585112356
Node 192, 108.97374993443448
Node 445, 197.72770508172906
Node 439, 191.46676608123838
Node 270, 119.5343182166563
Node 1513, 3781.7516503586658
Node 570, 637.5050393907383
Node 420, 177.571232325876
Node 315, 130.5452778096002
Node 85, 36.21255773022206
Node 98, 85.51982351647254
Node 402, 170.04219893010543
Node 291, 123.59505054486597
Node 260, 117.94830448161191
Node 216, 111.85916677553658
Node 144, 103.04165518404427
Node 876, 1462.3046892085545
Node 437, 190.00471943207137
Node 633, 830.8946312890354
Node 511, 422.348547029178
Node 331, 137.43000052805894
Node 278, 120.6159268739031
Node 90, 50.68120945474055
Node 347, 141.64968498673747
Node 317, 130.95290106955
Node 218, 112.13346396069822
Node 217, 111.90921430626697
Node 535, 512.8714774826809
Node 440, 193.02703511060386
Node 502, 396.2160350156125
Node 490, 359.91965463094965
