Node, generations
Node 1710, 26459.276179507364
Node 655, 5773.176099420973
Node 277, 1487.9860633102837
Node 173, 422.7106255413831
Node 163, 377.74899607976334
Node 158, 359.7901828397642
Node 78, 240.5419178838111
Node 22, 201.0992076553644
Node 86, 251.1334657643687
Node 228, 590.873304957733
Node 543, 4548.671781001629
Node 128, 302.89825020203716
Node 159, 360.55269618305
Node 115, 278.0603205137118
Node 73, 235.84094314780148
Node 59, 221.2641719077098
Node 1659, 24902.588550002012
Node 70, 232.4767193063446
Node 121, 287.36885777222784
