Node, generations
Node 566, 8628.522730566643
Node 396, 1662.7794061974507
Node 329, 1094.715881982047
Node 134, 539.6975640455535
Node 106, 522.5649147031359
Node 101, 519.2133641412948
Node 423, 2117.393935606113
Node 338, 1151.3932844984392
Node 62, 507.1986950887578
Node 241, 692.3472493601828
Node 211, 617.4224610561262
Node 363, 1335.0915225850715
Node 165, 557.5668816230773
Node 313, 989.1899891155124
Node 205, 606.1266433335323
Node 199, 599.7092546004784
Node 123, 532.2782862772167
Node 200, 600.6158128398852
Node 259, 718.3103300208754
