Node, generations
Node 3245, 36679.429892882064
Node 2485, 16800.737507699327
Node 126, 49.35287982120598
Node 95, 25.26297317177916
Node 63, 3.656254906356136
Node 135, 59.64362873945273
Node 2814, 22683.794242928165
Node 623, 2479.5435279757144
Node 241, 186.73046920271258
Node 184, 105.18626074037894
Node 101, 32.2828171314938
Node 68, 6.005617115339219
Node 318, 1172.044264317963
Node 167, 85.34701735825125
Node 110, 37.84924217892464
Node 317, 1168.982580515445
Node 159, 78.51632323872803
Node 76, 14.133935666298463
Node 2570, 17976.28380633737
Node 1067, 3845.918094194743
Node 202, 130.40332623372927
Node 872, 3187.2861530256605
Node 60, 2.2236234957950076
Node 275, 773.6091777633314
Node 134, 57.80905688809786
Node 180, 101.76216991062704
Node 1654, 7242.485505648469
Node 234, 177.37171494161484
Node 118, 43.85852801428601
Node 103, 33.470975748566254
Node 74, 11.593827340402871
Node 227, 172.41603335823942
Node 204, 132.03276694089456
Node 155, 73.25993993353924
Node 62, 3.1686645930773647
Node 69, 7.128562035925077
Node 1570, 6669.20849751395
Node 228, 173.34517861287654
Node 222, 167.90910107888445
Node 197, 124.54176204425951
Node 104, 34.633030480055496
Node 73, 10.419864640630617
Node 1081, 3905.9416119965845
Node 248, 199.8585408407435
Node 201, 129.65212206652583
Node 121, 46.12711055421633
Node 106, 36.190427952682185
Node 66, 4.995367004041205
Node 109, 37.66167911827207
Node 67, 5.56100505114072
Node 91, 24.845082132932824
Node 65, 4.932508629946881
Node 173, 89.45066815606464
Node 131, 53.029064988806866
Node 64, 3.870884685198093
Node 85, 22.445162637942747
Node 71, 8.309948595898586
Node 625, 2480.5477059571663
Node 81, 17.912484305895187
