node_generations, branch_length
12541.742569516315, 8086.297315325988
0.0, 12541.742569516315
2345.410828526354, 10196.331740989961
0.0, 2345.410828526354
130.82308993781035, 2214.5877385885437
0.0, 130.82308993781035
0.0, 130.82308993781035
13653.394158085459, 6974.645726756844
5528.414718675503, 8124.979439409956
1086.6018990126022, 4441.8128196629
0.0, 1086.6018990126022
175.65194557757974, 910.9499534350225
0.0, 175.65194557757974
0.0, 175.65194557757974
4004.8790143539572, 1523.5357043215454
111.36556549636687, 3893.5134488575904
0.0, 111.36556549636687
0.0, 111.36556549636687
138.49534296608462, 3866.3836713878727
0.0, 138.49534296608462
110.14409667970467, 28.351246286379947
0.0, 110.14409667970467
0.0, 110.14409667970467
8175.208110484898, 5478.186047600561
180.26507893173144, 7994.943031553166
114.0995884796445, 66.16549045208694
0.0, 114.0995884796445
0.0, 114.0995884796445
136.1803140869645, 44.08476484476694
0.0, 136.1803140869645
0.0, 136.1803140869645
1693.8200287404102, 6481.388081744488
0.0, 1693.8200287404102
216.00200781827266, 1477.8180209221375
0.0, 216.00200781827266
174.0717344164071, 41.93027340186555
0.0, 174.0717344164071
0.0, 174.0717344164071
