Node, generations
Node 1633, 53508.20690381799
Node 508, 1115.6296802205463
Node 251, 276.01050437257555
Node 142, 218.03541829478172
Node 191, 240.16316678142638
Node 379, 469.2700794716758
Node 346, 403.862821914658
Node 376, 461.65340016504734
Node 317, 362.33632629294243
Node 297, 335.3876136732858
Node 372, 450.46104517709307
Node 313, 358.1850890425344
Node 294, 331.87319728837116
Node 357, 418.1308710907233
Node 193, 240.62252677800936
Node 232, 262.87855206403134
Node 65, 200.2753094165932
Node 62, 200.0817152020414
Node 617, 4878.213862610194
Node 306, 347.3214394482549
Node 161, 224.9112927535138
Node 455, 715.3563589727718
Node 419, 605.3160945316205
Node 40, 10.852858882710109
Node 401, 547.0262926569901
Node 344, 398.58734578433393
Node 275, 304.27433784977245
Node 243, 269.0023314175596
Node 208, 246.21528688571362
Node 236, 266.0716218140406
Node 100, 205.91785765248434
Node 296, 335.33521193521534
Node 363, 432.7990237443579
Node 325, 368.4685351630282
Node 219, 254.69067584729032
Node 211, 248.32929287633212
Node 120, 209.0023657867582
Node 196, 240.92619525842608
Node 97, 205.5960288045091
