node_generations, branch_length
16041.753447406641, 10909.266404962109
2534.0817169311654, 13507.671730475477
0.0, 2534.0817169311654
334.39111736155735, 2199.690599569608
0.0, 334.39111736155735
232.89275804804294, 101.49835931351441
0.0, 232.89275804804294
0.0, 232.89275804804294
3739.713632054929, 12302.039815351713
389.8174449645074, 3349.8961870904213
0.0, 389.8174449645074
328.2714206037031, 61.54602436080427
268.46447907969826, 59.806941524004856
0.0, 268.46447907969826
212.12373689699024, 56.34074218270803
0.0, 212.12373689699024
143.44359943654482, 68.68013746044542
0.0, 143.44359943654482
8.968559070737296, 134.47504036580753
0.0, 8.968559070737296
0.0, 8.968559070737296
291.3655864088347, 36.90583419486842
0.0, 291.3655864088347
282.82962808666787, 8.535958322166834
269.2552786452669, 13.574349441400955
225.01458734758504, 44.24069129768188
0.0, 225.01458734758504
0.0, 225.01458734758504
234.42418666316746, 34.83109198209945
0.0, 234.42418666316746
0.0, 234.42418666316746
275.96998187219117, 6.859646214476697
0.0, 275.96998187219117
205.0276068461398, 70.94237502605137
0.0, 205.0276068461398
201.90813562760886, 3.119471218530947
0.0, 201.90813562760886
0.0, 201.90813562760886
1256.400586372975, 2483.3130456819536
0.0, 1256.400586372975
552.3119072106724, 704.0886791623027
261.4500500837529, 290.8618571269195
0.0, 261.4500500837529
0.0, 261.4500500837529
314.7015287000183, 237.61037851065413
266.33094888427104, 48.37057981574725
0.0, 266.33094888427104
0.0, 266.33094888427104
304.96994167320753, 9.731587026810757
212.33178193231132, 92.63815974089621
0.0, 212.33178193231132
0.0, 212.33178193231132
285.14554274064096, 19.824398932566567
0.0, 285.14554274064096
0.0, 285.14554274064096
16504.501495521818, 10446.518356846933
0.0, 16504.501495521818
8447.435573401874, 8057.065922119944
685.0493209502146, 7762.386252451659
0.0, 685.0493209502146
249.237817398663, 435.8115035515516
203.91394580504812, 45.32387159361488
0.0, 203.91394580504812
0.0, 203.91394580504812
238.0962709812569, 11.14154641740609
0.0, 238.0962709812569
0.0, 238.0962709812569
2509.2362161287597, 5938.1993572731135
224.57411720774815, 2284.6620989210114
0.0, 224.57411720774815
220.3485266752611, 4.225590532487047
0.0, 220.3485266752611
0.0, 220.3485266752611
263.51935312137704, 2245.7168630073825
0.0, 263.51935312137704
205.42491318863, 58.094439932747036
0.0, 205.42491318863
0.0, 205.42491318863
