Node, generations
Node 1138, 21485.250286317405
Node 230, 253.5836946673178
Node 51, 200.0334934297871
Node 89, 205.18933780080806
Node 705, 6295.947186451447
Node 579, 1553.0491029063496
Node 235, 256.2872684565676
Node 84, 204.60581104667204
Node 70, 203.13978222400536
Node 520, 1028.8186606652382
Node 395, 475.2147248865022
Node 394, 474.82194256911697
Node 326, 344.6206235525555
Node 241, 259.03792679759135
Node 180, 225.49823557166346
Node 105, 207.4386359497954
Node 341, 361.1350401960473
Node 264, 275.0075114602353
Node 233, 255.36121338442481
Node 223, 249.2811191128801
Node 263, 274.36846839416245
Node 58, 201.2786920237963
Node 48, 195.4536776655558
Node 253, 268.2460654784716
Node 186, 227.49618564423872
Node 100, 206.7483626867102
Node 336, 357.25028608890676
Node 191, 229.03149458848134
Node 314, 329.9099810029181
Node 617, 2881.3295574441913
Node 343, 361.9031623880528
Node 321, 337.3567814727437
Node 296, 307.84088946748176
Node 133, 215.27564442220304
Node 339, 360.19030159580916
Node 107, 207.67524471824925
Node 461, 707.2402057447903
Node 415, 538.8169400250231
Node 202, 233.62226502926598
