Node, generations
Node 2091, 79125.48266146329
Node 1025, 1743.044280584732
Node 902, 1260.1462259985008
Node 823, 1140.9759484827823
Node 640, 1036.3158331879956
Node 772, 1097.3403699877729
Node 1004, 1608.7367510363092
Node 896, 1248.7121649101
Node 697, 1053.8693697216522
Node 184, 659.5106264740083
Node 885, 1221.0174127330317
Node 582, 1020.6771486848168
Node 722, 1066.2480003110327
Node 683, 1049.3231682764817
Node 922, 1310.401699653895
Node 547, 1016.7444223259905
Node 1152, 3329.9792466574577
Node 974, 1487.8961665186068
Node 968, 1471.4253543516875
Node 954, 1420.4445001464362
Node 678, 1048.3052061796532
Node 507, 1011.6173203137535
Node 962, 1442.8521377146205
Node 345, 1000.3140745551219
Node 865, 1186.7064714233386
Node 806, 1123.7766060906233
Node 607, 1025.0939890979741
Node 1107, 2501.794098611269
Node 857, 1183.5672632478854
Node 595, 1022.558337338501
Node 520, 1013.134483109703
Node 398, 1003.0036612466904
Node 847, 1174.699331887297
Node 461, 1006.8154111801872
Node 982, 1529.0846027993982
Node 841, 1161.7472077692619
Node 63, 268.80191995047386
Node 868, 1187.3568598981326
Node 485, 1008.3155581114233
