node_generations, branch_length
9967.345253292306, 26709.336913087427
342.8573885114484, 9624.487864780856
191.71102662091604, 151.14636189053235
0.0, 191.71102662091604
163.49967951878094, 28.211347102135107
0.0, 163.49967951878094
0.0, 163.49967951878094
267.8896651902955, 74.9677233211529
0.0, 267.8896651902955
134.60092003769614, 133.28874515259935
0.0, 134.60092003769614
125.64877076619295, 8.952149271503188
0.0, 125.64877076619295
0.0, 125.64877076619295
351.5066126893654, 9615.83864060294
0.0, 351.5066126893654
163.56263037722132, 187.94398231214407
0.0, 163.56263037722132
140.48264530391432, 23.079985073307
0.0, 140.48264530391432
117.64204359948997, 22.84060170442436
0.0, 117.64204359948997
0.0, 117.64204359948997
26292.559891131234, 10384.122275248497
11173.0305086588, 15119.529382472434
0.0, 11173.0305086588
7294.837620970301, 3878.1928876884986
338.69408233243996, 6956.143538637861
127.79078492627005, 210.9032974061699
0.0, 127.79078492627005
0.0, 127.79078492627005
326.2083213357939, 12.485760996646036
151.84723630264725, 174.36108503314668
0.0, 151.84723630264725
103.14911388095385, 48.6981224216934
0.0, 103.14911388095385
0.0, 103.14911388095385
153.83457378900295, 172.37374754679098
0.0, 153.83457378900295
0.0, 153.83457378900295
6410.140044262419, 884.697576707882
0.0, 6410.140044262419
4751.218891371212, 1658.9211528912074
1676.997831871612, 3074.2210594995995
0.0, 1676.997831871612
220.28600051276976, 1456.7118313588423
192.00230399608805, 28.283696516681715
0.0, 192.00230399608805
0.0, 192.00230399608805
208.34031457496584, 11.945685937803916
0.0, 208.34031457496584
0.0, 208.34031457496584
2870.1323553297448, 1881.0865360414668
0.0, 2870.1323553297448
130.89841010131335, 2739.2339452284314
0.0, 130.89841010131335
0.0, 130.89841010131335
23705.9868967958, 2586.5729943354345
129.14093747716285, 23576.845959318638
0.0, 129.14093747716285
0.0, 129.14093747716285
292.58098111065766, 23413.40591568514
172.9797023504634, 119.60127876019425
0.0, 172.9797023504634
0.0, 172.9797023504634
250.7751154648735, 41.805865645784166
152.21308656011877, 98.56202890475473
0.0, 152.21308656011877
0.0, 152.21308656011877
201.6907006361213, 49.08441482875219
126.05009427203888, 75.64060636408243
0.0, 126.05009427203888
0.0, 126.05009427203888
142.3994060991009, 59.291294537020406
0.0, 142.3994060991009
124.7240664641987, 17.6753396349022
0.0, 124.7240664641987
0.0, 124.7240664641987
