Node, generations
Node 3583, 37373.84999596841
Node 2887, 19984.682989280667
Node 2520, 14074.636598425712
Node 289, 178.01178624608215
Node 276, 159.24343780550126
Node 240, 102.7263906670549
Node 142, 30.71584819387974
Node 2067, 9132.097965391771
Node 2003, 8598.00118666342
Node 93, 7.053241902583108
Node 1178, 3791.7245961777844
Node 1003, 3221.1345501123624
Node 793, 2636.718370129879
Node 329, 756.837743745686
Node 99, 9.968035406327202
Node 285, 169.4703900877165
Node 85, 3.365810855650878
Node 201, 70.54387401590674
Node 180, 54.0768476985874
Node 117, 20.109157261576797
Node 375, 1231.0875719365617
Node 105, 12.659117262172261
Node 1155, 3692.584673282707
Node 171, 47.336267701186145
Node 83, 2.320353650044515
Node 122, 21.65224841681194
Node 540, 2101.20182047822
Node 210, 75.88670934508251
Node 170, 47.045818791519814
Node 139, 28.702631478050527
Node 130, 23.65252550690959
Node 135, 26.825375145268634
Node 168, 46.21601126420549
Node 115, 19.329102370000374
Node 104, 12.535557748281084
Node 97, 9.095550700067713
Node 91, 6.398557735258095
Node 82, 0.9640350245869412
Node 146, 33.26393537126823
Node 94, 7.34220021428111
Node 441, 1800.9605725945767
Node 187, 61.240252250870036
Node 81, 0.5187507972672503
Node 114, 19.080627613680694
Node 101, 10.983995900196955
Node 264, 132.42374570725758
Node 249, 111.57076095088838
Node 189, 61.60685103033557
Node 150, 34.65263461041908
Node 127, 22.684553159367113
Node 86, 4.759585394603496
Node 188, 61.30685611037945
Node 123, 21.91775419935554
Node 90, 6.237510035784824
Node 197, 66.27438277116774
Node 112, 18.188043566635507
Node 2056, 9009.950678169762
Node 200, 70.126305615819
Node 1115, 3570.9664573268037
Node 131, 24.715421237091288
Node 92, 7.008486224126283
Node 103, 11.867632382093268
Node 955, 3082.5169000399333
Node 3259, 27693.769940496695
Node 301, 187.90611687817375
Node 266, 136.24069280456766
Node 145, 32.637675246366584
Node 306, 194.04217116454944
Node 190, 62.587976886704475
Node 261, 128.45998923627388
Node 108, 14.450894587306509
Node 80, 0.035924666848915
Node 102, 11.417114103210006
Node 87, 5.570957103751035
Node 237, 101.42065081471159
Node 125, 22.651689125362804
Node 110, 15.229392173180074
Node 218, 84.72018014868077
Node 198, 66.84121714595585
