Node, generations
Node 3560, 58406.484311302214
Node 740, 1576.1378204222333
Node 414, 271.17642823190624
Node 545, 618.5669435082435
Node 247, 215.2396109046277
Node 223, 211.57645623561288
Node 314, 231.95989917342698
Node 285, 221.6031138469276
Node 259, 216.92694472091097
Node 301, 225.90722967290347
Node 2905, 27350.913378332265
Node 999, 2841.458984352802
Node 569, 752.4089517270289
Node 356, 244.15280178167242
Node 397, 263.78540743375703
Node 183, 207.40447354704975
Node 1561, 6497.423526074133
Node 1153, 3818.9529082244303
Node 306, 227.9134679571388
Node 283, 221.01320559861816
Node 416, 271.35572565777596
Node 396, 262.2391582614051
Node 377, 251.23688280035051
Node 240, 214.54707849536516
Node 384, 257.21579929195514
Node 412, 270.11244662569595
Node 292, 223.40823449118258
Node 1554, 6437.493897547127
Node 1135, 3708.9574641841677
Node 757, 1647.6445414640345
Node 585, 902.5049377756256
Node 273, 219.1004637620067
Node 454, 294.6526827469531
Node 432, 281.34452447937565
Node 361, 245.36602755903058
Node 251, 215.8799856922729
Node 267, 217.8784479833579
Node 409, 268.89224779201413
Node 254, 216.48399042629043
Node 268, 217.99596039376326
Node 633, 1126.7472044086055
Node 507, 357.3633957201907
Node 476, 320.4384738370289
Node 460, 297.59461625398455
Node 436, 283.4506987961422
Node 438, 283.5994462852935
Node 324, 234.83299157534918
Node 176, 206.49006412123708
Node 526, 385.2775750233342
Node 253, 216.46462290532992
Node 403, 266.50056846852294
Node 916, 2417.3252835225344
Node 514, 362.8056860373797
Node 467, 310.482868848047
Node 150, 204.31995029619975
Node 531, 398.7018641289616
Node 173, 206.19681229292252
Node 82, 168.7443988470064
Node 1262, 4475.457023591549
