Node, generations
Node 2824, 32988.64410701374
Node 1085, 3532.342922093603
Node 874, 1449.8975423929273
Node 774, 1185.5313442185309
Node 117, 456.273632468704
Node 511, 1016.3214898416705
Node 268, 908.3660147077259
Node 808, 1238.0745104763178
Node 497, 1013.5737415533563
Node 120, 464.6312452170234
Node 40, 8.040352092910252
Node 438, 1007.6552888066965
Node 760, 1162.5461616807966
Node 596, 1035.0341662076523
Node 696, 1085.1016175237844
Node 403, 1004.9131080982447
Node 170, 643.3294087735334
Node 165, 631.8750489526611
Node 608, 1040.306960317065
Node 2093, 15214.570232263075
Node 1178, 4306.0386662921455
Node 795, 1217.4353213921806
Node 702, 1088.1726246590817
Node 855, 1379.324789591631
Node 725, 1126.7332158817965
Node 688, 1081.2033866118675
Node 1533, 7843.091678415346
Node 1313, 5627.233217075575
Node 757, 1161.1805591563593
Node 720, 1115.3736306579135
Node 738, 1142.8116220675624
Node 673, 1069.934996063197
Node 599, 1036.4217765093538
Node 868, 1439.656753419492
Node 814, 1251.3678071294455
Node 837, 1326.4260524353547
Node 631, 1050.108636268235
Node 708, 1094.799537386682
Node 206, 744.2636659031984
