node_generations, branch_length
2958.312569883339, 27018.369552021046
1975.3967367124799, 982.9158331708593
0.0, 1975.3967367124799
0.0, 1975.3967367124799
2195.536053505971, 762.7765163773684
0.0, 2195.536053505971
2101.0508656043216, 94.48518790164917
2006.3820589138952, 94.66880669042644
0.0, 2006.3820589138952
0.0, 2006.3820589138952
2076.7236932659357, 24.327172338385935
0.0, 2076.7236932659357
254.69732958063923, 1822.0263636852965
0.0, 254.69732958063923
0.0, 254.69732958063923
3491.1392974052246, 26485.54282449916
0.0, 3491.1392974052246
2578.078833541157, 913.0604638640675
2040.644416135442, 537.4344174057151
0.0, 2040.644416135442
0.0, 2040.644416135442
2207.121902594419, 370.9569309467379
2175.3231636262517, 31.798738968167527
0.0, 2175.3231636262517
2127.5108695742383, 47.812294052013385
835.4457977491127, 1292.0650718251256
0.0, 835.4457977491127
0.0, 835.4457977491127
2108.43242456635, 19.07844500788815
0.0, 2108.43242456635
2080.9032646510623, 27.52915991528789
0.0, 2080.9032646510623
521.8913520462339, 1559.0119126048285
0.0, 521.8913520462339
0.0, 521.8913520462339
2203.017310932861, 4.104591661558061
0.0, 2203.017310932861
0.0, 2203.017310932861
