node_generations, branch_length
376.60711744492096, 17519.830202117
0.0, 376.60711744492096
256.07668768003253, 120.53042976488842
0.0, 256.07668768003253
0.0, 256.07668768003253
4533.303011546214, 13363.134308015706
655.3114794747984, 3877.991532071416
405.0731057853843, 250.23837368941406
221.7293823747998, 183.34372341058452
0.0, 221.7293823747998
210.67011358471302, 11.059268790086776
0.0, 210.67011358471302
0.0, 210.67011358471302
285.5576116627436, 119.51549412264069
0.0, 285.5576116627436
204.74580984778765, 80.81180181495597
0.0, 204.74580984778765
0.0, 204.74580984778765
476.81809103953873, 178.49338843525965
210.98040319602185, 265.83768784351685
0.0, 210.98040319602185
0.0, 210.98040319602185
362.7227281101363, 114.09536292940243
214.92384707102482, 147.79888103911148
0.0, 214.92384707102482
208.44922616130984, 6.474620909714986
0.0, 208.44922616130984
0.0, 208.44922616130984
347.8444179771513, 14.878310132985007
0.0, 347.8444179771513
345.99246208454275, 1.8519558926085438
0.0, 345.99246208454275
341.52930974806475, 4.463152336478004
0.0, 341.52930974806475
45.249902688030154, 296.2794070600346
0.0, 45.249902688030154
0.0, 45.249902688030154
3744.408497614756, 788.8945139314583
662.1854798626405, 3082.2230177521155
225.8061479112749, 436.37933195136554
0.0, 225.8061479112749
225.1645546148305, 0.6415932964443982
0.0, 225.1645546148305
0.0, 225.1645546148305
503.7794224457434, 158.40605741689706
0.0, 503.7794224457434
299.6279527262661, 204.15146971947735
0.0, 299.6279527262661
261.1109331353428, 38.51701959092327
0.0, 261.1109331353428
0.0, 261.1109331353428
898.556425587882, 2845.852072026874
0.0, 898.556425587882
732.718549247838, 165.83787634004398
399.82759704706615, 332.8909522007719
282.13552226594663, 117.69207478111952
0.0, 282.13552226594663
252.7839462932914, 29.35157597265524
200.77353251806827, 52.01041377522313
0.0, 200.77353251806827
0.0, 200.77353251806827
219.86404430622426, 32.919901987067135
0.0, 219.86404430622426
165.78001460571517, 54.08402970050909
0.0, 165.78001460571517
0.0, 165.78001460571517
305.6897433705879, 94.13785367647824
0.0, 305.6897433705879
258.61984370313303, 47.06989966745488
0.0, 258.61984370313303
0.0, 258.61984370313303
453.3263822175435, 279.39216703029456
0.0, 453.3263822175435
233.78129559585688, 219.5450866216866
0.0, 233.78129559585688
226.5227017599599, 7.258593835896988
0.0, 226.5227017599599
0.0, 226.5227017599599
