Node, generations
Node 750, 15170.595754210332
Node 315, 1384.403259616548
Node 77, 261.5818467368014
Node 52, 225.7330131752263
Node 186, 495.9950580891976
Node 158, 421.12523971591185
Node 134, 366.82956141095104
Node 328, 1560.282865863076
Node 104, 311.85426549384295
Node 53, 225.8653826130241
Node 196, 538.5147494868639
Node 152, 398.3596662010644
Node 162, 423.01036246330136
Node 151, 396.0025372046632
Node 69, 243.62866022310524
Node 34, 209.46397526375807
Node 156, 420.99032603299423
Node 86, 277.44881235797476
Node 37, 212.6905902198742
