Node, generations
Node 3645, 62482.32183956932
Node 381, 590.9547604136678
Node 355, 415.5390445585955
Node 182, 87.07833326870623
Node 2926, 29603.379500525196
Node 1300, 4773.190078927458
Node 158, 76.5343177275711
Node 334, 242.30086977072136
Node 235, 118.61914962225171
Node 315, 219.20595364273515
Node 240, 124.31652026610816
Node 183, 87.36388234377205
Node 238, 122.9094433521717
Node 155, 75.63469230728795
Node 137, 68.8052093161964
Node 291, 182.3706900515855
Node 89, 55.15070231274592
Node 247, 133.059117805181
Node 171, 80.56803335855382
Node 151, 74.06162667486666
Node 107, 58.24314237279586
Node 93, 55.31477106412028
Node 216, 105.91026023433643
Node 186, 88.1062888679306
Node 95, 55.61413560774522
Node 1929, 9970.920941354034
Node 820, 2538.291029951714
Node 245, 131.92993114922652
Node 228, 114.27260680876472
Node 136, 68.64092581252095
Node 84, 54.640876897776586
Node 105, 57.81934979007432
Node 409, 725.6316167904187
Node 223, 109.85271766755544
Node 135, 68.6318484821755
Node 199, 93.74887943267461
Node 267, 154.5550373104286
Node 214, 104.46601380281535
Node 174, 82.8922937003157
Node 127, 64.95429401943959
Node 143, 71.92231291236537
Node 1805, 8639.937289969554
Node 658, 1843.0392559799307
Node 132, 67.31468841903202
Node 262, 147.71119815976226
Node 1112, 3808.779434503165
Node 593, 1547.1471753223116
Node 203, 97.24695981258914
Node 181, 86.51174488671582
Node 363, 461.81364420379134
Node 271, 157.87490249355878
Node 101, 56.847827640105635
Node 333, 241.418755722993
Node 201, 96.51364278000719
Node 163, 77.4704872588959
Node 102, 56.973789939984954
Node 640, 1746.0348114929884
Node 256, 142.04237193611277
Node 252, 138.12732521694312
