Node, generations
Node 2000, 38583.005025790655
Node 913, 1480.8269945055672
Node 820, 1202.7721918968796
Node 407, 1007.2929632237887
Node 377, 1004.7954737504683
Node 795, 1156.739025719878
Node 667, 1056.8135554623934
Node 738, 1100.0866334888196
Node 76, 334.4897273089997
Node 863, 1300.6882999182803
Node 737, 1098.3656891399412
Node 847, 1256.8199373987457
Node 833, 1224.905671963947
Node 613, 1039.7843434428646
Node 647, 1050.0114203719647
Node 620, 1041.0249492529804
Node 487, 1015.5933850645721
Node 40, 5.938104536910623
Node 998, 2091.1252106609218
Node 856, 1280.4589205987118
Node 751, 1117.221006457298
Node 653, 1052.141054638362
Node 463, 1012.29669060255
Node 352, 1003.0625168413324
Node 41, 8.004692864670611
Node 804, 1169.372439632893
Node 800, 1162.4003581075888
Node 534, 1023.5382023827051
Node 885, 1392.3158098271924
Node 567, 1028.6285404480925
Node 851, 1266.3205785556322
Node 205, 793.9576438270867
Node 196, 763.1691242066339
Node 72, 317.21367520198925
Node 763, 1126.8567734469036
Node 434, 1009.2903362983232
Node 743, 1103.6390794058705
Node 42, 72.53002615658056
Node 565, 1028.3597235142793
