node_generations, branch_length
359.0061802022649, 31594.577530015824
0.0, 359.0061802022649
208.58169909967057, 150.4244811025943
0.0, 208.58169909967057
200.4027133098014, 8.17898578986916
0.0, 200.4027133098014
0.0, 200.4027133098014
21946.58030695055, 10007.00340326754
4509.237014152013, 17437.343292798534
389.1682243286657, 4120.068789823347
0.0, 389.1682243286657
256.8613699978355, 132.30685433083022
0.0, 256.8613699978355
0.0, 256.8613699978355
865.7002211301766, 3643.5367930218367
0.0, 865.7002211301766
296.4422931777718, 569.2579279524048
0.0, 296.4422931777718
0.0, 296.4422931777718
19076.631782022378, 2869.9485249281715
1909.9186761485619, 17166.713105873816
839.1645172580293, 1070.7541588905326
204.12299254909314, 635.0415247089361
0.0, 204.12299254909314
0.0, 204.12299254909314
276.38458321252716, 562.7799340455022
205.145998504095, 71.23858470843217
0.0, 205.145998504095
0.0, 205.145998504095
237.56237010507402, 38.82221310745314
0.0, 237.56237010507402
237.17865304402568, 0.383717061048344
38.31587400526391, 198.86277903876177
0.0, 38.31587400526391
0.0, 38.31587400526391
216.5803290564665, 20.598323987559183
0.0, 216.5803290564665
0.0, 216.5803290564665
1527.1884512503996, 382.7302248981623
264.55673926989516, 1262.6317119805044
222.502600950686, 42.05413831920916
0.0, 222.502600950686
0.0, 222.502600950686
223.37454120415717, 41.18219806573799
0.0, 223.37454120415717
0.0, 223.37454120415717
1272.9093393086612, 254.2791119417384
0.0, 1272.9093393086612
523.5852118563881, 749.324127452273
255.78179659129583, 267.8034152650923
0.0, 255.78179659129583
249.84534291219333, 5.936453679102499
0.0, 249.84534291219333
0.0, 249.84534291219333
286.5128675707583, 237.0723442856298
0.0, 286.5128675707583
0.0, 286.5128675707583
4214.286212704056, 14862.34556931832
433.14770653681444, 3781.1385061672418
0.0, 433.14770653681444
372.74046025033044, 60.407246286483996
234.53393661567853, 138.20652363465192
0.0, 234.53393661567853
232.40685397742004, 2.1270826382584858
0.0, 232.40685397742004
0.0, 232.40685397742004
246.8244325239202, 125.91602772641025
0.0, 246.8244325239202
200.78065842190804, 46.04377410201215
0.0, 200.78065842190804
0.0, 200.78065842190804
3975.6161748553477, 238.6700378487085
0.0, 3975.6161748553477
216.37804693875006, 3759.2381279165975
0.0, 216.37804693875006
203.70299853749992, 12.675048401250137
0.0, 203.70299853749992
0.0, 203.70299853749992
