node_generations, branch_length
1489.1003260383131, 23863.042142210703
735.3629313026663, 753.7373947356468
257.0553720994348, 478.3075592032315
0.0, 257.0553720994348
0.0, 257.0553720994348
296.1828351122168, 439.1800961904495
0.0, 296.1828351122168
0.0, 296.1828351122168
1419.049587788195, 70.05073825011823
478.08151358356196, 940.968074204633
0.0, 478.08151358356196
0.0, 478.08151358356196
975.0009317668158, 444.0486560213791
297.38917192370695, 677.6117598431089
0.0, 297.38917192370695
0.0, 297.38917192370695
616.4079778761748, 358.59295389064107
0.0, 616.4079778761748
264.9075535995783, 351.50042427659645
0.0, 264.9075535995783
0.0, 264.9075535995783
6314.536099701408, 19037.60636854761
976.4938056296901, 5338.042294071718
354.4227429438442, 622.0710626858458
240.95497503075495, 113.46776791308923
0.0, 240.95497503075495
229.19917043896635, 11.755804591788603
0.0, 229.19917043896635
211.02090843822486, 18.178262000741483
0.0, 211.02090843822486
4.9826048803230165, 206.03830355790186
0.0, 4.9826048803230165
0.0, 4.9826048803230165
277.9950715207356, 76.42767142310856
0.0, 277.9950715207356
247.09533363222417, 30.899737888511453
0.0, 247.09533363222417
0.0, 247.09533363222417
364.3052772607549, 612.1885283689352
216.83605987453487, 147.46921738622004
0.0, 216.83605987453487
166.88553324901252, 49.95052662552234
0.0, 166.88553324901252
0.0, 166.88553324901252
309.9569295542724, 54.348347706482514
199.52601655653362, 110.43091299773877
0.0, 199.52601655653362
0.0, 199.52601655653362
232.5224588922381, 77.4344706620343
0.0, 232.5224588922381
216.05384985120946, 16.46860904102863
0.0, 216.05384985120946
0.0, 216.05384985120946
1516.3950358292386, 4798.141063872169
469.48242611419425, 1046.9126097150443
207.65795892157792, 261.82446719261634
0.0, 207.65795892157792
0.0, 207.65795892157792
303.5176534750308, 165.96477263916347
0.0, 303.5176534750308
0.0, 303.5176534750308
673.0696922406389, 843.3253435885997
270.75022197877223, 402.3194702618667
0.0, 270.75022197877223
237.70465372812356, 33.04556825064867
0.0, 237.70465372812356
216.67925938790293, 21.02539434022063
0.0, 216.67925938790293
0.0, 216.67925938790293
337.975480176859, 335.09421206377993
236.8209246577286, 101.15455551913038
0.0, 236.8209246577286
219.5912003017026, 17.229724356025997
0.0, 219.5912003017026
0.0, 219.5912003017026
329.59026336193665, 8.38521681492233
0.0, 329.59026336193665
0.0, 329.59026336193665
