Node, generations
Node 1827, 13681.214417153875
Node 860, 1192.5438646561975
Node 799, 1108.3312263265177
Node 158, 600.0617844018841
Node 491, 1007.8877792727116
Node 1737, 12310.815051737554
Node 950, 1403.397490962614
Node 744, 1075.283432552008
Node 878, 1225.7613489285104
Node 255, 829.0962123887285
Node 805, 1117.2730270992083
Node 767, 1087.6740190874652
Node 644, 1030.536927058824
Node 703, 1049.2893044607226
Node 1520, 9017.052100183837
Node 1220, 5170.213777528359
Node 1015, 2467.446941170055
Node 815, 1124.6369195902516
Node 361, 1001.199195124723
Node 682, 1040.2370495968073
Node 511, 1009.6308142227514
Node 103, 410.3266875579597
Node 1229, 5236.174175135212
Node 71, 274.9332157761804
Node 968, 1491.817135113039
Node 896, 1274.531250889892
Node 953, 1425.0993766467086
Node 819, 1128.7163147054064
Node 784, 1100.0762000461655
Node 415, 1003.7384000177378
Node 790, 1104.0318770437625
Node 747, 1080.1802801055956
Node 752, 1083.5787094567143
Node 916, 1319.144642928407
Node 909, 1307.6641821042479
Node 121, 480.9414970934013
Node 427, 1004.4409999815056
Node 336, 1000.37642887821
Node 224, 756.5539809362326
