Node, generations
Node 2820, 21225.266739364637
Node 395, 222.07085432766814
Node 288, 208.17774119928333
Node 2146, 10244.628678331965
Node 685, 508.85999028056744
Node 627, 339.7086366692876
Node 528, 265.62720818688393
Node 425, 228.70284972499948
Node 287, 208.05089951653136
Node 639, 359.2323514239831
Node 417, 227.00572408398435
Node 335, 212.13585534055196
Node 503, 251.89447357036772
Node 1981, 8524.870671131343
Node 1961, 8332.57334165922
Node 638, 358.3953882467731
Node 169, 200.9211058686576
Node 619, 335.4575809604307
Node 551, 281.48901439838585
Node 486, 245.47148415631807
Node 201, 202.29231306275497
Node 91, 70.43313999648677
Node 440, 231.1430173281439
Node 80, 0.35369192843567954
Node 1873, 7593.308029638637
Node 469, 238.2814206838236
Node 1975, 8485.783376261676
Node 766, 955.3746722587047
Node 599, 313.5113456727154
Node 557, 284.8027452250421
Node 84, 46.779034002623256
Node 746, 828.9924458564318
Node 620, 335.4698235295187
Node 464, 237.46852837719206
Node 388, 220.34663446163265
Node 185, 201.42871238583982
Node 127, 151.9149441686121
Node 215, 202.9128523295473
Node 582, 302.37609917009667
Node 577, 298.5739278999218
Node 329, 211.69634028578292
Node 252, 205.3898880399431
Node 224, 203.5470946552105
Node 529, 265.68952116054226
Node 367, 216.41051758969604
Node 451, 234.08475372662303
Node 299, 208.88481857180523
Node 635, 355.5228080629954
Node 532, 266.4693457454034
Node 86, 48.87849337005054
Node 102, 91.37351243557202
Node 1404, 4058.505767595608
Node 653, 374.833492367381
Node 444, 232.81679144530597
Node 1248, 3164.8179241520534
Node 716, 692.2843049474682
Node 272, 207.0916073189343
Node 1024, 2098.314613247529
Node 838, 1319.9345131909708
Node 611, 327.0892019436237
Node 588, 304.64467639985384
Node 598, 313.07021576382056
Node 547, 280.7370212281337
Node 452, 235.19184929645323
Node 589, 305.26527704675834
Node 654, 376.8095854080347
Node 550, 281.1900031528796
Node 506, 254.4316524665583
Node 473, 238.8872899801521
Node 112, 112.17271948199975
Node 590, 305.4708735246976
Node 523, 263.4945648232563
Node 261, 206.51956541992848
Node 135, 166.30214553266697
Node 447, 233.44352264645647
Node 223, 203.48782735377412
Node 118, 132.03525284023738
Node 575, 295.85263006992744
Node 559, 286.097138245913
