Node, generations
Node 2433, 21464.91019188099
Node 812, 1931.584845198033
Node 661, 1062.0892136580599
Node 411, 168.29142453334228
Node 371, 144.6153896966943
Node 359, 140.91747479075647
Node 333, 133.0672899402133
Node 288, 122.83666641709354
Node 725, 1483.5521793015848
Node 458, 200.7875894720399
Node 410, 167.5845306292869
Node 2135, 15097.609153408412
Node 1638, 8229.824485411214
Node 641, 953.4375282098534
Node 201, 110.17123687542087
Node 488, 238.48471354484772
Node 103, 100.29646922591814
Node 831, 1997.4841719416745
Node 479, 222.2210088096867
Node 404, 163.63268899687543
Node 466, 206.84567790811303
Node 91, 89.37973512216334
Node 619, 815.5632528207738
Node 2120, 14815.555657733416
Node 808, 1915.3883060712203
Node 692, 1212.745999216778
Node 525, 305.5003956148295
Node 505, 266.2541972636424
Node 328, 132.305583332446
Node 250, 115.9812614658638
Node 309, 127.64010650236244
Node 337, 134.06931711250573
Node 260, 117.7826885704842
Node 273, 119.83847267064876
Node 170, 106.4190537691952
Node 649, 998.3403231507788
Node 513, 279.7481603025366
Node 508, 272.1238118746944
Node 480, 223.38183899585107
Node 173, 106.63115572444308
Node 467, 206.92166504684772
Node 160, 105.15669016743787
Node 457, 199.77121956540327
Node 419, 172.2080588896114
Node 379, 148.2836304914711
Node 339, 134.66671661999084
Node 396, 162.3803200218899
Node 349, 138.65092162355322
Node 169, 106.18538853650232
Node 356, 139.60556782377185
Node 128, 102.37182185303939
Node 334, 133.0721741083686
Node 133, 102.66274381152095
Node 420, 173.0358617190747
Node 325, 131.5818024057582
Node 391, 159.15787549612895
Node 314, 128.71195874058674
Node 357, 140.00036679456647
Node 627, 885.9759467022524
Node 375, 146.26990771573654
Node 213, 112.22614387578462
Node 392, 159.24159011071066
Node 1327, 5340.025286602612
Node 459, 201.05936214343814
Node 364, 141.97650126148474
Node 238, 114.1298067547687
Node 135, 102.7806036480991
Node 351, 138.7915187840152
Node 233, 113.77156611872594
Node 191, 108.89542055535173
Node 220, 112.83763754108202
Node 85, 51.721966187677175
Node 266, 118.9151252433718
Node 121, 101.85450069315297
Node 417, 171.04449903624422
Node 278, 120.13796217212033
Node 108, 100.93780556106363
Node 382, 150.5070744841044
Node 290, 122.9122358394479
