Node, generations
Node 3809, 24898.822331711122
Node 2483, 7223.6712350117205
Node 1585, 2626.381782104864
Node 1529, 2442.3537847627476
Node 360, 149.4381130954984
Node 272, 119.796735746098
Node 256, 116.49582941565902
Node 648, 623.3048021183702
Node 446, 312.6250672048731
Node 354, 146.0427928725299
Node 260, 117.03680083856051
Node 1551, 2518.581342695062
Node 742, 789.1250624268048
Node 245, 114.72801010347719
Node 1477, 2306.2469901298828
Node 392, 215.7248198562671
Node 333, 139.0766531512801
Node 91, 85.12799770514134
Node 1955, 4057.4192312101013
Node 1811, 3460.2270148950465
Node 1561, 2555.651247725012
Node 714, 747.1343504526777
Node 230, 112.67911568914212
Node 196, 108.6968915890404
Node 104, 100.56609346830906
Node 90, 80.20919495833081
Node 516, 424.4385210971955
Node 1165, 1568.152349680441
Node 233, 112.9710998297102
Node 203, 109.44629611765795
Node 332, 138.2899936985891
Node 290, 126.56940280769447
Node 1784, 3306.25319331601
Node 828, 939.5904863759579
Node 231, 112.85354106741813
Node 1635, 2798.419838849988
Node 419, 271.1118444683211
Node 445, 311.3297286689159
Node 138, 102.74253026344033
Node 80, 11.174907443639524
Node 1827, 3542.4349203236766
Node 570, 511.8375892078629
Node 208, 110.6558393849557
Node 426, 285.1895966458504
Node 405, 239.02787923400825
Node 254, 116.47012626380241
Node 3345, 16164.034474859951
Node 2131, 4899.547516058874
Node 108, 100.89680781585047
Node 806, 908.6333821362085
Node 689, 699.6525881531953
Node 278, 122.03084844805636
Node 362, 159.42702777274064
Node 315, 133.3026952434853
Node 695, 707.8072882361115
Node 2666, 8726.866057481046
Node 2658, 8650.201081100144
Node 979, 1218.761634400581
Node 491, 377.65096747444625
Node 1666, 2864.2154596786577
Node 481, 363.4389432736776
Node 338, 139.7201564115743
Node 232, 112.95583757186948
Node 358, 148.47089242405812
Node 201, 109.34884352901472
Node 1571, 2589.64826836866
Node 441, 309.2841892724256
Node 243, 114.57165697279743
Node 198, 109.09678229959715
Node 1066, 1370.9661271988932
Node 1042, 1312.2243739836003
Node 873, 1014.0708021349876
Node 421, 278.99428069344515
Node 157, 104.01420523747079
Node 93, 93.19865273278081
Node 699, 708.8952272604071
Node 443, 310.39103604153155
Node 306, 130.14684386115937
Node 995, 1244.6806544005876
