node_generations, branch_length
0.0, 93198.27693580123
53323.18844210056, 39875.08849370067
16159.701781732407, 37163.48666036815
0.0, 16159.701781732407
5944.954271882592, 10214.747509849814
941.9573442486032, 5002.996927633989
0.0, 941.9573442486032
0.0, 941.9573442486032
3313.6017212946917, 2631.3525505879006
1624.0496044838467, 1689.552116810845
0.0, 1624.0496044838467
635.8275638366325, 988.2220406472142
0.0, 635.8275638366325
219.73155436728342, 416.0960094693491
0.0, 219.73155436728342
131.39516911898423, 88.3363852482992
0.0, 131.39516911898423
0.0, 131.39516911898423
2854.7215574093816, 458.88016388531014
0.0, 2854.7215574093816
1322.2793545381628, 1532.4422028712188
0.0, 1322.2793545381628
0.0, 1322.2793545381628
32462.818927188837, 20860.369514911723
207.05358242659673, 32255.76534476224
0.0, 207.05358242659673
0.0, 207.05358242659673
2862.1350018088897, 29600.683925379948
0.0, 2862.1350018088897
2444.147118228216, 417.9878835806735
0.0, 2444.147118228216
318.25148741836944, 2125.895630809847
0.0, 318.25148741836944
143.06431726360725, 175.18717015476219
0.0, 143.06431726360725
129.32138867862622, 13.74292858498103
0.0, 129.32138867862622
0.0, 129.32138867862622
