node_generations, branch_length
27312.934386980127, 8931.477045076415
879.189076854197, 26433.74531012593
0.0, 879.189076854197
0.0, 879.189076854197
7031.911671175071, 20281.022715805055
57.37813594403981, 6974.533535231031
0.0, 57.37813594403981
0.0, 57.37813594403981
215.5807480049887, 6816.330923170082
127.8698718030309, 87.71087620195779
0.0, 127.8698718030309
120.38753467902791, 7.482337124002996
0.0, 120.38753467902791
106.7561491770602, 13.631385501967713
0.0, 106.7561491770602
0.0, 106.7561491770602
130.09335339022428, 85.48739461476441
0.0, 130.09335339022428
0.0, 130.09335339022428
29108.212927657445, 7136.198504399097
116.00639844510395, 28992.20652921234
0.0, 116.00639844510395
0.0, 116.00639844510395
4881.195640068367, 24227.01728758908
1012.9385065839621, 3868.2571334844047
0.0, 1012.9385065839621
0.0, 1012.9385065839621
2334.6817193776187, 2546.513920690748
0.0, 2334.6817193776187
226.94802889989154, 2107.733690477727
0.0, 226.94802889989154
202.29726000649038, 24.650768893401164
64.28534385542227, 138.0119161510681
0.0, 64.28534385542227
0.0, 64.28534385542227
167.8153104570021, 34.48194954948826
0.0, 167.8153104570021
0.0, 167.8153104570021
