node_generations, branch_length
0.0, 47074.71106136457
21513.574167443527, 25561.136893921044
321.52203671529526, 21192.052130728232
0.0, 321.52203671529526
251.60292899032652, 69.91910772496874
0.0, 251.60292899032652
218.66912805743334, 32.93380093289318
0.0, 218.66912805743334
0.0, 218.66912805743334
10172.784709501875, 11340.789457941652
0.0, 10172.784709501875
7455.2878156706765, 2717.4968938311986
0.0, 7455.2878156706765
4487.574583330691, 2967.7132323399856
211.51258545127058, 4276.06199787942
0.0, 211.51258545127058
0.0, 211.51258545127058
3344.3236215716993, 1143.2509617589917
250.44467498378992, 3093.8789465879095
0.0, 250.44467498378992
108.591044658868, 141.85363032492194
0.0, 108.591044658868
101.48083536911649, 7.110209289751509
0.0, 101.48083536911649
0.0, 101.48083536911649
288.85029844290233, 3055.473323128797
0.0, 288.85029844290233
218.32182695327836, 70.52847148962397
0.0, 218.32182695327836
213.99262880083404, 4.32919815244432
136.17163143568922, 77.82099736514482
0.0, 136.17163143568922
0.0, 136.17163143568922
153.69314853994666, 60.29948026088738
0.0, 153.69314853994666
115.46017076973472, 38.232977770211946
0.0, 115.46017076973472
0.0, 115.46017076973472
