Node, generations
Node 1998, 34093.51044857351
Node 589, 3215.624188759549
Node 438, 1250.4267249639734
Node 653, 4069.685068426134
Node 606, 3488.832606923073
Node 441, 1260.6988468524132
Node 378, 1142.8129267429401
Node 484, 1430.162117657448
Node 338, 1090.7332060839647
Node 328, 1080.3556605647684
Node 165, 1008.628192803635
Node 290, 1053.696935819189
Node 461, 1333.1932922337419
Node 105, 981.4801487473659
Node 33, 450.76341885153613
Node 444, 1282.366104498069
Node 377, 1142.4759344417141
Node 371, 1136.0549217822552
Node 61, 671.2951038270768
