node_generations, branch_length
0.0, 33708.20182024895
24927.701223210584, 8780.500597038365
4303.795699190411, 20623.905524020174
0.0, 4303.795699190411
1343.677348579509, 2960.118350610902
1299.062349953909, 44.61499862560004
1264.2411383776791, 34.82121157622987
0.0, 1264.2411383776791
1094.5516073299484, 169.68953104773072
0.0, 1094.5516073299484
0.0, 1094.5516073299484
1288.106586207101, 10.955763746808088
1034.4533744977157, 253.65321170938523
0.0, 1034.4533744977157
0.0, 1034.4533744977157
1155.7122287538173, 132.39435745328365
0.0, 1155.7122287538173
0.0, 1155.7122287538173
1320.5439948071541, 23.133353772354894
0.0, 1320.5439948071541
1162.3110541332644, 158.23294067388974
0.0, 1162.3110541332644
0.0, 1162.3110541332644
14550.287378214576, 10377.413844996008
1293.3654389750982, 13256.921939239477
0.0, 1293.3654389750982
0.0, 1293.3654389750982
1339.178338233897, 13211.10903998068
1084.1357973717302, 255.0425408621668
0.0, 1084.1357973717302
0.0, 1084.1357973717302
1137.4584633414602, 201.7198748924368
1052.183687306382, 85.27477603507828
0.0, 1052.183687306382
0.0, 1052.183687306382
1099.214544686605, 38.24391865485518
0.0, 1099.214544686605
0.0, 1099.214544686605
