Node, generations
Node 3211, 23296.65087590524
Node 1771, 1199.377849855953
Node 1489, 1031.8025303068098
Node 1756, 1177.333457994309
Node 273, 373.6533426107861
Node 1588, 1054.9766939217695
Node 1494, 1032.3090890404621
Node 3172, 22362.42817952268
Node 2086, 4357.680423121661
Node 1947, 2599.06719436682
Node 866, 946.2523147588721
Node 1989, 3190.4914337566647
Node 1591, 1055.9909666115018
Node 1443, 1024.9858344437669
Node 1833, 1323.7721042393052
Node 1676, 1103.318074824286
Node 1251, 1008.6151091510529
Node 91, 88.08508450733615
Node 1748, 1168.7446970842361
Node 1421, 1021.8045376784327
Node 1454, 1025.8042951787347
Node 102, 127.16029710342964
Node 858, 939.5623746298003
Node 274, 373.79974327534546
Node 2396, 7811.781465251031
Node 1404, 1019.6385269749367
Node 148, 222.61936094562083
Node 1397, 1018.2711971447206
Node 513, 637.7508120901473
Node 1378, 1016.4290635233442
Node 1827, 1309.5524802953553
Node 1808, 1266.5133232284152
Node 1725, 1141.705225375246
Node 1414, 1020.9213039303022
Node 211, 311.39995420782475
Node 1711, 1129.2203441797474
Node 1626, 1070.341587954125
Node 1084, 1002.8812693922871
Node 1587, 1054.6999278401554
Node 1560, 1047.3024636673013
Node 1503, 1034.6054750870658
Node 92, 102.00225951742662
Node 84, 50.949115154498536
Node 1695, 1118.1650937492025
Node 121, 168.0924291590907
Node 1685, 1107.8929119721506
Node 1584, 1053.6883837175255
Node 1160, 1004.5656661939872
Node 443, 549.2154777960169
Node 1823, 1295.4082277206642
Node 1632, 1071.647905617128
Node 1517, 1036.724483314823
Node 1261, 1009.0404052028397
Node 1514, 1036.130155872545
Node 1481, 1029.705786791387
Node 1522, 1037.4091303195737
Node 155, 234.26032797158143
Node 1521, 1037.2894708035983
Node 1448, 1025.2974689613252
Node 1407, 1020.2116005837623
Node 753, 853.0544842759647
Node 532, 655.3779563208134
Node 1759, 1180.6527126989167
Node 1668, 1095.3383602385782
Node 1655, 1080.9557466538429
Node 491, 609.4371786793782
Node 1733, 1153.8132435224793
Node 120, 167.6642486701731
Node 1715, 1132.362631102057
Node 1679, 1106.0795592675092
Node 1379, 1016.4451937453023
Node 423, 520.9012370912342
Node 1612, 1063.6829228847955
Node 1117, 1003.7011523870209
Node 606, 724.8576784559224
Node 329, 432.95613514764733
Node 1594, 1056.4299395600265
Node 237, 340.07370539667846
Node 1292, 1010.8333824134345
