Node, generations
Node 3443, 45808.75727279696
Node 130, 102.48668567003247
Node 3430, 45068.39013569075
Node 604, 925.3817044328479
Node 430, 184.71923029603863
Node 207, 110.59203702557163
Node 1433, 5455.433410055935
Node 1398, 5121.713106278807
Node 999, 2865.990610395507
Node 419, 176.17965142656408
Node 478, 252.445847820375
Node 442, 200.25380737534624
Node 339, 139.41864698061286
Node 319, 132.09840892820452
Node 157, 104.35955719335195
Node 309, 128.65715179282495
Node 186, 108.35575199579966
Node 86, 61.75261266839351
Node 138, 102.90207892994
Node 233, 114.3012585075531
Node 389, 161.4490795627665
Node 190, 108.95820841953457
Node 324, 133.74611736873152
Node 300, 127.02168806514251
Node 1152, 3576.6181451799025
Node 836, 2068.1165743997703
Node 417, 175.61433889158454
Node 203, 110.34252305752831
Node 352, 145.91032300570654
Node 335, 137.57872531731374
Node 732, 1476.3113419364504
Node 486, 265.30788008918853
Node 276, 120.63188590420404
Node 235, 114.95903111759974
Node 480, 260.36476429462795
Node 455, 217.0780922398153
Node 199, 110.10151477315758
Node 160, 104.63777757459961
Node 477, 250.56988974137167
Node 444, 202.79723788126293
Node 376, 154.9158816435986
Node 91, 76.78415784301092
Node 881, 2262.649989989487
Node 344, 140.3735138810166
Node 214, 111.12283288217057
Node 292, 125.06496625381834
Node 834, 2065.5519456622787
Node 516, 330.7027241237222
Node 514, 324.4309172839482
Node 466, 234.07770492551748
Node 316, 131.05702073104302
Node 307, 127.93573519974987
Node 509, 315.8707024691889
Node 340, 139.72748718807622
Node 247, 116.97758219146067
Node 120, 101.23263246708014
Node 94, 83.68355274134754
Node 374, 152.97865262340235
Node 126, 102.07088163244933
Node 353, 146.1434451670929
Node 529, 423.3813987574955
Node 381, 157.54159106003803
Node 128, 102.31485103968278
Node 356, 146.65259268365145
Node 347, 141.89282137774657
Node 518, 334.50110268164656
Node 231, 113.33033014480372
Node 418, 176.01303875196504
Node 399, 166.08347818588854
Node 331, 135.361112104262
Node 1403, 5146.661706278798
Node 450, 210.47875501977148
Node 378, 155.24370882508765
Node 441, 198.65075265929428
Node 1239, 4100.989940837581
Node 438, 195.26587850380406
Node 350, 143.06411798684465
Node 326, 134.60761996317686
Node 139, 102.93235948907743
