Node, generations
Node 712, 12858.730546565257
Node 165, 563.0057490148521
Node 49, 503.85561455986266
Node 454, 1876.5529474705427
Node 180, 576.0135773511536
Node 171, 567.5706561677466
Node 408, 1351.4892740171413
Node 237, 644.6885474337016
Node 365, 1025.7127385270549
Node 230, 636.4647463353064
Node 179, 575.1364972208843
Node 191, 584.8914615234963
Node 20, 110.43191153781358
Node 320, 826.4466072006862
Node 213, 612.7597031642089
Node 161, 560.2237589785186
Node 313, 810.2593509393056
Node 220, 624.7136712134626
Node 282, 727.814752468582
