Node, generations
Node 1395, 21905.05867494049
Node 922, 1397.094452958977
Node 893, 1310.4519266303516
Node 749, 1103.2084617411285
Node 1086, 2799.9334987834973
Node 915, 1378.5376120024903
Node 1035, 2170.2128874775285
Node 1033, 2166.2988311608456
Node 982, 1701.0195448332674
Node 737, 1093.7936299518228
Node 85, 341.4588825615962
Node 1010, 1894.7578606039385
Node 901, 1335.5924115562314
Node 796, 1151.2723246630094
Node 795, 1150.3905068869824
Node 46, 127.309800191509
Node 97, 413.68239542399
Node 56, 217.03250019858285
Node 959, 1541.8948400811043
Node 783, 1133.705854573923
Node 741, 1094.6093710487278
Node 571, 1021.9616409998124
Node 523, 1014.79026410787
Node 692, 1061.7340591642628
Node 471, 1009.5035850351898
Node 134, 557.7004374887862
Node 570, 1021.756027640144
Node 785, 1133.876132147463
Node 751, 1104.4360315726835
Node 524, 1014.8253885144103
Node 516, 1014.0418020319241
Node 513, 1013.5645263658816
Node 438, 1006.8770992524334
Node 433, 1006.395159325521
Node 397, 1003.8605122173777
Node 303, 960.517537663213
Node 782, 1133.4177308079418
Node 574, 1022.4468988997905
Node 40, 5.442293139471195
