Node, generations
Node 3358, 37595.926859768515
Node 1791, 7865.788174659338
Node 1654, 6566.9216239470215
Node 1321, 4268.428533108389
Node 336, 147.08403699351572
Node 752, 1523.0153403223487
Node 519, 305.61128860168384
Node 460, 238.27961839066054
Node 382, 166.36519200946782
Node 186, 109.27704258563172
Node 436, 212.88078046507275
Node 327, 143.47058800587334
Node 293, 131.48462038338343
Node 393, 175.0611001252452
Node 387, 171.51965313062084
Node 283, 129.63045463755302
Node 381, 166.09761412475314
Node 285, 129.91294320431905
Node 125, 102.67109958321429
Node 84, 46.570071510562464
Node 539, 343.6075601362434
Node 251, 118.96390186937036
Node 111, 101.50027665865039
Node 442, 217.49370806146774
Node 1549, 5709.955654777817
Node 710, 1334.5250880147507
Node 307, 138.018419798758
Node 86, 57.87620892581184
Node 300, 133.71818950198906
Node 2668, 19682.153386691683
Node 1159, 3369.3324715214067
Node 452, 227.6248130904655
Node 955, 2257.049282626048
Node 366, 158.94544420446064
Node 80, 16.76812719574375
Node 271, 124.66597742426681
Node 1594, 6123.523616059992
Node 700, 1268.7788542852998
Node 404, 185.61572207634413
Node 190, 109.72113176155995
Node 119, 102.18381528420373
Node 335, 146.86760875561748
Node 222, 114.0273760145456
Node 174, 107.91820076426791
Node 94, 100.16999317862364
Node 564, 576.93240593842
Node 299, 133.57821755466205
Node 503, 282.8892307809969
Node 320, 141.90591080243016
Node 485, 262.44235498137743
Node 372, 162.51673724512062
Node 345, 150.6724598114598
Node 107, 101.28746722115983
Node 1439, 4965.7950113729175
Node 479, 256.2457721626567
Node 421, 198.226695972896
Node 321, 142.1199991794671
Node 414, 194.74672242177786
Node 371, 161.81194271352075
Node 467, 242.60478976715575
Node 426, 201.43904415104043
Node 282, 129.18377491862276
Node 405, 186.76790592420477
Node 972, 2340.55674398093
Node 477, 254.08941131340816
Node 350, 152.49640290072577
Node 185, 109.04514178659558
Node 488, 267.9163226322991
Node 126, 102.80672390438392
Node 458, 235.82113073820446
Node 226, 114.76608637753364
Node 168, 106.54582544549314
Node 439, 214.7841962011451
Node 309, 138.4422354644864
Node 244, 117.84292821801965
Node 165, 106.36248678576618
Node 294, 132.6485734157608
Node 228, 114.8046390949966
Node 397, 179.84276672748683
