node_generations, branch_length
728.3769312305504, 18591.33044065725
0.0, 728.3769312305504
0.0, 728.3769312305504
6911.055220719674, 12408.652151168128
613.9430718295305, 6297.1121488901435
0.0, 613.9430718295305
0.0, 613.9430718295305
1997.1914200368146, 4913.86380068286
623.549001902724, 1373.6424181340908
404.0755869513744, 219.47341495134953
0.0, 404.0755869513744
0.0, 404.0755869513744
519.2987277405987, 104.25027416212527
0.0, 519.2987277405987
0.0, 519.2987277405987
1148.751360281019, 848.4400597557956
769.5493413616659, 379.2020189193531
0.0, 769.5493413616659
589.6590704638115, 179.8902708978544
0.0, 589.6590704638115
372.92491539509456, 216.73415506871697
0.0, 372.92491539509456
0.0, 372.92491539509456
960.8561975339142, 187.8951627471049
735.73049565764, 225.1257018762742
536.0976011476852, 199.63289450995478
527.2312651835433, 8.866335964141854
0.0, 527.2312651835433
0.0, 527.2312651835433
528.0045508927411, 8.093050254944046
0.0, 528.0045508927411
0.0, 528.0045508927411
648.1117029402378, 87.61879271740213
0.0, 648.1117029402378
437.81599806946724, 210.29570487077058
0.0, 437.81599806946724
0.0, 437.81599806946724
924.3521974273563, 36.504000106557896
816.6090726876748, 107.74312473968143
625.4926650610591, 191.11640762661568
0.0, 625.4926650610591
530.2582843422097, 95.23438071884948
0.0, 530.2582843422097
0.0, 530.2582843422097
770.3747152915241, 46.2343573961507
527.7232992374696, 242.6514160540545
0.0, 527.7232992374696
509.59184734969494, 18.131451887774688
0.0, 509.59184734969494
0.0, 509.59184734969494
563.1300101953709, 207.2447050961532
0.0, 563.1300101953709
0.0, 563.1300101953709
859.7762158445622, 64.57598158279404
604.4281815697675, 255.3480342747947
501.1550986208027, 103.27308294896483
0.0, 501.1550986208027
0.0, 501.1550986208027
601.3334080544508, 3.0947735153166605
0.0, 601.3334080544508
559.5083544046686, 41.82505364978226
0.0, 559.5083544046686
538.8007284104268, 20.707625994241766
0.0, 538.8007284104268
0.0, 538.8007284104268
712.0823989589038, 147.6938168856584
0.0, 712.0823989589038
641.0913358933251, 70.99106306557871
0.0, 641.0913358933251
602.0844289899408, 39.00690690338433
0.0, 602.0844289899408
575.044592114665, 27.039836875275796
0.0, 575.044592114665
558.6109977949835, 16.433594319681447
0.0, 558.6109977949835
524.5250159687334, 34.08598182625008
0.0, 524.5250159687334
0.0, 524.5250159687334
