node_generations, branch_length
0.0, 41775.261260376115
7681.917018766943, 34093.34424160917
568.5845187360458, 7113.332500030898
341.08058258563085, 227.50393615041492
0.0, 341.08058258563085
0.0, 341.08058258563085
499.61984247170096, 68.9646762643448
0.0, 499.61984247170096
480.8951328343901, 18.724709637310866
0.0, 480.8951328343901
0.0, 480.8951328343901
5204.986496672942, 2476.9305220940014
587.3323571876515, 4617.65413948529
0.0, 587.3323571876515
546.7499536826366, 40.582403505014895
0.0, 546.7499536826366
310.90562048481104, 235.84433319782556
228.09974812074174, 82.8058723640693
0.0, 228.09974812074174
0.0, 228.09974812074174
248.07189858397962, 62.83372190083142
0.0, 248.07189858397962
0.0, 248.07189858397962
1640.97288230478, 3564.013614368162
0.0, 1640.97288230478
861.7944447343682, 779.1784375704117
220.52667025775793, 641.2677744766103
0.0, 220.52667025775793
0.0, 220.52667025775793
379.58087496379704, 482.21356977057116
0.0, 379.58087496379704
223.69693515952807, 155.88393980426898
0.0, 223.69693515952807
207.14887946553972, 16.548055693988346
0.0, 207.14887946553972
203.60198601560234, 3.546893449937386
0.0, 203.60198601560234
0.0, 203.60198601560234
