Node, generations
Node 868, 7271.930192034842
Node 708, 1248.5687976134338
Node 585, 585.0965683182893
Node 519, 417.6241356002493
Node 557, 510.45383316456844
Node 358, 253.13125540399432
Node 231, 214.80966012910415
Node 303, 231.99908221727313
Node 92, 196.37933778124636
Node 489, 372.2885856706846
Node 261, 221.40317861927588
Node 687, 1045.5396472902394
Node 589, 598.8544014810528
Node 511, 409.02545751901073
Node 295, 228.71976115093065
Node 60, 0.3467783389251705
Node 238, 216.9936075429455
Node 230, 214.7820147174542
Node 178, 207.7739731102046
Node 123, 202.47787602261846
Node 64, 42.43661146866057
Node 159, 205.4321066391323
Node 307, 232.31035479955548
Node 542, 464.30593688094706
Node 62, 19.7230183110552
Node 461, 337.9144485463088
Node 186, 208.6227958348628
Node 344, 245.59324436947784
Node 671, 934.8160419970474
Node 526, 424.9278197463724
Node 468, 348.92553405970415
Node 299, 230.03392202647012
Node 80, 152.08815355314493
Node 429, 307.2870646892779
Node 359, 253.2918587631607
Node 424, 301.31826912261397
Node 423, 300.8639493968315
Node 389, 269.0053438601308
Node 297, 229.64732103821885
Node 232, 215.00353668930296
Node 669, 929.4244271070824
Node 620, 728.0565300651731
Node 328, 237.69463194292973
Node 577, 560.9414578860506
Node 184, 208.28027934797814
Node 621, 735.6213826685054
Node 428, 305.8675308573559
Node 561, 514.895665973098
Node 416, 298.7013618732945
Node 150, 204.92288850087715
Node 506, 403.815499946207
Node 333, 240.0530186024862
Node 713, 1350.4791805925436
Node 388, 268.72376710992296
Node 190, 209.16370465817602
Node 100, 200.42763911371546
Node 273, 224.22830824361046
Node 451, 323.8733640408264
Node 448, 320.505145659005
