node_generations, branch_length
708.1941817441526, 84243.5061727127
0.0, 708.1941817441526
323.36773642327995, 384.82644532087266
0.0, 323.36773642327995
0.0, 323.36773642327995
20519.00647463567, 64432.69387982119
608.7570117966887, 19910.24946283898
0.0, 608.7570117966887
386.05362620747024, 222.7033855892185
256.54527362489097, 129.50835258257928
0.0, 256.54527362489097
19.270039118683673, 237.27523450620728
0.0, 19.270039118683673
0.0, 19.270039118683673
280.13634357153734, 105.9172826359329
254.500150232284, 25.63619333925334
0.0, 254.500150232284
0.0, 254.500150232284
279.15101199430825, 0.9853315772290898
0.0, 279.15101199430825
201.6914018414645, 77.45961015284374
0.0, 201.6914018414645
152.73627620580845, 48.95512563565606
0.0, 152.73627620580845
0.0, 152.73627620580845
15155.052945810325, 5363.953528825345
220.8932830351969, 14934.159662775128
0.0, 220.8932830351969
0.0, 220.8932830351969
596.7890199476902, 14558.263925862635
352.36699113924624, 244.422028808444
0.0, 352.36699113924624
260.0123147371802, 92.35467640206605
0.0, 260.0123147371802
0.0, 260.0123147371802
440.8241214154354, 155.96489853225484
0.0, 440.8241214154354
0.0, 440.8241214154354
