Node, generations
Node 4597, 59893.20643677404
Node 2959, 11211.285439964377
Node 1674, 2976.8560533521313
Node 1330, 1924.2072488799793
Node 462, 331.39875816370954
Node 273, 120.0555832282569
Node 96, 100.11025689457445
Node 266, 118.11138484212638
Node 300, 125.50169832450169
Node 784, 808.0307881599844
Node 1455, 2257.517380830921
Node 284, 121.81547459172542
Node 1416, 2138.0136468942924
Node 320, 131.81008609977238
Node 123, 101.14051920273883
Node 1391, 2068.3729245450463
Node 333, 135.25355705845243
Node 328, 134.15306632203988
Node 155, 103.98118196938422
Node 326, 133.8981024190249
Node 311, 129.16894916065448
Node 211, 109.1028892985867
Node 306, 126.87594030013224
Node 942, 1088.7161392845942
Node 384, 174.9558512320216
Node 125, 101.2578127838916
Node 796, 825.9627226083979
Node 305, 126.38173910160107
Node 203, 108.2323207073549
Node 2843, 10071.384426220027
Node 1136, 1492.6924833370663
Node 378, 161.82673248573894
Node 246, 115.38644087346624
Node 210, 109.01828081467568
Node 198, 107.73900199040828
Node 957, 1117.32929969195
Node 766, 787.4196868007826
Node 685, 691.4849610757054
Node 247, 115.40351647211615
Node 1300, 1860.0029674360685
Node 570, 505.85698443107424
Node 539, 471.7041454927033
Node 527, 449.13618896781463
Node 1129, 1477.0979001816393
Node 111, 100.72691593892955
Node 262, 117.72758599270173
Node 3847, 26666.710828926083
Node 1295, 1849.3964918428903
Node 3467, 18736.221241832864
Node 639, 607.3621238118038
Node 360, 146.20071851461046
Node 404, 215.30375785651597
Node 242, 114.61419027039878
Node 181, 105.95761676005752
Node 250, 115.9167422699595
Node 149, 103.40709270999052
Node 85, 57.67834075811843
Node 245, 115.2758351654455
Node 3087, 12641.638351113103
Node 1915, 3885.924512602152
Node 667, 650.0342064870506
Node 321, 132.5163668989747
Node 622, 581.0023748506411
Node 506, 408.6808751672037
Node 191, 107.24021371890524
Node 142, 103.03824424155987
Node 1736, 3211.23772095241
Node 401, 212.33806616768194
Node 276, 120.47069527726474
Node 2517, 7248.75444869601
Node 117, 100.88764441496473
Node 2454, 6891.368299433549
Node 1128, 1471.6045539217514
Node 240, 114.56301479499237
Node 176, 105.68516944227946
Node 113, 100.79456676817752
Node 665, 648.4952417881839
Node 236, 113.63469242943798
Node 130, 101.93043822157753
