node_generations, branch_length
520.5961522306629, 6441.618880650933
314.5228160426736, 206.07333618798936
0.0, 314.5228160426736
280.8692522653313, 33.6535637773423
0.0, 280.8692522653313
250.89386888586435, 29.975383379466933
0.0, 250.89386888586435
0.0, 250.89386888586435
507.7484982125715, 12.847654018091418
474.67545769769754, 33.07304051487398
0.0, 474.67545769769754
0.0, 474.67545769769754
494.9164293038161, 12.832068908755446
272.88838345700213, 222.02804584681394
0.0, 272.88838345700213
0.0, 272.88838345700213
324.590620620626, 170.32580868319008
0.0, 324.590620620626
318.77007039906664, 5.820550221559358
0.0, 318.77007039906664
218.12296721643784, 100.6471031826288
0.0, 218.12296721643784
0.0, 218.12296721643784
5607.822446611386, 1354.39258627021
579.2312155216858, 5028.5912310897
0.0, 579.2312155216858
227.75633185093838, 351.47488367074743
0.0, 227.75633185093838
0.0, 227.75633185093838
705.2910487249817, 4902.531397886404
379.42944242820647, 325.8616062967752
0.0, 379.42944242820647
287.98483202938405, 91.44461039882242
0.0, 287.98483202938405
0.0, 287.98483202938405
445.8356477789523, 259.4554009460294
0.0, 445.8356477789523
0.0, 445.8356477789523
