Node, generations
Node 2261, 38520.010593630825
Node 1491, 1770.7332110844557
Node 1305, 1185.6152469905712
Node 1226, 1104.6570741646917
Node 1206, 1087.623477369836
Node 1018, 1021.900552019243
Node 1249, 1119.8834965723656
Node 1152, 1058.6580295816789
Node 783, 1004.4154849661094
Node 543, 907.3450395041332
Node 967, 1015.4794181890516
Node 278, 593.4920897537706
Node 1195, 1082.2743891032567
Node 1158, 1061.4460516693196
Node 67, 100.16964237607044
Node 1096, 1038.1320505482943
Node 1448, 1526.806279101178
Node 1442, 1513.015773159035
Node 1296, 1176.517677467442
Node 1077, 1032.563897082624
Node 1581, 2769.9543225143584
Node 1386, 1324.55707247847
Node 1228, 1105.4912559333843
Node 392, 746.0655993576894
Node 1366, 1282.2830816383246
Node 1262, 1136.207485217307
Node 1107, 1042.0462523163444
Node 1355, 1257.9444083203034
Node 919, 1011.3800036128222
Node 1336, 1225.7192460546487
Node 1331, 1221.0786100746836
Node 346, 686.3749306302793
Node 1241, 1112.2262942952618
Node 1128, 1051.0346781457497
Node 1021, 1021.999130217479
Node 1029, 1022.7995615422301
Node 591, 957.1459422426565
Node 380, 730.1638046960758
Node 739, 1002.4263106731609
Node 1213, 1093.7879182094418
Node 116, 273.54999370367926
Node 1333, 1224.4072232852122
Node 1263, 1136.2804259110162
Node 1308, 1189.6777892480895
Node 711, 1001.8203679304033
Node 1201, 1086.3933767568392
Node 1104, 1041.2515589743962
Node 928, 1012.6125670887325
Node 79, 151.54160537948786
Node 1496, 1798.5734784986657
Node 1060, 1028.7649484509363
Node 906, 1010.5137358197699
Node 68, 122.86489221109947
Node 1427, 1467.649565105958
Node 1099, 1039.1685195448397
Node 489, 855.8933832290163
Node 139, 329.64523475675134
Node 1218, 1095.477120107143
Node 536, 898.8489531654071
