Node, generations
Node 2506, 26794.074033482662
Node 87, 113.73048973016806
Node 85, 112.08688355098428
Node 2055, 17307.97645800383
Node 126, 131.07237464088277
Node 2015, 16489.16873314034
Node 1024, 4826.7726385905335
Node 565, 1987.823879497289
Node 189, 177.9367420621578
Node 224, 218.29132580891553
Node 147, 143.32985802463335
Node 141, 137.43045450077716
Node 861, 3523.2168835726707
Node 162, 154.34861543094593
Node 154, 148.34699289291703
Node 46, 101.42950974698665
Node 127, 131.95051186980007
Node 83, 111.88356400850176
Node 63, 106.17178152511053
Node 529, 1822.5234015627193
Node 447, 1423.3227656380527
Node 247, 246.56823075451013
Node 130, 133.0264301776493
Node 1683, 11333.684376300944
Node 213, 209.76346436802115
Node 196, 186.030903425957
Node 171, 166.06888669490175
Node 158, 150.81816398888307
Node 40, 52.67345946785818
Node 537, 1865.7011060767813
Node 243, 237.64600669986638
Node 239, 234.8550498769339
Node 99, 116.97472656725121
Node 384, 1062.8537241549018
Node 187, 174.6383462591618
Node 295, 652.0079964684064
Node 222, 216.13670374328402
Node 71, 108.80047592924683
Node 223, 217.38032415689213
