Node, generations
Node 1868, 22267.565256815356
Node 1472, 2406.7691701398944
Node 1095, 1047.974133293174
Node 923, 1016.5019191754828
Node 858, 1009.5741697087769
Node 1047, 1034.6536753866956
Node 138, 323.57929141703727
Node 885, 1012.5861992614309
Node 1458, 2238.1700884694933
Node 1286, 1215.1648458153654
Node 230, 515.7840237589772
Node 73, 128.45333298037428
Node 1201, 1105.802945930863
Node 66, 73.85746175546203
Node 1114, 1054.0362679530435
Node 1050, 1035.0546285397788
Node 1100, 1048.7341338864915
Node 951, 1019.4311338094462
Node 164, 382.27984890639215
Node 613, 992.5056928794282
Node 1412, 1766.221531816163
Node 1346, 1340.4056001289596
Node 1274, 1200.7897780886578
Node 196, 448.8882946255431
Node 1217, 1124.1457710175548
Node 1194, 1100.0064035421697
Node 1125, 1060.8955593325759
Node 896, 1013.4413078437258
Node 575, 957.9753658397249
Node 1191, 1098.7318319800488
Node 1040, 1032.6923266471301
Node 598, 978.1919121307023
Node 1195, 1101.7408672670917
Node 1354, 1377.8673479381791
Node 89, 194.94156598443757
Node 972, 1023.0200426427957
Node 1604, 9225.923256487107
Node 1351, 1367.9574166645568
Node 1233, 1137.652908593789
Node 175, 398.7749156321207
Node 1102, 1049.5357146931835
Node 828, 1007.9070185395276
Node 735, 1003.5566071816241
Node 158, 375.47338008181094
Node 1299, 1229.5844675519218
Node 419, 762.6644984471808
Node 350, 682.9684457544148
Node 1249, 1160.7288432416817
Node 1139, 1069.7012516447192
Node 1088, 1044.4657067666292
Node 1387, 1548.2174457818653
Node 1331, 1295.5624087397696
Node 818, 1007.2895564436116
Node 595, 977.0939491569984
Node 1383, 1527.2987543798904
Node 1131, 1064.375813167904
Node 1265, 1184.9018015347654
Node 932, 1017.2502740186667
Node 1133, 1065.4103677113212
