node_generations, branch_length
1687.597694081937, 11195.83818579795
1158.8106038676083, 528.7870902143288
323.7728240033321, 835.0377798642762
0.0, 323.7728240033321
0.0, 323.7728240033321
1079.765827490685, 79.04477637692321
0.0, 1079.765827490685
39.75802186497114, 1040.007805625714
0.0, 39.75802186497114
0.0, 39.75802186497114
1214.7120347166806, 472.8856593652565
0.0, 1214.7120347166806
1213.870132678946, 0.8419020377345987
1003.0137697153656, 210.8563629635804
0.0, 1003.0137697153656
308.1368582903798, 694.8769114249858
0.0, 308.1368582903798
0.0, 308.1368582903798
1167.1665881861566, 46.70354449278943
0.0, 1167.1665881861566
0.0, 1167.1665881861566
2254.2497539232436, 10629.186125956643
1434.131227141279, 820.1185267819646
1142.8814696148434, 291.2497575264356
0.0, 1142.8814696148434
1112.3522501791765, 30.529219435666846
434.8085350723241, 677.5437151068525
0.0, 434.8085350723241
0.0, 434.8085350723241
1086.7686935448958, 25.58355663428074
0.0, 1086.7686935448958
1060.0527172736017, 26.71597627129404
0.0, 1060.0527172736017
1047.403070697751, 12.649646575850738
0.0, 1047.403070697751
0.0, 1047.403070697751
1160.0539201471208, 274.0773069941581
0.0, 1160.0539201471208
1062.8732465702221, 97.1806735768987
0.0, 1062.8732465702221
1012.5302855949311, 50.34296097529102
0.0, 1012.5302855949311
0.0, 1012.5302855949311
1988.5771734873626, 265.67258043588095
1022.4021991332553, 966.1749743541073
0.0, 1022.4021991332553
1010.0529325914013, 12.349266541854035
0.0, 1010.0529325914013
0.0, 1010.0529325914013
1708.728944714697, 279.8482287726656
1569.9584280815923, 138.77051663310476
0.0, 1569.9584280815923
1476.7430210445937, 93.21540703699861
0.0, 1476.7430210445937
1114.54425971576, 362.1987613288336
0.0, 1114.54425971576
1028.8765736486632, 85.66768606709684
0.0, 1028.8765736486632
1005.0231762048223, 23.85339744384089
0.0, 1005.0231762048223
0.0, 1005.0231762048223
1584.9087972002405, 123.8201475144565
1082.1942829926645, 502.71451420757603
1027.403028085838, 54.79125490682645
0.0, 1027.403028085838
0.0, 1027.403028085838
1031.9621017425507, 50.232181250113854
0.0, 1031.9621017425507
997.0578751729017, 34.90422656964893
0.0, 997.0578751729017
0.0, 997.0578751729017
1557.587197976133, 27.32159922410756
287.20477066205734, 1270.3824273140756
0.0, 287.20477066205734
0.0, 287.20477066205734
1202.8003812300356, 354.78681674609743
0.0, 1202.8003812300356
0.0, 1202.8003812300356
