Node, generations
Node 2012, 28103.571583194247
Node 817, 6284.157432766683
Node 157, 885.6699121244508
Node 60, 109.73794496154308
Node 56, 106.51319874192217
Node 55, 106.45291372766162
Node 37, 78.39283568721028
Node 101, 205.29839179670392
Node 87, 165.76521926301936
Node 53, 102.39494465535408
Node 90, 174.43375249722357
Node 890, 6927.194634635819
Node 112, 241.44683753057325
Node 22, 53.83462076186238
Node 78, 148.2297349330033
Node 693, 5170.526302834588
Node 88, 167.1244710448735
Node 35, 74.23834104007585
Node 75, 143.80073565447313
