Node, generations
Node 3675, 35872.92200524799
Node 2214, 5751.0017192208
Node 1782, 1403.1023827699607
Node 1547, 1075.8182494825858
Node 1496, 1051.6977800898405
Node 1308, 1016.4838619839029
Node 1519, 1063.9671137509622
Node 1459, 1041.7451061901993
Node 170, 265.3669244684772
Node 1722, 1248.4817295223534
Node 1628, 1125.5236848737732
Node 154, 230.78223220461652
Node 1573, 1086.2600839257564
Node 1822, 1741.3488219714911
Node 1684, 1186.4627060467826
Node 1615, 1118.428616823818
Node 1654, 1155.0836970698306
Node 1411, 1030.0556754987874
Node 725, 843.9205421327497
Node 1601, 1103.2317337450265
Node 896, 995.0947177423052
Node 2769, 13264.587965942157
Node 1624, 1123.8248905460462
Node 1112, 1005.5872539413475
Node 1536, 1073.5556430914542
Node 2514, 9239.793793384244
Node 1294, 1015.3264290426649
Node 2347, 7154.63483935251
Node 2301, 6620.1223056818135
Node 1719, 1245.1901483662907
Node 1109, 1005.5155206313348
Node 1670, 1173.508303886762
Node 1572, 1084.6092011089243
Node 1223, 1011.2719600118496
Node 106, 127.88993472695049
Node 89, 73.86545055393204
Node 495, 644.0145898178953
Node 299, 427.6186713910248
Node 1618, 1120.5956902433236
Node 1475, 1045.8902455760485
Node 632, 755.4346381564268
Node 227, 342.4843990153086
Node 1144, 1006.4971806979581
Node 1584, 1092.1555596966743
Node 1438, 1035.348609902887
Node 1233, 1011.8239683560743
Node 131, 182.85499115196723
Node 686, 811.185749381999
Node 598, 732.9937146802993
Node 436, 577.285761906904
Node 2058, 4337.781903665384
Node 1724, 1257.65855583252
Node 1430, 1033.8579925821552
Node 1383, 1025.0849339282088
Node 513, 663.9543163358195
Node 1234, 1011.8603466851811
Node 113, 150.30528389268454
Node 1415, 1031.1094291814818
Node 1550, 1076.227899162716
Node 1803, 1469.9554463775073
Node 1644, 1147.8235516620284
Node 1464, 1042.683454963018
Node 215, 329.38347357005966
Node 1449, 1037.815307901872
Node 142, 208.89858272664563
Node 1540, 1074.5765621355129
Node 1376, 1024.5043708411922
Node 1220, 1011.0372852541012
Node 954, 1000.950820736173
Node 1767, 1348.8157692209768
Node 272, 398.09302609507444
Node 152, 230.27221826939726
Node 1713, 1240.4439284573918
Node 1574, 1086.4098322086218
Node 1227, 1011.4536224832095
Node 166, 258.96838679059704
Node 1481, 1047.089267297828
Node 134, 187.70633019557366
Node 197, 300.6730155538347
