Node, generations
Node 3067, 37832.47082210075
Node 2115, 13676.699071628133
Node 1602, 8040.824290890422
Node 495, 1111.7676430792399
Node 312, 204.92365352324373
Node 427, 783.9060489161574
Node 236, 127.50418340451348
Node 206, 105.34683066604225
Node 124, 66.26912509109779
Node 1711, 9149.628330993259
Node 407, 703.639176045767
Node 151, 76.49224551715885
Node 147, 75.23400522581017
Node 1439, 6790.039918768579
Node 671, 1994.4920830618
Node 516, 1206.569674596858
Node 101, 59.519395243045196
Node 60, 16.661439242658435
Node 618, 1734.4555969424846
Node 250, 136.47306884563798
Node 180, 88.65631741750153
Node 78, 53.94016009743434
Node 528, 1254.7967733928897
Node 202, 104.3419537726974
Node 191, 94.5805293816294
Node 235, 124.2747858970065
Node 212, 107.80193670681186
Node 211, 107.47686176775612
Node 97, 58.61703086675557
Node 175, 85.87085326726655
Node 1102, 4349.100804519195
Node 1016, 3745.855520897046
Node 307, 202.25168857597154
Node 226, 117.27472779602579
Node 133, 69.77292618072889
Node 196, 100.34701616745821
Node 138, 71.12611117206896
Node 292, 181.23078637119772
Node 105, 60.425330213956585
Node 266, 160.44974894406008
Node 140, 72.20578842277376
Node 129, 69.32804053907343
Node 92, 57.44149979403122
Node 566, 1454.8857791351218
Node 330, 220.26587428527273
Node 259, 150.21873586345865
Node 203, 104.5779890016406
Node 95, 58.06938445662281
Node 220, 114.91342134921449
Node 136, 70.32554378544992
Node 83, 55.17552857412728
Node 218, 113.95473304445598
Node 103, 60.274288382969665
Node 356, 385.3487237009705
Node 333, 228.83058171035722
Node 130, 69.40709870778873
Node 335, 233.1502706537282
Node 262, 154.0442285844753
Node 251, 136.5597932636225
