node_generations, branch_length
1494.843959210372, 23358.411769137947
1084.5783694282295, 410.26558978214257
0.0, 1084.5783694282295
0.0, 1084.5783694282295
1316.082484014512, 178.76147519586016
1233.774431466886, 82.30805254762595
0.0, 1233.774431466886
1146.1091141650645, 87.66531730182146
1044.3215551463563, 101.78755901870818
0.0, 1044.3215551463563
0.0, 1044.3215551463563
1136.6542842895485, 9.454829875515998
0.0, 1136.6542842895485
0.0, 1136.6542842895485
1292.0372227627645, 24.045261251747434
0.0, 1292.0372227627645
0.0, 1292.0372227627645
6062.6739732920805, 18790.58175505624
1072.5965377678685, 4990.077435524212
0.0, 1072.5965377678685
0.0, 1072.5965377678685
1411.1474287492372, 4651.526544542843
1221.7820328908142, 189.36539585842297
1031.4942978113208, 190.28773507949336
0.0, 1031.4942978113208
0.0, 1031.4942978113208
1187.1889957756161, 34.59303711519806
0.0, 1187.1889957756161
1105.2610472571207, 81.92794851849544
0.0, 1105.2610472571207
508.8639167160911, 596.3971305410296
0.0, 508.8639167160911
383.343890620372, 125.52002609571912
0.0, 383.343890620372
0.0, 383.343890620372
1391.089179400882, 20.058249348355275
0.0, 1391.089179400882
0.0, 1391.089179400882
