node_generations, branch_length
772.8220708981256, 11407.249165953544
578.9225585916544, 193.89951230647125
0.0, 578.9225585916544
546.372486056954, 32.55007253470035
0.0, 546.372486056954
0.0, 546.372486056954
707.7055292419044, 65.11654165622122
0.0, 707.7055292419044
539.7186057851299, 167.98692345677455
0.0, 539.7186057851299
526.5946011918887, 13.124004593241125
0.0, 526.5946011918887
525.4757379000706, 1.1188632918181156
0.0, 525.4757379000706
0.0, 525.4757379000706
4640.027037032047, 7540.044199819624
744.3453752533505, 3895.6816617786963
523.2995214445626, 221.0458538087879
0.0, 523.2995214445626
503.71306674470173, 19.586454699860894
0.0, 503.71306674470173
0.0, 503.71306674470173
598.9963861535256, 145.34898909982496
0.0, 598.9963861535256
521.2412988800808, 77.75508727344481
0.0, 521.2412988800808
0.0, 521.2412988800808
2059.040835274832, 2580.986201757215
0.0, 2059.040835274832
996.0458738032108, 1062.994961471621
0.0, 996.0458738032108
800.5189192873635, 195.52695451584736
0.0, 800.5189192873635
641.4941859919412, 159.02473329542227
0.0, 641.4941859919412
502.78137702716873, 138.71280896477248
0.0, 502.78137702716873
0.0, 502.78137702716873
