Node, generations
Node 1236, 10080.696170632436
Node 919, 1138.4891462016935
Node 760, 655.4323678928293
Node 632, 549.4132308128004
Node 604, 539.6790910149815
Node 600, 537.6236164620192
Node 482, 515.8758611974066
Node 630, 548.9650321091781
Node 531, 523.73667485207
Node 495, 517.9309767684713
Node 694, 587.4076675329293
Node 793, 715.1794660049326
Node 649, 559.2822464916469
Node 578, 532.257085942783
Node 475, 514.4088706878659
Node 76, 126.4975010169525
Node 270, 501.72036089288764
Node 1195, 8657.041593824015
Node 804, 729.0494402662694
Node 492, 517.2280599612028
Node 331, 504.119945231327
Node 757, 651.1804109235065
Node 666, 570.8222610432186
Node 488, 516.3904575446335
Node 473, 514.1398338947423
Node 969, 1555.9772043390906
Node 583, 533.0474376459699
Node 341, 504.35996630601784
Node 60, 29.32578989981261
Node 956, 1431.06264500239
Node 837, 811.1968392700234
Node 831, 796.756924399152
Node 802, 725.3875894312285
Node 720, 606.9627027861472
Node 151, 344.26353373648794
Node 823, 782.9964000640583
Node 253, 500.8842549376984
Node 634, 552.2067295136056
Node 428, 510.44837156789225
Node 96, 185.8877063177271
Node 884, 982.7622129519033
Node 842, 824.1550973771919
Node 561, 529.0180275205958
Node 293, 502.5440282431093
Node 486, 516.1118534818892
Node 297, 502.63152395524446
Node 787, 696.8988412062191
Node 687, 583.2527790970414
Node 652, 560.1439961905387
Node 229, 500.110445842776
Node 88, 164.33241588337404
Node 603, 538.0726439286921
Node 104, 217.06443725366955
Node 784, 694.5971559296917
Node 166, 374.7146001100332
Node 865, 921.2404986785849
Node 765, 665.501193649778
Node 546, 526.7866943791579
Node 768, 672.4548587683964
