Node, generations
Node 1471, 51339.91996875796
Node 524, 1065.223924828726
Node 405, 497.07392452456884
Node 158, 218.91581121849384
Node 41, 109.70520807763617
Node 262, 267.0077810212359
Node 104, 208.2004220012398
Node 167, 222.26925843121472
Node 40, 88.67874409556954
Node 611, 2362.03497826845
Node 428, 547.1026320562933
Node 323, 343.5693239509159
Node 250, 261.6710565988982
Node 170, 223.2666008151569
Node 220, 246.03029587047493
Node 531, 1132.4131233343558
Node 354, 388.0997881283345
Node 520, 1022.3301115164634
Node 501, 892.2076598827136
Node 433, 563.8420336371513
Node 326, 347.858993068583
Node 183, 227.3465870316669
Node 386, 440.87326819664224
Node 328, 349.1694466437587
Node 243, 256.8705075747214
Node 117, 211.0732485789672
Node 264, 269.5875369385966
Node 172, 225.27713341919468
Node 87, 204.51877461636488
Node 451, 634.3642575839332
Node 356, 392.0156555390988
Node 324, 345.1705338300381
Node 72, 202.81596286105378
Node 208, 240.542450402945
Node 409, 506.4650186422259
Node 237, 252.99527896726238
Node 407, 503.2687510475972
Node 156, 218.6175160130659
Node 353, 383.81310482688156
