Node, generations
Node 2982, 53889.370256192706
Node 2262, 26511.280588790338
Node 87, 199.17276978913205
Node 55, 104.54481791289378
Node 28, 33.999018554598486
Node 77, 166.6435795732625
Node 1401, 11186.56547551946
Node 629, 4471.390949850228
Node 400, 3177.7069144121383
Node 316, 2758.719819469361
Node 27, 29.122125539365445
Node 1150, 8535.520739472862
Node 290, 2643.4369582820004
Node 963, 6724.595828373727
Node 34, 53.983332680650605
Node 194, 2152.121293916211
Node 23, 22.031884053276794
Node 44, 79.2167141671006
Node 26, 27.264988339063525
