Node, generations
Node 3029, 66107.95410733252
Node 1297, 9009.423226058176
Node 1082, 6544.931720667974
Node 168, 221.14502351973627
Node 1296, 8999.840855157217
Node 330, 357.635009200095
Node 286, 297.044199741377
Node 44, 115.57670134281108
Node 159, 219.14361700258252
Node 136, 213.69677229861023
Node 303, 314.1417985934341
Node 126, 210.7168345556212
Node 287, 297.97102631722134
Node 235, 251.83226203754586
Node 205, 234.0431623008969
Node 95, 205.31047524226244
Node 1190, 7649.440422850907
Node 460, 1199.2966555451414
Node 298, 308.96619332899485
Node 237, 252.42232650802814
Node 432, 798.4540436592291
Node 262, 273.07127286722346
Node 236, 251.84771254610735
Node 54, 200.49583050458423
Node 389, 476.1993142432764
Node 305, 315.93502234108826
Node 49, 175.0639002179638
Node 277, 291.95141712604806
Node 101, 206.22527040877932
Node 388, 472.5899136369486
Node 350, 384.3736087245284
Node 135, 213.41786482328484
Node 275, 287.1005522702609
Node 188, 225.6805277712669
Node 176, 222.54345069311137
Node 364, 401.20066043562133
Node 240, 255.5299248846523
Node 201, 231.7690632299653
Node 214, 237.24721484442327
