Node, generations
Node 1106, 3256.2495968141534
Node 876, 1316.2432577766726
Node 557, 1022.1691611517708
Node 43, 62.27984908119712
Node 1089, 2964.617482459774
Node 1026, 2103.4167227641547
Node 840, 1224.0461854932432
Node 127, 449.6281758249777
Node 729, 1094.841838497728
Node 518, 1015.2565215528278
Node 266, 897.955704625421
Node 604, 1032.1377196821306
Node 452, 1008.4040470721988
Node 208, 741.3685428045557
Node 910, 1425.5652332113823
Node 865, 1284.5316293653123
Node 68, 235.39630801566028
Node 769, 1126.0328230140522
Node 720, 1087.4450117286426
Node 622, 1036.9805910183727
Node 357, 1001.8717904888339
Node 728, 1094.520367925068
Node 603, 1032.0028895876942
Node 161, 555.6578106291918
Node 112, 399.1259122865484
Node 681, 1067.026933869679
Node 1049, 2389.7987672601407
Node 785, 1141.5219118436958
Node 763, 1121.2138941732874
Node 1008, 1979.8105759678347
Node 793, 1147.030571922934
Node 981, 1775.6761834657907
Node 909, 1419.9916731995588
Node 664, 1054.6571194312323
Node 979, 1768.4393621449153
Node 954, 1591.3977061316198
Node 639, 1042.4061611276948
Node 768, 1125.9254876822047
Node 58, 182.04945870749611
