Node, generations
Node 3971, 54767.683922925804
Node 1516, 4654.450662232558
Node 94, 115.87256734830818
Node 83, 110.06485497285021
Node 929, 2285.09896082928
Node 2965, 19866.157890342558
Node 2444, 12186.903604185738
Node 918, 2256.3411243202363
Node 266, 501.9068251135029
Node 131, 138.41926339208263
Node 597, 1346.634431997642
Node 118, 130.17642755406695
Node 1628, 5238.755544761272
Node 1453, 4299.423341902823
Node 1322, 3803.475004135472
Node 928, 2281.93234845244
Node 882, 2157.409035570507
Node 150, 185.2539082177409
Node 106, 121.22856298289067
Node 523, 1201.1821881968247
Node 310, 647.2016910852163
Node 1538, 4756.945900050927
Node 155, 212.1701281486589
Node 102, 119.88520564463502
Node 97, 117.51625637213955
Node 307, 630.984042466236
Node 151, 188.35663501160238
Node 2613, 14198.686812207763
Node 126, 133.82542351226482
Node 957, 2413.046945415834
Node 152, 197.185144201479
Node 137, 144.9573981709688
Node 108, 121.58174962663637
Node 846, 2053.7535891320654
Node 145, 149.8232673715444
Node 532, 1212.353162720278
Node 321, 685.4287179418329
Node 324, 687.2897141329762
Node 53, 101.305064453276
