Node, generations
Node 2944, 32833.16687807202
Node 1091, 4191.118777021368
Node 340, 200.76358509221427
Node 247, 141.78402217717132
Node 335, 197.1034308149952
Node 278, 162.99974106596852
Node 234, 134.9065252782355
Node 239, 137.59718533720843
Node 289, 168.4355005337521
Node 136, 108.81578118783199
Node 712, 2069.1403791905827
Node 221, 130.73069781240082
Node 74, 100.02734800899653
Node 540, 1153.7470990589777
Node 229, 133.82921374505133
Node 204, 124.0647144302048
Node 415, 312.78304288040044
Node 345, 205.0293211716114
Node 261, 148.89879811536863
Node 400, 283.83319048851683
Node 186, 119.29245423111442
Node 325, 191.4523656898814
Node 301, 174.4020755317278
Node 292, 170.40576029928172
Node 133, 108.37761944236955
Node 129, 108.02541863928617
Node 216, 127.4510308358887
Node 75, 100.16467833745875
Node 169, 115.5981152950157
Node 167, 115.23283291558842
Node 1606, 8123.867998083938
Node 385, 257.3793299242501
Node 256, 145.79315731613636
Node 192, 120.95329826540136
Node 367, 234.70145932183217
Node 320, 188.5456884619205
Node 1277, 5456.719453381053
Node 470, 741.7497275018198
Node 259, 147.56732372079523
Node 214, 126.89671089630032
Node 228, 133.41431592488988
Node 94, 102.83217129485514
Node 92, 102.05850545064904
Node 60, 12.545325416127893
Node 595, 1459.7631871407684
Node 208, 124.82628181760737
Node 564, 1261.5008236474537
Node 501, 941.4525480700013
Node 423, 324.0263312856366
Node 250, 142.5395120110512
Node 422, 322.42618381664533
Node 243, 140.10268502287659
Node 63, 30.422515580181294
Node 513, 1009.7394461812738
Node 388, 264.43169325962856
Node 309, 181.62030910990796
Node 252, 143.15361340803162
Node 351, 216.44963823021243
Node 146, 111.68489466964999
