Node, generations
Node 746, 7230.304245479962
Node 547, 1831.9107262018424
Node 495, 1517.0314524365162
Node 233, 1029.975688124708
Node 480, 1468.466041227615
Node 351, 1116.4047916821628
Node 345, 1104.0802489072898
Node 596, 2182.2104889001344
Node 477, 1451.7963304739442
Node 368, 1142.04341880215
Node 343, 1098.1544821702155
Node 115, 1003.0892433872633
Node 40, 528.7298551050874
Node 117, 1003.1555444703956
Node 387, 1181.9774943969705
Node 171, 1011.4196501668649
Node 112, 1002.3727469516183
Node 500, 1538.2532969253232
Node 334, 1090.9855378036941
