Node, generations
Node 1942, 11230.365917801337
Node 1083, 3590.123155659987
Node 125, 202.13060288624527
Node 1049, 3415.379286024604
Node 369, 253.9239995831482
Node 660, 1377.601359381959
Node 504, 365.9290787687272
Node 502, 361.5586810070222
Node 490, 349.3760241642326
Node 429, 286.5689349321304
Node 365, 249.21164070528496
Node 501, 361.41567141751693
Node 204, 208.41960938037178
Node 496, 355.51809341247804
Node 227, 212.11396853673622
Node 205, 208.44896068133343
Node 470, 325.96214639394685
Node 195, 207.16585561082238
Node 446, 299.1165346944212
Node 1778, 9286.893239819376
Node 583, 940.3075376782296
Node 330, 235.96623757897976
Node 275, 219.41866145408827
Node 514, 397.11717097042356
Node 198, 207.551121936277
Node 383, 259.05427017148617
Node 1547, 7146.16843396083
Node 494, 351.832111620792
Node 315, 231.53128659289817
Node 100, 200.28101142481955
Node 146, 203.30248840365323
Node 88, 182.24502003509863
Node 389, 261.3277359316526
Node 300, 224.67999496870831
Node 239, 213.55350887937615
Node 333, 237.7420324728987
Node 1429, 5968.212933314022
Node 372, 254.73188041250341
Node 354, 243.34928004827083
Node 61, 21.517934250019724
Node 121, 201.57716341828936
Node 974, 3008.9490953090512
Node 319, 232.58075332424403
Node 634, 1248.116345449247
Node 472, 327.07782081207995
Node 423, 281.55649169410754
Node 402, 266.8640076644036
Node 462, 318.0966749275672
Node 290, 222.2200702378727
Node 448, 301.0410612312624
Node 361, 247.67572285235113
Node 307, 229.36321046657858
Node 251, 215.08871308497285
Node 549, 664.4837815095101
Node 459, 316.77408274532144
Node 349, 242.76015748554528
Node 325, 233.96937848525522
Node 122, 201.8726867391399
Node 170, 205.46622112866226
