Node, generations
Node 3582, 35301.53342617496
Node 2317, 10043.95676836522
Node 3381, 28424.069600357474
Node 1457, 3926.3812392716377
Node 549, 870.5864798509938
Node 132, 110.12021147162478
Node 348, 244.44944432279138
Node 199, 127.85111421657133
Node 334, 191.34712588526276
Node 285, 160.52331105468068
Node 130, 109.84834471844809
Node 1224, 2928.310421946071
Node 204, 128.97373088795544
Node 321, 182.9452365217329
Node 2225, 9089.932387216078
Node 1513, 4215.580295220555
Node 903, 1853.989475395427
Node 389, 430.48507695753057
Node 328, 188.54017255683607
Node 193, 126.90628558966279
Node 287, 162.55550587985087
Node 121, 107.67456573488812
Node 336, 192.8124024011706
Node 330, 189.17994501013348
Node 274, 155.22254826260215
Node 297, 166.14526739416743
Node 427, 523.5850644528346
Node 226, 136.44533510803572
Node 191, 125.7064550880145
Node 301, 169.09539428322645
Node 265, 152.19512945778848
Node 83, 101.82005499750353
Node 281, 159.16653101640006
Node 174, 120.40132473154235
Node 1156, 2652.1662763137238
Node 291, 164.0115731124365
Node 243, 141.3690119560462
Node 236, 139.00763389481557
Node 66, 77.05221541996148
Node 234, 138.19843166034047
Node 60, 15.628199543048199
Node 353, 262.1788291957714
Node 231, 137.90503930459244
Node 311, 175.04593961747068
Node 305, 172.93417551249183
Node 100, 104.40442737995164
Node 233, 138.0930520356754
Node 1812, 5952.130697518067
Node 391, 431.77668989251396
Node 293, 164.45146178655685
Node 1218, 2913.964745476658
Node 253, 145.393374645186
Node 94, 102.92219355806597
Node 325, 184.03312550524535
Node 239, 139.95310098544115
Node 270, 154.4488320459994
Node 214, 132.57980679257767
Node 123, 107.78363849061321
Node 264, 151.69452732533242
