node_generations, branch_length
0.0, 48954.073310389394
24096.037042941956, 24858.036267447438
0.0, 24096.037042941956
14820.704510976011, 9275.332531965945
7753.093448220805, 7067.611062755206
1006.4331116945812, 6746.660336526224
0.0, 1006.4331116945812
0.0, 1006.4331116945812
1216.6560606056225, 6536.437387615182
1163.8636417982932, 52.79241880732934
0.0, 1163.8636417982932
1152.9977163426454, 10.865925455647812
0.0, 1152.9977163426454
1000.1938081570138, 152.8039081856316
0.0, 1000.1938081570138
0.0, 1000.1938081570138
1182.3963549366254, 34.259705668997185
0.0, 1182.3963549366254
1008.2822733160195, 174.11408162060582
0.0, 1008.2822733160195
0.0, 1008.2822733160195
14169.980768787036, 650.7237421889749
1335.1835750713585, 12834.797193715678
0.0, 1335.1835750713585
0.0, 1335.1835750713585
1356.4068604360434, 12813.573908350992
0.0, 1356.4068604360434
1210.3686813676347, 146.03817906840868
0.0, 1210.3686813676347
1105.9676861642429, 104.40099520339186
0.0, 1105.9676861642429
1045.0696421338178, 60.898044030425126
0.0, 1045.0696421338178
1009.0323917059363, 36.03725042788142
0.0, 1009.0323917059363
286.6022137478066, 722.4301779581297
0.0, 286.6022137478066
0.0, 286.6022137478066
