node_generations, branch_length
1165.3165020779284, 47460.5220827731
1013.8748072283344, 151.441694849594
0.0, 1013.8748072283344
0.0, 1013.8748072283344
1126.3988098156801, 38.91769226224824
1096.2646483139508, 30.134161501729295
0.0, 1096.2646483139508
0.0, 1096.2646483139508
1100.4231602734008, 25.97564954227937
0.0, 1100.4231602734008
1073.7874072024078, 26.635753070992905
0.0, 1073.7874072024078
0.0, 1073.7874072024078
8929.350569463199, 39696.48801538783
1793.772971338838, 7135.5775981243605
0.0, 1793.772971338838
1109.1687925332174, 684.6041788056207
0.0, 1109.1687925332174
0.0, 1109.1687925332174
6132.3476975387275, 2797.002871924471
1025.4130995464725, 5106.934597992255
0.0, 1025.4130995464725
0.0, 1025.4130995464725
1387.202245594208, 4745.14545194452
1055.1121682423843, 332.09007735182377
0.0, 1055.1121682423843
0.0, 1055.1121682423843
1366.5113108124638, 20.690934781744318
1062.8730525421577, 303.6382582703061
0.0, 1062.8730525421577
0.0, 1062.8730525421577
1314.6434320107076, 51.867878801756206
0.0, 1314.6434320107076
1293.15860008864, 21.484831922067542
0.0, 1293.15860008864
1022.1494918133629, 271.0091082752771
0.0, 1022.1494918133629
0.0, 1022.1494918133629
