node_generations, branch_length
10055.923263602464, 4212.591939619151
0.0, 10055.923263602464
348.75162127342077, 9707.171642329044
204.32702993274484, 144.42459134067593
0.0, 204.32702993274484
0.0, 204.32702993274484
290.6155273321066, 58.136093941314186
0.0, 290.6155273321066
229.09377688918866, 61.52175044291792
0.0, 229.09377688918866
0.0, 229.09377688918866
10873.1351462958, 3395.3800569258165
3604.214486703562, 7268.920659592237
0.0, 3604.214486703562
1244.8997738304824, 2359.3147128730798
0.0, 1244.8997738304824
0.0, 1244.8997738304824
8409.729148729324, 2463.405997566475
0.0, 8409.729148729324
7430.3923580653745, 979.3367906639496
3087.52649785055, 4342.865860214824
239.00740018689814, 2848.5190976636522
0.0, 239.00740018689814
0.0, 239.00740018689814
1353.2435582541182, 1734.282939596432
0.0, 1353.2435582541182
0.0, 1353.2435582541182
6930.74236822396, 499.64998984141494
573.570938914352, 6357.171429309607
0.0, 573.570938914352
0.0, 573.570938914352
1273.4111738784154, 5657.331194345545
0.0, 1273.4111738784154
396.397583701347, 877.0135901770684
0.0, 396.397583701347
233.7821515238361, 162.6154321775109
0.0, 233.7821515238361
0.0, 233.7821515238361
