node_generations, branch_length
6159.235855723666, 55464.379794185515
4583.4311742869295, 1575.8046814367362
1140.806880405913, 3442.6242938810165
0.0, 1140.806880405913
0.0, 1140.806880405913
2803.064980197231, 1780.3661940896986
0.0, 2803.064980197231
1246.291003477056, 1556.773976720175
1001.4450508403321, 244.84595263672384
0.0, 1001.4450508403321
0.0, 1001.4450508403321
1183.0291069007253, 63.26189657633063
39.42891141577092, 1143.6001954849544
0.0, 39.42891141577092
0.0, 39.42891141577092
1048.6454513613685, 134.38365553935682
0.0, 1048.6454513613685
0.0, 1048.6454513613685
4857.2122160317, 1302.0236396919654
1059.2866640422556, 3797.925551989445
0.0, 1059.2866640422556
1002.8415387968904, 56.44512524536515
0.0, 1002.8415387968904
0.0, 1002.8415387968904
3145.475036021471, 1711.7371800102292
0.0, 3145.475036021471
1461.1628295048424, 1684.3122065166287
1153.872370659892, 307.2904588449503
0.0, 1153.872370659892
1139.0296055021233, 14.842765157768781
1037.6779328225875, 101.3516726795358
1011.7932091624427, 25.8847236601448
0.0, 1011.7932091624427
0.0, 1011.7932091624427
1029.7404481180047, 7.937484704582857
0.0, 1029.7404481180047
1014.3541554813456, 15.38629263665905
0.0, 1014.3541554813456
0.0, 1014.3541554813456
1113.0552190975313, 25.974386404591996
0.0, 1113.0552190975313
0.0, 1113.0552190975313
1200.9467934136517, 260.21603609119074
1159.0928380358255, 41.853955377826196
1080.192951920569, 78.89988611525655
0.0, 1080.192951920569
0.0, 1080.192951920569
1108.1431490472955, 50.94968898852994
1000.3714864064269, 107.77166264086861
0.0, 1000.3714864064269
0.0, 1000.3714864064269
1019.9882538356708, 88.15489521162476
0.0, 1019.9882538356708
0.0, 1019.9882538356708
1171.4003351337278, 29.546458279923854
1113.522821768336, 57.877513365391906
0.0, 1113.522821768336
1028.372515078468, 85.15030668986788
0.0, 1028.372515078468
0.0, 1028.372515078468
1124.8525146554798, 46.54782047824801
0.0, 1124.8525146554798
1014.9297936340126, 109.92272102146717
0.0, 1014.9297936340126
215.51652966873766, 799.413263965275
0.0, 215.51652966873766
0.0, 215.51652966873766
7000.473299096818, 54623.14235081236
1047.5374656953682, 5952.93583340145
0.0, 1047.5374656953682
1045.043385274061, 2.494080421307217
0.0, 1045.043385274061
46.90463566533369, 998.1387496087273
0.0, 46.90463566533369
0.0, 46.90463566533369
1292.1696019440506, 5708.303697152767
0.0, 1292.1696019440506
0.0, 1292.1696019440506
