Node, generations
Node 686, 6118.877278511237
Node 475, 1541.291327647078
Node 434, 1361.5244257362838
Node 395, 1244.8015237337038
Node 445, 1406.136538354066
Node 444, 1404.628271614082
Node 404, 1266.5083598787369
Node 352, 1180.2418832668814
Node 628, 4832.2989525390585
Node 577, 3607.484496727122
Node 435, 1366.7856301912336
Node 356, 1182.9037401028754
Node 46, 543.744712827049
Node 478, 1563.9917843131382
Node 336, 1146.1569871106358
Node 368, 1204.6924454117984
Node 276, 1083.7952039814713
Node 330, 1138.3180895645194
Node 222, 1039.778717168824
