Node, generations
Node 1947, 13670.030664336993
Node 1578, 2607.526285027813
Node 1325, 2083.2304088512296
Node 346, 983.0882211702801
Node 1535, 2449.842432376322
Node 1416, 2166.557718573663
Node 1127, 2017.9406399809895
Node 628, 1557.46760427869
Node 1368, 2120.0878152926384
Node 1531, 2432.486942741286
Node 1151, 2021.251420694879
Node 1453, 2238.992045257689
Node 415, 1127.6522241307118
Node 1383, 2135.4505564374062
Node 1012, 2007.5302873308876
Node 1692, 3537.536216304014
Node 1426, 2195.5192827184314
Node 1390, 2143.6927315270923
Node 1338, 2092.9780856412813
Node 40, 16.925443550519965
Node 1680, 3394.56521556318
Node 1579, 2620.231330503969
Node 1544, 2477.66576391047
Node 1300, 2070.31137710982
Node 1255, 2047.4228883221883
Node 654, 1624.0820836142213
Node 436, 1165.5291322493554
Node 1065, 2011.9024679000597
Node 174, 607.4942645484856
Node 248, 789.7687137332742
Node 1293, 2066.162519608495
Node 68, 274.3372576269774
Node 176, 613.8749235825353
Node 1330, 2087.305010296181
Node 48, 147.7724943327129
Node 1563, 2537.1789739397836
Node 462, 1209.1580908175802
Node 351, 995.7550470312418
Node 1396, 2146.774111305772
