Node, generations
Node 809, 9620.097667100357
Node 502, 1568.921710222975
Node 436, 1291.4687596035703
Node 309, 1086.4039458277714
Node 349, 1127.8820589598088
Node 262, 1047.8943522665763
Node 501, 1568.6414117527017
Node 672, 5773.728424049456
Node 499, 1566.6039699089167
Node 453, 1369.0653527218574
Node 24, 163.42695203469145
Node 478, 1426.0041841765171
Node 394, 1205.36629656959
Node 340, 1113.3767266643238
Node 378, 1169.776964624339
Node 467, 1401.2782840647546
Node 350, 1128.8253834364905
Node 566, 1996.2331999238982
Node 404, 1225.2559243417234
