Node, generations
Node 1433, 19526.88442687844
Node 896, 817.5673886670742
Node 775, 635.4674816394148
Node 619, 542.8460567853186
Node 461, 512.365953388583
Node 60, 34.05726844123941
Node 635, 550.6051461304265
Node 305, 502.451098124205
Node 836, 699.8323093061255
Node 99, 204.93440319658512
Node 1086, 2157.8742057005106
Node 948, 941.8430435977158
Node 727, 597.0454526461461
Node 912, 851.6729207690584
Node 755, 616.7386176051659
Node 636, 550.7714705991485
Node 95, 187.229812209947
Node 562, 528.1073452208072
Node 1053, 1695.1968708686982
Node 947, 940.3945651253184
Node 823, 687.2338898903101
Node 786, 642.5916633649987
Node 637, 550.833763267358
Node 367, 505.02250894045187
Node 87, 171.2500857136404
Node 484, 514.8161329584908
Node 260, 500.7324423483823
Node 63, 55.83233400433854
Node 857, 731.0932270537711
Node 797, 665.5798099310308
Node 690, 572.82445784066
Node 765, 626.8138615947296
Node 811, 674.603342800603
Node 699, 579.879327145061
Node 657, 555.3177332848469
Node 501, 517.0140812801383
Node 782, 640.9780957412228
Node 670, 559.1770054691378
Node 365, 504.86806373586205
Node 287, 501.76716683341783
Node 118, 256.9252759351034
Node 477, 514.232039879119
Node 766, 627.6184590516378
Node 228, 480.5491637851512
Node 953, 960.1391187370634
Node 538, 523.7840588218735
Node 75, 135.46198584046908
Node 938, 926.2341048999897
Node 876, 770.7484125161343
Node 607, 540.2901879449196
Node 72, 130.42754552596114
Node 860, 735.5362989148879
Node 692, 574.9326325706803
Node 891, 801.1836655739469
Node 760, 621.6760413078466
Node 674, 561.3071360318572
Node 530, 522.0746388079731
Node 108, 246.8066254362614
Node 626, 546.1565660752552
