node_generations, branch_length
2377.3307604816323, 2267.195220364473
0.0, 2377.3307604816323
37.05693562563671, 2340.2738248559954
0.0, 37.05693562563671
4.087240122367176, 32.969695503269534
0.0, 4.087240122367176
0.0, 4.087240122367176
4339.660611443928, 304.86536940217684
39.716021426915525, 4299.944590017013
0.0, 39.716021426915525
0.0, 39.716021426915525
3557.569825091581, 782.0907863523471
156.40689534661985, 3401.1629297449613
0.0, 156.40689534661985
0.0, 156.40689534661985
3411.309486596697, 146.2603384948843
715.1218202604517, 2696.187666336245
39.50538874720045, 675.6164315132513
0.0, 39.50538874720045
0.0, 39.50538874720045
509.35645459543593, 205.7653656650158
0.0, 509.35645459543593
0.0, 509.35645459543593
2010.4885867537723, 1400.8208998429245
1001.1886722861485, 1009.2999144676238
9.10772682930595, 992.0809454568425
0.0, 9.10772682930595
0.0, 9.10772682930595
555.2617612389454, 445.92691104720313
0.0, 555.2617612389454
0.0, 555.2617612389454
1766.3772058380216, 244.11138091575071
0.0, 1766.3772058380216
59.437351991952774, 1706.939853846069
0.0, 59.437351991952774
28.243744461234996, 31.193607530717777
0.0, 28.243744461234996
0.0, 28.243744461234996
