Node, generations
Node 2931, 41655.95342907038
Node 1752, 1401.8626751292131
Node 1483, 1055.0048516383645
Node 139, 212.00910196947646
Node 84, 41.56325240585825
Node 153, 222.90657396261506
Node 1746, 1394.3188542197968
Node 1665, 1204.7503850529556
Node 1656, 1187.2237718839754
Node 1156, 1006.7767645567353
Node 1467, 1050.369054162931
Node 1393, 1029.7019872147669
Node 1391, 1029.665800054934
Node 193, 279.857400545559
Node 2219, 12827.050774056603
Node 1775, 1504.3640495922828
Node 1411, 1033.7955587455338
Node 305, 409.25708869651965
Node 1687, 1239.7172121885217
Node 1447, 1045.1338223202404
Node 1436, 1041.2855043492389
Node 1335, 1019.7171428641468
Node 1423, 1036.3685884811166
Node 1589, 1123.8967723243907
Node 1545, 1087.1848629380181
Node 1375, 1026.5587174064217
Node 1803, 1668.799254083446
Node 1756, 1412.2229994593922
Node 1378, 1027.1075717872689
Node 1728, 1337.0018477152826
Node 1518, 1072.8417844747298
Node 1331, 1019.3941647155818
Node 1430, 1038.7397341579199
Node 1614, 1138.2473220593806
Node 1471, 1051.369420939915
Node 1127, 1005.9396563029766
Node 574, 689.4007215607588
Node 1450, 1046.076154884576
Node 1271, 1014.5523890089997
Node 915, 1000.4967839156105
Node 1533, 1079.8102658476585
Node 402, 526.0983211582117
Node 1420, 1036.014260594195
Node 1247, 1012.6742126632969
Node 1405, 1032.1722667365427
Node 1382, 1028.0458372553653
Node 1798, 1627.893246367425
Node 1573, 1107.4959632423345
Node 91, 75.04154726245513
Node 1439, 1041.897217314894
Node 581, 698.6050325309833
Node 257, 360.57064105987274
Node 114, 140.66205368172714
Node 1372, 1025.7858021824934
Node 1773, 1503.280185546154
Node 1677, 1214.2230881388066
Node 1600, 1132.368847943628
Node 95, 89.87458922051482
Node 1414, 1034.1281596271112
Node 887, 1000.0071200760067
Node 865, 979.3963810633223
Node 1720, 1317.1704527857546
Node 1534, 1080.2074099859396
Node 900, 1000.1995518027171
Node 777, 899.277113936826
Node 187, 270.7732487851954
Node 1525, 1074.4711173489168
Node 222, 315.84777654471196
Node 1592, 1127.499369480181
Node 687, 800.6984794497516
Node 1557, 1094.0402749670702
Node 1283, 1015.3668494352797
Node 981, 1001.7542212502392
Node 307, 409.886534821971
Node 90, 68.72118312306836
Node 472, 590.097416125488
Node 1251, 1012.7894684533322
Node 1541, 1085.6455685733356
Node 85, 42.5088128185918
