Node, generations
Node 2333, 17941.234143477635
Node 1508, 7386.688972478562
Node 660, 1915.9957272421248
Node 349, 361.1290532419983
Node 318, 326.90251910334166
Node 228, 249.2607309721466
Node 1437, 6635.802402579271
Node 765, 2360.2565739457737
Node 180, 226.94412435065487
Node 522, 1285.0753011220613
Node 303, 306.7811833778028
Node 257, 271.10574149386355
Node 977, 3344.3791803807026
Node 284, 290.4769144356493
Node 182, 227.2002158179244
Node 70, 202.28066654205824
Node 623, 1725.3258961451668
Node 1751, 9672.540779809577
Node 260, 272.7030838654668
Node 177, 226.431545422702
Node 206, 237.60154205021988
Node 1290, 5513.16399238515
Node 440, 807.6522346548172
Node 151, 219.04172025373515
Node 359, 382.82043267112164
Node 136, 215.49921062105045
Node 358, 381.5466854935159
Node 160, 220.9759357964881
Node 281, 288.4137111139709
Node 125, 211.7567273856128
Node 195, 233.16543643202115
Node 528, 1315.8541004924598
Node 288, 294.2138610766975
Node 97, 206.30709993523087
Node 226, 248.67960745403727
Node 210, 239.91184738907853
Node 40, 12.094818408939183
Node 439, 807.2098809268201
Node 232, 252.07821645484955
