node_generations, branch_length
1000.6720532881774, 44358.793016505326
0.0, 1000.6720532881774
667.4221670521807, 333.24988623599666
0.0, 667.4221670521807
571.9237543908116, 95.49841266136912
256.08524786700775, 315.83850652380386
0.0, 256.08524786700775
207.45371594578654, 48.63153192122121
0.0, 207.45371594578654
0.0, 207.45371594578654
318.8998347969005, 253.0239195939111
0.0, 318.8998347969005
0.0, 318.8998347969005
12151.724643025216, 33207.74042676829
362.3926024972633, 11789.332040527954
0.0, 362.3926024972633
359.7886922625011, 2.603910234762168
0.0, 359.7886922625011
279.20509329018313, 80.58359897231799
0.0, 279.20509329018313
0.0, 279.20509329018313
523.2549138204462, 11628.46972920477
230.96210808350122, 292.29280573694496
0.0, 230.96210808350122
0.0, 230.96210808350122
391.80317047365855, 131.45174334678762
205.7901176733609, 186.01305280029766
0.0, 205.7901176733609
0.0, 205.7901176733609
388.31624609367105, 3.4869243799874994
301.7296616593874, 86.58658443428368
0.0, 301.7296616593874
0.0, 301.7296616593874
340.7929152801667, 47.523330813504344
0.0, 340.7929152801667
207.28132709890724, 133.51158818125947
0.0, 207.28132709890724
0.0, 207.28132709890724
