Node, generations
Node 2412, 36244.41143205654
Node 2143, 27312.934386980127
Node 169, 879.189076854197
Node 956, 7031.911671175071
Node 25, 57.37813594403981
Node 94, 215.5807480049887
Node 62, 127.8698718030309
Node 59, 120.38753467902791
Node 49, 106.7561491770602
Node 63, 130.09335339022428
Node 2203, 29108.212927657445
Node 55, 116.00639844510395
Node 709, 4881.195640068367
Node 184, 1012.9385065839621
Node 365, 2334.6817193776187
Node 100, 226.94802889989154
Node 89, 202.29726000649038
Node 26, 64.28534385542227
Node 75, 167.8153104570021
