node_generations, branch_length
2315.5366013558673, 10492.403370457183
0.0, 2315.5366013558673
1225.8226046481905, 1089.7139967076769
0.0, 1225.8226046481905
1144.3948492550285, 81.42775539316199
0.0, 1144.3948492550285
1113.8676764511488, 30.527172803879694
0.0, 1113.8676764511488
1068.839307704531, 45.02836874661784
0.0, 1068.839307704531
0.0, 1068.839307704531
7747.245652516018, 5060.694319297032
1209.5441818946676, 6537.70147062135
0.0, 1209.5441818946676
1047.7056714993007, 161.83851039536694
0.0, 1047.7056714993007
0.0, 1047.7056714993007
2359.580937767674, 5387.664714748344
1074.7035428991323, 1284.8773948685418
0.0, 1074.7035428991323
0.0, 1074.7035428991323
1956.6725839900555, 402.9083537776187
1486.7002669361075, 469.972317053948
1042.802590552803, 443.89767638330454
0.0, 1042.802590552803
0.0, 1042.802590552803
1284.174805709413, 202.52546122669446
10.727124725736793, 1273.4476809836763
0.0, 10.727124725736793
0.0, 10.727124725736793
1173.392167703063, 110.78263800635
0.0, 1173.392167703063
0.0, 1173.392167703063
1574.9694318240372, 381.7031521660183
0.0, 1574.9694318240372
1020.7146827117786, 554.2547491122587
0.0, 1020.7146827117786
0.0, 1020.7146827117786
