Node, generations
Node 1570, 14268.515203221616
Node 1264, 10055.923263602464
Node 130, 348.75162127342077
Node 29, 204.32702993274484
Node 101, 290.6155273321066
Node 64, 229.09377688918866
Node 1328, 10873.1351462958
Node 592, 3604.214486703562
Node 253, 1244.8997738304824
Node 1135, 8409.729148729324
Node 1038, 7430.3923580653745
Node 520, 3087.52649785055
Node 75, 239.00740018689814
Node 273, 1353.2435582541182
Node 991, 6930.74236822396
Node 165, 573.570938914352
Node 259, 1273.4111738784154
Node 149, 396.397583701347
Node 72, 233.7821515238361
