node_generations, branch_length
0.0, 10769.941046945203
5319.38660699919, 5450.554439946013
1284.433545440894, 4034.953061558296
770.188279579796, 514.245265861098
459.2188360993819, 310.9694434804141
175.4000452620425, 283.8187908373394
0.0, 175.4000452620425
0.0, 175.4000452620425
241.6464254376436, 217.57241066173833
156.2481117215919, 85.39831371605169
0.0, 156.2481117215919
104.62099528148738, 51.627116440104516
0.0, 104.62099528148738
0.0, 104.62099528148738
187.14285854001187, 54.503566897631714
0.0, 187.14285854001187
116.66557227072718, 70.47728626928469
0.0, 116.66557227072718
109.00396730696905, 7.661604963758137
0.0, 109.00396730696905
0.0, 109.00396730696905
647.1184286917488, 123.0698508880472
0.0, 647.1184286917488
219.47453800700103, 427.6438906847478
0.0, 219.47453800700103
0.0, 219.47453800700103
1266.3798595837075, 18.053685857186565
0.0, 1266.3798595837075
697.3464870287464, 569.033372554961
0.0, 697.3464870287464
0.0, 697.3464870287464
5022.812961419028, 296.5736455801616
114.3750040910603, 4908.437957327968
0.0, 114.3750040910603
0.0, 114.3750040910603
4461.644144771117, 561.1688166479116
2362.99939251542, 2098.644752255697
171.8815368755201, 2191.1178556399
0.0, 171.8815368755201
0.0, 171.8815368755201
428.67781804165344, 1934.3215744737665
0.0, 428.67781804165344
188.07830356352775, 240.59951447812568
0.0, 188.07830356352775
0.0, 188.07830356352775
2596.9372263420287, 1864.706918429088
1526.7509943997102, 1070.1862319423185
0.0, 1526.7509943997102
834.3992080601624, 692.3517863395477
201.6934522187179, 632.7057558414446
0.0, 201.6934522187179
119.6454717034601, 82.0479805152578
0.0, 119.6454717034601
108.37322952272372, 11.272242180736384
0.0, 108.37322952272372
104.35797188143806, 4.0152576412856575
0.0, 104.35797188143806
0.0, 104.35797188143806
241.3214410248113, 593.0777670353511
0.0, 241.3214410248113
219.323379929193, 21.998061095618283
0.0, 219.323379929193
194.89850333331682, 24.424876595876185
119.0007065850544, 75.89779674826242
0.0, 119.0007065850544
0.0, 119.0007065850544
145.99976846941345, 48.89873486390337
0.0, 145.99976846941345
0.0, 145.99976846941345
2194.6790143403805, 402.2582120016482
0.0, 2194.6790143403805
1885.1383522285137, 309.5406621118668
119.4244652885922, 1765.7138869399214
0.0, 119.4244652885922
0.0, 119.4244652885922
164.27407650295308, 1720.8642757255607
0.0, 164.27407650295308
0.0, 164.27407650295308
