Node, generations
Node 3322, 46595.157372934045
Node 2143, 2311.0943650572044
Node 2137, 2295.779113631164
Node 1947, 2072.405793042863
Node 1218, 1799.2183850543754
Node 1684, 2011.5010136190053
Node 2066, 2175.961377886445
Node 2024, 2116.8311397511475
Node 76, 144.31292858731393
Node 2059, 2161.510428707945
Node 1265, 1862.0064174761005
Node 782, 1263.1323381882107
Node 127, 301.9383064085098
Node 317, 647.862205735363
Node 2404, 6422.620506007923
Node 2216, 2630.2782131261592
Node 1073, 1614.8321867171505
Node 2096, 2219.556136289192
Node 1696, 2012.4679899230723
Node 2007, 2104.889117357861
Node 514, 927.8132898371415
Node 1615, 2007.7661740175984
Node 2308, 3337.8665801885563
Node 2219, 2642.5615873650913
Node 1933, 2065.2861486679453
Node 279, 578.016564453207
Node 2149, 2329.730711017969
Node 397, 764.7830497657654
Node 2022, 2115.6973471649812
Node 1135, 1696.1445766877182
Node 599, 1044.29162344017
Node 483, 887.875270636696
Node 568, 1002.878235337258
Node 60, 0.13580398526149942
Node 1989, 2092.328693523359
Node 1546, 2005.048078760885
Node 2233, 2723.726640573554
Node 1790, 2024.1044893530193
Node 1663, 2010.5575496286476
Node 1259, 1853.218238880695
Node 359, 726.3753240173081
Node 91, 183.86368909986948
Node 89, 181.31766391284955
Node 2207, 2577.6731112212756
Node 1941, 2069.3007393769435
Node 346, 697.6003910479628
Node 62, 36.67052747954908
Node 1937, 2068.025964099578
Node 936, 1452.6869780482941
Node 92, 184.9353654601987
Node 1929, 2063.9425993837417
Node 1209, 1789.092880716107
Node 78, 147.36109247088976
Node 353, 710.0065986499031
Node 90, 182.06031028910792
Node 2057, 2158.4895098585994
Node 2023, 2115.877700661545
Node 1821, 2031.536293553993
Node 323, 653.5028677017127
