node_generations, branch_length
337.5672000634895, 59875.703542251715
0.0, 337.5672000634895
0.0, 337.5672000634895
12610.030341605005, 47603.2404007102
279.95416289297685, 12330.076178712028
0.0, 279.95416289297685
0.0, 279.95416289297685
9335.677238605387, 3274.3531029996175
0.0, 9335.677238605387
8371.113126215505, 964.5641123898822
2763.1109522827123, 5608.002173932793
1207.0478233440253, 1556.063128938687
221.3649624484755, 985.6828608955499
0.0, 221.3649624484755
0.0, 221.3649624484755
237.16932386162566, 969.8784994823997
0.0, 237.16932386162566
0.0, 237.16932386162566
2711.841778272159, 51.26917401055334
239.87097300225966, 2471.9708052698993
0.0, 239.87097300225966
0.0, 239.87097300225966
1344.5927538038834, 1367.2490244682756
0.0, 1344.5927538038834
1200.9984493605855, 143.59430444329791
0.0, 1200.9984493605855
316.1411393622694, 884.857309998316
0.0, 316.1411393622694
0.0, 316.1411393622694
4876.1605363789295, 3494.9525898365755
0.0, 4876.1605363789295
251.72068757122537, 4624.439848807704
0.0, 251.72068757122537
234.75106165675427, 16.969625914471095
0.0, 234.75106165675427
207.4110866905027, 27.33997496625156
0.0, 207.4110866905027
0.0, 207.4110866905027
