Node, generations
Node 3566, 45284.800799158176
Node 1794, 7865.292697257198
Node 1225, 3939.2924216351585
Node 240, 113.19064323638288
Node 612, 837.6226462210935
Node 2326, 13987.51579222308
Node 543, 327.6406502910973
Node 427, 185.33173382673513
Node 425, 183.7320059114208
Node 364, 151.45450811238928
Node 301, 126.66209918781907
Node 97, 100.2784907791562
Node 82, 24.376850427025712
Node 479, 232.59639221628646
Node 399, 169.30485096631074
Node 216, 111.1483462199864
Node 102, 100.38583745517344
Node 130, 102.37843503052225
Node 2318, 13837.90562673603
Node 953, 2496.9335598717553
Node 603, 788.7826913519671
Node 500, 258.67066829518046
Node 303, 127.32753673683888
Node 207, 109.90083923172561
Node 161, 105.07241529613991
Node 291, 123.93455148228301
Node 238, 113.06761720638389
Node 261, 117.97896752360576
Node 541, 325.5363462028713
Node 484, 235.75300905135396
Node 431, 188.72786602126865
Node 231, 112.65568754432628
Node 375, 158.57493340057476
Node 306, 128.86909166144764
Node 138, 103.06221335280749
Node 882, 2139.177209615147
Node 523, 288.3510627573718
Node 440, 194.441110006541
Node 243, 113.693513141095
Node 141, 103.4072994018103
Node 439, 193.27275615207012
Node 424, 183.56414938319256
Node 284, 122.30358324678993
Node 412, 177.3771811771903
Node 129, 102.33292223589814
Node 341, 143.29449540267967
Node 268, 119.37127029089145
Node 300, 126.63520731352386
Node 85, 33.063910666621226
Node 731, 1380.383189858912
Node 606, 803.5952482416659
Node 483, 235.6136615458928
Node 377, 159.53467699693155
Node 358, 148.20246908244198
Node 150, 104.23818412876814
Node 326, 136.29531696382958
Node 118, 101.31409557725404
Node 497, 244.86502686264282
Node 249, 114.967385903781
Node 229, 112.38544272054632
Node 496, 243.51694889720346
Node 396, 166.62441416586628
Node 376, 158.99223199294164
Node 175, 106.99155264235928
Node 384, 162.19411767146138
Node 435, 191.038394754548
Node 1870, 8466.911354821475
Node 746, 1470.9726699431333
Node 698, 1269.1347990364168
Node 386, 163.21830376740283
Node 251, 115.59604833265682
Node 215, 111.03984909547704
Node 466, 215.12632718512594
Node 404, 171.9119000869773
Node 312, 131.34778755301357
Node 305, 128.2733148503925
Node 296, 125.52195233290794
Node 295, 125.13871333446164
Node 80, 12.372450414221516
