Node, generations
Node 1574, 6351.201550046987
Node 1328, 1293.7905843980946
Node 1272, 1193.2980691416242
Node 1232, 1131.8494632411937
Node 1157, 1079.2635222006486
Node 86, 189.38364017251357
Node 311, 611.7326472393557
Node 60, 35.851930001089514
Node 1253, 1155.8110624751548
Node 1139, 1070.3174203289002
Node 979, 1024.092631385211
Node 1313, 1264.621871327853
Node 1205, 1115.9524558311348
Node 1016, 1029.4598314721484
Node 977, 1023.9338360245715
Node 645, 1001.4967152966792
Node 892, 1014.6499182417153
Node 1158, 1079.5988558901518
Node 434, 799.5834844173636
Node 109, 249.5385641323303
Node 1511, 2616.819043731984
Node 1265, 1185.5284105061007
Node 1136, 1067.4995787340645
Node 1074, 1043.7660952332392
Node 1468, 2025.017354899958
Node 1341, 1315.1994375686097
Node 1330, 1295.7130210276423
Node 1149, 1073.3895266740203
Node 1414, 1658.33015623457
Node 1312, 1262.7874691242112
Node 1210, 1118.2151359964973
Node 1019, 1030.3258885184302
Node 1207, 1117.0180601418033
Node 1106, 1056.8765513062622
Node 365, 689.1072500012908
Node 389, 724.3704982494504
Node 1291, 1222.8697713735605
Node 941, 1019.5097415287645
Node 1212, 1119.2479417397742
Node 1146, 1072.1950741183105
Node 81, 173.05936286325849
Node 1142, 1071.1312862409534
Node 1314, 1265.7307095647845
Node 1285, 1212.6019416470126
Node 971, 1022.6398444417273
Node 1304, 1248.2790084712526
Node 930, 1017.7874516545895
Node 301, 587.8942931777932
Node 1282, 1203.9352342701607
Node 921, 1016.6424510919612
Node 780, 1006.4007392364869
Node 236, 484.9289858678479
Node 759, 1005.287670911257
Node 732, 1004.4340350049425
Node 862, 1011.5385705916159
Node 1262, 1180.387696289206
Node 1070, 1043.0059046038107
Node 514, 882.4317531829602
Node 451, 815.1157912390843
