node_generations, branch_length
941.0015225030257, 3493.564706760738
0.0, 941.0015225030257
862.5977996080045, 78.40372289502125
476.1993142432764, 386.3984853647281
315.93502234108826, 160.26429190218812
175.0639002179638, 140.87112212312445
0.0, 175.0639002179638
0.0, 175.0639002179638
291.95141712604806, 23.9836052150402
0.0, 291.95141712604806
206.22527040877932, 85.72614671726873
0.0, 206.22527040877932
0.0, 206.22527040877932
472.5899136369486, 3.6094006063277675
384.3736087245284, 88.21630491242018
213.41786482328484, 170.95574390124358
0.0, 213.41786482328484
0.0, 213.41786482328484
287.1005522702609, 97.27305645426753
0.0, 287.1005522702609
225.6805277712669, 61.420024498993996
0.0, 225.6805277712669
222.54345069311137, 3.137077078155528
0.0, 222.54345069311137
0.0, 222.54345069311137
401.20066043562133, 71.38925320132728
0.0, 401.20066043562133
255.5299248846523, 145.67073555096903
231.7690632299653, 23.760861654687005
0.0, 231.7690632299653
0.0, 231.7690632299653
237.24721484442327, 18.282710040229034
0.0, 237.24721484442327
0.0, 237.24721484442327
612.8993278458455, 249.698471762159
308.96619332899485, 303.93313451685066
0.0, 308.96619332899485
252.42232650802814, 56.54386682096671
0.0, 252.42232650802814
0.0, 252.42232650802814
357.635009200095, 255.2643186457505
297.044199741377, 60.59080945871801
115.57670134281108, 181.4674983985659
0.0, 115.57670134281108
0.0, 115.57670134281108
219.14361700258252, 77.90058273879447
0.0, 219.14361700258252
213.69677229861023, 5.446844703972289
0.0, 213.69677229861023
0.0, 213.69677229861023
314.1417985934341, 43.49321060666091
210.7168345556212, 103.42496403781288
0.0, 210.7168345556212
0.0, 210.7168345556212
297.97102631722134, 16.170772276212745
0.0, 297.97102631722134
251.83226203754586, 46.138764279675485
0.0, 251.83226203754586
234.0431623008969, 17.78909973664895
0.0, 234.0431623008969
205.31047524226244, 28.73268705863447
0.0, 205.31047524226244
0.0, 205.31047524226244
3690.6899655469765, 743.876263716787
834.8038399536827, 2855.886125593294
0.0, 834.8038399536827
273.07127286722346, 561.7325670864592
0.0, 273.07127286722346
251.84771254610735, 21.22356032111611
0.0, 251.84771254610735
200.49583050458423, 51.35188204152311
0.0, 200.49583050458423
0.0, 200.49583050458423
1191.569572949524, 2499.1203925974523
0.0, 1191.569572949524
221.14502351973627, 970.4245494297877
0.0, 221.14502351973627
0.0, 221.14502351973627
