Node, generations
Node 1496, 41163.607443773624
Node 511, 1054.0461255481014
Node 479, 854.5603795428144
Node 240, 268.69535745981284
Node 40, 56.12919458498055
Node 189, 237.4809623951745
Node 166, 225.5167906978005
Node 90, 205.61398924536797
Node 565, 1515.7892520005348
Node 466, 788.1232108663302
Node 435, 660.7702486906261
Node 356, 426.38776682050593
Node 329, 373.8634390517334
Node 130, 213.10890158458028
Node 63, 201.85855653059815
Node 393, 531.0928818916954
Node 353, 422.2041324581942
Node 271, 303.0488802032217
Node 268, 296.9143306887564
Node 279, 313.1096377532813
Node 60, 201.15239955198277
Node 359, 435.6001885681987
Node 226, 260.9180025607346
Node 183, 234.06239001427664
Node 346, 411.8338354042519
Node 282, 315.2034766959907
Node 440, 677.1050033649063
Node 363, 444.5669608212915
Node 159, 223.3062902524707
Node 120, 211.34890114936192
Node 197, 242.30110863470392
Node 532, 1214.1970927449106
Node 400, 549.0741459341327
Node 234, 266.2213107110208
Node 153, 220.61315120341803
Node 325, 366.8017798105452
Node 111, 210.43032820708095
Node 106, 209.15929442788027
Node 311, 351.51440629613467
