node_generations, branch_length
374.87028652405354, 41022.58600754921
0.0, 374.87028652405354
257.4158975406086, 117.45438898344491
0.0, 257.4158975406086
0.0, 257.4158975406086
7672.259671958606, 33725.19662211466
688.8847023176636, 6983.374969640943
0.0, 688.8847023176636
533.0690926130328, 155.8156097046308
456.4401115392066, 76.6289810738262
208.19161684286976, 248.24849469633685
0.0, 208.19161684286976
0.0, 208.19161684286976
229.17977553656246, 227.26033600264415
0.0, 229.17977553656246
17.47367257566586, 211.7061029608966
0.0, 17.47367257566586
0.0, 17.47367257566586
520.9211669285053, 12.147925684527536
0.0, 520.9211669285053
442.270949580007, 78.65021734849824
0.0, 442.270949580007
0.0, 442.270949580007
3367.592797228311, 4304.666874730296
0.0, 3367.592797228311
1317.2828506904518, 2050.309946537859
654.406038928406, 662.8768117620458
238.2831836507572, 416.1228552776488
0.0, 238.2831836507572
0.0, 238.2831836507572
271.4976761726142, 382.9083627557918
0.0, 271.4976761726142
0.0, 271.4976761726142
723.5424438167914, 593.7404068736604
0.0, 723.5424438167914
293.87991237778886, 429.6625314390026
0.0, 293.87991237778886
0.0, 293.87991237778886
