node_generations, branch_length
4883.836577963363, 10225.294948751227
0.0, 4883.836577963363
293.10706995393076, 4590.729508009433
0.0, 293.10706995393076
212.16437898203404, 80.94269097189672
0.0, 212.16437898203404
0.0, 212.16437898203404
6322.479317343592, 8786.652209371
794.8334006216971, 5527.6459167218945
348.5939978487518, 446.2394027729453
0.0, 348.5939978487518
303.2611864055841, 45.332811443167714
0.0, 303.2611864055841
232.48394397455056, 70.77724243103356
0.0, 232.48394397455056
0.0, 232.48394397455056
482.6457561265101, 312.18764449518704
0.0, 482.6457561265101
0.0, 482.6457561265101
1279.3398555200688, 5043.139461823523
0.0, 1279.3398555200688
572.4069336097106, 706.9329219103582
375.33033901864275, 197.07659459106782
0.0, 375.33033901864275
0.0, 375.33033901864275
465.60513714593293, 106.80179646377763
0.0, 465.60513714593293
407.5716023972675, 58.03353474866543
355.69356365567904, 51.878038741588455
0.0, 355.69356365567904
0.0, 355.69356365567904
376.8688507126655, 30.702751684601992
0.0, 376.8688507126655
338.9884910606831, 37.88035965198242
0.0, 338.9884910606831
230.44758804577626, 108.54090301490683
0.0, 230.44758804577626
0.0, 230.44758804577626
