Node, generations
Node 3530, 83767.68743256955
Node 1975, 13494.451533969706
Node 883, 3271.345291209347
Node 171, 83.33000719299518
Node 410, 733.2543029292702
Node 253, 135.26662740284974
Node 149, 71.5245040423766
Node 108, 59.275463842385804
Node 351, 238.958162150955
Node 319, 194.581362441056
Node 293, 168.8433850276219
Node 158, 77.11746066895088
Node 153, 73.67376295034427
Node 107, 59.23573325801415
Node 2434, 21719.977770208334
Node 726, 2359.0944760191464
Node 365, 340.91009214628116
Node 250, 133.3771919610198
Node 87, 55.29818955496383
Node 241, 124.01185245580032
Node 155, 75.48578927035996
Node 268, 145.75745896745778
Node 1819, 11062.367170619418
Node 875, 3240.983604158249
Node 193, 95.50522741420264
Node 168, 82.2571271056014
Node 389, 545.8957299398451
Node 180, 86.99056216215943
Node 100, 57.899455573787705
Node 70, 51.51944476087994
Node 177, 85.60595161491861
Node 106, 59.045133797670374
Node 126, 63.52737616158206
Node 304, 185.93197233402785
Node 271, 147.1192196440342
Node 1394, 6658.782935004098
Node 385, 503.76084301200115
Node 265, 144.77618536805926
Node 75, 52.55920167284283
Node 129, 64.13354573572457
Node 1312, 5880.088208110515
Node 1006, 3859.3591526137134
Node 181, 87.06706584164411
Node 288, 164.74257742287537
Node 1223, 5357.5551488051005
Node 312, 189.65572367941326
Node 132, 65.15694066233398
Node 520, 1246.979371869974
Node 434, 857.9548506488278
Node 324, 197.48513432029853
Node 79, 52.94960469142245
Node 327, 198.85165191464955
Node 216, 110.04263995456556
Node 90, 55.72980177717203
Node 290, 168.02571624283559
Node 183, 91.28450613005057
Node 82, 53.26869882713096
Node 510, 1222.4576579761595
Node 159, 77.25114202249736
