Node, generations
Node 1305, 42323.63147257923
Node 501, 1660.2421485442808
Node 352, 1149.1793310024905
Node 401, 1250.5993362724325
Node 591, 2815.611250084103
Node 509, 1717.1811064670646
Node 147, 1012.9210512327853
Node 141, 1011.822822759277
Node 423, 1304.0960184503522
Node 122, 1007.0428121326944
Node 582, 2649.659416756343
Node 20, 39.8507645950779
Node 447, 1369.1057708720095
Node 23, 187.15541952356165
Node 434, 1330.065480516218
Node 404, 1254.8543310701518
Node 422, 1303.8835344727268
Node 94, 1000.7114530793575
Node 324, 1115.6725600208363
