Node, generations
Node 2108, 11166.509780543098
Node 1901, 2297.6903002380072
Node 1458, 1039.94380178234
Node 1900, 2293.5029696963015
Node 1798, 1463.2833982038355
Node 1703, 1217.5397873104089
Node 962, 1000.4789490785329
Node 1644, 1137.4669737668955
Node 1586, 1089.9561060018164
Node 1541, 1066.1496289516717
Node 1327, 1016.383629131446
Node 1499, 1052.6785126183047
Node 1104, 1003.8964363573542
Node 528, 651.2068186495499
Node 1143, 1004.9608475480971
Node 616, 729.8265802066404
Node 384, 507.47020638884044
Node 1116, 1004.2393695808912
Node 1588, 1091.683224330799
Node 1358, 1020.7115741506898
Node 1172, 1005.9437697294609
Node 877, 954.7558615927818
Node 85, 39.63477110244501
Node 1868, 1954.5709945752888
Node 1720, 1244.0881186240642
Node 1505, 1054.5284584715769
Node 1504, 1054.4075908491752
Node 986, 1001.0564924051248
Node 595, 710.7282876396297
Node 1359, 1020.781516542909
Node 220, 316.31552780064044
Node 190, 265.7204483930736
Node 1658, 1156.5983461590308
Node 87, 63.99854607610586
Node 1321, 1015.5018888878611
Node 1209, 1007.998826135319
Node 938, 1000.1747370949474
Node 719, 828.197545450622
Node 216, 311.3068391913364
Node 1829, 1622.7569079333807
Node 1808, 1530.8390144891225
Node 1741, 1290.2968600150768
Node 1500, 1052.87185785599
Node 1656, 1154.5702949335573
Node 212, 305.04527782172937
Node 530, 651.7585254539031
Node 525, 648.6730733174101
Node 1819, 1581.9155694062679
Node 1789, 1406.1948519817215
Node 1354, 1019.9364430492267
Node 1200, 1007.6115362962354
Node 144, 205.3940510284511
Node 1632, 1129.3626921562927
Node 1530, 1061.3771136076455
Node 1392, 1024.9402405797255
Node 150, 213.00742350145185
Node 1453, 1037.342982163165
Node 952, 1000.3686342499657
Node 329, 448.89472923616876
Node 1937, 2922.111636501358
Node 1687, 1194.0539243136982
Node 1595, 1098.3577146876698
Node 1537, 1065.029756708801
Node 1460, 1040.1742171716032
Node 544, 661.4539128508227
Node 196, 274.62386611324223
Node 1831, 1624.3681302635127
Node 1548, 1069.9262435557232
Node 1413, 1029.1223196942715
Node 1800, 1466.6127676476012
Node 90, 87.17375475803829
Node 82, 18.66630185297297
Node 1677, 1181.2287547700219
Node 1610, 1107.1140239162114
Node 1225, 1008.9883869562555
Node 1607, 1105.5942850511508
Node 1533, 1062.39556764805
Node 1431, 1031.977357676092
Node 1655, 1154.3323720268625
