node_generations, branch_length
3409.4024527024935, 38061.783470823204
679.3749594239239, 2730.0274932785696
0.0, 679.3749594239239
278.84317871221714, 400.53178071170674
0.0, 278.84317871221714
217.9072593783639, 60.935919333853235
0.0, 217.9072593783639
0.0, 217.9072593783639
1533.6291421955168, 1875.7733105069767
209.93560852836433, 1323.6935336671525
0.0, 209.93560852836433
0.0, 209.93560852836433
382.32882935182715, 1151.3003128436897
0.0, 382.32882935182715
0.0, 382.32882935182715
12278.402838725939, 29192.78308479976
1625.8886773388847, 10652.514161387055
0.0, 1625.8886773388847
0.0, 1625.8886773388847
8382.821196188945, 3895.581642536994
0.0, 8382.821196188945
4483.674155710525, 3899.1470404784195
0.0, 4483.674155710525
3690.7146708912373, 792.9594848192878
0.0, 3690.7146708912373
3411.7175610083823, 278.99710988285506
674.2251342229589, 2737.4924267854235
0.0, 674.2251342229589
214.99945983699655, 459.22567438596235
0.0, 214.99945983699655
0.0, 214.99945983699655
3023.1780879494668, 388.5394730589155
222.46637260128782, 2800.711715348179
0.0, 222.46637260128782
0.0, 222.46637260128782
392.1399523506687, 2631.038135598798
0.0, 392.1399523506687
0.0, 392.1399523506687
