Node, generations
Node 2573, 15388.775522502083
Node 1851, 1737.0737213700716
Node 1693, 1193.7938509282171
Node 150, 207.4331793052768
Node 1658, 1149.075085135483
Node 1568, 1077.2296607249357
Node 1318, 1019.591755654371
Node 1287, 1016.3266327573715
Node 1275, 1015.1124261415433
Node 1635, 1128.6486320272002
Node 1627, 1121.6031242857707
Node 1477, 1050.908871057122
Node 1277, 1015.2022224188089
Node 194, 286.1085589733464
Node 1622, 1115.4499941671238
Node 1237, 1012.2132152257572
Node 967, 1001.7024439458211
Node 700, 830.4539565890535
Node 1549, 1071.5016859446428
Node 1279, 1015.2974692451022
Node 1829, 1599.764698807637
Node 1493, 1053.7408440384586
Node 352, 503.0442139999803
Node 1386, 1029.0852133958335
Node 1163, 1008.0927738611636
Node 1646, 1135.629121856031
Node 324, 456.6015572763166
Node 1482, 1051.630271214214
Node 505, 652.1270192399866
Node 297, 418.98931316716295
Node 173, 250.5189190958589
Node 2210, 8645.809119163545
Node 1922, 3172.0652748023167
Node 1758, 1333.9005676142042
Node 1607, 1105.0740225267216
Node 1690, 1188.3822455252723
Node 312, 440.2211948622403
Node 81, 17.01745619116552
Node 1480, 1051.3846087396646
Node 1426, 1036.5359653328753
Node 145, 200.67319722124907
Node 216, 317.784618468682
Node 106, 125.56473324404088
Node 1813, 1544.1246575274276
Node 1767, 1354.5956139274624
Node 1572, 1080.118964942932
Node 1609, 1105.9111384286227
Node 1504, 1055.3991496686244
Node 1804, 1508.1520047996905
Node 1707, 1222.0451677518936
Node 95, 91.87374859482597
Node 1676, 1171.9684471782757
Node 1361, 1025.2997140200007
Node 894, 981.5499607956475
Node 1629, 1122.9669360135465
Node 1466, 1046.3972065894402
Node 704, 833.5553555419906
Node 1602, 1099.4565073072004
Node 1545, 1070.4544397328002
Node 108, 133.03236888005054
Node 1781, 1410.0827156368402
Node 1688, 1187.5316589038378
Node 1672, 1168.978069229427
Node 658, 797.128187030595
Node 1684, 1181.8067615020846
Node 1506, 1056.505377190928
Node 1492, 1053.673402423468
Node 1309, 1018.5826671966944
Node 1011, 1002.8538420728826
Node 87, 55.59375434682018
Node 1242, 1012.3629044808338
Node 148, 203.42143746364206
Node 85, 50.996238377133864
Node 1382, 1027.7988608310775
Node 733, 854.4860244999242
Node 480, 627.0372785145402
Node 1716, 1228.3337194147307
Node 110, 137.76193794036075
Node 972, 1001.8386428957599
