Node, generations
Node 2717, 23015.94373800577
Node 1255, 1197.8478287797639
Node 592, 983.2116832233477
Node 1675, 5195.51995768241
Node 1370, 1716.6169667823124
Node 1310, 1322.3954996838033
Node 1212, 1134.3368508805738
Node 1191, 1111.9099797174129
Node 1236, 1173.7780151180107
Node 1110, 1057.3603975844935
Node 362, 692.1459271881077
Node 113, 267.9693231033739
Node 1220, 1138.5515443886595
Node 151, 343.6113611690681
Node 1311, 1325.1109383819114
Node 1244, 1182.8985184013986
Node 1053, 1036.7178020144622
Node 956, 1020.0090759568011
Node 1232, 1158.543015558951
Node 1217, 1136.7166248319186
Node 450, 829.6128265661672
Node 1107, 1054.5869370681041
Node 749, 1004.94209659154
Node 238, 500.368684258607
Node 898, 1013.8186382561981
Node 794, 1006.9128998024968
Node 71, 76.89043695460936
Node 782, 1006.4450151415873
Node 881, 1012.3922617479027
Node 66, 55.36793165187112
Node 1406, 2249.941866079023
Node 1277, 1249.3941125566769
Node 1045, 1035.3604335629568
Node 859, 1010.7504704079611
Node 798, 1007.0202222263507
Node 306, 613.2067841700167
Node 88, 166.19944390342948
Node 1261, 1209.2865660386246
Node 950, 1019.587866685625
Node 789, 1006.7721332387887
Node 196, 419.483512716091
Node 63, 39.749291744406314
Node 851, 1010.1385403201191
Node 98, 220.4055356586712
Node 1239, 1176.8171929619432
Node 1203, 1124.5842283582608
Node 61, 27.330467220980598
Node 1389, 2036.0627406340366
Node 1066, 1041.303771130934
Node 580, 969.0113153538105
Node 60, 16.624599727685165
Node 1340, 1404.3925362184918
Node 1024, 1030.5836279521582
Node 1196, 1118.168549519479
Node 1184, 1102.7427562569433
Node 1143, 1075.1195282377357
Node 360, 691.6377841328547
Node 954, 1019.9271846552328
Node 133, 314.6607485399102
