Node, generations
Node 2809, 13466.046687623922
Node 2145, 4936.811624078321
Node 1764, 1407.8227317799965
Node 96, 109.0399831711572
Node 1740, 1333.8250272531143
Node 1695, 1237.9288075144661
Node 1013, 1002.2835268254646
Node 1521, 1059.6034444456934
Node 1201, 1008.59822537081
Node 173, 258.88489637011776
Node 1717, 1274.4951340792757
Node 802, 905.3515212555865
Node 329, 466.36958539322467
Node 1639, 1148.839783104609
Node 1533, 1064.8200110906369
Node 1428, 1033.1108163400324
Node 1165, 1006.8560192097024
Node 706, 824.8294557518815
Node 103, 130.8637388251248
Node 1403, 1028.5116102768245
Node 2037, 4025.8993958629053
Node 1689, 1227.6246048816322
Node 1651, 1174.3817724041826
Node 843, 949.009400957279
Node 1038, 1002.8568236739704
Node 1766, 1408.3205203040106
Node 1499, 1049.655605182647
Node 1451, 1038.607805238104
Node 1327, 1017.4943250470055
Node 661, 789.6352751050996
Node 153, 230.45967278687147
Node 1292, 1014.2056334734865
Node 1266, 1011.95948924174
Node 1449, 1038.530630775695
Node 508, 640.6151252388341
Node 1726, 1297.6898526997636
Node 1602, 1106.0370238245587
Node 1388, 1025.8506267156554
Node 1414, 1030.3632681895178
Node 389, 522.4405033163927
Node 388, 521.921106888523
Node 1348, 1019.3744646022745
Node 1334, 1018.1605805339262
Node 466, 605.8388676069947
Node 279, 404.0431670778488
Node 551, 675.8795283141069
Node 386, 520.6990296412247
Node 338, 474.986979725361
Node 271, 387.5005162996895
Node 181, 277.5523331822283
Node 1630, 1140.9465909383068
Node 1044, 1003.013094220549
Node 84, 55.14609321556028
Node 1228, 1009.8315502638062
Node 2625, 10548.968852920138
Node 2484, 8651.934920774132
Node 1781, 1440.5417930392562
Node 566, 690.911261102259
Node 1722, 1285.0119647002255
Node 1635, 1144.8145552068918
Node 1594, 1101.2866670013061
Node 1405, 1029.0692800731995
Node 1378, 1024.875554537657
Node 1319, 1016.5496514578878
Node 356, 493.7374857011245
Node 146, 218.8052330668102
Node 1570, 1084.3113363980835
Node 1553, 1074.765458290187
Node 1522, 1059.9025428891448
Node 994, 1001.7777388371367
Node 1510, 1054.0560410333146
Node 1277, 1013.0505702303158
Node 111, 153.60456539128782
Node 2190, 5289.066206109377
Node 1692, 1234.9376974534057
Node 1610, 1114.2541385739914
Node 1550, 1072.8893619188314
Node 434, 571.7596372388549
Node 1127, 1005.4536445974999
