Node, generations
Node 4265, 61032.68611564636
Node 3189, 3426.7387536088204
Node 2523, 2013.7195465755785
Node 284, 387.9784255264198
Node 3165, 3247.8565299672164
Node 3023, 2439.313543729623
Node 2926, 2211.27965980072
Node 98, 79.55322159988087
Node 2703, 2046.2086102935502
Node 2214, 2001.2566386327862
Node 1569, 1515.7656351164255
Node 2550, 2015.7095763533846
Node 917, 980.636596607046
Node 1558, 1503.7766554742143
Node 233, 314.19043679289484
Node 3010, 2407.2687632229145
Node 151, 202.57060589090992
Node 107, 107.49103965157369
Node 2927, 2211.866208098606
Node 2751, 2063.161265977956
Node 1604, 1548.2880160732202
Node 86, 48.680073701480424
Node 331, 438.2346211126891
Node 2884, 2166.8494300117327
Node 2752, 2063.4567052032658
Node 2559, 2017.2936092296684
Node 2528, 2014.2793771506226
Node 1566, 1511.8894656208142
Node 483, 596.9928514756807
Node 81, 34.86589900859283
Node 2865, 2147.2194109646816
Node 1771, 1674.7206559145934
Node 737, 824.0327562927487
Node 1462, 1425.0822208299312
Node 2834, 2113.0445586014284
Node 2488, 2011.6981306476425
Node 2050, 1923.110609124436
Node 3116, 2912.5024204195734
Node 307, 415.27035043662465
Node 267, 365.64253984695296
Node 92, 60.82024419824
Node 2985, 2339.920264819591
Node 425, 532.8965648151935
Node 1510, 1463.0018472149939
Node 519, 629.9342441785559
Node 87, 54.430936468235856
Node 682, 786.0456661679102
Node 453, 567.6871997099671
Node 4244, 58728.27200347493
Node 2940, 2239.3337023453446
Node 2643, 2031.1595777581824
Node 2096, 1968.111594766746
Node 1683, 1610.5453651848545
Node 2611, 2025.7027848133628
Node 160, 214.1493539789167
Node 2784, 2079.5830896779817
Node 378, 486.18936694687784
Node 3054, 2547.951813690938
Node 2945, 2248.8461907235132
Node 2807, 2089.6500226449434
Node 1789, 1685.3396071677314
Node 82, 38.84571073953044
Node 2787, 2081.6263740323066
Node 2899, 2179.7737745699797
Node 2673, 2038.6272797878987
Node 2022, 1896.3236062272279
Node 1899, 1789.9115039033113
Node 454, 569.2892513967757
Node 2987, 2340.307914515884
Node 2629, 2029.2678083646551
Node 570, 679.2645436662522
Node 118, 133.0348850454198
Node 2617, 2026.710234564264
Node 400, 508.02975098729223
Node 96, 68.723476259317
Node 1469, 1429.4287505219647
Node 2695, 2043.65799726316
Node 2690, 2042.4166283964375
Node 84, 44.698014310734116
