node_generations, branch_length
6002.033652880857, 43529.92089526496
363.9920997555649, 5638.041553125292
220.5641695200953, 143.42793023546957
0.0, 220.5641695200953
0.0, 220.5641695200953
321.3251596448458, 42.666940110719054
0.0, 321.3251596448458
0.0, 321.3251596448458
3251.498603383016, 2750.5350494978406
0.0, 3251.498603383016
345.0951929284717, 2906.4034104545444
0.0, 345.0951929284717
0.0, 345.0951929284717
16036.493796220433, 33495.46075192538
3353.307560267216, 12683.186235953217
0.0, 3353.307560267216
337.556921868172, 3015.750638399044
0.0, 337.556921868172
0.0, 337.556921868172
6137.108226204339, 9899.385570016093
697.0724401543068, 5440.035786050033
0.0, 697.0724401543068
558.3386051039602, 138.73383505034667
0.0, 558.3386051039602
208.49231977611566, 349.8462853278445
0.0, 208.49231977611566
200.68338461218687, 7.808935163928794
0.0, 200.68338461218687
0.0, 200.68338461218687
3114.198649204956, 3022.9095769993833
0.0, 3114.198649204956
3076.6334970799467, 37.56515212500926
183.32009315940496, 2893.3134039205415
0.0, 183.32009315940496
0.0, 183.32009315940496
636.77941744157, 2439.854079638377
0.0, 636.77941744157
0.0, 636.77941744157
