Node, generations
Node 2236, 19148.589361536273
Node 1404, 1779.705975371747
Node 1322, 1350.8563214589199
Node 720, 1004.4788918903444
Node 137, 296.679393092854
Node 112, 243.6576278821993
Node 1300, 1278.6942240162532
Node 1088, 1057.8062090930605
Node 197, 417.3128623969156
Node 350, 679.3415993225866
Node 1286, 1248.2611417624796
Node 1022, 1037.4863551262986
Node 1190, 1122.6204636474324
Node 1093, 1059.087719078908
Node 1078, 1055.3374183472542
Node 758, 1005.7892541837857
Node 944, 1022.4311890001627
Node 1373, 1556.5789337168471
Node 975, 1026.9436374753711
Node 586, 1000.2750418325174
Node 638, 1001.6440597934921
Node 507, 899.7221363721738
Node 1352, 1457.4180213946795
Node 1152, 1090.6454422693482
Node 797, 1008.0316589308744
Node 236, 495.6139228857431
Node 773, 1006.6495510609119
Node 916, 1018.1432194276359
Node 1334, 1394.3653546649107
Node 1130, 1075.8126984789858
Node 61, 23.760489565281958
Node 1272, 1231.6466806115045
Node 144, 315.52388546939835
Node 1248, 1195.1180022470467
Node 1217, 1153.7787171363402
Node 1085, 1057.1816445743334
Node 737, 1005.032726577093
Node 1035, 1041.8779545853963
Node 917, 1018.2115585700171
Node 983, 1028.6549762812551
Node 62, 44.01835129150448
Node 654, 1002.160694782942
Node 224, 472.1107261756499
Node 315, 641.8843602422734
Node 1227, 1159.8028048480762
Node 472, 847.0106795858208
Node 60, 20.83319446320255
Node 646, 1001.7987990868089
Node 1816, 9233.51781205237
Node 1162, 1098.8472932253096
Node 134, 292.9422920557101
Node 1800, 8974.810882205782
Node 1224, 1158.2280603990841
Node 1025, 1039.4680269057844
Node 400, 752.6632091193552
Node 1324, 1354.0504061859056
Node 1061, 1047.3676304550302
Node 980, 1028.4372441559142
Node 89, 174.50918785776383
