Node, generations
Node 1384, 12557.045300632659
Node 756, 5732.564215893357
Node 500, 3866.4106338790034
Node 25, 26.72601329400198
Node 499, 3861.0584218835234
Node 22, 14.454516729733
Node 200, 2234.4352052075556
Node 651, 4916.343823043924
Node 24, 20.201979310103635
Node 1225, 10107.824663597163
Node 30, 33.48771851864028
Node 1183, 9540.31440338644
Node 791, 5987.984874646845
Node 49, 92.11979850036724
Node 36, 64.79053935477252
Node 80, 178.76004634662755
Node 67, 140.53203856365948
Node 58, 117.42109900287059
Node 39, 69.2504200900582
