Node, generations
Node 2596, 23034.069748616213
Node 1667, 1227.351707439774
Node 1612, 1147.7647732169698
Node 1599, 1121.556155565968
Node 1465, 1048.1428467536716
Node 1355, 1024.655542388621
Node 92, 74.40233723741703
Node 1223, 1011.5493508853261
Node 783, 853.3226528725489
Node 526, 636.8297129585202
Node 182, 267.70835677759544
Node 1597, 1121.4474594397407
Node 1602, 1123.0223721290788
Node 1260, 1014.7209409115773
Node 2468, 19348.948134629307
Node 1828, 1816.760472556038
Node 1517, 1071.6296200880672
Node 554, 661.6092337579531
Node 1433, 1039.9150233859775
Node 1406, 1033.0448443097048
Node 945, 1000.4660190383061
Node 1788, 1593.2413069278684
Node 1695, 1270.215794518309
Node 1280, 1016.7779157451696
Node 1204, 1010.7257875916373
Node 1200, 1010.6031321970431
Node 1688, 1261.4787626683487
Node 1777, 1534.2075467107272
Node 1714, 1308.7691170655442
Node 1635, 1174.3222350085698
Node 80, 6.064144241025225
Node 829, 900.2062201658258
Node 184, 269.23517373261393
Node 140, 195.41973644168814
Node 1672, 1235.1226983723272
Node 1165, 1008.2195111267254
Node 856, 930.4673970747086
Node 855, 929.6786559858718
Node 1598, 1121.4505064252403
Node 507, 617.5725135034342
Node 1249, 1013.3810208571747
Node 1242, 1013.0620636537243
Node 1995, 6399.965432119913
Node 1632, 1171.1958791092925
Node 1299, 1018.4843642207618
Node 1252, 1013.9682145831247
Node 1772, 1506.5826508738353
Node 713, 800.496894445395
Node 1753, 1425.9137555230332
Node 1676, 1241.222494641214
Node 504, 612.3456524906264
Node 1574, 1108.166753524387
Node 1265, 1015.0842180049734
Node 230, 324.68187156669944
Node 1520, 1072.3183601809951
Node 1352, 1024.288609998396
Node 1338, 1022.7542908719627
Node 1135, 1006.7755510454589
Node 979, 1001.0763670363042
Node 1452, 1045.664470522142
Node 1339, 1022.7637316351684
Node 465, 571.0176738928525
Node 1726, 1355.0425159679291
Node 1074, 1004.0871623053429
Node 1594, 1119.2317018618169
Node 785, 853.6262298068467
Node 529, 638.6168746505382
Node 1590, 1117.1574223415414
Node 1333, 1022.0413223002644
Node 160, 244.92288750174555
Node 1573, 1108.1173699231822
Node 1555, 1096.6846383480754
Node 748, 824.3897571407767
Node 547, 654.0165876119813
Node 282, 370.7750161559715
Node 180, 260.76773546711735
Node 589, 698.7876225506154
Node 110, 136.00364676856108
Node 1444, 1043.0461005901534
