node_generations, branch_length
7417.347692758996, 3315.707484098657
3835.600090628388, 3581.7476021306084
253.3863597980523, 3582.213730830336
0.0, 253.3863597980523
0.0, 253.3863597980523
344.1847749383961, 3491.415315689992
0.0, 344.1847749383961
0.0, 344.1847749383961
4440.714966450517, 2976.6327263084795
1627.5325510706189, 2813.182415379898
291.5363479665787, 1335.9962031040402
0.0, 291.5363479665787
0.0, 291.5363479665787
303.5335792813184, 1323.9989717893004
240.3897703156693, 63.1438089656491
0.0, 240.3897703156693
203.94870312951116, 36.441067186158136
0.0, 203.94870312951116
0.0, 203.94870312951116
296.19697624170067, 7.336603039617728
0.0, 296.19697624170067
212.13562800308384, 84.06134823861683
0.0, 212.13562800308384
0.0, 212.13562800308384
3135.459748787067, 1305.25521766345
841.9925264369284, 2293.4672223501384
244.2070736329137, 597.7854528040148
0.0, 244.2070736329137
0.0, 244.2070736329137
329.84882814208, 512.1436982948485
302.9054266342573, 26.94340150782267
248.90788854542112, 53.997538088836194
0.0, 248.90788854542112
208.47009944305586, 40.43778910236526
0.0, 208.47009944305586
0.0, 208.47009944305586
272.3955452741758, 30.509881360081522
0.0, 272.3955452741758
0.0, 272.3955452741758
319.3827405510117, 10.466087591068288
0.0, 319.3827405510117
0.0, 319.3827405510117
1773.1587468144046, 1362.3010019726623
716.409540906214, 1056.7492059081906
0.0, 716.409540906214
240.58846616161054, 475.8210747446035
0.0, 240.58846616161054
233.24970741645953, 7.3387587451510115
0.0, 233.24970741645953
0.0, 233.24970741645953
814.5290463423001, 958.6297004721044
215.5456010127747, 598.9834453295255
0.0, 215.5456010127747
0.0, 215.5456010127747
361.5724463833974, 452.95659995890276
0.0, 361.5724463833974
348.07705513329915, 13.495391250098237
0.0, 348.07705513329915
329.5984146968984, 18.47864043640078
0.0, 329.5984146968984
0.0, 329.5984146968984
8101.173354359609, 2631.881822498044
451.61566759899904, 7649.5576867606105
211.9709181472942, 239.64474945170483
0.0, 211.9709181472942
83.06525554490874, 128.90566260238546
0.0, 83.06525554490874
0.0, 83.06525554490874
263.93200597253775, 187.6836616264613
0.0, 263.93200597253775
0.0, 263.93200597253775
5194.004126546635, 2907.169227812974
122.29324919459421, 5071.710877352041
0.0, 122.29324919459421
0.0, 122.29324919459421
1345.094179930133, 3848.9099466165026
0.0, 1345.094179930133
0.0, 1345.094179930133
