Node, generations
Node 1164, 6351.819134399073
Node 986, 1812.2255752584817
Node 845, 1245.8965610316914
Node 839, 1228.7561333706815
Node 751, 1104.4086219929604
Node 490, 1013.4766969079279
Node 724, 1087.0450388737147
Node 403, 1005.8073437074095
Node 222, 858.2472318733363
Node 604, 1033.8059864961847
Node 584, 1026.399839394239
Node 202, 804.2696037713879
Node 48, 124.20724461017477
Node 586, 1027.0211872952286
Node 764, 1122.8450073856634
Node 730, 1091.3524530891455
Node 960, 1661.2733444014216
Node 788, 1160.8011831268436
Node 853, 1255.1164694627535
Node 214, 829.1413312063162
Node 1033, 2395.425433431621
Node 780, 1144.8463242975758
Node 777, 1141.488657702736
Node 755, 1109.4933887757563
Node 626, 1042.2785471178145
Node 748, 1101.061935334796
Node 739, 1095.6900214783848
Node 583, 1025.9235824041402
Node 539, 1018.6075286577518
Node 529, 1017.3449299800034
Node 114, 474.7086195862301
Node 40, 31.090083391687077
Node 762, 1121.2246274320723
Node 658, 1050.4603970454345
Node 570, 1023.948575706254
Node 693, 1066.4652295233332
Node 962, 1668.627045353895
Node 100, 398.99584437858357
Node 421, 1006.7767721060418
