Node, generations
Node 3773, 36559.90311768136
Node 2296, 8589.77304305953
Node 871, 1292.8324794855985
Node 367, 151.29611453518726
Node 293, 126.62091479355256
Node 221, 112.71919732660011
Node 506, 397.8331758896077
Node 297, 126.85097823466391
Node 462, 275.36241097128266
Node 249, 116.58094679725251
Node 398, 166.67520363560388
Node 363, 150.1414861139489
Node 334, 136.03815392381549
Node 304, 128.30026207460884
Node 1577, 3783.630103859383
Node 807, 1140.6235503172345
Node 349, 143.27026981692117
Node 1326, 2690.2754379211083
Node 955, 1532.3834917949187
Node 262, 118.64930205139365
Node 542, 500.8998688326092
Node 360, 148.3979977388936
Node 263, 118.89528502248007
Node 461, 272.6880530331317
Node 282, 123.28760730778272
Node 225, 112.98886632965342
Node 140, 103.319461977451
Node 451, 222.27258629857545
Node 142, 103.59727370238919
Node 309, 129.65555429540154
Node 253, 117.23354037736229
Node 242, 115.5856971263351
Node 146, 103.91752853102757
Node 2795, 14173.102203026618
Node 1946, 5853.140783915278
Node 1350, 2778.150250892918
Node 1095, 1922.4226389092462
Node 759, 1017.8244550316487
Node 502, 384.08949873057
Node 459, 264.8292767373809
Node 328, 133.60929037775736
Node 377, 156.76016067716176
Node 356, 145.9890758717394
Node 81, 65.21079064726139
Node 362, 149.69824735212228
Node 238, 115.31287616615501
Node 177, 106.56038397733526
Node 1250, 2403.8051526730305
Node 92, 95.86307314034148
Node 399, 167.3800002914688
Node 272, 120.73687091280362
Node 213, 111.56935653060823
Node 2241, 8265.036579685706
Node 1313, 2631.0357529857242
Node 806, 1140.0802151926741
Node 612, 664.3176918638532
Node 350, 143.30202672369683
Node 329, 133.88619725634342
Node 278, 122.31132240430304
Node 317, 131.05730039165974
Node 258, 117.64761299643355
Node 134, 102.34518243236617
Node 1092, 1921.1339779256432
Node 1026, 1725.8568677041867
Node 108, 100.58253167001185
Node 476, 325.35533879138904
Node 427, 187.31561696374112
Node 373, 155.39779383014164
Node 135, 102.60194281425224
Node 1471, 3230.9342484724307
Node 1127, 2027.1303390458336
Node 275, 121.26960801300066
Node 248, 116.2298663770951
Node 235, 114.65363641122109
Node 136, 102.6277816227911
Node 440, 194.56401630129997
Node 341, 138.2845185219179
Node 388, 161.63921186882106
Node 365, 150.63433820411637
