Node, generations
Node 4149, 109755.46037762398
Node 1423, 2462.3929750682546
Node 61, 31.54177124094771
Node 2691, 17166.418323551883
Node 2150, 9397.149938256513
Node 1262, 1220.7712310837787
Node 1222, 1159.579255414898
Node 1050, 1040.9353498828489
Node 975, 1024.6105196510732
Node 1361, 1485.1010794126296
Node 1308, 1304.8104609827585
Node 1161, 1105.7254670523057
Node 1300, 1286.8604236684591
Node 1047, 1039.6415114901781
Node 237, 507.383817246205
Node 71, 101.80998975998209
Node 838, 1010.2854207504816
Node 423, 779.6261798936944
Node 193, 423.9067449234865
Node 1268, 1232.7608298532216
Node 1237, 1184.9416105605483
Node 356, 691.3254019845682
Node 102, 228.88983822188004
Node 1231, 1173.741093270414
Node 400, 744.1145774853301
Node 1140, 1090.878376800687
Node 2519, 14498.483905649447
Node 1134, 1087.7035475967152
Node 1129, 1083.0589098266867
Node 1056, 1041.5012804450942
Node 766, 1005.8220646179328
Node 206, 453.19475426204735
Node 185, 408.68821802202297
Node 1108, 1066.2314868279136
Node 984, 1026.0948371301608
Node 72, 102.79164972537399
Node 966, 1022.8820666608372
Node 845, 1010.5230439156848
Node 106, 238.60770501606194
Node 238, 508.4972225777234
Node 937, 1019.3365507605763
Node 986, 1026.4932614785878
Node 1345, 1404.4694435583356
Node 1196, 1134.561003721156
Node 84, 155.90514954888857
Node 1185, 1125.8052307554249
Node 1003, 1029.7437466325562
Node 1333, 1371.1700401660432
Node 1251, 1205.8279500680094
Node 1304, 1301.9691518018824
Node 1143, 1091.7483062809522
Node 1198, 1137.158349247166
Node 1153, 1099.4166517542324
Node 1124, 1078.3617535279425
Node 761, 1005.5964215659604
Node 1031, 1035.0758802069902
Node 1180, 1123.8430467666492
Node 743, 1004.938116933628
Node 95, 202.76322046215319
