Node, generations
Node 1049, 12119.360079587672
Node 769, 6431.336166347801
Node 530, 1594.4885538285312
Node 364, 421.97512806852706
Node 40, 32.832364571982126
Node 428, 639.681746537743
Node 133, 216.81392988745793
Node 43, 102.3210409257001
Node 404, 536.0239668516276
Node 387, 480.0522445414168
Node 139, 219.4934604307835
Node 94, 207.34463466699475
Node 306, 321.02632847484665
Node 286, 308.0276205495846
Node 110, 211.2182279240448
Node 1046, 12110.421704718829
Node 424, 633.7844284486407
Node 301, 316.76351612529925
Node 335, 369.63525925203874
Node 296, 312.9419095508174
Node 247, 276.00152321041895
Node 310, 323.018653577021
Node 106, 210.33493932178828
Node 299, 315.0209408957253
Node 41, 50.16691661578411
Node 458, 759.2503166459094
Node 440, 700.8406277928322
Node 319, 336.85275144657993
Node 421, 628.2655216143452
Node 127, 215.6796237354743
Node 46, 148.94336869355212
Node 352, 402.641445650558
Node 248, 277.39584267393013
Node 171, 231.0644932819241
Node 67, 202.7813509389158
Node 287, 308.8136035982695
Node 269, 290.3196538518419
Node 212, 252.3282749075868
Node 239, 269.07622208997964
