Node, generations
Node 2817, 26308.11647388921
Node 1863, 9805.468098064573
Node 558, 1294.723927900408
Node 273, 165.5283690656909
Node 253, 146.14312372504966
Node 258, 149.7708065818817
Node 184, 93.72250701011161
Node 168, 85.00750563643174
Node 162, 82.36871520793991
Node 169, 86.60570616050643
Node 317, 211.39551737996223
Node 262, 152.76196076448673
Node 107, 62.05945290234847
Node 259, 150.4896993667895
Node 270, 162.94618463845256
Node 246, 139.5311940851173
Node 119, 66.9908462824949
Node 63, 35.765048096035514
Node 90, 56.53537259858879
Node 83, 54.22970398876529
Node 1239, 4474.284568050304
Node 75, 52.7971232277033
Node 509, 1137.324826957576
Node 320, 214.43864568123539
Node 271, 164.22538741603893
Node 221, 118.80665961128281
Node 272, 164.96432421318696
Node 81, 53.53727940301882
Node 327, 223.95559583114436
Node 277, 170.17688936070297
Node 197, 98.95146023122504
Node 102, 59.88113387519013
Node 1944, 10732.666618432171
Node 1061, 3533.8673052345007
Node 281, 171.4820268476846
Node 224, 120.67336413846786
Node 260, 151.0811865275791
Node 195, 96.84858352754414
Node 160, 81.18443039938865
Node 66, 50.09536223276963
Node 1031, 3358.4295412105917
Node 265, 158.68887207707908
Node 229, 123.72220002289579
Node 100, 59.60655603038104
Node 87, 55.251068823167536
Node 228, 123.14471231410565
Node 62, 26.30757483393115
Node 120, 67.01772885286809
Node 84, 54.480520476625415
Node 60, 24.970469996592644
Node 291, 178.96740856662404
Node 275, 166.57001694108965
Node 268, 160.17606621705303
Node 213, 117.12424720498659
Node 1116, 3793.91785399011
Node 158, 79.48894580859952
Node 142, 72.97618871507788
Node 236, 131.801234624109
Node 89, 56.342938882173414
