Node, generations
Node 825, 15960.11627463702
Node 512, 1516.9012119509864
Node 475, 1397.1115955642854
Node 300, 1059.803709246747
Node 261, 1037.3732172540233
Node 248, 1029.5673039932353
Node 476, 1402.3253895441783
Node 604, 2566.8189491972244
Node 29, 279.3252307361955
Node 506, 1500.6954363857733
Node 303, 1062.4151326349356
Node 191, 1014.9882708523814
Node 359, 1118.4000662463511
Node 164, 1008.0488632153005
Node 302, 1061.346860866124
Node 254, 1032.8753260794772
Node 139, 1003.5881913174642
Node 290, 1054.1632490860707
Node 119, 1001.0484677138816
