Node, generations
Node 3867, 40754.73499648606
Node 1980, 3969.8950891427044
Node 1259, 1015.4596038348872
Node 347, 480.48039295688653
Node 1750, 1986.2869674818005
Node 1556, 1135.5859636444275
Node 203, 293.22001088897383
Node 1480, 1063.3835581016745
Node 1413, 1041.5144010045794
Node 1372, 1031.025411109349
Node 776, 912.1381038826753
Node 1414, 1041.6144320546598
Node 1233, 1013.0634210213293
Node 1687, 1332.0944486454168
Node 1489, 1067.4954378168366
Node 1348, 1026.592613010912
Node 557, 690.2928369498886
Node 155, 222.6733344871098
Node 1477, 1061.6027949149093
Node 241, 351.8983705432716
Node 196, 284.41347900791857
Node 214, 315.38256572819284
Node 531, 670.4285824576782
Node 1667, 1281.5173259554094
Node 1545, 1125.7860332749126
Node 1264, 1015.6550215114411
Node 235, 344.03309523314726
Node 236, 345.8144771024401
Node 1450, 1052.0769424440844
Node 1384, 1034.6711239065532
Node 1598, 1176.4173986980877
Node 206, 303.0910827842943
Node 1249, 1014.6002622475303
Node 143, 208.28587736824346
Node 1203, 1011.2472619577051
Node 3305, 22966.468642583237
Node 2542, 9374.330769952106
Node 1673, 1290.722914265532
Node 1302, 1019.8598655648503
Node 1632, 1231.8747025843543
Node 1605, 1189.7605694883155
Node 1507, 1079.9216311297575
Node 1399, 1038.5367919938124
Node 468, 615.4703507662097
Node 84, 42.66108565537798
Node 1602, 1187.4674326295317
Node 664, 806.8213790152142
Node 355, 486.9920337246939
Node 1542, 1122.0854946577688
Node 880, 1000.0706465576476
Node 1617, 1212.2608864578121
Node 106, 109.28905913388303
Node 1500, 1075.2736271145152
Node 282, 408.18095490124676
Node 80, 4.248498456374613
Node 1473, 1060.7598159661845
Node 2265, 6336.268669702349
Node 1615, 1206.835796153018
Node 1237, 1013.498861378954
Node 85, 43.34989290403954
Node 1385, 1034.827035522499
Node 1152, 1008.6803329644622
Node 102, 96.71585731735829
Node 116, 155.2289519616373
Node 1693, 1353.9697921886527
Node 87, 52.297009782486526
Node 1548, 1130.2476663807547
Node 306, 435.2151441868421
Node 2619, 10373.323731603174
Node 1322, 1023.2191188632935
Node 94, 72.17228284294549
Node 1989, 4025.4625816897537
Node 1494, 1071.607542677445
Node 1675, 1294.1822146406876
Node 923, 1000.9473172067125
Node 113, 147.36665031903274
Node 839, 970.184122409331
Node 126, 172.33769860449314
Node 1479, 1063.0811070668383
