Node, generations
Node 1363, 22211.63747516603
Node 783, 4551.220662734199
Node 503, 360.1242486406284
Node 349, 238.17173587023376
Node 125, 201.8235427915893
Node 380, 254.82356725130907
Node 679, 1294.6732392503034
Node 560, 530.5621620268653
Node 486, 338.5907282078975
Node 395, 260.99570769548546
Node 234, 213.37937328902737
Node 491, 343.49547883404136
Node 369, 251.39281436249902
Node 210, 209.51079911934423
Node 302, 226.0425299926685
Node 484, 338.01213543990264
Node 436, 288.2309173415448
Node 646, 906.7101762171892
Node 579, 581.0561079311587
Node 329, 233.06451793528373
Node 496, 349.57992799862063
Node 449, 306.1777026824829
Node 396, 261.90624669883647
Node 345, 235.99283512314648
Node 315, 229.89290126226172
Node 77, 123.46153839633833
Node 605, 707.9766439704847
Node 340, 234.49849874595995
Node 237, 214.33205594151434
Node 603, 706.1170035542264
Node 87, 167.22845961906785
Node 60, 32.734998148198144
Node 597, 672.5534921842435
Node 494, 345.77281974253737
Node 401, 265.819397259513
Node 1250, 18251.099003049378
Node 173, 205.56879695576808
Node 79, 133.11439455872596
Node 76, 120.44977971009392
Node 562, 538.3385450439423
Node 242, 215.27804050861266
Node 70, 75.6429836232544
Node 499, 355.9685893560169
Node 458, 314.743137611491
Node 423, 281.280791675104
Node 162, 204.6486955160989
Node 441, 291.9263101980942
Node 408, 267.8614699583106
Node 249, 216.8351727630113
Node 412, 268.7371225397379
Node 196, 207.52305866736185
Node 304, 226.5105038126524
Node 72, 87.07948711014987
Node 227, 211.2791425712871
Node 489, 341.483310175895
Node 336, 234.10878072038577
Node 255, 217.7464863784648
Node 359, 244.21126214704552
Node 357, 242.50319690018185
