node_generations, branch_length
15435.700857323909, 32711.489635923208
1309.29148809967, 14126.409369224239
0.0, 1309.29148809967
415.91296356820567, 893.3785245314643
230.5172348316304, 185.39572873657528
0.0, 230.5172348316304
0.0, 230.5172348316304
340.16150875273854, 75.75145481546713
0.0, 340.16150875273854
0.0, 340.16150875273854
11458.099946165577, 3977.6009111583317
471.8734223806225, 10986.226523784955
0.0, 471.8734223806225
0.0, 471.8734223806225
3072.4231964681285, 8385.67674969745
302.45929881363855, 2769.9638976544898
0.0, 302.45929881363855
0.0, 302.45929881363855
1391.85060481509, 1680.5725916530384
0.0, 1391.85060481509
0.0, 1391.85060481509
26959.72505471716, 21187.465438529955
523.2499672829007, 26436.47508743426
0.0, 523.2499672829007
301.2299130669027, 222.02005421599796
0.0, 301.2299130669027
277.53746595924736, 23.69244710765537
0.0, 277.53746595924736
0.0, 277.53746595924736
6730.476273349464, 20229.248781367696
0.0, 6730.476273349464
279.01312032184035, 6451.463153027623
0.0, 279.01312032184035
258.58146811788936, 20.43165220395099
0.0, 258.58146811788936
195.17634268517975, 63.40512543270961
0.0, 195.17634268517975
0.0, 195.17634268517975
