Node, generations
Node 606, 2756.7743077366335
Node 457, 1431.8218412326676
Node 328, 1102.3418558221413
Node 270, 1049.9546440226527
Node 55, 750.6195661123011
Node 523, 1783.060821196646
Node 414, 1274.5447973895639
Node 394, 1220.1451663512414
Node 396, 1225.8391073063503
Node 522, 1779.0253494476738
Node 501, 1650.6999448173342
Node 412, 1270.9417562279698
Node 180, 1015.156784096386
Node 392, 1214.817559817764
Node 429, 1320.07088469216
Node 196, 1019.4919366156374
Node 405, 1243.723337793969
Node 376, 1161.0834522946284
Node 360, 1145.944925798336
