Node, generations
Node 2387, 22311.580786664814
Node 1223, 6202.166932442058
Node 561, 1841.617629323193
Node 255, 293.1292836759115
Node 194, 244.89047150969427
Node 41, 26.605741542790206
Node 154, 221.3520791214129
Node 123, 211.7164787144668
Node 977, 4359.368832925662
Node 638, 2322.749061186126
Node 192, 243.32996889606753
Node 346, 537.1883518842313
Node 314, 364.4087586911366
Node 312, 362.42373174864963
Node 149, 220.51023612115765
Node 253, 291.77034745993626
Node 174, 232.55969311496045
Node 43, 40.41613459081772
Node 157, 223.7324296218988
Node 87, 204.5484998364619
Node 673, 2481.177627779514
Node 332, 397.6174465576587
Node 201, 245.83267621020107
Node 44, 40.69507799925208
Node 279, 316.82586534685447
Node 120, 211.2484123433655
Node 62, 201.16424550354878
Node 344, 500.57835886890564
Node 1806, 12154.553315133826
Node 45, 58.33725056431774
Node 1648, 10298.446069178039
Node 1045, 4894.138169387505
Node 256, 293.20619355533745
Node 213, 254.2484137168139
Node 51, 93.05407692802521
Node 1442, 8167.076243708024
Node 1156, 5671.632097068589
Node 40, 0.2837526772784736
Node 47, 79.93742356377068
