node_generations, branch_length
1240.8264013792775, 38013.12628295637
925.2018619330129, 315.62453944626463
602.3251402774703, 322.8767216555426
0.0, 602.3251402774703
566.6389894406987, 35.68615083677162
0.0, 566.6389894406987
542.1468208878072, 24.492168552891485
0.0, 542.1468208878072
0.0, 542.1468208878072
745.8637633977834, 179.3380985352295
0.0, 745.8637633977834
596.6395390681736, 149.2242243296098
0.0, 596.6395390681736
0.0, 596.6395390681736
927.645881426866, 313.1805199524115
0.0, 927.645881426866
735.3707948324109, 192.27508659445516
0.0, 735.3707948324109
194.20044256812156, 541.1703522642892
0.0, 194.20044256812156
0.0, 194.20044256812156
4718.985930547656, 34534.966753787994
0.0, 4718.985930547656
1720.121093538217, 2998.864837009439
726.1486371285973, 993.9724564096198
0.0, 726.1486371285973
0.0, 726.1486371285973
1541.1640859455708, 178.95700759264628
0.0, 1541.1640859455708
875.7963000323961, 665.3677859131748
633.8720380999192, 241.92426193247684
0.0, 633.8720380999192
505.8499336626392, 128.02210443728
0.0, 505.8499336626392
0.0, 505.8499336626392
865.7199238950676, 10.076376137328452
0.0, 865.7199238950676
0.0, 865.7199238950676
