node_generations, branch_length
5607.570079136975, 171850.3096839451
84.37434844973765, 5523.195730687238
0.0, 84.37434844973765
0.0, 84.37434844973765
2959.2244270321753, 2648.3456521048
91.22082644710753, 2868.003600585068
0.0, 91.22082644710753
81.140227937755, 10.080598509352527
70.39739517418714, 10.742832763567861
0.0, 70.39739517418714
0.0, 70.39739517418714
79.44940280044965, 1.690825137305353
0.0, 79.44940280044965
58.378048896983664, 21.071353903465983
0.0, 58.378048896983664
0.0, 58.378048896983664
149.89866903081, 2809.325758001365
0.0, 149.89866903081
0.0, 149.89866903081
11690.945070228396, 165766.93469285368
7492.228632445237, 4198.716437783159
0.0, 7492.228632445237
2735.929466643669, 4756.299165801568
218.16075171847785, 2517.768714925191
0.0, 218.16075171847785
56.38456345892532, 161.77618825955253
0.0, 56.38456345892532
0.0, 56.38456345892532
420.9271652093183, 2315.0023014343506
0.0, 420.9271652093183
206.92255000056693, 214.00461520875135
0.0, 206.92255000056693
99.92420647934743, 106.9983435212195
0.0, 99.92420647934743
0.0, 99.92420647934743
11144.39836976402, 546.546700464376
4462.839015541299, 6681.559354222721
536.8553487690832, 3925.9836667722157
295.74146337058795, 241.11388539849526
0.0, 295.74146337058795
71.34050168619733, 224.4009616843906
0.0, 71.34050168619733
63.26299755766605, 8.077504128531281
0.0, 63.26299755766605
0.0, 63.26299755766605
525.5344225608013, 11.32092620828189
0.0, 525.5344225608013
478.0920272112484, 47.442395349552896
0.0, 478.0920272112484
159.456973132729, 318.63505407851943
0.0, 159.456973132729
111.75770647805649, 47.6992666546725
0.0, 111.75770647805649
0.0, 111.75770647805649
3795.0639213375657, 667.7750942037333
0.0, 3795.0639213375657
137.7157070941995, 3657.3482142433663
85.27029907488671, 52.445408019312794
0.0, 85.27029907488671
0.0, 85.27029907488671
104.1082081513878, 33.6074989428117
0.0, 104.1082081513878
87.1541869537264, 16.954021197661405
0.0, 87.1541869537264
0.0, 87.1541869537264
10075.20864267426, 1069.189727089759
0.0, 10075.20864267426
122.43536232041002, 9952.773280353851
51.78210862617773, 70.65325369423229
0.0, 51.78210862617773
0.0, 51.78210862617773
72.6478955374599, 49.78746678295012
50.00963142486746, 22.638264112592445
0.0, 50.00963142486746
0.0, 50.00963142486746
64.76898615586455, 7.878909381595349
0.0, 64.76898615586455
0.0, 64.76898615586455
