Node, generations
Node 1685, 7335.28557993512
Node 1514, 2693.561790220453
Node 1315, 2128.240594168511
Node 1138, 2030.0378703652775
Node 1467, 2508.1509313998477
Node 62, 230.70138079116217
Node 42, 71.7203050103034
Node 1399, 2289.2540305256875
Node 1022, 2011.7597858261645
Node 1224, 2064.0821132361157
Node 40, 17.524710822683115
Node 1167, 2039.8925670578576
Node 1654, 4995.087461944755
Node 1468, 2508.8040853713337
Node 1415, 2339.167717638971
Node 1184, 2046.969795587277
Node 1327, 2143.3359269751795
Node 1439, 2423.1800097011355
Node 1385, 2235.981475000595
Node 1418, 2350.3331428007177
Node 347, 1035.6670028341177
Node 1283, 2101.7863520043875
Node 1604, 3266.9603974563643
Node 41, 66.2615580441676
Node 1357, 2189.5914886888013
Node 1250, 2074.0516188327324
Node 1173, 2041.4590657966412
Node 91, 387.5082138281984
Node 1233, 2067.180785656465
Node 1111, 2024.7962376076102
Node 344, 1031.1203019228094
Node 1280, 2099.309143258556
Node 916, 2004.4094120058314
Node 1193, 2049.966226842461
Node 799, 1943.849977474247
Node 400, 1183.6415066454053
Node 66, 251.6098878513651
Node 987, 2008.7076957527631
Node 179, 656.022679312961
