node_generations, branch_length
1062.0264169532636, 7148.774809551602
1002.6593731863393, 59.367043766924326
0.0, 1002.6593731863393
0.0, 1002.6593731863393
1037.508742212074, 24.517674741189694
26.749052439108127, 1010.7596897729658
0.0, 26.749052439108127
0.0, 26.749052439108127
1009.3885601220576, 28.12018209001633
0.0, 1009.3885601220576
582.9388081519866, 426.449751970071
0.0, 582.9388081519866
0.0, 582.9388081519866
6536.260807439375, 1674.5404190654908
1192.078209272117, 5344.182598167257
0.0, 1192.078209272117
1080.781870762522, 111.29633850959499
0.0, 1080.781870762522
1059.1319528816814, 21.649917880840576
0.0, 1059.1319528816814
0.0, 1059.1319528816814
5553.47129391785, 982.7895135215249
5356.4514187128, 197.01987520505008
1621.7233895164725, 3734.728029196327
1137.2865061601678, 484.43688335630463
0.0, 1137.2865061601678
1029.9146678034451, 107.37183835672272
0.0, 1029.9146678034451
0.0, 1029.9146678034451
1362.0079845891592, 259.71540492731333
463.1611075916876, 898.8468769974716
0.0, 463.1611075916876
0.0, 463.1611075916876
1119.4434916940115, 242.56449289514762
0.0, 1119.4434916940115
1089.9428913771176, 29.50060031689395
519.0391712362667, 570.9037201408509
0.0, 519.0391712362667
0.0, 519.0391712362667
1081.8746566531163, 8.068234724001286
0.0, 1081.8746566531163
0.0, 1081.8746566531163
4728.7135916086545, 627.7378271041453
1004.7401883772527, 3723.973403231402
0.0, 1004.7401883772527
0.0, 1004.7401883772527
1115.8441995682356, 3612.869392040419
1035.3845776645537, 80.45962190368186
0.0, 1035.3845776645537
1007.420482288124, 27.96409537642967
0.0, 1007.420482288124
0.0, 1007.420482288124
1041.856641198519, 73.98755836971668
0.0, 1041.856641198519
1018.3421875346804, 23.51445366383848
0.0, 1018.3421875346804
0.0, 1018.3421875346804
5472.8904975027035, 80.58079641514632
1049.4739154129345, 4423.416582089769
0.0, 1049.4739154129345
1026.6384312552036, 22.83548415773089
429.51368671763265, 597.1247445375709
0.0, 429.51368671763265
0.0, 429.51368671763265
710.9361215336668, 315.70230972153684
0.0, 710.9361215336668
0.0, 710.9361215336668
1308.2938513745344, 4164.59664612817
1083.2657344961167, 225.02811687841768
0.0, 1083.2657344961167
1021.5486884453073, 61.71704605080936
0.0, 1021.5486884453073
0.0, 1021.5486884453073
1169.1273233521824, 139.16652802235194
0.0, 1169.1273233521824
1136.878377467662, 32.24894588452048
0.0, 1136.878377467662
0.0, 1136.878377467662
