Node, generations
Node 949, 2121.8033276847873
Node 893, 1624.0136652672668
Node 385, 1005.5480176061432
Node 886, 1586.2348907296953
Node 694, 1088.6440040485818
Node 672, 1071.7325949093265
Node 341, 1003.5540636106522
Node 810, 1263.2570889302117
Node 608, 1042.5367065807106
Node 916, 1844.7208752973654
Node 770, 1179.6228135674526
Node 671, 1070.9834015349952
Node 54, 183.861037649333
Node 750, 1140.2640716800636
Node 296, 1001.0959431173364
Node 473, 1014.8737965383842
Node 875, 1498.8214790298932
Node 735, 1125.9831862483659
Node 720, 1106.0841793173715
Node 685, 1080.1263505032534
Node 453, 1012.7933990194399
Node 869, 1476.0927260723302
Node 829, 1347.682453213565
Node 86, 381.82213770809796
Node 61, 215.63906479842635
Node 43, 88.16925450521241
Node 842, 1375.6589947508394
Node 792, 1227.1910146603213
Node 446, 1011.9233889034068
Node 764, 1162.3956620359468
Node 732, 1121.4387083556119
Node 567, 1031.1983576129285
Node 724, 1109.3812863167361
Node 508, 1019.4424160326206
Node 754, 1150.8713564124594
Node 602, 1040.5019355993525
Node 399, 1007.3663095799645
Node 57, 201.99867249791578
Node 44, 111.06587444199035
