Node, generations
Node 3327, 33477.578058190906
Node 2260, 11033.77610614247
Node 884, 1414.7297219204354
Node 644, 365.01854742601137
Node 520, 263.34484483738504
Node 106, 120.5618786505365
Node 608, 323.0265314545723
Node 486, 241.01123185017644
Node 426, 226.1974554417477
Node 294, 208.2520490090299
Node 424, 225.90601025758977
Node 559, 289.0149545101729
Node 376, 216.47114731069226
Node 203, 202.56267423072856
Node 806, 1079.0132372993774
Node 563, 289.4395209907439
Node 439, 229.28005480686653
Node 395, 220.90584807944896
Node 364, 214.9690011718027
Node 326, 211.00210687222528
Node 332, 211.88427111573472
Node 330, 211.7847785913072
Node 386, 219.0976238928841
Node 371, 216.05751713565044
Node 263, 206.1720848963917
Node 114, 136.25388876615045
Node 604, 319.97327995599954
Node 533, 272.9120608119596
Node 1543, 4810.4942143597045
Node 571, 293.79696817440373
Node 470, 237.25657801492238
Node 420, 225.40887301865504
Node 331, 211.79600257914717
Node 514, 258.0733024192233
Node 1116, 2547.1395491705302
Node 655, 374.46214654530627
Node 111, 132.21936778951874
Node 635, 350.614189675022
Node 623, 337.2364487948905
Node 572, 294.34715270433406
Node 526, 268.14119290429795
Node 543, 279.3532276802567
Node 532, 271.9645669364127
Node 975, 1828.8884044195672
Node 487, 242.11080125554162
Node 109, 129.20255799195496
Node 835, 1238.4134599580336
Node 680, 414.8232327826628
Node 646, 369.0919358748757
Node 554, 286.81747407285724
Node 168, 200.7469334071392
Node 522, 264.13996187815866
Node 797, 1049.694730302657
Node 600, 318.1148242914096
Node 506, 253.84247995518177
Node 321, 210.4924742891171
Node 239, 204.19927661438138
Node 449, 231.6155892878038
Node 236, 204.17597892181468
Node 267, 206.40881799780914
Node 529, 269.68591485426447
Node 241, 204.2947455697276
Node 475, 237.9896256471724
Node 629, 344.5321647589327
Node 495, 246.19486520041497
Node 590, 309.96442425564715
Node 2424, 13016.601218012409
Node 2375, 12320.433511793306
Node 589, 308.97035508816623
Node 1501, 4546.057282816165
Node 653, 372.79045025527233
Node 466, 236.58037387823416
Node 145, 200.08391107999873
Node 654, 373.0923783317275
Node 423, 225.5709795192106
Node 521, 263.83724203989135
Node 468, 237.08181885320755
Node 384, 218.2454003484376
Node 215, 203.34331348824074
