node_generations, branch_length
1377.3829927826948, 29708.21963549304
1182.2127639688417, 195.1702288138531
0.0, 1182.2127639688417
728.3027085961638, 453.9100553726779
0.0, 728.3027085961638
0.0, 728.3027085961638
1346.159110245029, 31.22388253766576
1039.4059672174876, 306.75314302754146
0.0, 1039.4059672174876
0.0, 1039.4059672174876
1262.0430896229507, 84.1160206220784
0.0, 1262.0430896229507
0.0, 1262.0430896229507
20842.054539969173, 10243.548088306561
3100.0773813090755, 17741.9771586601
0.0, 3100.0773813090755
1385.8180258530942, 1714.2593554559812
787.6848984800171, 598.1331273730772
0.0, 787.6848984800171
0.0, 787.6848984800171
1008.5735799023768, 377.2444459507175
0.0, 1008.5735799023768
0.0, 1008.5735799023768
4159.079666944718, 16682.974873024454
1016.6042133604581, 3142.4754535842603
0.0, 1016.6042133604581
0.0, 1016.6042133604581
2359.8571173104065, 1799.2225496343117
1088.0749805421603, 1271.7821367682461
0.0, 1088.0749805421603
0.0, 1088.0749805421603
1291.9928605790933, 1067.8642567313132
0.0, 1291.9928605790933
1137.3936932315703, 154.599167347523
0.0, 1137.3936932315703
68.48088064452405, 1068.9128125870463
0.0, 68.48088064452405
0.0, 68.48088064452405
