node_generations, branch_length
1763.6102409505136, 12687.026302005821
1491.53044351363, 272.0797974368836
0.0, 1491.53044351363
1226.5341226203207, 264.9963208933093
0.0, 1226.5341226203207
814.0261482990621, 412.50797432125853
0.0, 814.0261482990621
241.24864119032685, 572.7775071087353
0.0, 241.24864119032685
0.0, 241.24864119032685
1746.7560390291771, 16.854201921336426
1249.095485343462, 497.66055368571506
0.0, 1249.095485343462
1116.8800679641436, 132.21541737931852
0.0, 1116.8800679641436
0.0, 1116.8800679641436
1537.5493472575954, 209.20669177158175
1093.764122947192, 443.78522431040346
1028.310463639441, 65.45365930775097
0.0, 1028.310463639441
1006.0115509414127, 22.29891269802829
0.0, 1006.0115509414127
0.0, 1006.0115509414127
1049.4256588105486, 44.338464136643324
0.0, 1049.4256588105486
507.89511780064595, 541.5305410099027
0.0, 507.89511780064595
0.0, 507.89511780064595
1206.3439753212417, 331.2053719363537
1007.8323387481389, 198.5116365731028
874.250459313521, 133.58187943461792
0.0, 874.250459313521
685.3068098464015, 188.94364946711949
0.0, 685.3068098464015
0.0, 685.3068098464015
1003.3289575919739, 4.5033811561650055
0.0, 1003.3289575919739
0.0, 1003.3289575919739
1173.1446186757273, 33.1993566455144
1007.745755097376, 165.39886357835132
0.0, 1007.745755097376
0.0, 1007.745755097376
1105.884179202742, 67.26043947298535
855.519927395917, 250.364251806825
0.0, 855.519927395917
0.0, 855.519927395917
1083.0380981830979, 22.84608101964409
0.0, 1083.0380981830979
927.0760068390776, 155.96209134402022
0.0, 927.0760068390776
0.0, 927.0760068390776
2127.4092995846263, 12323.227243371708
985.3110691013467, 1142.0982304832796
0.0, 985.3110691013467
929.0754979327896, 56.235571168557044
0.0, 929.0754979327896
0.0, 929.0754979327896
1512.9449326105766, 614.4643669740497
1335.1777652410922, 177.76716736948447
0.0, 1335.1777652410922
1268.2144901526117, 66.96327508848049
1008.025195847221, 260.1892943053907
0.0, 1008.025195847221
0.0, 1008.025195847221
1087.284893394718, 180.9295967578937
0.0, 1087.284893394718
0.0, 1087.284893394718
1509.6934170466222, 3.251515563954399
1086.983663726361, 422.70975332026114
0.0, 1086.983663726361
918.3881118287743, 168.5955518975868
0.0, 918.3881118287743
0.0, 918.3881118287743
1190.2145459749354, 319.47887107168685
0.0, 1190.2145459749354
1025.8538824324785, 164.3606635424569
0.0, 1025.8538824324785
0.0, 1025.8538824324785
