Node, generations
Node 1433, 18940.33453614875
Node 1077, 6427.634696490103
Node 547, 1023.7146628966103
Node 529, 1019.781490538546
Node 971, 2109.086496179508
Node 855, 1342.050709595753
Node 825, 1244.8939782092814
Node 748, 1117.3461784684762
Node 64, 236.31660499609066
Node 741, 1112.1968227782368
Node 597, 1036.231189207741
Node 672, 1066.525361067896
Node 182, 687.1890572483898
Node 152, 609.5507619823896
Node 793, 1180.4435701286454
Node 57, 181.80694277287307
Node 353, 1002.7966582916539
Node 895, 1510.865562546058
Node 868, 1373.89796479141
Node 846, 1322.9310722999508
Node 692, 1076.7545787042409
Node 616, 1043.2910102023925
Node 606, 1039.2235366251919
Node 40, 12.905761113150048
Node 171, 656.1890058637896
Node 663, 1064.1016415130873
Node 335, 1001.9173836271041
Node 891, 1488.7890255921207
Node 678, 1068.912956740791
Node 519, 1018.6157775159206
Node 677, 1068.197813015479
Node 499, 1015.8741120312485
Node 483, 1013.9796016448477
Node 370, 1003.8970145971413
Node 854, 1334.9771011649655
Node 762, 1138.3797748054026
Node 1082, 6634.963562886084
Node 361, 1003.4013565830251
Node 555, 1025.4734046294823
