node_generations, branch_length
26489.829279823523, 9002.698526509626
2933.7675376570805, 23556.061742166443
0.0, 2933.7675376570805
0.0, 2933.7675376570805
3910.94231072154, 22578.886969101983
0.0, 3910.94231072154
186.66931068318465, 3724.2730000383553
0.0, 186.66931068318465
171.07440783496023, 15.594902848224422
0.0, 171.07440783496023
149.49426611649923, 21.580141718460993
0.0, 149.49426611649923
0.0, 149.49426611649923
33307.72428239647, 2184.80352393668
8760.905363195589, 24546.81891920088
198.1790763556744, 8562.726286839914
0.0, 198.1790763556744
114.76520045712952, 83.41387589854487
0.0, 114.76520045712952
66.72881718111793, 48.03638327601159
0.0, 66.72881718111793
56.00163912350556, 10.72717805761237
0.0, 56.00163912350556
0.0, 56.00163912350556
750.9325759124117, 8009.972787283177
226.90744782172095, 524.0251280906907
0.0, 226.90744782172095
222.59704697783363, 4.310400843887322
0.0, 222.59704697783363
0.0, 222.59704697783363
454.0690277542511, 296.8635481581606
0.0, 454.0690277542511
0.0, 454.0690277542511
10418.041991438417, 22889.68229095805
0.0, 10418.041991438417
53.80711969295931, 10364.234871745457
0.0, 53.80711969295931
0.0, 53.80711969295931
