Node, generations
Node 876, 14386.74270940954
Node 252, 749.9580221503523
Node 225, 601.7666390415699
Node 21, 92.95011644250597
Node 100, 259.592919297849
Node 415, 4530.74709740131
Node 126, 296.26571233345777
Node 122, 291.4829933260817
Node 260, 1037.434037843511
Node 227, 620.2915805134204
Node 132, 309.13527950872407
Node 97, 254.2219484023782
Node 189, 474.6924885687685
Node 174, 419.1246086981002
Node 68, 228.45993974528852
Node 57, 218.92710233665636
Node 45, 211.20810787891517
Node 236, 654.1585307724873
Node 205, 519.8113984809493
