Node, generations
Node 1964, 26298.73640585083
Node 1441, 1784.7128882663515
Node 1290, 1202.3530808145026
Node 1246, 1139.9916224574777
Node 1171, 1079.4819644261866
Node 1411, 1591.159623379739
Node 100, 201.59185296202077
Node 1390, 1459.712115509903
Node 1287, 1199.166208451485
Node 1164, 1073.7088616881142
Node 923, 1017.5713739052997
Node 825, 1009.2661387832527
Node 1242, 1134.6362272667395
Node 868, 1012.2377951901757
Node 297, 575.4475832876902
Node 1215, 1112.216619997752
Node 378, 694.9968545608687
Node 214, 444.9160284075821
Node 821, 1009.0052457097531
Node 1377, 1425.139565747236
Node 1177, 1084.8818897345961
Node 1088, 1046.7028979365111
Node 635, 1001.2968634815094
Node 212, 443.6890575177316
Node 1348, 1338.3088974823345
Node 1204, 1104.8088893187319
Node 996, 1028.594521438586
Node 315, 611.3877892600525
Node 1749, 13902.063159188729
Node 1317, 1270.196650423544
Node 1245, 1138.013742126654
Node 1185, 1091.7245631626618
Node 1048, 1039.4457581169634
Node 1169, 1078.7110589625568
Node 1139, 1062.1666921915091
Node 876, 1012.9198344961219
Node 489, 861.4464658880615
Node 844, 1010.1559453744497
Node 1150, 1069.0878823639646
Node 1275, 1181.2549166393137
Node 1183, 1090.3448670863947
Node 888, 1013.8339829942727
Node 448, 794.812268515578
Node 113, 266.3707174524866
Node 810, 1008.5980156329737
Node 149, 361.9713417224665
Node 1195, 1096.6144816426895
Node 252, 508.0341388503357
Node 1187, 1091.9549264865902
Node 1163, 1073.4697973982911
Node 963, 1023.1716063628763
Node 447, 793.6562243571303
Node 1044, 1038.0689448417274
Node 1425, 1692.061211309403
Node 1267, 1171.034496922213
Node 1225, 1119.5233741522811
Node 1087, 1046.4605206600613
Node 107, 230.5477402169646
Node 973, 1024.4011881977458
