Node, generations
Node 2371, 25374.576334472215
Node 868, 1679.5349573357921
Node 840, 1388.8187106695739
Node 659, 1058.494451291648
Node 541, 1022.2875564224528
Node 535, 1021.2556452963851
Node 370, 1003.7589538708124
Node 269, 930.3783072693186
Node 46, 70.91172195698566
Node 395, 1005.2252483425634
Node 817, 1297.1429065109494
Node 375, 1004.2218804859205
Node 783, 1209.5469953254849
Node 674, 1064.701440026346
Node 1138, 4875.022540682938
Node 996, 3248.8155323147266
Node 657, 1058.0440084636498
Node 846, 1413.794884266635
Node 70, 359.8239373706122
Node 497, 1015.0946802535138
Node 264, 919.3072406689865
Node 133, 592.2250325438605
Node 56, 216.05602307105474
Node 1051, 4004.4938042470244
Node 810, 1280.8924746464388
Node 797, 1241.9534800902677
Node 695, 1080.7711043634972
Node 40, 9.153079863657828
Node 131, 579.5585077640053
Node 801, 1251.420602748359
Node 852, 1446.1016849885882
Node 771, 1187.6499411992052
Node 703, 1088.1748294389306
Node 676, 1065.7394855435791
Node 847, 1416.6214796649363
Node 769, 1181.2733168380648
Node 706, 1089.0883788223375
Node 528, 1019.9037738452803
Node 64, 282.353923144489
