Node, generations
Node 2471, 7738.86388367132
Node 2115, 2172.262516332489
Node 1840, 2026.6351108981773
Node 1633, 2006.7773421480927
Node 1833, 2025.5505766414337
Node 1951, 2057.109683459977
Node 1372, 1929.7717484522311
Node 674, 1122.8147012046052
Node 77, 116.2350137552083
Node 628, 1065.086020636032
Node 2456, 6806.964985019253
Node 122, 244.77060670663076
Node 2338, 3178.962166377684
Node 2237, 2459.7150330965014
Node 2168, 2271.2509414472142
Node 1906, 2040.0974647303408
Node 371, 708.4248994454737
Node 137, 278.8581193671835
Node 2109, 2160.9952915840845
Node 1943, 2051.835760620842
Node 1901, 2038.674516005157
Node 2100, 2152.895433673934
Node 1843, 2027.7270844943414
Node 1724, 2012.5490001296412
Node 2311, 2977.875857452865
Node 2186, 2315.5358914361473
Node 2006, 2080.8261432199524
Node 1149, 1688.0137322693927
Node 192, 398.7087970424726
Node 2181, 2304.986574135076
Node 60, 12.612893785026731
Node 2174, 2283.895727519547
Node 2102, 2154.6785322564074
Node 2056, 2110.8438868701132
Node 2003, 2078.7084563632807
Node 516, 910.5457625384176
Node 236, 475.2609969563809
Node 1932, 2047.9563746559968
Node 398, 741.0148539533692
Node 176, 374.60915388165955
Node 1072, 1610.396987378396
Node 440, 797.9114237131537
Node 355, 691.001408686604
Node 2052, 2105.3804039000433
Node 1919, 2042.8968177408417
Node 1864, 2030.0615498099398
Node 375, 719.5282553856646
Node 1214, 1752.7610366978377
Node 1963, 2060.0390651516695
Node 977, 1519.2107714780016
Node 255, 503.2275871240149
Node 702, 1166.3238323432718
Node 670, 1118.8386043049034
Node 85, 158.42750734879365
Node 1853, 2028.5085479409454
Node 1737, 2013.7263900310204
Node 1695, 2010.4253008432927
Node 167, 353.5554032137649
Node 2235, 2455.777534243018
