Node, generations
Node 1057, 12025.641983206107
Node 379, 459.09710480861474
Node 326, 352.7055709667563
Node 297, 310.83928475514347
Node 367, 434.5135727680532
Node 255, 265.59409008370665
Node 60, 200.58668715058292
Node 207, 241.23350141968209
Node 307, 318.8393344742561
Node 201, 239.21132062404652
Node 156, 219.47769641088215
Node 64, 200.8581422304462
Node 1010, 11003.819046581963
Node 439, 656.9756568573443
Node 195, 235.7357831454116
Node 97, 206.7830505891835
Node 280, 284.8927966188775
Node 501, 1058.9921416161937
Node 405, 527.332001600792
Node 311, 331.02197875306916
Node 230, 249.88799888363815
Node 43, 125.27325753834879
Node 322, 348.1227343158382
Node 310, 322.2196647189055
Node 268, 276.5074823654736
Node 205, 240.61335828011903
Node 283, 286.03186306390296
Node 261, 270.3970606310015
Node 260, 270.3565401232066
Node 179, 233.06407363988998
Node 71, 201.7251950966936
Node 169, 225.23668500200648
Node 459, 767.422249753882
Node 356, 414.46234375529974
Node 354, 406.8945947726612
Node 211, 242.0885192939439
Node 276, 281.605148348208
Node 431, 622.3423046296161
Node 234, 253.16163826249064
