node_generations, branch_length
2915.490541315309, 22707.658551055552
2197.4937097472, 717.9968315681094
0.0, 2197.4937097472
2050.9801994821623, 146.51351026503744
0.0, 2050.9801994821623
91.02786818928865, 1959.9523312928736
0.0, 91.02786818928865
0.0, 91.02786818928865
2759.036544798319, 156.45399651699017
0.0, 2759.036544798319
2286.9802962707936, 472.05624852752544
0.0, 2286.9802962707936
0.0, 2286.9802962707936
3851.2533789586632, 21771.8957134122
2550.072979773188, 1301.1803991854754
0.0, 2550.072979773188
2160.8913844098747, 389.18159536331314
2126.329293545099, 34.562090864775655
0.0, 2126.329293545099
2002.7432234090586, 123.58607013604046
0.0, 2002.7432234090586
0.0, 2002.7432234090586
2133.4463642541677, 27.44502015570697
1979.7158374398603, 153.7305268143075
0.0, 1979.7158374398603
0.0, 1979.7158374398603
2077.170096096051, 56.276268158116636
0.0, 2077.170096096051
2074.1655374025513, 3.0045586934998028
0.0, 2074.1655374025513
1285.8929386191453, 788.272598783406
0.0, 1285.8929386191453
0.0, 1285.8929386191453
2874.945014033141, 976.3083649255223
2017.2996714176772, 857.6453426154637
0.0, 2017.2996714176772
2004.3985530660182, 12.901118351659079
0.0, 2004.3985530660182
0.0, 2004.3985530660182
2654.0683995196932, 220.87661451344775
2127.771936323384, 526.2964631963091
1332.0526257926372, 795.719310530747
0.0, 1332.0526257926372
0.0, 1332.0526257926372
2048.974676519631, 78.79725980375315
0.0, 2048.974676519631
1483.8124784932365, 565.1621980263944
0.0, 1483.8124784932365
898.4153772255634, 585.3971012676732
0.0, 898.4153772255634
0.0, 898.4153772255634
2643.011988395147, 11.05641112454623
2076.128716628029, 566.883271767118
2008.4624833078583, 67.6662333201707
0.0, 2008.4624833078583
0.0, 2008.4624833078583
2044.4336652048162, 31.695051423212817
0.0, 2044.4336652048162
0.0, 2044.4336652048162
2466.5019278893446, 176.51006050580236
2111.5328069436723, 354.96912094567233
0.0, 2111.5328069436723
2016.7866160547655, 94.74619088890677
0.0, 2016.7866160547655
0.0, 2016.7866160547655
2129.308390562045, 337.1935373272995
1399.1048965501986, 730.2034940118465
0.0, 1399.1048965501986
0.0, 1399.1048965501986
2034.8062628709426, 94.50212769110249
2032.3160970865372, 2.4901657844054625
0.0, 2032.3160970865372
0.0, 2032.3160970865372
2032.449529257847, 2.3567336130956846
0.0, 2032.449529257847
1273.7845672329552, 758.6649620248918
0.0, 1273.7845672329552
0.0, 1273.7845672329552
