Node, generations
Node 4338, 67478.8956575521
Node 2432, 7087.125617340638
Node 1734, 1271.111210308786
Node 1703, 1236.0901508622205
Node 1191, 1009.0455014947058
Node 937, 1001.091871833715
Node 1086, 1004.7178361983654
Node 623, 769.3176537039595
Node 1655, 1157.9522821599116
Node 1589, 1093.8885489636243
Node 1349, 1021.3019802976225
Node 1314, 1017.7249890699372
Node 1090, 1004.8763129195605
Node 1143, 1007.0912829120216
Node 518, 671.0423690909093
Node 143, 218.72857986214837
Node 1549, 1075.0824265550007
Node 1414, 1029.5230476225804
Node 1590, 1094.1349809019514
Node 300, 430.8554929407915
Node 227, 333.9044799054033
Node 1467, 1042.2807376096184
Node 420, 551.906017780641
Node 2265, 5599.523151722536
Node 2160, 4742.380608143263
Node 1856, 2107.255799673279
Node 1548, 1074.2947376213915
Node 688, 828.3852679418995
Node 838, 970.5331600723486
Node 508, 659.2390442687894
Node 193, 290.3677089052985
Node 2192, 5011.90450195239
Node 1780, 1366.181595095917
Node 1479, 1045.72065438663
Node 1354, 1021.5951083136287
Node 494, 640.3769175325832
Node 98, 95.27516773216574
Node 1182, 1008.4944306587578
Node 279, 410.0946239690389
Node 444, 582.9131983187112
Node 1572, 1085.1603649486617
Node 281, 412.8027474092054
Node 1477, 1045.0968935590604
Node 1402, 1027.5349487830176
Node 1157, 1007.5037131327668
Node 562, 712.7619693230106
Node 2122, 4376.488295902886
Node 1944, 3004.5053036780046
Node 1695, 1221.7793996458222
Node 1667, 1175.7866088683595
Node 1381, 1024.4948038805296
Node 1152, 1007.3446106064903
Node 592, 737.0984219132814
Node 120, 149.12581135588482
Node 84, 58.12011768732996
Node 1672, 1185.2399055462747
Node 1458, 1040.061316613784
Node 423, 554.3733509185274
Node 1711, 1243.531604910186
Node 1518, 1060.1441344358163
Node 1566, 1081.0735112178095
Node 869, 991.734802132342
Node 81, 18.620289042988276
Node 1544, 1072.0972690512956
Node 1385, 1024.9764103031637
Node 1067, 1004.0748324954361
Node 407, 539.1461751022373
Node 602, 748.7367426354281
Node 253, 373.2251363022383
Node 1509, 1055.6569881342705
Node 1433, 1033.1118605329498
Node 3298, 20612.085161816245
Node 1707, 1240.6948843502998
Node 1619, 1115.7559889179083
Node 1365, 1022.4427985048769
Node 1316, 1017.9401977129426
Node 1823, 1490.1084014798284
Node 1646, 1147.1460382883306
Node 1451, 1037.7042185615621
