Node, generations
Node 1721, 11209.232430187543
Node 1250, 6416.743510985182
Node 456, 1491.0035202151587
Node 102, 117.00855662345936
Node 297, 349.39143903934644
Node 288, 329.4781154163129
Node 183, 178.31370122459523
Node 108, 120.71300450124758
Node 219, 223.61144511956147
Node 107, 120.13050156137362
Node 198, 196.85095462680053
Node 132, 133.09228326178587
Node 978, 4413.536637458329
Node 407, 1194.4064394176085
Node 820, 3477.668800804945
Node 242, 266.0985481981905
Node 175, 168.5489380232009
Node 142, 140.21987491333587
Node 127, 129.82036844874597
Node 49, 100.12513122788224
Node 178, 169.51720189447883
Node 97, 115.46671650299258
Node 143, 141.1678610950159
Node 116, 124.83229341736023
Node 1645, 10233.816560362346
Node 905, 4015.52825609552
Node 281, 312.1357585737665
Node 224, 233.358597039937
Node 110, 121.0454561769062
Node 179, 169.73503872610277
Node 79, 109.53462957057955
Node 633, 2373.449010987856
Node 234, 255.79285603864838
Node 321, 597.5527558377845
Node 193, 190.44518015595
Node 255, 280.10934495483104
Node 77, 109.1463886516124
Node 226, 234.19148807259035
Node 176, 169.14381667930877
