Node, generations
Node 2420, 16518.484307374983
Node 2135, 12296.775599370434
Node 1087, 3233.691418700427
Node 507, 373.4166288192424
Node 272, 218.06161382248607
Node 362, 244.45132836253728
Node 240, 212.3922409054901
Node 603, 929.9999599359519
Node 512, 382.0111707280654
Node 464, 314.0594453797682
Node 414, 275.3344139573845
Node 324, 230.4477038879092
Node 429, 283.61706523452244
Node 476, 327.34159127759386
Node 321, 229.4295681871575
Node 134, 202.7121320156082
Node 236, 212.23371758138748
Node 586, 830.6711416793415
Node 417, 276.69755908028895
Node 254, 215.02601653739333
Node 479, 330.20246589518
Node 213, 209.328513988601
Node 63, 46.40428295427488
Node 390, 262.3716909509244
Node 310, 225.89149486390775
Node 325, 231.0661906176092
Node 1573, 6408.390926542715
Node 431, 286.02853429903973
Node 1349, 4817.1417596884585
Node 477, 327.50250074788545
Node 335, 232.72688764098262
Node 314, 227.0349498267799
Node 94, 200.20211845145167
Node 533, 498.2073934447434
Node 506, 372.9823788162935
Node 435, 289.0187935106314
Node 198, 207.61347046781185
Node 184, 206.6450035563257
Node 2336, 14979.496174012675
Node 516, 391.8502397016005
Node 246, 213.6148092317059
Node 413, 274.7884811712874
Node 1470, 5708.353391728155
Node 406, 272.75907965752856
Node 190, 207.04360380873996
Node 259, 215.55534389995603
Node 1358, 4881.629318568431
Node 554, 644.4527042140985
Node 438, 292.8729783488071
Node 333, 232.660796784367
Node 436, 289.2087388947844
Node 112, 201.4426737390356
Node 492, 359.80034259477503
Node 461, 310.8423267150144
Node 319, 228.88786241804925
Node 444, 299.9003371869727
Node 564, 724.9509699286853
Node 538, 519.320697538687
Node 336, 232.76750138502305
