Node, generations
Node 998, 8775.071202873569
Node 693, 1098.8125259813328
Node 283, 224.63090114036353
Node 644, 771.4787170072766
Node 604, 607.0512117376866
Node 322, 238.45045437135244
Node 583, 511.39513598699904
Node 507, 364.8076214360125
Node 407, 270.8659114459203
Node 73, 91.57963805932656
Node 236, 215.06885794880301
Node 492, 347.6736399625973
Node 61, 18.090047834979284
Node 541, 427.0100377633647
Node 113, 201.26438056478162
Node 297, 230.07126435575597
Node 296, 229.7670089035848
Node 210, 211.97902103047574
Node 258, 220.64159684257766
Node 234, 214.98944607594515
Node 252, 219.93846429430562
Node 634, 727.5044223640244
Node 174, 207.05459814317783
Node 305, 232.94195990881474
Node 251, 219.51599594563845
Node 839, 4959.918605196511
Node 226, 214.12213622551792
Node 216, 212.66012535257133
Node 661, 877.9952501058473
Node 518, 376.7820612727185
Node 649, 800.4629808192639
Node 162, 205.90401300370317
Node 637, 738.0167550243931
Node 443, 294.71141862322054
Node 63, 41.67091109703354
Node 311, 235.5574390838519
Node 225, 214.00700426416603
Node 581, 509.4452600336068
Node 531, 404.14320102390695
Node 402, 270.02557170409153
Node 403, 270.0272690555993
Node 211, 212.1570062033379
Node 69, 64.31227366555281
Node 535, 407.85253715344294
Node 511, 369.29268779542826
Node 454, 304.7751552209888
Node 436, 291.2016349174478
Node 469, 318.26905143023765
Node 420, 281.89624915434626
Node 160, 205.72080561055017
Node 298, 230.12241968196233
Node 79, 124.61030667631267
Node 533, 406.55730849547575
Node 377, 256.7243838906053
Node 262, 221.24507272594622
Node 189, 208.91957973153458
Node 356, 250.0250637221205
Node 411, 272.80817792197934
Node 256, 220.53063972637895
