Node, generations
Node 2327, 24141.780783432703
Node 1908, 15581.000296460867
Node 161, 155.86813563368247
Node 50, 52.46112305134867
Node 752, 3457.180341009983
Node 209, 238.8543935001183
Node 62, 59.842384782418534
Node 54, 53.638332689854735
Node 657, 2860.7525703963347
Node 183, 200.16304033612695
Node 104, 93.19316647506287
Node 67, 62.902618450196066
Node 197, 220.70499610712193
Node 63, 59.90779235903292
Node 145, 132.1219606016658
Node 126, 110.95261291552421
Node 78, 65.98131550764505
Node 2017, 17231.19641717334
Node 432, 1705.044766421493
Node 166, 165.84712840067326
Node 257, 647.507303930724
Node 119, 102.39796151799142
Node 210, 239.47220507636825
Node 95, 80.10031576037495
Node 79, 66.26499529485096
Node 170, 172.2189684040978
Node 107, 94.41898840516428
Node 87, 73.53161523005592
Node 60, 59.488475966953885
Node 88, 74.79348837443366
Node 1369, 8756.663181896245
Node 199, 224.37315438230283
Node 137, 122.21965985288682
Node 70, 63.431774299730556
Node 672, 2988.7794335554668
Node 118, 102.33553767771755
Node 65, 61.3556113747333
Node 272, 732.7192854121301
Node 192, 213.4415287872491
