node_generations, branch_length
376.40598376697517, 24241.110134933508
0.0, 376.40598376697517
268.0249090952411, 108.38107467173404
0.0, 268.0249090952411
200.84050525088156, 67.18440384435957
0.0, 200.84050525088156
0.0, 200.84050525088156
10132.826254901336, 14484.689863799145
371.8799566456481, 9760.946298255689
103.75006703261326, 268.12988961303483
0.0, 103.75006703261326
0.0, 103.75006703261326
213.26533920878688, 158.61461743686124
0.0, 213.26533920878688
0.0, 213.26533920878688
1011.5501942189835, 9121.276060682352
362.8227612558078, 648.7274329631757
206.56970818018303, 156.25305307562476
0.0, 206.56970818018303
0.0, 206.56970818018303
331.36922938669977, 31.45353186910802
278.372522761286, 52.996706625413765
0.0, 278.372522761286
0.0, 278.372522761286
290.98617103746295, 40.38305834923682
0.0, 290.98617103746295
220.77022000414092, 70.21595103332203
0.0, 220.77022000414092
0.0, 220.77022000414092
874.7397458853773, 136.81044833360625
0.0, 874.7397458853773
686.366074219243, 188.37367166613421
425.2309880575912, 261.1350861616518
0.0, 425.2309880575912
0.0, 425.2309880575912
522.6565397347777, 163.7095344844654
0.0, 522.6565397347777
0.0, 522.6565397347777
