Node, generations
Node 1561, 9967.599645736938
Node 1322, 1563.082049024741
Node 1129, 748.9732259351953
Node 353, 474.4360347306736
Node 87, 72.59793871615511
Node 793, 523.5006462438868
Node 677, 511.69708724468313
Node 566, 506.0018789053547
Node 147, 200.20135342810727
Node 82, 40.09583329372462
Node 1289, 1392.6912727986546
Node 1029, 622.2190828446321
Node 853, 533.2605957382074
Node 1231, 1085.3789153045586
Node 1204, 971.0728841431081
Node 1116, 728.031818765779
Node 1056, 648.8731702961816
Node 939, 559.3388831717531
Node 1093, 692.9626896807519
Node 931, 556.9850331586554
Node 83, 47.70125875861041
Node 925, 552.6074764804681
Node 226, 334.44749310582256
Node 760, 518.5676105601783
Node 746, 517.4796095620801
Node 569, 506.1821534640969
Node 612, 508.33208495383786
Node 1066, 658.987510061216
Node 519, 503.7250331914009
Node 387, 500.23884415812506
Node 653, 510.2762651490169
Node 571, 506.28695099489966
Node 1151, 808.2661130383905
Node 1102, 707.1356531439042
Node 338, 456.2491959354839
Node 977, 580.4201379230665
Node 744, 517.2977864292244
Node 1365, 1966.1099003952636
Node 778, 520.6851186273728
Node 562, 505.83193803007555
Node 1291, 1409.5849840317767
Node 1124, 736.402372819556
Node 1021, 617.9643771289399
Node 937, 558.8137751853627
Node 786, 521.6907675348987
Node 529, 504.19049729529
Node 1111, 719.7174724195628
Node 927, 553.3434230977401
Node 216, 320.55558947902375
Node 1256, 1220.8105731297273
Node 1171, 852.4918215573446
Node 868, 536.5738170620474
Node 787, 521.9649946352376
Node 388, 500.2887318435438
Node 974, 576.8879759926856
Node 342, 462.73932773110505
Node 689, 512.0918306431645
Node 424, 501.1140273592682
Node 141, 190.65318587456517
Node 1247, 1161.7180223911425
Node 999, 596.4889436320148
Node 879, 539.5020599658629
Node 831, 528.4402633686541
Node 782, 521.134825774191
Node 124, 167.54295854153034
Node 942, 559.4988607146148
Node 1180, 879.3359313234658
Node 101, 115.5314709258317
Node 1175, 864.2744284268715
Node 1079, 669.7851250044839
Node 1047, 637.3468877470084
Node 1009, 600.8281568949544
Node 989, 589.6816058424126
Node 953, 564.4577524766947
Node 1122, 734.3184164047349
Node 929, 554.3909109437751
Node 636, 509.5891212252214
Node 402, 500.5051587000232
Node 386, 500.22597696272584
