node_generations, branch_length
2270.817002775867, 7688.826573057316
627.2259792163479, 1643.591023559519
0.0, 627.2259792163479
511.5447516367628, 115.68122757958514
0.0, 511.5447516367628
0.0, 511.5447516367628
1443.169585559309, 827.6474172165579
0.0, 1443.169585559309
796.8781925274602, 646.2913930318489
365.6354697474855, 431.2427227799747
0.0, 365.6354697474855
0.0, 365.6354697474855
617.4180557998147, 179.46013672764548
528.2211736985423, 89.19688210127242
0.0, 528.2211736985423
0.0, 528.2211736985423
544.9392706590471, 72.47878514076763
0.0, 544.9392706590471
460.1423157722232, 84.79695488682393
0.0, 460.1423157722232
0.0, 460.1423157722232
2899.654310571012, 7059.989265262171
1234.8056449300598, 1664.8486656409523
0.0, 1234.8056449300598
501.7607354999353, 733.0449094301244
0.0, 501.7607354999353
0.0, 501.7607354999353
1748.2040240360016, 1151.4502865350105
808.7625903847807, 939.4414336512209
0.0, 808.7625903847807
647.1452481597645, 161.61734222501616
547.7263999501681, 99.41884820959638
0.0, 547.7263999501681
526.7988328459636, 20.927567104204513
0.0, 526.7988328459636
204.89789873603965, 321.9009341099239
0.0, 204.89789873603965
0.0, 204.89789873603965
640.19573577367, 6.949512386094511
543.376150291157, 96.81958548251293
0.0, 543.376150291157
259.7891247834118, 283.58702550774524
0.0, 259.7891247834118
0.0, 259.7891247834118
621.4927801036409, 18.70295567002904
0.0, 621.4927801036409
0.0, 621.4927801036409
1059.788465509984, 688.4155585260175
500.6246021282755, 559.1638633817086
0.0, 500.6246021282755
0.0, 500.6246021282755
1037.6097578180484, 22.178707691935642
636.5701959390072, 401.0395618790411
0.0, 636.5701959390072
558.7717474805706, 77.79844845843661
0.0, 558.7717474805706
0.0, 558.7717474805706
1027.6615673311305, 9.948190486917838
500.7928585341362, 526.8687087969943
0.0, 500.7928585341362
0.0, 500.7928585341362
886.0970919431788, 141.5644753879517
0.0, 886.0970919431788
719.4295950104326, 166.6674969327462
574.8601320053168, 144.56946300511584
0.0, 574.8601320053168
505.69839323584034, 69.16173876947647
0.0, 505.69839323584034
0.0, 505.69839323584034
658.9285880858471, 60.50100692458557
0.0, 658.9285880858471
546.1277427894239, 112.80084529642318
0.0, 546.1277427894239
538.9444090259938, 7.1833337634301415
0.0, 538.9444090259938
502.1317019712954, 36.812707054698365
0.0, 502.1317019712954
0.0, 502.1317019712954
