Node, generations
Node 3364, 50420.180985774416
Node 1934, 10367.684022560148
Node 1805, 8905.53948878355
Node 1353, 5288.206901573418
Node 261, 456.82001851571397
Node 53, 103.1252834523527
Node 257, 453.96775108507546
Node 200, 186.88758864492704
Node 175, 161.2134364713134
Node 160, 148.6569247823177
Node 210, 207.7936007352041
Node 42, 85.30265012922317
Node 78, 110.35801937562606
Node 356, 775.2465878332481
Node 82, 111.20225209059146
Node 203, 188.45658237729333
Node 2749, 25510.122004328994
Node 769, 2220.032142233991
Node 159, 146.43836671612917
Node 134, 129.87368410884966
Node 365, 790.1069292625633
Node 323, 642.4582034944514
Node 333, 690.9645859619427
Node 254, 440.2692826302674
Node 248, 397.7762588292012
Node 185, 172.72856282968968
Node 168, 153.31024349584462
Node 47, 101.42648212258646
Node 253, 425.47674033814127
Node 69, 107.49275545380877
Node 1376, 5520.8217067738215
Node 135, 129.88737778423112
Node 977, 3175.742757907985
Node 275, 501.8439865427845
Node 167, 153.15420997808664
Node 113, 121.25591338867872
Node 272, 495.0187450170119
Node 340, 701.6035777075549
Node 86, 112.58609772816847
