Node, generations
Node 1552, 15096.364729957142
Node 64, 145.5930738555237
Node 1344, 11721.670478957258
Node 176, 706.1305300829707
Node 103, 220.70305344885364
Node 71, 161.89933152117703
Node 41, 122.94223966200052
Node 77, 174.98589654662877
Node 45, 126.33842382990653
Node 978, 7283.4187943177485
Node 467, 2950.0659728855044
Node 46, 127.73957079317475
Node 40, 119.36037024595178
Node 404, 2590.178401052097
Node 104, 222.60993808176784
Node 625, 4027.671398158761
Node 185, 851.6982478897584
Node 102, 220.68365365684784
Node 105, 223.44846980562107
