node_generations, branch_length
0.0, 22987.338096004754
17629.97084775814, 5357.367248246614
0.0, 17629.97084775814
14649.936621537436, 2980.034226220705
6794.541461841045, 7855.395159696391
327.53997969701817, 6467.001482144027
0.0, 327.53997969701817
226.61989898905864, 100.92008070795953
0.0, 226.61989898905864
218.152886904198, 8.467012084860642
0.0, 218.152886904198
100.79101995455164, 117.36186694964636
0.0, 100.79101995455164
0.0, 100.79101995455164
1100.9358125372332, 5693.605649303812
323.01303063919994, 777.9227818980332
112.80902451678121, 210.20400612241872
0.0, 112.80902451678121
0.0, 112.80902451678121
243.0106682095686, 80.00236242963135
0.0, 243.0106682095686
0.0, 243.0106682095686
346.59292943065543, 754.3428831065778
0.0, 346.59292943065543
193.20493894621504, 153.3879904844404
0.0, 193.20493894621504
103.90495151038371, 89.29998743583133
0.0, 103.90495151038371
0.0, 103.90495151038371
7362.580899493965, 7287.35572204347
134.46254439584663, 7228.118355098119
0.0, 134.46254439584663
0.0, 134.46254439584663
3802.2641364485467, 3560.3167630454186
1800.5646145764229, 2001.6995218721238
301.4396319669935, 1499.1249826094295
169.57257133868788, 131.8670606283056
0.0, 169.57257133868788
163.04006602899608, 6.5325053096918
0.0, 163.04006602899608
134.27196345543203, 28.76810257356405
0.0, 134.27196345543203
104.67230952916918, 29.599653926262846
0.0, 104.67230952916918
101.00965342990109, 3.6626560992680908
0.0, 101.00965342990109
0.0, 101.00965342990109
240.51462595911647, 60.925006007877016
0.0, 240.51462595911647
189.6573451569301, 50.85728080218638
0.0, 189.6573451569301
173.4624078650085, 16.194937291921605
0.0, 173.4624078650085
138.3970336840817, 35.065374180926796
0.0, 138.3970336840817
0.0, 138.3970336840817
324.5869352585268, 1475.977679317896
0.0, 324.5869352585268
135.6807047140137, 188.9062305445131
0.0, 135.6807047140137
66.663802415313, 69.0169022987007
0.0, 66.663802415313
0.0, 66.663802415313
2829.8457258253984, 972.4184106231482
231.2599803892723, 2598.585745436126
0.0, 231.2599803892723
0.0, 231.2599803892723
1746.324646693283, 1083.5210791321153
0.0, 1746.324646693283
269.0192190810721, 1477.305427612211
113.19064700858998, 155.82857207248213
0.0, 113.19064700858998
0.0, 113.19064700858998
257.7727906902806, 11.246428390791493
0.0, 257.7727906902806
239.23039608819414, 18.54239460208646
0.0, 239.23039608819414
0.0, 239.23039608819414
