Node, generations
Node 1430, 48246.40919716544
Node 588, 2789.471780312172
Node 484, 1555.5625636012885
Node 330, 1102.6829495043257
Node 396, 1181.833394951843
Node 21, 179.53567331249843
Node 390, 1171.7839335014976
Node 53, 674.6327320284844
Node 493, 1599.6571081027228
Node 467, 1412.881229957681
Node 313, 1086.189224508301
Node 1065, 22561.29705518305
Node 641, 5210.937727779533
Node 336, 1108.5198156828478
Node 303, 1080.677113026457
Node 331, 1103.8470794737184
Node 278, 1058.8322912314318
Node 366, 1138.9421052135228
Node 60, 736.9859110258795
