Node, generations
Node 1212, 20827.74541593425
Node 686, 2412.9395413314387
Node 1035, 13721.645735507245
Node 696, 2466.616332734955
Node 396, 2017.61438133927
Node 678, 2372.0730481200953
Node 629, 2206.3830253039264
Node 764, 2976.561942098345
Node 577, 2133.7541265162404
Node 449, 2034.5302334366534
Node 705, 2511.7294090965042
Node 536, 2086.316757476374
Node 26, 240.35908707701094
Node 664, 2321.0034615380287
Node 627, 2204.8486728911216
Node 539, 2088.1393413278306
Node 563, 2115.7943158961425
Node 20, 15.273698243763697
Node 639, 2238.7578932065276
