node_generations, branch_length
7822.29863116718, 16151.020307594179
200.4363979651701, 7621.86223320201
0.0, 200.4363979651701
0.0, 200.4363979651701
257.496723414868, 7564.801907752312
0.0, 257.496723414868
224.74801556192688, 32.748707852941095
0.0, 224.74801556192688
0.0, 224.74801556192688
19337.436347523773, 4635.882591237587
9229.488941302163, 10107.94740622161
227.43375484122998, 9002.055186460933
0.0, 227.43375484122998
0.0, 227.43375484122998
274.21123048691567, 8955.277710815248
0.0, 274.21123048691567
210.82220061924397, 63.389029867671695
0.0, 210.82220061924397
0.0, 210.82220061924397
16581.9604323897, 2755.475915134073
0.0, 16581.9604323897
13531.01553894527, 3050.94489344443
3852.1157180937353, 9678.899820851535
1052.1314009582607, 2799.9843171354746
0.0, 1052.1314009582607
0.0, 1052.1314009582607
2038.6154875765924, 1813.5002305171429
0.0, 2038.6154875765924
258.9590047717226, 1779.6564828048697
0.0, 258.9590047717226
209.06178889989306, 49.89721587182956
0.0, 209.06178889989306
0.0, 209.06178889989306
8748.481695983955, 4782.533842961315
1714.1907311769396, 7034.290964807016
389.53869367318794, 1324.6520375037517
0.0, 389.53869367318794
151.45316202442643, 238.0855316487615
0.0, 151.45316202442643
0.0, 151.45316202442643
1211.423188781223, 502.76754239571665
216.0101199529746, 995.4130688282484
0.0, 216.0101199529746
0.0, 216.0101199529746
347.3594469456079, 864.063741835615
0.0, 347.3594469456079
290.5592676907113, 56.80017925489659
0.0, 290.5592676907113
71.41800513993894, 219.14126255077235
0.0, 71.41800513993894
0.0, 71.41800513993894
1926.9906826516449, 6821.49101333231
292.1376465796766, 1634.8530360719683
0.0, 292.1376465796766
230.75279398741924, 61.384852592257346
0.0, 230.75279398741924
229.0790024547909, 1.6737915326283428
0.0, 229.0790024547909
217.8409871542256, 11.238015300565309
0.0, 217.8409871542256
0.0, 217.8409871542256
364.72443271162246, 1562.2662499400224
302.06729905830235, 62.6571336533201
0.0, 302.06729905830235
228.5827954138855, 73.48450364441686
0.0, 228.5827954138855
0.0, 228.5827954138855
333.0722107429452, 31.65222196867728
224.35749401629351, 108.71471672665166
0.0, 224.35749401629351
202.80121387881397, 21.556280137479547
0.0, 202.80121387881397
0.0, 202.80121387881397
323.9027668795419, 9.169443863403274
0.0, 323.9027668795419
212.95038295044, 110.9523839291019
0.0, 212.95038295044
0.0, 212.95038295044
