Node, generations
Node 2150, 18076.723611744394
Node 870, 4087.2409323374723
Node 808, 3641.0012639780757
Node 351, 1095.469246045913
Node 211, 223.683047567997
Node 120, 107.48853703142123
Node 89, 75.47829916120058
Node 69, 64.06605626206525
Node 196, 197.1872248658925
Node 143, 126.25127776908155
Node 79, 68.14422942226793
Node 218, 236.58255784959798
Node 453, 1662.5986977174507
Node 165, 144.73631682121763
Node 73, 66.42465893301642
Node 65, 62.822390529889496
Node 95, 79.54763824152512
Node 222, 240.92050368964954
Node 40, 8.12112830563835
Node 1771, 12129.62069760611
Node 558, 2188.544202483069
Node 195, 195.8310308829109
Node 103, 83.4804227702767
Node 93, 78.29171240309515
Node 138, 121.99810498558682
Node 1408, 8256.131533658003
Node 400, 1328.5242575186323
Node 100, 81.32070655288987
Node 84, 70.40627852706098
Node 1285, 6966.02507598177
Node 59, 58.75616743781604
Node 49, 53.12374871229616
Node 816, 3690.6571511679654
Node 134, 121.0968173239944
Node 193, 191.65840247364
Node 162, 143.1236604766519
Node 187, 178.74128573426717
Node 121, 107.67807829753266
Node 108, 86.41239583582825
