node_generations, branch_length
5333.388339282704, 18350.652075083526
0.0, 5333.388339282704
2473.117398132584, 2860.2709411501196
275.1518392350394, 2197.9655588975447
0.0, 275.1518392350394
0.0, 275.1518392350394
303.06799945423063, 2170.0493986783536
250.239057735565, 52.82894171866562
0.0, 250.239057735565
236.34599608214975, 13.89306165341526
0.0, 236.34599608214975
0.0, 236.34599608214975
270.6476597280187, 32.42033972621192
0.0, 270.6476597280187
0.0, 270.6476597280187
10368.58011610318, 13315.460298263051
214.52943636088818, 10154.050679742291
0.0, 214.52943636088818
0.0, 214.52943636088818
4823.677091700748, 5544.903024402432
732.7931944350612, 4090.8838972656868
287.55032995872665, 445.24286447633455
0.0, 287.55032995872665
229.3347924228018, 58.21553753592485
0.0, 229.3347924228018
201.49291486617773, 27.84187755662407
0.0, 201.49291486617773
0.0, 201.49291486617773
687.7993145073001, 44.9938799277611
0.0, 687.7993145073001
384.70198776215693, 303.09732674514316
0.0, 384.70198776215693
0.0, 384.70198776215693
3498.8346267238376, 1324.8424649769104
0.0, 3498.8346267238376
607.6683685822084, 2891.1662581416294
0.0, 607.6683685822084
0.0, 607.6683685822084
