Node, generations
Node 2948, 38026.12256197238
Node 1950, 13722.482044914068
Node 261, 1114.2620106131196
Node 143, 729.9694269249394
Node 86, 445.0737538035704
Node 65, 287.54788440712366
Node 1678, 10248.798797854972
Node 782, 3305.5782884950563
Node 559, 2370.5339808757763
Node 208, 957.5588320001025
Node 219, 983.6390021976218
Node 147, 758.4690497922988
Node 2338, 20696.648937170216
Node 614, 2574.946959203959
Node 225, 1002.5099468726389
Node 946, 4249.583680566621
Node 61, 252.4972036471364
Node 35, 119.86417529774974
Node 130, 666.5316873035149
