Node, generations
Node 1033, 1912.5694807635782
Node 949, 1202.8624377420392
Node 692, 571.6095100736451
Node 530, 521.108790156741
Node 150, 350.9893805787958
Node 153, 353.7909655952484
Node 902, 983.3207834489461
Node 543, 523.5741458255213
Node 897, 975.6233882249662
Node 856, 826.5175599164241
Node 494, 517.0932310640791
Node 739, 603.503440479104
Node 732, 597.6416033470304
Node 459, 512.4697634790821
Node 689, 571.1146056132367
Node 673, 565.6259600465477
Node 504, 518.080740314379
Node 889, 932.8829060342857
Node 865, 855.8925903067969
Node 147, 342.6451742925121
Node 60, 16.298759938601723
Node 834, 764.4230477902548
Node 828, 752.7269179498988
Node 661, 559.7833576296871
Node 287, 502.5700107046324
Node 809, 707.6806362515583
Node 165, 380.5187734995253
Node 711, 580.7133639112719
Node 629, 545.6966916268128
Node 650, 554.712802227256
Node 73, 149.5291838833327
Node 586, 532.3045940288487
Node 549, 525.171158592365
Node 871, 865.8765163203698
Node 768, 633.6598988724108
Node 697, 572.7470674532216
Node 664, 560.3219834793265
Node 608, 539.6301464720458
Node 525, 520.6255454289043
Node 487, 515.5028947966757
Node 960, 1274.9907014047656
Node 780, 653.5974647738872
Node 527, 520.8216800370466
Node 885, 905.0672356087737
Node 831, 758.0512622865116
Node 684, 569.388385938004
Node 430, 510.4040956453403
Node 198, 448.85192323101273
Node 725, 592.4381423318758
Node 706, 576.9668952065781
Node 678, 568.3825901466884
Node 284, 502.4210196579391
Node 844, 793.2838879756927
Node 708, 577.0506377898594
Node 548, 525.1587215533602
Node 841, 787.7843495733191
Node 521, 520.1396716959354
Node 65, 106.58464300875892
Node 332, 504.2371748494219
