Node, generations
Node 1959, 2894.1138282424627
Node 1843, 1798.1656751233159
Node 1644, 1151.7298620630054
Node 1225, 1010.1751792465443
Node 88, 58.013807676681466
Node 215, 327.18224964471824
Node 212, 323.9790197740313
Node 1567, 1086.9261217331718
Node 1185, 1007.6339499218291
Node 1563, 1084.583107300262
Node 996, 1002.0282632379267
Node 1927, 2487.2901928218116
Node 1565, 1085.8017457332046
Node 1477, 1045.1855501852715
Node 1532, 1070.7760795545087
Node 1381, 1025.7711570275035
Node 1274, 1013.435155994808
Node 1902, 2136.751168227465
Node 1793, 1505.4980534266545
Node 141, 222.57257505358427
Node 1742, 1327.2167087932517
Node 1423, 1032.7084485110151
Node 842, 966.182381741119
Node 1688, 1206.437068880132
Node 1663, 1178.7614565323775
Node 1550, 1079.3857893199513
Node 950, 1000.9274220193328
Node 820, 944.6939071768393
Node 185, 286.2006110127298
Node 659, 809.5766564973127
Node 1898, 2114.8148204752656
Node 1739, 1316.966541360839
Node 1429, 1033.5968467098346
Node 441, 615.7382698270267
Node 1864, 1904.3565582386216
Node 1784, 1472.9327933854936
Node 1382, 1025.9468685877232
Node 175, 272.38557107272953
Node 94, 92.09510172464309
Node 1215, 1009.4879376686378
Node 1210, 1009.2187595326816
Node 81, 11.995917624887781
Node 1691, 1210.4499284892627
Node 1438, 1035.433236066376
Node 1245, 1011.1656472453778
Node 1676, 1193.1732512834997
Node 860, 978.1152436881115
Node 84, 36.24779069887523
Node 1858, 1849.7189398182677
Node 1746, 1338.0433960687537
Node 1722, 1263.3730298157434
Node 285, 422.14224665874116
Node 1648, 1155.7216551815638
Node 1422, 1032.425852293107
Node 1041, 1003.0807452158339
Node 1305, 1016.5065719512451
Node 1744, 1329.971475462283
Node 1517, 1062.5708667917447
Node 1721, 1261.629294523416
Node 1642, 1150.0417261877883
Node 783, 903.8812260234685
Node 294, 434.43975925834513
Node 497, 664.6305680359571
Node 1576, 1095.303619755195
Node 1549, 1079.0697245191875
Node 961, 1001.24312372159
Node 933, 1000.7204951520367
Node 86, 50.76651958000129
Node 1571, 1092.356896941779
Node 1298, 1015.8666716426967
Node 1529, 1068.703147148929
Node 1112, 1005.1959194260943
Node 1391, 1027.6712271890121
Node 554, 717.8207923503244
Node 1221, 1009.7735900892199
Node 1696, 1222.0686778901281
Node 1232, 1010.4728227394996
Node 1629, 1137.3807655810783
Node 124, 172.44224405257285
