Node, generations
Node 3454, 30850.747879162467
Node 2670, 12128.029439246387
Node 1712, 1269.9795825074764
Node 1445, 1036.32180097591
Node 1328, 1016.4352104269101
Node 583, 713.7572733950757
Node 173, 277.74375881445525
Node 422, 543.7459647765974
Node 1705, 1251.0701585139102
Node 1050, 1003.1717315168371
Node 84, 48.48578660231391
Node 569, 697.4149299767279
Node 1653, 1165.0020216573628
Node 1495, 1049.1426199828086
Node 536, 658.928995630605
Node 1763, 1400.2484632218166
Node 407, 529.4015677023572
Node 1691, 1228.8351735252384
Node 1301, 1014.198329453304
Node 509, 624.2920955276911
Node 403, 525.3030478919889
Node 1630, 1135.6061704779086
Node 1405, 1028.5181335245964
Node 1320, 1015.9897038767414
Node 945, 1001.1584116952109
Node 1273, 1012.0674862487887
Node 1383, 1023.6779104034681
Node 1250, 1010.68140760337
Node 2911, 16699.025969935847
Node 1994, 4044.817889326504
Node 1683, 1213.2378862367257
Node 1225, 1009.5938132549552
Node 770, 891.7491809862123
Node 1274, 1012.1679737055965
Node 172, 276.9736165827638
Node 2043, 4492.775564246473
Node 1703, 1246.051974217607
Node 377, 509.5585110672749
Node 1621, 1128.3863500302198
Node 1511, 1052.4907455222399
Node 1509, 1052.0389490369853
Node 1504, 1050.6769427527008
Node 350, 481.76094104928876
Node 352, 482.83908609796185
Node 1616, 1126.2217929252793
Node 1459, 1040.2017350023023
Node 1213, 1009.2238914061367
Node 1515, 1056.6139346229297
Node 83, 47.67709427209317
Node 1773, 1454.719190438595
Node 1567, 1083.9885528471452
Node 1251, 1010.6958352227543
Node 365, 497.1641638575439
Node 876, 993.35247929747
Node 1536, 1065.8291843763002
Node 836, 957.4792679343067
Node 96, 103.63877018801603
Node 582, 712.209183554381
Node 1235, 1010.0148800182419
Node 1222, 1009.5502858853308
Node 1105, 1004.8483640554681
Node 1106, 1004.8683716445297
Node 620, 746.6667521996507
Node 1707, 1263.450031853412
Node 1647, 1159.8913348211902
Node 1579, 1096.6575005106295
Node 209, 325.58502923959645
Node 1472, 1043.1245525100455
Node 1276, 1012.3606426301006
Node 968, 1001.5616373286352
Node 315, 432.9084921948577
Node 158, 238.6921683984186
Node 1634, 1139.1036459191987
Node 128, 174.87904518022208
Node 1696, 1239.7536373739188
Node 1518, 1057.8631397726797
Node 1644, 1153.4764703613782
Node 405, 527.5410444427168
Node 297, 415.12572020214407
