Node, generations
Node 1287, 12066.665163961532
Node 66, 107.8598781599791
Node 1265, 11417.734020652444
Node 65, 106.6591645458082
Node 1036, 1812.9434797877877
Node 948, 1081.0428099062824
Node 803, 705.8262298833654
Node 673, 565.9058199940145
Node 613, 544.1094253311866
Node 759, 628.9954548175414
Node 606, 541.4306852404561
Node 716, 594.083777730862
Node 942, 1039.9495809712184
Node 805, 708.915543793123
Node 769, 643.2467357377004
Node 707, 587.9873926230598
Node 765, 635.9861129307618
Node 511, 521.0299425163287
Node 616, 544.9203373878105
Node 433, 511.54185797698483
Node 921, 942.2593805388597
Node 747, 622.4927765916595
Node 696, 581.9726163729885
Node 637, 551.3864178099391
Node 567, 531.5482432934889
Node 857, 773.7758967460964
Node 573, 532.7335942591429
Node 547, 527.9875532246023
Node 114, 261.6005658136866
Node 429, 510.9981321186511
Node 303, 503.19378845060925
Node 954, 1110.564219256743
Node 863, 788.0736978560323
Node 559, 530.2738396864503
Node 463, 514.5327707811348
Node 507, 520.6341881667431
Node 813, 719.7829668042709
Node 439, 512.2693582383677
Node 397, 508.7804545369017
Node 940, 1038.8447573496865
Node 908, 907.6918842419457
Node 745, 621.1761620035254
Node 574, 533.4415234311572
Node 60, 18.407464319240244
Node 376, 507.2134067480831
Node 698, 582.4004804529941
Node 470, 515.8074211971256
Node 665, 563.9387907520005
Node 611, 543.2800017344385
Node 565, 530.9229217031215
Node 526, 524.0609292091482
Node 301, 503.110334016957
Node 545, 526.8083680049461
Node 116, 263.0450330838295
Node 935, 1005.9572169901534
Node 791, 681.3291109766847
Node 753, 626.9147587776466
Node 622, 546.4200684937007
Node 750, 625.8843308572215
