node_generations, branch_length
1947.8497310587625, 718.6992865583486
1216.602288044764, 731.2474430139985
0.0, 1216.602288044764
1054.7098847664531, 161.8924032783109
0.0, 1054.7098847664531
746.3425088844754, 308.36737588197775
0.0, 746.3425088844754
0.0, 746.3425088844754
1305.9322172164411, 641.9175138423213
0.0, 1305.9322172164411
0.0, 1305.9322172164411
2464.982348540131, 201.5666690769799
1224.7208745858193, 1240.261473954312
1029.3329721319058, 195.3879024539135
0.0, 1029.3329721319058
0.0, 1029.3329721319058
1224.5284600667633, 0.19241451905600115
0.0, 1224.5284600667633
1093.373924483735, 131.1545355830283
0.0, 1093.373924483735
0.0, 1093.373924483735
1707.5296269203359, 757.4527216197953
1377.7991244720965, 329.73050244823935
0.0, 1377.7991244720965
1148.2978059998034, 229.50131847229318
0.0, 1148.2978059998034
960.3185516259806, 187.97925437382276
0.0, 960.3185516259806
0.0, 960.3185516259806
1638.802313558854, 68.72731336148195
1069.7498631278524, 569.0524504310015
0.0, 1069.7498631278524
180.92431855537637, 888.825544572476
0.0, 180.92431855537637
0.0, 180.92431855537637
1166.6904395994427, 472.11187395941124
0.0, 1166.6904395994427
0.0, 1166.6904395994427
