Node, generations
Node 1834, 26385.484286448995
Node 513, 1470.3539035939855
Node 356, 428.1476927515195
Node 47, 100.62155164688245
Node 261, 292.4435604454981
Node 442, 618.143000044593
Node 363, 441.85280586219943
Node 240, 270.2413229510648
Node 219, 251.31743699625156
Node 315, 361.24936484279294
Node 249, 274.69237512635567
Node 192, 238.69559871133404
Node 255, 283.4750146043651
Node 45, 72.37593919697643
Node 377, 463.1346409743711
Node 341, 397.4111380660103
Node 188, 237.96112203595905
Node 148, 222.1304023271304
Node 122, 212.9358589432425
Node 355, 420.5008583604721
Node 40, 20.337713257591332
Node 314, 360.7500081509243
Node 1493, 17374.354317165577
Node 153, 223.29645237130592
Node 549, 1896.9790554060244
Node 457, 648.1382510720573
Node 239, 269.9221070248995
Node 147, 222.0774012561424
Node 415, 532.790096344794
Node 178, 233.54623351044114
Node 477, 725.6513530316622
Node 234, 265.6115930751252
Node 151, 222.78275354438955
Node 107, 209.00087685297532
Node 380, 466.9057987078683
Node 326, 378.57679000394126
Node 232, 263.8939600863743
Node 272, 301.207303205674
Node 271, 300.34301498422525
