Node, generations
Node 784, 9416.680862970183
Node 504, 1025.1540596157802
Node 302, 321.2112751669316
Node 764, 9047.906455059652
Node 492, 950.4115864400211
Node 441, 668.0631173705077
Node 369, 443.6294615398663
Node 234, 258.896053722764
Node 433, 647.9301348321122
Node 308, 329.97402473393913
Node 204, 243.80528893315514
Node 293, 309.7426494514587
Node 136, 216.8615016666775
Node 43, 37.005312259216794
Node 312, 337.19659504290985
Node 299, 317.34548319569166
Node 248, 268.0433686919759
Node 144, 220.65611902147364
Node 275, 293.73304789789813
Node 491, 939.4785849379637
Node 367, 434.38054830189105
Node 301, 319.88664705693736
Node 57, 201.43404020474878
Node 47, 121.57972975971003
Node 332, 362.4562478909515
Node 285, 302.0266215333695
Node 416, 579.395415303784
Node 228, 257.9717381550581
Node 677, 5912.101285797921
Node 250, 269.09435719913466
Node 444, 697.5419447791106
Node 426, 629.3078943961617
Node 42, 34.74021524169306
Node 377, 463.3366749498663
Node 284, 301.38466754157616
Node 201, 242.6546854423763
Node 168, 229.61757987373295
Node 139, 218.00913137380735
Node 114, 210.73936948516055
