Node, generations
Node 2892, 27516.582252902906
Node 1711, 7709.489136649183
Node 1453, 5727.0088555622715
Node 1328, 4944.2556765046465
Node 497, 720.7450653010877
Node 315, 119.0135324754936
Node 287, 106.86778664549482
Node 189, 67.58097180664252
Node 423, 228.74198075892662
Node 279, 103.5227836649531
Node 182, 66.43932231182691
Node 261, 94.06775192219646
Node 172, 65.00416991030619
Node 368, 154.97602481650623
Node 135, 57.712305487022064
Node 355, 146.3882123010075
Node 109, 53.593570417097666
Node 319, 123.07061757145748
Node 225, 76.11021810072455
Node 157, 62.316036723024794
Node 155, 61.67101902235675
Node 136, 57.95899483878806
Node 293, 107.62018016740687
Node 198, 69.22656823093659
Node 506, 769.0188777712375
Node 382, 173.07976854098382
Node 210, 71.07971489700263
Node 214, 72.46847867643376
Node 456, 481.57443094636113
Node 438, 305.4899209914935
Node 308, 117.06251392371959
Node 435, 283.4200337932641
Node 150, 60.17733523586735
Node 272, 100.73107840267714
Node 1493, 6017.870510249825
Node 80, 23.594783255383867
Node 1343, 5051.572134568974
Node 1144, 3771.7868603954057
Node 429, 239.476956903396
Node 267, 97.39746055754954
Node 357, 148.6178626826561
Node 280, 104.15307845907047
Node 215, 72.89263230818766
Node 295, 108.33570013111273
Node 631, 1326.3925225759006
Node 365, 153.50452935062108
Node 164, 63.878817780016156
Node 340, 135.42226733590232
Node 304, 113.70838432937938
Node 180, 66.18836395303725
Node 450, 393.0815451673472
Node 146, 60.04437809342261
Node 244, 85.59228457855983
Node 1199, 4064.575763233537
Node 206, 70.44205498195954
Node 161, 63.61929828938255
Node 257, 91.50819803876352
Node 2089, 11723.57787730494
Node 433, 249.83163492250506
Node 211, 71.30648320144836
Node 1135, 3731.9902203567426
Node 354, 145.77294019047613
Node 312, 117.6618740892944
Node 160, 63.607964007991605
Node 286, 106.61403319856623
Node 183, 66.72927311941396
Node 117, 55.11798687302934
Node 140, 58.82034872086348
Node 128, 56.347520471574306
Node 107, 53.224268769563295
Node 111, 54.022491999633466
Node 424, 228.76515629600053
Node 100, 52.36364796987728
Node 411, 206.1282019504361
Node 173, 65.00591085117345
Node 90, 51.023682811579405
Node 385, 174.6240366793644
Node 152, 60.98273881883709
Node 137, 58.195387258940535
