Node, generations
Node 2718, 34890.91144794859
Node 1933, 14308.87674035855
Node 630, 1030.1914365841446
Node 916, 1363.2853969486637
Node 2053, 16559.843969827787
Node 936, 1420.04602683941
Node 869, 1239.189668391135
Node 819, 1147.1817614985528
Node 769, 1099.7147449310144
Node 742, 1075.1510015379736
Node 562, 1018.1483173870035
Node 803, 1124.6772792433164
Node 797, 1120.5850785523223
Node 685, 1048.7347313914493
Node 865, 1216.08759566039
Node 642, 1033.6133975802015
Node 51, 183.7711895305858
Node 726, 1066.7051934299377
Node 474, 1008.9591556226205
Node 69, 319.75076020977417
Node 911, 1354.3226769104551
Node 847, 1181.4061738797295
Node 800, 1121.5186793269722
Node 589, 1023.4906551219714
Node 162, 687.195146094286
Node 389, 1003.3355298415053
Node 84, 385.4968781006054
Node 76, 354.9766498390508
Node 776, 1108.4177038942742
Node 890, 1289.1724797970837
Node 311, 1000.544817092528
Node 1419, 6872.379577423847
Node 878, 1257.3069289343857
Node 720, 1064.0967415862292
Node 611, 1027.290230416406
Node 851, 1193.6043784435128
Node 756, 1082.3020154659548
Node 573, 1020.933164767755
Node 423, 1005.2586311795925
