Node, generations
Node 1774, 36977.85681305034
Node 564, 2040.4683353777973
Node 545, 1805.8584611529639
Node 235, 1033.1179575962071
Node 272, 1055.0999762612032
Node 78, 843.7600980000673
Node 726, 5906.952523375717
Node 542, 1785.2495837979825
Node 220, 1027.242877181694
Node 461, 1344.9072767116104
Node 409, 1215.4520315807197
Node 384, 1164.5211337644882
Node 279, 1060.8588887778992
Node 285, 1065.4999123956438
Node 47, 598.0214836640897
Node 118, 1003.3512732867035
Node 391, 1173.9250900818217
Node 430, 1269.1808000659935
Node 175, 1013.0256706242428
