Node, generations
Node 2922, 29450.44198308969
Node 1060, 3267.2099176568818
Node 317, 118.63336494370841
Node 200, 71.17672983260726
Node 698, 1546.0027554565088
Node 240, 86.35799206334354
Node 268, 96.23757283864374
Node 161, 62.73851111901215
Node 109, 53.978372723066165
Node 149, 60.97583957335446
Node 146, 60.794701908833225
Node 2387, 17274.38513843792
Node 1439, 5668.912229683343
Node 846, 2219.1637863150563
Node 395, 174.5212213807591
Node 132, 57.10855609132683
Node 815, 2083.5523015039466
Node 236, 82.44181916580466
Node 105, 52.677229718546045
Node 201, 72.04661427421998
Node 1243, 4354.6901474282295
Node 650, 1328.6061836880922
Node 255, 90.89611865548434
Node 189, 67.78065963534323
Node 111, 54.08840539897664
Node 452, 248.5187630968098
Node 270, 96.67698220796139
Node 388, 168.2382349468149
Node 266, 94.78855356955451
Node 180, 66.25954546380372
Node 371, 155.80294312168425
Node 280, 100.59785375105967
Node 226, 78.32052469115527
Node 113, 55.09896166083699
Node 88, 50.3465808157138
Node 262, 93.50108932653696
Node 184, 66.47156422988442
Node 182, 66.4114142531133
Node 106, 53.18204564808881
Node 170, 64.70118302195074
Node 347, 137.0847448309822
Node 276, 100.06430084034095
Node 198, 70.08521917137861
Node 123, 56.174603599165955
Node 104, 52.585289406676644
Node 1238, 4332.512243377256
Node 355, 142.01064879395182
Node 2003, 10953.26042990308
Node 1015, 3056.6314069970417
Node 906, 2465.6026912986913
Node 413, 194.20473181022925
Node 199, 70.4630633492281
Node 165, 63.52127026270413
Node 905, 2465.4758106593104
Node 374, 158.26574286955088
Node 301, 110.32943819494443
Node 103, 52.577932021056625
Node 896, 2405.863880078493
Node 327, 123.52242375969738
Node 459, 302.305264456389
Node 223, 77.88622577130492
Node 331, 127.67541112905707
Node 214, 74.97417452905282
Node 172, 64.86703530343999
Node 114, 55.13017541016009
Node 249, 89.68585453532147
Node 225, 77.93323686151936
Node 128, 56.68690032950564
Node 93, 50.59649570122714
Node 1628, 7126.900300359895
Node 886, 2360.739245144116
Node 348, 137.12006508426833
Node 253, 90.41646049520912
Node 333, 127.86727454700771
Node 245, 87.38161602156931
Node 443, 237.85019615466646
Node 238, 84.29854166811955
Node 397, 176.2369546483357
Node 319, 118.95674933982473
