Node, generations
Node 597, 11146.024800339126
Node 318, 1134.7603685883603
Node 232, 579.2274120530542
Node 562, 9559.925786791173
Node 262, 723.1918155617655
Node 61, 227.63491847539478
Node 57, 222.61859986849151
Node 196, 453.54406594241004
Node 109, 288.049450506104
Node 93, 265.83528553884054
Node 65, 233.3014650985609
Node 370, 1664.2476857811516
Node 150, 364.0296754435178
Node 21, 200.60933664804412
Node 317, 1132.757530390014
Node 104, 283.6308408323428
Node 102, 281.1816299595221
Node 136, 338.9373965293052
Node 58, 223.68645289604595
