Node, generations
Node 4006, 55607.72866613926
Node 2832, 17279.47432832394
Node 1248, 3839.9280963943884
Node 188, 52.7513026700371
Node 132, 22.658179197077118
Node 130, 21.634435073874112
Node 116, 14.364869864198223
Node 112, 13.603053931671885
Node 1141, 3469.2808740416854
Node 91, 7.6448642307095
Node 260, 118.48312824156753
Node 97, 8.992726473302042
Node 257, 113.68177677308863
Node 232, 90.16122179266624
Node 217, 76.2859167943592
Node 163, 40.07043752129572
Node 247, 103.24338356020137
Node 1884, 7083.993548396285
Node 1338, 4200.620979489377
Node 294, 159.489939704724
Node 256, 113.11414884586715
Node 259, 118.34820406993416
Node 236, 94.05771706911999
Node 215, 73.1456881785182
Node 171, 44.10854651553541
Node 185, 51.78726137498476
Node 81, 1.4457438818930355
Node 145, 28.346094254926285
Node 83, 4.368326442637215
Node 1795, 6525.316771051773
Node 127, 18.153532956468627
Node 82, 3.7430816724759444
Node 287, 153.3413532109946
Node 262, 124.88836601239781
Node 203, 63.67873723347205
Node 238, 97.34892929352083
Node 144, 27.79791034321591
Node 108, 12.823473478249955
Node 3640, 37551.88068493409
Node 296, 161.39645539721047
Node 134, 22.76955626092461
Node 273, 138.39943582307677
Node 113, 13.808445192855139
Node 1270, 3939.119163207959
Node 174, 46.60270562017009
Node 173, 45.680463466076745
Node 124, 17.009599136427042
Node 103, 10.870506629306972
Node 168, 43.12823047528165
Node 165, 42.332476717706015
Node 89, 6.803798777428543
Node 883, 2678.761964572817
Node 611, 2144.6055798349335
Node 308, 181.91446680972052
Node 80, 0.24681644009760254
Node 183, 51.16001717954272
Node 99, 9.29672131512716
Node 180, 48.730645206940885
Node 117, 14.462763245851173
Node 179, 48.27174080679649
Node 104, 10.942783517809447
Node 93, 8.366832813697139
Node 133, 22.683143010776686
Node 107, 12.478709368345221
Node 449, 1680.1853073686632
Node 148, 29.10524087407266
Node 84, 4.392137050781072
Node 106, 11.901109951281704
Node 98, 9.1721295689467
Node 315, 193.24789158266515
Node 224, 80.29413812579669
Node 146, 28.72643510333719
Node 139, 24.184432323566366
Node 102, 10.542658017774652
Node 95, 8.713777559549932
Node 877, 2646.3702769017245
Node 314, 191.5734968261639
Node 88, 6.588868688447121
Node 190, 54.2219512448626
