Node, generations
Node 1395, 22265.32411922256
Node 255, 1037.621819105187
Node 594, 3248.1956977374516
Node 547, 1939.6657832264566
Node 510, 1656.7949162053392
Node 509, 1635.535408347386
Node 472, 1439.5833991689165
Node 328, 1076.908618217383
Node 253, 1037.5090709970123
Node 288, 1057.4144994580436
Node 441, 1314.318988827514
Node 591, 3201.4218913640725
Node 422, 1261.916869270691
Node 325, 1073.969931045773
Node 321, 1070.5505377735287
Node 294, 1059.1028068748437
Node 531, 1810.8198380452807
Node 155, 1008.0773710084865
Node 123, 1002.45613218209
