Node, generations
Node 2036, 21548.011683929144
Node 1329, 1363.8361819649901
Node 1137, 1061.5409270466346
Node 1033, 1029.6909148846976
Node 928, 1016.5467861039363
Node 1230, 1129.1244420532487
Node 360, 682.5938489872376
Node 1086, 1044.1925222227858
Node 734, 1004.2133874807304
Node 1466, 2327.748447277578
Node 1400, 1742.7424508273004
Node 1242, 1157.7505965402079
Node 1163, 1079.021852880281
Node 1112, 1051.6087562945918
Node 174, 376.43053170819206
Node 1241, 1152.0305275962291
Node 1375, 1593.0032982232372
Node 1240, 1144.4342970768196
Node 232, 481.8123939114026
Node 1175, 1086.6611427437103
Node 284, 573.7450148165648
Node 1156, 1073.9057508985234
Node 1355, 1473.9916473585042
Node 1322, 1334.233983508182
Node 1236, 1140.3068190686247
Node 1227, 1125.649201806453
Node 289, 581.9022929743147
Node 60, 30.21738798687082
Node 1202, 1105.0967858275797
Node 1097, 1046.463204036553
Node 1168, 1080.8922217865904
Node 944, 1018.270668761725
Node 537, 928.5065725934891
Node 1101, 1047.430227134524
Node 1292, 1280.2394081197904
Node 990, 1023.923991101051
Node 1268, 1207.7723440015884
Node 1127, 1058.297720289904
Node 1337, 1387.0699238855552
Node 1264, 1197.3052146220496
Node 1107, 1050.5772148059284
Node 391, 733.3977616494763
Node 1155, 1073.625804076265
Node 147, 339.11412686787105
Node 253, 525.6975036612811
Node 1319, 1328.933835110886
Node 1187, 1094.4370979448895
Node 475, 838.0230287041483
Node 387, 722.8050529576575
Node 385, 720.0413556273544
Node 1256, 1181.3985410481982
Node 1211, 1112.3559172641067
Node 511, 888.944169417347
Node 1237, 1141.7488910682016
Node 926, 1016.409427139306
Node 140, 326.010749355367
Node 1040, 1030.8693962999994
Node 141, 329.798412026429
Node 310, 609.4314261333153
