Node, generations
Node 1157, 20313.52082079437
Node 513, 1064.5327739803001
Node 427, 581.729974363521
Node 306, 349.93624093809916
Node 243, 270.13749567142315
Node 241, 266.5249912868643
Node 236, 263.44273706148954
Node 144, 220.55715637065586
Node 344, 402.36094020268945
Node 326, 377.27510923890225
Node 206, 244.14457112402783
Node 188, 235.8973744982628
Node 247, 271.44196448795884
Node 227, 257.44704064915794
Node 456, 709.3861040742249
Node 366, 440.7447079417645
Node 377, 459.92274406870234
Node 284, 309.9381168953363
Node 242, 268.36099954695703
Node 174, 229.73686932286944
Node 293, 327.93074366370803
Node 803, 9916.888466982906
Node 46, 132.6916822889608
Node 536, 1273.6177627688116
Node 431, 599.3974963063915
Node 315, 366.70999964153106
Node 283, 307.8048116389354
Node 339, 397.6146153884748
Node 470, 770.5456812809936
Node 368, 443.060862212809
Node 208, 245.04179130652855
Node 172, 229.44935438904508
Node 327, 379.0673425226011
Node 180, 232.09992894069185
Node 301, 339.600566276832
Node 142, 219.6084204571277
Node 125, 215.19267478243444
Node 86, 206.28757192900895
Node 65, 202.64018873789956
