Node, generations
Node 1646, 38110.832770703004
Node 736, 1128.0439632522123
Node 228, 832.72997362219
Node 105, 490.37275216888423
Node 1013, 2660.5757162937875
Node 925, 1701.5766723039098
Node 771, 1181.8077055396805
Node 359, 1004.2046106546102
Node 872, 1419.83517373041
Node 792, 1206.591702199387
Node 690, 1091.9236987017084
Node 856, 1370.568527483538
Node 823, 1267.655684891483
Node 650, 1065.6312899990985
Node 740, 1132.623484446782
Node 423, 1009.238688373002
Node 837, 1313.732901073895
Node 627, 1054.9776758525938
Node 796, 1214.0726283561307
Node 69, 284.412936855873
Node 619, 1052.2899230003193
Node 79, 341.5438187295671
Node 942, 1816.5908896723372
Node 879, 1447.7103646879173
Node 722, 1113.386950872118
Node 929, 1734.7661816075579
Node 774, 1184.734489701391
Node 676, 1081.6208071660094
Node 600, 1043.3985323603215
Node 586, 1039.1005994848263
Node 570, 1034.640977886449
Node 839, 1314.2854338899267
Node 644, 1063.0455711021098
Node 537, 1027.006696104263
Node 500, 1019.1260826419592
Node 734, 1125.318227022213
Node 724, 1114.0105108287873
Node 122, 532.8923953243036
Node 279, 990.0803398238081
