node_generations, branch_length
2158.4358375223374, 72388.6088646807
1276.368152897504, 882.0676846248334
1023.9649332875556, 252.40321960994834
0.0, 1023.9649332875556
1019.0108480232353, 4.95408526432027
0.0, 1019.0108480232353
608.2409715291518, 410.7698764940835
0.0, 608.2409715291518
0.0, 608.2409715291518
1066.1265746704391, 210.2415782270648
0.0, 1066.1265746704391
1034.2143519602066, 31.912222710232527
0.0, 1034.2143519602066
211.65877335262488, 822.5555786075818
0.0, 211.65877335262488
0.0, 211.65877335262488
1345.8798250309194, 812.556012491418
1129.2719734208213, 216.60785161009812
595.7532732955638, 533.5187001252575
0.0, 595.7532732955638
0.0, 595.7532732955638
1076.809046482376, 52.46292693844521
0.0, 1076.809046482376
0.0, 1076.809046482376
1147.959866180208, 197.91995885071128
281.21548772744416, 866.744378452764
0.0, 281.21548772744416
0.0, 281.21548772744416
1067.615133880719, 80.34473229948912
0.0, 1067.615133880719
0.0, 1067.615133880719
8355.429973626646, 66191.6147285764
1550.4700804815643, 6804.959893145082
1193.9305047303324, 356.53957575123195
0.0, 1193.9305047303324
935.6424331164432, 258.2880716138892
0.0, 935.6424331164432
0.0, 935.6424331164432
1504.1167389652624, 46.35334151630195
0.0, 1504.1167389652624
0.0, 1504.1167389652624
2367.7656704636456, 5987.664303163
1521.8742595155177, 845.8914109481279
1016.6254128948685, 505.24884662064915
0.0, 1016.6254128948685
0.0, 1016.6254128948685
1061.3016115545877, 460.57264796093
618.620219883542, 442.68139167104573
0.0, 618.620219883542
0.0, 618.620219883542
1052.6401345217682, 8.661477032819448
0.0, 1052.6401345217682
1006.2568884073393, 46.38324611442897
0.0, 1006.2568884073393
0.0, 1006.2568884073393
1580.5346932445398, 787.2309772191059
1042.6814450180182, 537.8532482265216
0.0, 1042.6814450180182
1005.7084964356171, 36.972948582401045
0.0, 1005.7084964356171
884.634390772787, 121.0741056628301
0.0, 884.634390772787
0.0, 884.634390772787
1176.1976361513637, 404.3370570931761
1042.8279998060102, 133.36963634535346
0.0, 1042.8279998060102
797.1213399095867, 245.7066598964235
0.0, 797.1213399095867
472.62924429271465, 324.49209561687206
0.0, 472.62924429271465
0.0, 472.62924429271465
1108.600565876635, 67.5970702747286
756.3156355943313, 352.2849302823038
0.0, 756.3156355943313
0.0, 756.3156355943313
1085.6265701940738, 22.97399568256128
0.0, 1085.6265701940738
0.0, 1085.6265701940738
