Node, generations
Node 3481, 49160.9156104676
Node 2002, 4068.433402284457
Node 1775, 1362.470500068091
Node 1552, 1077.1331796421578
Node 1880, 1789.039983425856
Node 1781, 1386.9771178170045
Node 1687, 1197.237029350923
Node 1532, 1068.6246979585471
Node 955, 1001.3388082060762
Node 1636, 1134.3643812282621
Node 1482, 1051.6551549120588
Node 1449, 1040.2235789461283
Node 1177, 1008.6746634479257
Node 1033, 1003.4123317558077
Node 1493, 1054.6360756379356
Node 1358, 1023.3680548230415
Node 386, 549.0939934290632
Node 91, 77.456864917857
Node 338, 501.11686551379796
Node 228, 343.48647107186275
Node 1800, 1440.0754844588917
Node 194, 291.7916834600116
Node 1669, 1172.786939419279
Node 1523, 1065.8445989240697
Node 335, 500.36331154842435
Node 1569, 1085.6631307039406
Node 121, 152.0419940689338
Node 943, 1001.058510277976
Node 619, 786.670245605192
Node 83, 32.38473072661729
Node 445, 616.6320092426328
Node 2488, 12880.58262004864
Node 1763, 1332.4880979157003
Node 443, 615.435793924831
Node 81, 16.43156479020609
Node 1721, 1264.8411983005797
Node 1508, 1061.5198215026114
Node 1974, 3355.056513967537
Node 1839, 1600.9715878269374
Node 1776, 1364.197145640701
Node 1461, 1042.943599628813
Node 1744, 1300.9662761680934
Node 1585, 1095.2932971394116
Node 1462, 1043.135457187541
Node 1268, 1014.1870810445309
Node 1204, 1009.9914784647749
Node 193, 289.5571773266249
Node 1397, 1029.9411554176652
Node 1610, 1114.8676773035093
Node 1544, 1074.632084842412
Node 1484, 1051.761721438422
Node 1224, 1010.9058702583841
Node 101, 98.23759817581595
Node 1494, 1054.6841466610506
Node 1146, 1007.0097657971185
Node 164, 231.56875424942208
Node 323, 487.1671963892268
Node 1156, 1007.276191126832
Node 1809, 1481.6530328493861
Node 1595, 1103.0325292443142
Node 743, 870.2354013012288
Node 1840, 1602.365777407872
Node 1706, 1229.53926715
Node 833, 949.1683599316137
Node 120, 144.5385638135244
Node 1661, 1159.717103621429
Node 287, 445.3450794082116
Node 140, 193.40687279470427
Node 1506, 1060.9005218772013
Node 1505, 1060.6289264321351
Node 1806, 1474.4820089447305
Node 1723, 1268.612504860326
Node 1579, 1091.9923668067267
Node 1342, 1021.1377179691798
Node 195, 292.40509936512257
Node 1676, 1180.6432111553847
Node 128, 164.72096748185797
Node 80, 11.518050680025514
Node 340, 505.9217467532324
