Node, generations
Node 1067, 27137.705299548234
Node 563, 1690.434142485618
Node 446, 1248.351391580822
Node 340, 1092.5425504433083
Node 218, 1020.6887741589697
Node 501, 1422.002197496601
Node 258, 1034.6190455509056
Node 231, 1024.110670114361
Node 447, 1249.6614863936904
Node 829, 12199.277087067778
Node 614, 2172.019501931697
Node 343, 1095.0115044155023
Node 248, 1032.3616325395112
Node 636, 2401.2868924229056
Node 345, 1095.834134344168
Node 507, 1438.4080046669787
Node 287, 1049.2196225304297
Node 232, 1024.6354193831794
Node 332, 1085.2803295736599
