node_generations, branch_length
2483.429161374779, 44342.68774582696
0.0, 2483.429161374779
88.77468332972232, 2394.6544780450567
2.200920940841701, 86.57376238888062
0.0, 2.200920940841701
0.7721098733094394, 1.4288110675322616
0.0, 0.7721098733094394
0.0, 0.7721098733094394
77.52221345189048, 11.252469877831842
0.0, 77.52221345189048
0.0, 77.52221345189048
17922.195239384917, 28903.92166781682
3046.345878453497, 14875.849360931421
2153.2708063379146, 893.0750721155823
0.0, 2153.2708063379146
33.74498921370277, 2119.5258171242117
0.0, 33.74498921370277
6.125998324600941, 27.61899088910183
0.0, 6.125998324600941
0.0, 6.125998324600941
2890.71092925695, 155.63494919654704
0.0, 2890.71092925695
188.09199416882078, 2702.618935088129
0.0, 188.09199416882078
0.0, 188.09199416882078
7298.109899439693, 10624.085339945224
71.55392468921544, 7226.555974750478
0.0, 71.55392468921544
13.681239045999993, 57.87268564321544
0.0, 13.681239045999993
0.0, 13.681239045999993
4610.276579000657, 2687.8333204390365
0.0, 4610.276579000657
85.46416094437832, 4524.812418056279
0.0, 85.46416094437832
74.50726034127635, 10.956900603101971
0.0, 74.50726034127635
0.0, 74.50726034127635
