Node, generations
Node 1452, 5890.3594291287745
Node 1351, 1751.2617039264287
Node 1269, 1136.1690525596464
Node 1192, 827.6255174862071
Node 951, 559.1079506747005
Node 822, 525.1066183331076
Node 84, 31.067435588986292
Node 522, 504.37037845506046
Node 197, 318.14590338142193
Node 896, 539.6514375637059
Node 81, 16.584805337522944
Node 1066, 627.7795090083193
Node 986, 574.5567774083991
Node 383, 500.605588368814
Node 811, 523.9457288377697
Node 301, 453.23896655831885
Node 1211, 890.9692837131969
Node 989, 577.1882591763105
Node 406, 501.0890888308352
Node 898, 539.9431707669678
Node 876, 534.6766770017687
Node 82, 21.01636158475632
Node 1331, 1508.5814862925415
Node 1129, 710.2470068051363
Node 932, 549.6541507147089
Node 996, 579.610143757817
Node 852, 530.3763922315588
Node 789, 520.6546305360138
Node 543, 504.84394671523535
Node 424, 501.3842467743015
Node 1303, 1336.1332192009886
Node 1178, 800.3312944908797
Node 966, 563.9635786953253
Node 480, 503.13463480422234
Node 683, 510.67659999803
Node 1140, 725.420602949562
Node 1114, 682.3472582787632
Node 997, 579.8554326141016
Node 931, 549.5776664425168
Node 590, 506.0420015574284
Node 1065, 627.5085123117178
Node 1045, 609.4519906635891
Node 782, 520.0950940965123
Node 777, 519.8552950921375
Node 1031, 599.3495977631247
Node 655, 508.9873870059198
Node 320, 466.5273439012927
Node 85, 34.7651057568742
Node 1124, 706.000398429571
Node 1042, 606.892444396751
Node 1038, 603.2209834440833
Node 169, 274.96635206716485
Node 1397, 2258.963567431533
Node 1167, 773.8750055982815
Node 1033, 599.6404336057022
Node 957, 561.1498688337844
Node 1152, 740.6993466470842
Node 188, 310.91470048695703
Node 1091, 651.9038795412221
Node 904, 541.2502340855847
Node 1080, 642.7677643115067
Node 1007, 584.8989227024994
Node 416, 501.2505205333796
Node 1228, 936.3658219081857
Node 1026, 593.4022191490074
Node 653, 508.88749927196005
Node 923, 547.1837298298926
Node 796, 521.950932953776
Node 767, 518.8380678763642
Node 1090, 648.9434849874808
Node 972, 566.468409784606
Node 885, 537.603034482353
Node 897, 539.6894202879826
Node 872, 533.99688070162
Node 208, 327.0062379102296
Node 90, 60.3365010814405
Node 667, 509.6704794824871
Node 1081, 643.2935177080694
Node 191, 312.4631765722125
