node_generations, branch_length
2325.9075854496327, 17632.409447821516
1066.0197420988893, 1259.8878433507434
596.4692569851337, 469.5504851137556
0.0, 596.4692569851337
541.2715913695095, 55.19766561562426
506.1630607020656, 35.10853066744386
0.0, 506.1630607020656
0.0, 506.1630607020656
515.5893009728752, 25.682290396634244
0.0, 515.5893009728752
505.17177069289465, 10.417530279980554
0.0, 505.17177069289465
0.0, 505.17177069289465
979.9959100712665, 86.0238320276228
0.0, 979.9959100712665
945.479167152226, 34.51674291904055
0.0, 945.479167152226
0.0, 945.479167152226
1082.4035061572529, 1243.5040792923799
889.5543888164505, 192.84911734080242
523.3994614713625, 366.1549273450879
0.0, 523.3994614713625
0.0, 523.3994614713625
699.8127535222494, 189.74163529420105
591.7764589930962, 108.03629452915322
0.0, 591.7764589930962
546.2293975814325, 45.54706141166366
0.0, 546.2293975814325
0.0, 546.2293975814325
614.47186233708, 85.34089118516943
504.78233530780824, 109.68952702927174
0.0, 504.78233530780824
0.0, 504.78233530780824
519.4150198023665, 95.0568425347135
0.0, 519.4150198023665
0.0, 519.4150198023665
908.0867936579566, 174.31671249929627
564.1378332858371, 343.9489603721195
0.0, 564.1378332858371
121.26566417961315, 442.87216910622396
0.0, 121.26566417961315
0.0, 121.26566417961315
754.6324136037914, 153.4543800541652
582.9752939117587, 171.65711969203267
0.0, 582.9752939117587
535.0983095712603, 47.87698434049844
0.0, 535.0983095712603
532.016027339568, 3.082282231692261
0.0, 532.016027339568
0.0, 532.016027339568
666.7407718329835, 87.89164177080795
0.0, 666.7407718329835
632.5100154152364, 34.2307564177471
0.0, 632.5100154152364
550.6576542757508, 81.85236113948554
0.0, 550.6576542757508
0.0, 550.6576542757508
3394.3981750589487, 16563.9188582122
653.3581037235526, 2741.040071335396
0.0, 653.3581037235526
563.7038548817104, 89.65424884184222
0.0, 563.7038548817104
557.5143986331701, 6.189456248540296
248.60334346212187, 308.91105517104825
0.0, 248.60334346212187
0.0, 248.60334346212187
430.77529247564524, 126.73910615752487
0.0, 430.77529247564524
298.76202770694624, 132.013264768699
0.0, 298.76202770694624
0.0, 298.76202770694624
1068.157936548559, 2326.2402385103896
0.0, 1068.157936548559
537.5414540905169, 530.6164824580421
0.0, 537.5414540905169
517.0498946133464, 20.49155947717054
0.0, 517.0498946133464
0.0, 517.0498946133464
