Node, generations
Node 4362, 42532.70722234092
Node 2850, 9939.44761317932
Node 1950, 3848.964081048394
Node 617, 568.684432347902
Node 557, 485.750571645007
Node 431, 276.51673796923126
Node 211, 108.6811133141774
Node 141, 102.38401906867115
Node 1412, 2112.969421055736
Node 1204, 1636.7601214328733
Node 464, 325.04774536865233
Node 1008, 1275.8944030911068
Node 838, 947.485842143809
Node 516, 418.42857092998366
Node 611, 564.5085004033263
Node 232, 111.8740058057493
Node 360, 139.37968805584728
Node 285, 121.66311600536305
Node 280, 120.02119866400629
Node 244, 112.8903597604786
Node 229, 111.50558276113999
Node 176, 105.18547393036383
Node 2558, 7672.620323554847
Node 460, 314.8848573425427
Node 356, 138.50026725211012
Node 349, 137.52617516684828
Node 307, 126.5109406933889
Node 86, 78.5264936170241
Node 278, 119.88593976754426
Node 156, 103.34303620742165
Node 2009, 4156.202853725572
Node 376, 147.98120564141976
Node 263, 115.84357220410546
Node 1887, 3563.7141317347136
Node 1208, 1637.471978819248
Node 576, 517.552863817582
Node 184, 106.16818308070118
Node 107, 100.45257908483957
Node 334, 133.0994739480619
Node 177, 105.36716330052771
Node 770, 812.58311778701
Node 231, 111.62110674924159
Node 228, 111.20670182209203
Node 109, 100.60045703925975
Node 105, 100.2156691570347
Node 80, 5.27852417821829
Node 1265, 1767.6558878565254
Node 1250, 1744.8455883592026
Node 1122, 1479.2310104216829
Node 330, 131.89356017632875
Node 259, 115.25405962456692
Node 248, 113.09587433761591
Node 427, 262.3429693657496
Node 223, 110.79641834031108
Node 150, 102.90621847899625
Node 111, 100.79209065042838
Node 4289, 39003.971733500504
Node 1550, 2451.1797198721965
Node 831, 934.461163385947
Node 492, 369.8871975034572
Node 293, 123.92190424174161
Node 462, 318.917500541085
Node 385, 163.7999458576761
Node 187, 106.44482843433967
Node 120, 101.29786838195288
Node 281, 120.12758060605714
Node 1246, 1739.7468824423693
Node 198, 107.30096158358715
Node 128, 101.6405872986925
Node 909, 1110.3928231576936
Node 254, 114.13005569426323
Node 871, 1030.1156435336204
Node 322, 129.70895056986814
Node 305, 125.98783416516106
Node 196, 107.22216377452706
Node 1661, 2828.575513901556
Node 1478, 2277.842794249941
Node 830, 931.8046282729115
Node 245, 113.01814459388406
