Node, generations
Node 2959, 34449.67402581673
Node 2203, 2600.2147233750075
Node 2116, 2265.870299949521
Node 1941, 2067.7352063240105
Node 553, 965.3925572798904
Node 1874, 2041.6776686897463
Node 72, 85.02461160557941
Node 218, 500.5710745520317
Node 2052, 2153.94901428951
Node 1753, 2019.7398885850428
Node 1939, 2066.9450488986495
Node 1784, 2023.331026845938
Node 88, 164.25591599541835
Node 682, 1111.3552777546395
Node 2196, 2581.50865508867
Node 1951, 2071.8083354551386
Node 1917, 2056.7328453305854
Node 2012, 2119.0439444544263
Node 1649, 2009.9146997701293
Node 540, 943.9441817297321
Node 60, 12.145265944000418
Node 2345, 3776.9513812385712
Node 2084, 2200.4058717827124
Node 2065, 2169.4758320034025
Node 1961, 2079.4202486480344
Node 1192, 1766.3091797516524
Node 702, 1131.5772103779102
Node 2036, 2131.285442300123
Node 1931, 2064.1452031141644
Node 1891, 2048.1299666506097
Node 1803, 2026.0128868655793
Node 1868, 2040.865119485215
Node 2029, 2128.250447287095
Node 712, 1142.6651009423667
Node 82, 140.06805192602184
Node 2070, 2180.7445602741727
Node 880, 1370.5871671205202
Node 85, 146.36327594695112
Node 2309, 3440.941486007979
Node 1896, 2049.1134692228843
Node 2113, 2256.120283543429
Node 1979, 2090.216966935357
Node 818, 1278.899381485151
Node 67, 70.4371026872024
Node 64, 49.741465170378746
Node 619, 1045.1514150680268
Node 327, 659.8500620223817
Node 1814, 2028.4031236374021
Node 1593, 2006.9316534294173
Node 488, 881.4547987388521
Node 448, 832.4546742191662
Node 422, 797.3507773519608
Node 2044, 2145.3781563186203
Node 1812, 2028.152952149037
Node 931, 1423.8915097080592
Node 1777, 2022.5588538643867
Node 1735, 2017.4369597641564
Node 1928, 2062.197486344274
Node 268, 588.0842753726032
