node_generations, branch_length
374.7538784386411, 9629.867728837238
0.0, 374.7538784386411
345.9297667489058, 28.824111689735275
0.0, 345.9297667489058
0.0, 345.9297667489058
3659.4846905390673, 6345.136916736812
1048.9395510333227, 2610.5451395057444
236.52867576127394, 812.4108752720488
0.0, 236.52867576127394
207.943247895818, 28.585427865455955
0.0, 207.943247895818
0.0, 207.943247895818
1020.0581559499819, 28.88139508334075
780.9433136465725, 239.11484230340943
0.0, 780.9433136465725
0.0, 780.9433136465725
882.6890364344086, 137.3691195155733
508.0064798437373, 374.68255659067137
0.0, 508.0064798437373
0.0, 508.0064798437373
832.6135751335848, 50.075461300823804
325.04421352298596, 507.5693616105989
0.0, 325.04421352298596
66.37518697507385, 258.6690265479121
0.0, 66.37518697507385
0.0, 66.37518697507385
523.4075899068841, 309.2059852267007
264.0188279007475, 259.38876200613663
0.0, 264.0188279007475
201.62138245704247, 62.39744544370504
0.0, 201.62138245704247
0.0, 201.62138245704247
331.8502129296233, 191.55737697726084
208.31561595982953, 123.53459696979377
0.0, 208.31561595982953
0.0, 208.31561595982953
326.2001387294029, 5.650074200220388
0.0, 326.2001387294029
296.271035723336, 29.929103006066896
0.0, 296.271035723336
0.0, 296.271035723336
1225.4089072077054, 2434.075783331362
527.9698564648455, 697.4390507428599
0.0, 527.9698564648455
465.5234588953149, 62.44639756953063
307.39649440020213, 158.12696449511276
0.0, 307.39649440020213
277.63885655932114, 29.75763784088099
0.0, 277.63885655932114
273.4852622519176, 4.153594307403523
0.0, 273.4852622519176
177.79526012074055, 95.69000213117707
0.0, 177.79526012074055
0.0, 177.79526012074055
371.21120499247036, 94.31225390284453
182.64951439499762, 188.56169059747273
0.0, 182.64951439499762
0.0, 182.64951439499762
231.8961810389193, 139.31502395355105
0.0, 231.8961810389193
223.06450134272708, 8.831679696192225
0.0, 223.06450134272708
0.0, 223.06450134272708
535.8892732734683, 689.519633934237
323.1318554867972, 212.75741778667117
0.0, 323.1318554867972
316.49625331196575, 6.635602174831433
219.58396068120996, 96.91229263075579
0.0, 219.58396068120996
0.0, 219.58396068120996
236.73377842961108, 79.76247488235467
0.0, 236.73377842961108
217.8749106291945, 18.85886780041659
0.0, 217.8749106291945
0.0, 217.8749106291945
458.8032382666443, 77.08603500682403
0.0, 458.8032382666443
0.0, 458.8032382666443
