Node, generations
Node 1398, 12883.71240888456
Node 1032, 1785.058225360813
Node 948, 1424.8615088799884
Node 860, 1231.7668427883002
Node 913, 1330.5309083961
Node 852, 1210.1330588471692
Node 846, 1206.4845089379958
Node 230, 804.6369910254103
Node 661, 1047.186864022688
Node 506, 1015.7299888369906
Node 54, 162.83056284576935
Node 42, 42.042868162794
Node 554, 1021.5071958880525
Node 536, 1019.3749467191291
Node 908, 1324.992618217639
Node 695, 1065.6104184699736
Node 507, 1015.8432237072301
Node 891, 1291.5616616054738
Node 1037, 1865.6524592510725
Node 984, 1542.3135751302405
Node 821, 1178.6785538796394
Node 774, 1124.0887562887674
Node 584, 1028.3994880877026
Node 876, 1265.1560589398755
Node 857, 1225.8705509287495
Node 679, 1054.579761422286
Node 558, 1021.9043781822279
Node 381, 1004.0238982439685
Node 670, 1050.7086563463788
Node 580, 1027.804889256154
Node 696, 1067.3986656153934
Node 866, 1240.5216999492948
Node 771, 1121.1964823000665
Node 676, 1053.378789000058
Node 712, 1072.8568318169866
Node 997, 1591.875130000152
Node 720, 1079.5104747658322
Node 983, 1542.0660461984764
Node 789, 1139.3771522270583
