node_generations, branch_length
0.0, 19964.12550616527
2968.3705653024185, 16995.75494086285
1102.1399896531725, 1866.230575649246
0.0, 1102.1399896531725
0.0, 1102.1399896531725
1713.283705528716, 1255.0868597737026
1268.8152550340262, 444.4684504946897
0.0, 1268.8152550340262
1192.5355714006857, 76.27968363334048
0.0, 1192.5355714006857
1132.7621487890287, 59.773422611657
0.0, 1132.7621487890287
1052.0075065670583, 80.75464222197047
0.0, 1052.0075065670583
1050.6078875885278, 1.3996189785304978
0.0, 1050.6078875885278
578.1887080379734, 472.4191795505544
0.0, 578.1887080379734
0.0, 578.1887080379734
1329.1030549194936, 384.1806506092223
1035.1449419021153, 293.9581130173783
0.0, 1035.1449419021153
0.0, 1035.1449419021153
1127.4052958097286, 201.697759109765
0.0, 1127.4052958097286
1124.327081936294, 3.0782138734346063
0.0, 1124.327081936294
1072.051219764609, 52.27586217168505
837.1987079302436, 234.85251183436537
0.0, 837.1987079302436
0.0, 837.1987079302436
1044.487845742513, 27.563374022096014
63.44891937440376, 981.0389263681092
0.0, 63.44891937440376
0.0, 63.44891937440376
181.1881390387674, 863.2997067037455
0.0, 181.1881390387674
0.0, 181.1881390387674
