Node, generations
Node 1763, 15251.627237435301
Node 652, 361.259400580851
Node 623, 330.7697739826812
Node 549, 265.8604119458493
Node 629, 336.17270060790037
Node 462, 231.86682684785387
Node 309, 210.69821278953236
Node 617, 328.4548576192932
Node 1177, 5993.410637243444
Node 831, 1094.688862374856
Node 580, 288.36716783609404
Node 419, 223.95947758285882
Node 562, 274.2507067078739
Node 401, 220.56828959446645
Node 706, 436.53546111250944
Node 560, 273.4888995676585
Node 358, 215.92195171820447
Node 196, 202.22948404146604
Node 597, 300.2965961205665
Node 558, 271.60461295528165
Node 139, 200.2228822054045
Node 1051, 4219.693830730291
Node 784, 652.0852529421304
Node 606, 311.0129256226422
Node 552, 268.51932620496956
Node 605, 308.7232997429864
Node 781, 641.7125972735005
Node 669, 380.084992091149
Node 621, 329.6542978776546
Node 470, 233.291260198165
Node 430, 226.40109314850838
Node 231, 204.096173628257
Node 386, 219.1385012311296
Node 438, 227.59219353929757
Node 766, 569.874855721627
Node 502, 242.2612375951946
Node 443, 228.4747556917918
Node 420, 223.97378549304307
Node 326, 212.32617314961308
Node 548, 265.26752096322423
Node 445, 229.05809401703104
Node 240, 204.78997302077275
Node 547, 263.08618484099594
Node 393, 219.62573623830534
Node 368, 216.79316625873594
Node 520, 248.7334753028985
Node 962, 3037.884240533014
Node 700, 430.576167017175
Node 350, 214.8132383988923
Node 313, 211.1697000716855
Node 685, 400.2875472078782
Node 112, 153.35487222385285
Node 800, 715.2936525775266
Node 476, 234.3317079223457
Node 343, 214.2338816034031
Node 185, 201.82483472250837
Node 457, 230.8343265916525
Node 737, 501.12922119901583
Node 524, 249.47673275330285
Node 478, 234.43866691350652
Node 465, 233.09668920139808
Node 346, 214.3990838364157
Node 501, 240.8864492924821
Node 301, 209.83484488177314
Node 378, 218.29701586173599
Node 247, 205.15447406288675
Node 374, 217.99003860198408
Node 259, 206.1231475652018
Node 331, 212.66298825535048
Node 725, 476.4838283613668
Node 602, 306.2925216942002
Node 365, 216.1750811081698
Node 589, 293.0006149065146
Node 364, 216.12957747571505
Node 521, 248.7531732263037
Node 485, 235.95820373236708
Node 97, 108.77207965145888
Node 411, 222.54269161720126
Node 89, 78.32955788636586
