node_generations, branch_length
1675.6638975551136, 625.1398965611365
0.0, 1675.6638975551136
772.5562831035436, 903.10761445157
585.2941772547837, 187.26210584875992
0.0, 585.2941772547837
561.0604092209925, 24.233768033791193
0.0, 561.0604092209925
0.0, 561.0604092209925
742.9721332107572, 29.5841498927864
502.55736897425606, 240.41476423650113
0.0, 502.55736897425606
0.0, 502.55736897425606
720.8876131894478, 22.084520021309345
0.0, 720.8876131894478
514.8265736451547, 206.06103954429318
0.0, 514.8265736451547
506.0516698891337, 8.77490375602099
0.0, 506.0516698891337
0.0, 506.0516698891337
2086.8123680054828, 213.9914261107674
1072.2380772048905, 1014.5742908005923
500.12565248801565, 572.1124247168748
0.0, 500.12565248801565
0.0, 500.12565248801565
883.9766511238157, 188.26142608107477
0.0, 883.9766511238157
522.2291815731264, 361.7474695506893
0.0, 522.2291815731264
516.8097265503616, 5.419455022764851
0.0, 516.8097265503616
0.0, 516.8097265503616
1641.487212835931, 445.32515516955186
1183.8901617869956, 457.5970510489353
694.5929904571725, 489.2971713298231
505.20767276044705, 189.38531769672545
0.0, 505.20767276044705
0.0, 505.20767276044705
638.5449513656889, 56.04803909148359
0.0, 638.5449513656889
529.4162830806636, 109.12866828502536
0.0, 529.4162830806636
0.0, 529.4162830806636
1142.0206221255676, 41.86953966142801
674.8117456887372, 467.20887643683034
0.0, 674.8117456887372
557.5996620038981, 117.21208368483917
374.89430562636556, 182.7053563775325
0.0, 374.89430562636556
0.0, 374.89430562636556
458.0098235818882, 99.58983842200985
0.0, 458.0098235818882
439.1894171444222, 18.820406437466033
0.0, 439.1894171444222
0.0, 439.1894171444222
983.2624621544417, 158.7581599711259
624.0891384982469, 359.1733236561947
500.6017184999505, 123.48741999829645
0.0, 500.6017184999505
0.0, 500.6017184999505
559.1187252096968, 64.97041328855016
0.0, 559.1187252096968
557.6348272148326, 1.4838979948641509
0.0, 557.6348272148326
525.1820153393188, 32.45281187551382
0.0, 525.1820153393188
507.1816052655331, 18.0004100737857
0.0, 507.1816052655331
0.0, 507.1816052655331
709.5006189877597, 273.76184316668196
0.0, 709.5006189877597
558.6175343738274, 150.88308461393228
0.0, 558.6175343738274
0.0, 558.6175343738274
1211.0866304737615, 430.4005823621694
0.0, 1211.0866304737615
839.7464804570301, 371.3401500167314
0.0, 839.7464804570301
0.0, 839.7464804570301
