node_generations, branch_length
0.0, 42338.541378927344
17431.92981306981, 24906.611565857533
0.0, 17431.92981306981
778.3763993232819, 16653.55341374653
624.9707348431224, 153.40566448015954
239.0278389883335, 385.94289585478884
0.0, 239.0278389883335
208.41794089987127, 30.609898088462245
0.0, 208.41794089987127
203.70920275196744, 4.70873814790383
0.0, 203.70920275196744
0.0, 203.70920275196744
549.7126027739043, 75.25813206921805
251.35331093645357, 298.35929183745077
0.0, 251.35331093645357
222.93430306954954, 28.419007866904025
0.0, 222.93430306954954
0.0, 222.93430306954954
257.5444679324184, 292.16813484148594
0.0, 257.5444679324184
253.54287943761543, 4.001588494802974
0.0, 253.54287943761543
218.78768987868008, 34.75518955893534
0.0, 218.78768987868008
0.0, 218.78768987868008
755.6225345391181, 22.753864784163852
0.0, 755.6225345391181
505.423314925204, 250.19921961391407
288.99181645814025, 216.43149846706376
0.0, 288.99181645814025
0.0, 288.99181645814025
380.002721566325, 125.42059335887899
249.43540264941538, 130.56731891690964
0.0, 249.43540264941538
0.0, 249.43540264941538
287.5836737920663, 92.41904777425873
0.0, 287.5836737920663
0.0, 287.5836737920663
