Node, generations
Node 1497, 45011.61600665701
Node 318, 1075.3381917999889
Node 70, 761.6541408778983
Node 21, 65.34629716138113
Node 548, 1942.9881920999749
Node 514, 1745.6062810547144
Node 51, 599.0937014116759
Node 224, 1023.1991337696829
Node 546, 1929.8726915535879
Node 463, 1447.8604687727975
Node 399, 1200.6878955458235
Node 30, 338.2874174499275
Node 439, 1319.6860945153503
Node 432, 1304.5756299713532
Node 263, 1041.1959743601585
Node 484, 1527.3411651485014
Node 362, 1131.7700560234614
Node 316, 1071.49145464703
Node 50, 574.6567233388458
