Node, generations
Node 1144, 15596.257161877178
Node 744, 2564.478507265166
Node 923, 7129.609615262499
Node 664, 2229.8316267134182
Node 169, 1486.1672865884068
Node 828, 3296.677463728699
Node 779, 2821.675562013487
Node 682, 2283.7485000778665
Node 371, 2009.4118293826189
Node 774, 2740.8188133821445
Node 491, 2039.925921626959
Node 624, 2160.8825744152045
Node 458, 2029.479706974842
Node 610, 2135.9787464483175
Node 287, 2000.4829368851097
Node 583, 2102.825640965096
Node 508, 2046.4464301965031
Node 354, 2007.6215686187786
Node 37, 511.41849432813797
