Node, generations
Node 3088, 42291.790224894045
Node 1356, 6450.155729214572
Node 232, 260.8043866162499
Node 198, 241.40704269268048
Node 869, 3147.225583032462
Node 41, 17.136553315788028
Node 397, 791.5945213118475
Node 390, 748.2830416792085
Node 338, 383.31750120042716
Node 1822, 11329.695972543796
Node 1020, 4082.3071642831783
Node 382, 711.8976514588601
Node 225, 256.43695363382346
Node 347, 422.55910174004003
Node 284, 317.86898849317987
Node 169, 226.30469445724992
Node 111, 209.4464314002204
Node 81, 203.81323189073566
Node 935, 3531.672979531685
Node 485, 1215.7195996996245
Node 264, 293.38247049663516
Node 213, 247.1870108972653
Node 330, 371.4844781958014
Node 46, 97.27611106106558
Node 772, 2601.2828845453905
Node 299, 329.7592978350617
Node 262, 291.1851524661136
Node 234, 262.82237499073386
Node 151, 219.69281803785614
Node 261, 287.7590123344725
Node 255, 283.4644822065709
Node 218, 252.4542292806171
Node 144, 218.41514688942172
Node 239, 267.6325608160736
Node 207, 244.3138577594768
Node 761, 2551.1948128227427
Node 268, 298.76016072414325
Node 574, 1601.7421846899872
Node 371, 650.9848582615907
