node_generations, branch_length
3922.8268239166805, 123110.74210580694
2708.9936574067688, 1213.8331665099117
837.8039091153186, 1871.18974829145
0.0, 837.8039091153186
145.50031804052048, 692.3035910747981
0.0, 145.50031804052048
0.0, 145.50031804052048
897.4752517802865, 1811.5184056264823
0.0, 897.4752517802865
0.0, 897.4752517802865
3803.8021325958466, 119.02469132083388
0.0, 3803.8021325958466
192.99002271722404, 3610.812109878623
25.641517563162804, 167.34850515406123
0.0, 25.641517563162804
0.0, 25.641517563162804
151.72604980954287, 41.263972907681165
0.0, 151.72604980954287
139.06394034356362, 12.662109465979256
0.0, 139.06394034356362
0.0, 139.06394034356362
13533.382364444022, 113500.1865652796
229.59926729852296, 13303.783097145499
0.0, 229.59926729852296
100.70710657866262, 128.89216071986033
0.0, 100.70710657866262
0.0, 100.70710657866262
610.3070339411717, 12923.07533050285
149.26930681839022, 461.03772712278146
0.0, 149.26930681839022
0.0, 149.26930681839022
181.85571860665257, 428.4513153345191
169.85456537230502, 12.001153234347555
0.0, 169.85456537230502
0.0, 169.85456537230502
174.26625275057103, 7.589465856081546
0.0, 174.26625275057103
0.0, 174.26625275057103
