Node, generations
Node 2987, 58167.50490474009
Node 560, 2554.1786969596255
Node 264, 269.7961033150282
Node 258, 265.4401157221001
Node 212, 202.46178129895893
Node 257, 263.74784388311616
Node 166, 159.57924533542558
Node 230, 218.45322416767186
Node 49, 101.58265653784075
Node 145, 146.81399693144527
Node 262, 269.58079414657084
Node 46, 101.02632353652622
Node 152, 150.10085242726282
Node 499, 2037.563491355334
Node 260, 266.65931479662885
Node 45, 100.14141851217371
Node 223, 211.07393831673392
Node 210, 199.6907275172401
Node 185, 175.5527480849842
Node 201, 193.7067878069203
Node 67, 106.53700556223247
Node 459, 1691.5655734590853
Node 239, 228.70775179851023
Node 244, 233.57827889379286
Node 214, 204.33853196173993
Node 86, 114.47008484502321
Node 61, 105.76856495262435
Node 1915, 17731.14356310364
Node 899, 4983.102456524849
Node 388, 1260.0749778055806
Node 129, 136.67080396549608
Node 1191, 7548.9089891872845
Node 281, 292.94778196472197
Node 216, 204.8581325784667
Node 107, 124.47990549103037
Node 72, 107.79204279245116
Node 199, 192.74390700637247
Node 545, 2439.1668933245764
Node 48, 101.56954489749407
