node_generations, branch_length
5210.410130523895, 16772.430410897407
307.0186415696653, 4903.391488954229
0.0, 307.0186415696653
153.36891368060842, 153.6497278890569
0.0, 153.36891368060842
0.0, 153.36891368060842
4675.551077881926, 534.8590526419684
141.55294773754886, 4533.998130144378
0.0, 141.55294773754886
0.0, 141.55294773754886
896.5701913722847, 3778.9808865096416
228.99381362458539, 667.5763777476993
186.85173166606387, 42.142081958521516
123.99297230268066, 62.858759363383214
0.0, 123.99297230268066
117.52988003007034, 6.463092272610311
0.0, 117.52988003007034
116.17997745664775, 1.3499025734225967
0.0, 116.17997745664775
0.0, 116.17997745664775
152.28577280887833, 34.565958857185535
0.0, 152.28577280887833
0.0, 152.28577280887833
209.07885953367347, 19.91495409091192
0.0, 209.07885953367347
0.0, 209.07885953367347
230.10692250322398, 666.4632688690608
114.7895783801072, 115.31734412311678
0.0, 114.7895783801072
106.32636494784246, 8.463213432264737
0.0, 106.32636494784246
0.0, 106.32636494784246
189.5483520149174, 40.55857048830657
0.0, 189.5483520149174
104.85141988868882, 84.69693212622859
0.0, 104.85141988868882
100.74796171250239, 4.103458176186436
0.0, 100.74796171250239
0.0, 100.74796171250239
21314.687761611225, 668.152779810076
1863.6748650126196, 19451.012896598604
217.0023921520578, 1646.6724728605618
0.0, 217.0023921520578
127.53292392754493, 89.46946822451288
0.0, 127.53292392754493
111.77847461311273, 15.754449314432193
0.0, 111.77847461311273
0.0, 111.77847461311273
256.15195348451306, 1607.5229115281065
0.0, 256.15195348451306
109.22031599608077, 146.93163748843227
0.0, 109.22031599608077
0.0, 109.22031599608077
12805.77951846912, 8508.908243142105
204.8104845880393, 12600.969033881081
0.0, 204.8104845880393
133.94108019923308, 70.8694043888062
0.0, 133.94108019923308
122.06842713097954, 11.872653068253541
0.0, 122.06842713097954
0.0, 122.06842713097954
2976.952243166119, 9828.827275303001
170.96445821282725, 2805.987784953292
0.0, 170.96445821282725
0.0, 170.96445821282725
1374.9972011817656, 1601.9550419843533
127.11469596183055, 1247.882505219935
0.0, 127.11469596183055
102.39866497138138, 24.71603099044917
0.0, 102.39866497138138
0.0, 102.39866497138138
181.3186877659753, 1193.6785134157903
0.0, 181.3186877659753
157.176103533394, 24.1425842325813
0.0, 157.176103533394
106.1066153018229, 51.069488231571114
0.0, 106.1066153018229
0.0, 106.1066153018229
