Node, generations
Node 2157, 32305.99712938744
Node 961, 1831.4775012778634
Node 844, 1251.8674170880045
Node 934, 1646.0465660617776
Node 930, 1632.458272600138
Node 883, 1391.462175243423
Node 810, 1198.3311372833084
Node 691, 1064.192705800076
Node 647, 1042.7168823244533
Node 117, 498.5001385765361
Node 683, 1060.0987037828393
Node 681, 1059.7729016114497
Node 882, 1386.655155584998
Node 111, 488.64637396705433
Node 60, 267.6713899571004
Node 907, 1529.7202044621579
Node 835, 1234.0993068967023
Node 771, 1130.2978129969479
Node 890, 1433.890083732235
Node 933, 1641.759054694502
Node 808, 1191.2980045658041
Node 772, 1132.5878703614835
Node 443, 1009.0252716874887
Node 67, 285.0403972528769
Node 290, 974.5214601133306
Node 632, 1038.3406526231006
Node 789, 1157.3461475461015
Node 43, 95.39383446956212
Node 788, 1154.167316649386
Node 517, 1015.4009230630126
Node 1024, 3518.5365858152795
Node 839, 1241.375444110801
Node 785, 1148.8574355060007
Node 608, 1033.6625352254835
Node 701, 1072.2211417784947
Node 675, 1057.0163025581635
Node 679, 1059.401706699175
Node 597, 1028.7682340475233
Node 58, 254.979772578685
