node_generations, branch_length
4147.617177631787, 9285.283558985393
227.97158200877175, 3919.645595623015
136.71499242193565, 91.2565895868361
0.0, 136.71499242193565
102.79274999106781, 33.92224243086784
0.0, 102.79274999106781
0.0, 102.79274999106781
174.98025309517203, 52.991328913599716
0.0, 174.98025309517203
149.79761261965655, 25.182640475515484
0.0, 149.79761261965655
0.0, 149.79761261965655
2421.6663713307385, 1725.9508063010485
0.0, 2421.6663713307385
287.65113561795766, 2134.015235712781
154.53930887611807, 133.1118267418396
0.0, 154.53930887611807
0.0, 154.53930887611807
279.66526102091484, 7.985874597042823
0.0, 279.66526102091484
168.1305731997741, 111.53468782114075
0.0, 168.1305731997741
0.0, 168.1305731997741
10377.98556014926, 3054.915176467919
2745.7909131624756, 7632.194646986784
0.0, 2745.7909131624756
219.58872807586303, 2526.2021850866126
0.0, 219.58872807586303
100.55873039180923, 119.0299976840538
0.0, 100.55873039180923
0.0, 100.55873039180923
5725.2944352620425, 4652.6911248872175
2400.621646137597, 3324.6727891244454
0.0, 2400.621646137597
0.0, 2400.621646137597
5205.145362164926, 520.1490730971163
1873.1312555726022, 3332.014106592324
186.50211346970926, 1686.629142102893
0.0, 186.50211346970926
107.86030000049514, 78.64181346921411
0.0, 107.86030000049514
102.6898264580004, 5.170473542494747
0.0, 102.6898264580004
0.0, 102.6898264580004
1342.8625296249586, 530.2687259476436
206.38698192009588, 1136.4755477048627
0.0, 206.38698192009588
197.69393645420013, 8.69304546589575
0.0, 197.69393645420013
0.0, 197.69393645420013
258.7671568378214, 1084.0953727871372
102.90712331875437, 155.86003351906703
0.0, 102.90712331875437
0.0, 102.90712331875437
202.49377828250582, 56.27337855531559
0.0, 202.49377828250582
197.64406610705058, 4.849712175455238
0.0, 197.64406610705058
0.0, 197.64406610705058
2606.205999653745, 2598.939362511181
311.8074331073282, 2294.398566546417
203.61377944582367, 108.19365366150456
0.0, 203.61377944582367
184.06911319544062, 19.544666250383045
0.0, 184.06911319544062
111.42197972296363, 72.647133472477
0.0, 111.42197972296363
0.0, 111.42197972296363
244.67032669095312, 67.1371064163751
0.0, 244.67032669095312
190.81810479435532, 53.8522218965978
0.0, 190.81810479435532
0.0, 190.81810479435532
1628.9961841170593, 977.2098155366857
0.0, 1628.9961841170593
129.3031640896456, 1499.6930200274137
0.0, 129.3031640896456
0.0, 129.3031640896456
