node_generations, branch_length
928.4893728195489, 14299.118644206283
338.418430282877, 590.0709425366719
0.0, 338.418430282877
205.06577750004513, 133.35265278283188
0.0, 205.06577750004513
0.0, 205.06577750004513
358.32194696878906, 570.1674258507599
0.0, 358.32194696878906
355.2050948357848, 3.116852133004272
0.0, 355.2050948357848
0.0, 355.2050948357848
12078.666378500604, 3148.941638525228
570.2169961719907, 11508.449382328614
0.0, 570.2169961719907
0.0, 570.2169961719907
7583.562348788469, 4495.104029712135
3434.4875253047685, 4149.0748234837
206.00302610694274, 3228.4844991978257
0.0, 206.00302610694274
107.73044828081541, 98.27257782612733
0.0, 107.73044828081541
0.0, 107.73044828081541
2137.5103653514234, 1296.977159953345
0.0, 2137.5103653514234
0.0, 2137.5103653514234
4687.074219933013, 2896.488128855455
977.5586913728853, 3709.515528560128
0.0, 977.5586913728853
217.010187269442, 760.5485041034433
0.0, 217.010187269442
216.90773359832681, 0.10245367111519954
0.0, 216.90773359832681
0.0, 216.90773359832681
1349.1047042073371, 3337.9695157256765
0.0, 1349.1047042073371
380.5505903583096, 968.5541138490275
0.0, 380.5505903583096
0.0, 380.5505903583096
