Node, generations
Node 1679, 34581.533791517766
Node 751, 1297.344936339886
Node 627, 559.1168938550899
Node 539, 384.8268445545331
Node 360, 243.3150442471268
Node 316, 228.77338668444932
Node 472, 308.5492398899824
Node 149, 203.71138244898899
Node 99, 194.0443747387404
Node 437, 283.7990270645093
Node 270, 217.115422745448
Node 356, 241.62604108450225
Node 596, 479.21294562743174
Node 481, 316.14675346637495
Node 392, 256.5104444700896
Node 81, 123.64290650324877
Node 518, 354.79751925016006
Node 302, 223.79416985308305
Node 287, 219.42240708053816
Node 108, 200.79969385617997
Node 198, 208.03853040141013
Node 434, 282.43481557576115
Node 649, 633.6952872183057
Node 503, 336.5666057070968
Node 182, 206.7715967418781
Node 168, 205.0983165618014
Node 479, 314.9524285050361
Node 115, 201.07110277391598
Node 599, 483.6033261402229
Node 462, 301.7715299895312
Node 474, 309.2945275256386
Node 309, 226.78109339220245
Node 247, 213.2263921556537
Node 382, 251.2514070396386
Node 136, 202.74406592110273
Node 782, 1665.4940555900084
Node 689, 836.0818367541629
Node 413, 268.5799469563838
Node 373, 246.51772206265156
Node 545, 390.1028627255752
Node 62, 81.46907689217835
Node 527, 366.60643073271206
Node 412, 268.28062972145995
Node 223, 210.37301531163968
Node 60, 5.927403358467571
Node 435, 282.78611298248825
Node 767, 1413.2846174972067
Node 635, 585.9696230887279
Node 383, 251.645585454561
Node 351, 238.00977953974447
Node 473, 308.82410819735424
Node 281, 218.39147573410898
Node 267, 216.57784038474003
Node 682, 791.5466299185201
Node 367, 245.4193860820841
Node 666, 722.563639597594
Node 590, 459.5800387310213
Node 229, 210.8597484554246
Node 73, 109.22608672070116
