Node, generations
Node 703, 5517.081718058668
Node 249, 1237.7886564503858
Node 85, 180.12436515618828
Node 175, 765.9213836683637
Node 170, 747.4969513139405
Node 53, 95.2251790202503
Node 93, 216.2784166277645
Node 684, 5112.733962658015
Node 535, 3119.3912284296375
Node 35, 63.857949869452675
Node 398, 2055.5963940335123
Node 60, 110.96311658368747
Node 95, 238.3131666602316
Node 92, 206.6200457110995
Node 62, 114.82833788961945
Node 64, 117.31892072885636
Node 565, 3367.347500664625
Node 22, 16.929144284634834
Node 21, 2.9014455743052108
