Node, generations
Node 3489, 56132.85183567634
Node 1095, 3318.2203282200244
Node 299, 168.40294821052632
Node 137, 110.23304427404082
Node 231, 131.2938671153218
Node 1092, 3298.2999059336294
Node 357, 204.52119928057868
Node 238, 134.02404268577598
Node 382, 231.8449985364788
Node 69, 100.07536926770251
Node 360, 205.87942796609994
Node 188, 120.80857714023833
Node 2608, 19959.929978377764
Node 1115, 3399.381961551508
Node 351, 202.07077605684518
Node 190, 121.23352791891634
Node 359, 205.24669990726412
Node 226, 129.64124833490905
Node 208, 125.0319148030596
Node 2376, 16055.71202216164
Node 346, 199.07129983028938
Node 343, 195.48816954021345
Node 319, 179.87971747107213
Node 291, 159.52298081669935
Node 2335, 15268.747521910549
Node 1836, 8679.041270247006
Node 661, 1382.1178244720213
Node 397, 240.75753803598883
Node 324, 182.61781860237642
Node 199, 122.92992818686292
Node 393, 238.89521049492404
Node 191, 121.28599607026632
Node 274, 149.5686832143947
Node 565, 1014.0081275628694
Node 374, 223.67408697989882
Node 278, 151.58442293168548
Node 114, 105.65769394293987
Node 91, 103.32525168456011
Node 234, 132.26603574648766
Node 322, 181.789384237142
Node 207, 124.96369563136946
Node 87, 102.78329451659374
Node 803, 1977.587804994375
Node 340, 194.23720226107307
Node 270, 148.27410053905646
Node 334, 191.83867891419675
Node 1912, 9511.33960778067
Node 368, 216.12032524074186
Node 400, 244.54167759601802
Node 363, 208.10034443716177
Node 251, 138.61013867767014
Node 148, 112.13116025103942
Node 134, 109.7325996527852
Node 348, 200.4253982184048
Node 263, 145.095449963005
Node 245, 137.0953034131951
Node 205, 124.82419607388596
Node 383, 232.09518888812917
Node 318, 179.51393341321204
