Node, generations
Node 459, 1902.175175995787
Node 441, 1645.0851815133235
Node 386, 1173.9645246442071
Node 290, 772.1996134744903
Node 260, 697.115391533883
Node 253, 681.4806361903408
Node 25, 246.9811932888049
Node 208, 595.9300729067171
Node 90, 511.8598908424225
Node 299, 805.6569939340409
Node 297, 793.265896611882
Node 213, 600.6115031074247
Node 209, 596.567329953131
Node 140, 537.8755282815789
Node 453, 1791.9814442881127
Node 336, 938.5156033573263
Node 162, 556.1865235346979
Node 361, 1045.0000210218561
Node 74, 508.4151780419412
