node_generations, branch_length
2801.826193023601, 43771.98799016504
1063.2572438943089, 1738.568949129292
0.0, 1063.2572438943089
1031.5321161942247, 31.72512770008416
0.0, 1031.5321161942247
1011.1184181285004, 20.41369806572436
0.0, 1011.1184181285004
0.0, 1011.1184181285004
1221.7848445057311, 1580.0413485178697
0.0, 1221.7848445057311
1047.1648455507561, 174.61999895497502
0.0, 1047.1648455507561
1035.610897700651, 11.553947850105033
0.0, 1035.610897700651
0.0, 1035.610897700651
24091.59483664222, 22482.219346546426
4081.720921250397, 20009.87391539182
1206.5688454781384, 2875.1520757722587
0.0, 1206.5688454781384
1000.7663260956227, 205.8025193825157
0.0, 1000.7663260956227
0.0, 1000.7663260956227
2212.626275204067, 1869.0946460463301
0.0, 2212.626275204067
1331.1789521383696, 881.4473230656974
0.0, 1331.1789521383696
1057.6367311012214, 273.54222103714824
0.0, 1057.6367311012214
0.0, 1057.6367311012214
8228.962907586081, 15862.631929056139
0.0, 8228.962907586081
1152.8167616703938, 7076.146145915687
1012.128717728879, 140.68804394151482
0.0, 1012.128717728879
0.0, 1012.128717728879
1127.9589442929691, 24.85781737742468
0.0, 1127.9589442929691
0.0, 1127.9589442929691
