Node, generations
Node 2599, 22254.11330851815
Node 1830, 10221.410832569627
Node 426, 896.9428044475161
Node 411, 805.7113939774208
Node 347, 389.9869918552853
Node 151, 228.16280645450573
Node 61, 201.37395688369983
Node 1692, 8687.828422830566
Node 541, 1340.2955175059735
Node 535, 1312.2736417324058
Node 106, 211.21908089385929
Node 287, 317.81312066178026
Node 218, 257.089983848957
Node 40, 3.9036647315938007
Node 225, 260.41429976705837
Node 109, 212.30755288563762
Node 624, 1694.5390136490932
Node 50, 200.24119645947812
Node 316, 346.7420723614618
Node 1882, 10764.007504198942
Node 1262, 5186.310422529407
Node 382, 618.5000932946524
Node 1196, 4764.456033982293
Node 245, 278.7772587883427
Node 65, 202.07932783007834
Node 41, 21.877268981179945
Node 199, 250.41115007337226
Node 167, 233.19749261425594
Node 84, 206.52395052025778
Node 640, 1769.7263483018571
Node 352, 394.848334683103
Node 242, 278.08138722847946
Node 164, 231.82510389856608
Node 461, 1068.599757348731
Node 83, 206.39460864746002
Node 280, 312.098797714213
Node 205, 251.0923425939369
Node 96, 208.73044736089176
Node 1524, 7228.195317977104
