Node, generations
Node 3037, 30236.662763817294
Node 1474, 5365.13459160123
Node 592, 306.95713448893827
Node 791, 1289.7448320396281
Node 598, 311.43013369759836
Node 406, 223.48831617101152
Node 382, 218.91604698054715
Node 354, 215.61000315056924
Node 289, 209.39509325134043
Node 586, 298.657964702251
Node 552, 278.5821321598412
Node 654, 376.4564048159124
Node 563, 284.657168575796
Node 373, 218.02445889342093
Node 328, 213.058212824159
Node 591, 306.40804702627923
Node 464, 236.64091076336643
Node 425, 227.63630914545877
Node 508, 256.29413700110837
Node 129, 200.06344217507217
Node 101, 111.9583406842411
Node 311, 211.33671277226787
Node 224, 204.3260958444752
Node 2440, 17021.16667722957
Node 1420, 4848.417355561585
Node 1008, 2451.3400768373886
Node 661, 381.7156608039345
Node 567, 287.23019004019807
Node 102, 112.87877347561364
Node 457, 235.43328864940636
Node 341, 214.17834918665574
Node 920, 1946.703321620508
Node 426, 227.68647901533234
Node 415, 224.76374441662435
Node 384, 219.62321165067675
Node 794, 1311.9069153781281
Node 557, 283.0574002798069
Node 554, 280.60366428978034
Node 335, 213.6227012911381
Node 437, 229.55672754169294
Node 325, 212.8756086220403
Node 150, 200.84662184388057
Node 1152, 3157.987645783553
Node 503, 254.34838487411804
Node 337, 213.70283872139203
Node 1067, 2714.878607158484
Node 837, 1486.4473623350016
Node 517, 260.31744437648024
Node 91, 92.51230901865196
Node 622, 336.05610707958084
Node 493, 250.89367830774762
Node 272, 208.07450910542772
Node 525, 263.9663654332788
Node 456, 234.80994950956674
Node 240, 205.6234580778613
Node 420, 226.51672079614158
Node 397, 221.65548130172752
Node 839, 1501.1677220923289
Node 632, 346.5768408285793
Node 443, 231.12477544702048
Node 462, 236.16148895189454
Node 107, 126.2203024155143
Node 281, 208.72518372681319
Node 640, 355.61202126847496
Node 583, 298.0516306278416
Node 547, 275.67429536636024
Node 119, 157.63231245289717
Node 573, 292.801375468069
Node 393, 220.73574382152617
Node 96, 107.2031730643515
Node 572, 290.28976274737994
Node 198, 202.8934083055101
Node 634, 349.4032587337829
Node 421, 226.69175659152666
Node 192, 202.57996727200674
Node 2437, 16990.780484984843
Node 570, 288.1074699624041
Node 424, 227.44749913026777
Node 1911, 9435.763850216712
