Node, generations
Node 3313, 24184.772259543606
Node 1748, 1701.5989705300374
Node 1488, 1076.366483719131
Node 1324, 1029.5496886355545
Node 1721, 1438.2166489832011
Node 1666, 1275.6526071001501
Node 1613, 1179.9622624258593
Node 1357, 1037.5836460488126
Node 1271, 1019.4162246169614
Node 1403, 1046.883796755119
Node 3011, 17925.612605671256
Node 2487, 9757.325029703145
Node 1672, 1289.8640777055346
Node 457, 589.5892383673039
Node 1669, 1281.8334446522497
Node 1520, 1093.3325943038526
Node 1450, 1061.935410974039
Node 1343, 1033.6442032286318
Node 1466, 1069.6240847818008
Node 1235, 1016.2508900716381
Node 1111, 1007.3072683382842
Node 991, 1003.3007926226213
Node 114, 150.7422518586107
Node 133, 187.16539967450169
Node 996, 1003.3565553169747
Node 1603, 1170.409050915369
Node 1567, 1137.416314600205
Node 1380, 1042.5629058193915
Node 1175, 1011.7041653158888
Node 279, 404.2880137786317
Node 1366, 1039.0761525443195
Node 966, 1002.6287917154305
Node 1308, 1026.573168882309
Node 1130, 1008.2096210277439
Node 1577, 1143.9889487081568
Node 1449, 1061.2030926109258
Node 1384, 1042.985782261403
Node 800, 938.7826399724308
Node 248, 370.0097905725193
Node 291, 416.41081164599285
Node 1364, 1038.5671423744614
Node 522, 660.4954417572916
Node 194, 308.98704003007106
Node 1389, 1043.6794903620141
Node 90, 79.40700829072098
Node 1123, 1007.8310320313999
Node 1025, 1004.0312233543661
Node 2341, 7800.661997121361
Node 1463, 1069.0523364256785
Node 672, 827.5337537185563
Node 1566, 1136.4880693298262
Node 1151, 1009.3291546151848
Node 783, 922.8890254054274
Node 110, 144.82483836223233
Node 290, 416.3958335686231
Node 206, 320.69638193839063
Node 2964, 17093.02230464525
Node 2246, 6760.435600672366
Node 1626, 1196.9946645301663
Node 1572, 1141.1959925950753
Node 1509, 1086.1271227533532
Node 1216, 1014.5938518217092
Node 180, 273.46906848686984
Node 140, 197.60091443029734
Node 1009, 1003.6731490607624
Node 1390, 1044.2513624924384
Node 1583, 1148.2364053208732
Node 1501, 1084.5205667171658
Node 1263, 1018.5255369979029
Node 999, 1003.4719355479369
Node 81, 7.624796607752698
Node 1024, 1004.0085004354963
Node 1365, 1038.960085663771
Node 1006, 1003.6203230157489
Node 1296, 1023.3951109344458
Node 1088, 1006.4127423297284
Node 1854, 2901.883676003712
Node 1361, 1038.1790745853202
Node 89, 72.35209608521389
