Node, generations
Node 4184, 65512.09279878894
Node 1770, 1396.0578555541722
Node 1730, 1295.7940312635683
Node 1338, 1019.1297408431465
Node 1593, 1100.7455938428654
Node 1474, 1046.99100139288
Node 97, 93.16752939331083
Node 1362, 1022.0651842225717
Node 273, 385.9556579871149
Node 1298, 1015.6239913554792
Node 984, 1001.7049515835348
Node 499, 649.3038611210274
Node 1564, 1084.6823300491108
Node 1293, 1015.0663178778857
Node 136, 192.7716008339949
Node 271, 384.4774283008085
Node 1541, 1070.8014375546286
Node 3632, 35212.924299141334
Node 1783, 1467.0943410649284
Node 1364, 1022.6281535533246
Node 807, 920.6251446931165
Node 1190, 1007.7314715985734
Node 1761, 1373.168085492434
Node 1430, 1034.870719384945
Node 1314, 1017.0219978707061
Node 233, 326.5376447191079
Node 1656, 1158.8795846341127
Node 1472, 1046.305657470148
Node 1432, 1035.5071908862706
Node 1438, 1037.3870156465703
Node 1080, 1003.9674883993813
Node 2348, 7398.801893349614
Node 1715, 1265.6055200405015
Node 1183, 1007.5147923235077
Node 934, 1000.7175532760841
Node 1166, 1006.8677381395788
Node 1022, 1002.4670156625884
Node 338, 478.06894078159377
Node 240, 330.2026862021913
Node 1673, 1181.4197522398167
Node 151, 218.26551722639076
Node 150, 218.21782587424386
Node 2186, 5816.218385430905
Node 1717, 1270.813751573229
Node 1573, 1089.2262325293582
Node 1043, 1002.7841027789082
Node 1799, 1644.4824098458027
Node 1735, 1306.2889532044387
Node 1345, 1020.0906848818205
Node 293, 417.4406427273411
Node 1682, 1191.0734859782476
Node 1678, 1186.943775170078
Node 1619, 1118.8881049285437
Node 1590, 1099.2742633111122
Node 107, 128.53026520164389
Node 662, 800.5225968542022
Node 433, 580.3591890089177
Node 1606, 1109.8538871680978
Node 1387, 1025.78919454716
Node 1312, 1016.7733035484612
Node 1510, 1058.3946265777904
Node 1392, 1026.950720972247
Node 958, 1001.1157796680677
Node 86, 36.436849982572845
Node 1358, 1021.9429623450264
Node 726, 854.9128112540245
Node 856, 960.1088236812751
Node 1416, 1032.699546214014
Node 1010, 1002.2176042370197
Node 879, 977.6172492135345
Node 337, 474.50187928685006
Node 899, 993.3341033291272
Node 500, 649.7248238880965
Node 270, 376.528426538951
Node 216, 302.4173083831089
Node 821, 929.8116292580952
Node 1628, 1129.2929116660034
Node 1575, 1090.6279837143857
Node 82, 13.904776509066833
