Node, generations
Node 2064, 18576.648641499134
Node 923, 1478.09248155294
Node 865, 1289.0599958452992
Node 782, 1143.3848225541817
Node 690, 1069.011405723783
Node 814, 1187.2758088620776
Node 86, 335.2021591248126
Node 50, 162.4875516910107
Node 80, 315.4750147935626
Node 51, 163.0115971109841
Node 915, 1439.5500365607554
Node 871, 1306.1276760526466
Node 795, 1169.2408019598486
Node 853, 1255.663870518459
Node 580, 1030.3493538466353
Node 52, 178.1392876958593
Node 897, 1382.7517660983276
Node 691, 1070.4995615433618
Node 183, 647.2101819594761
Node 1317, 6088.993425663699
Node 918, 1460.1323443733545
Node 429, 1006.8197601854918
Node 275, 873.7118815468094
Node 1142, 4122.228343134476
Node 721, 1090.1122294589625
Node 470, 1011.1874206205262
Node 338, 1000.4495483471297
Node 874, 1314.6560182120882
Node 687, 1066.4627825438238
Node 72, 261.0585338036486
Node 869, 1300.9778309054836
Node 40, 10.120123399276268
Node 850, 1253.0432038669394
Node 141, 525.6836008310852
Node 826, 1219.4004364613302
Node 759, 1118.9772226418781
Node 92, 354.6096420338588
Node 773, 1132.8613097670336
Node 641, 1051.8805479209477
