Node, generations
Node 3031, 19539.38710569532
Node 2050, 4950.588038245274
Node 1063, 1003.6056887541569
Node 1032, 1002.6966371769477
Node 115, 150.92060437142175
Node 1948, 3894.4086852421724
Node 1810, 2214.765799520717
Node 1487, 1051.9841328755617
Node 1532, 1071.92974729734
Node 1481, 1048.1302929311812
Node 582, 716.4262120448801
Node 1420, 1030.498350804914
Node 689, 819.2492464827812
Node 458, 594.6036177142435
Node 113, 147.70438792944563
Node 182, 274.71401781076315
Node 1530, 1070.1929934247548
Node 1509, 1060.6229453186172
Node 1461, 1042.1765253023927
Node 1514, 1063.3076686590573
Node 1930, 3706.7322740565037
Node 1566, 1087.5203186184315
Node 1382, 1025.8188506085262
Node 1149, 1006.1567645339082
Node 1092, 1004.4467244077243
Node 971, 1001.3261895633667
Node 1034, 1002.7640220584116
Node 300, 425.5292917263142
Node 1557, 1081.9430219305482
Node 1539, 1075.2413764568612
Node 1186, 1008.0400429786797
Node 758, 873.5978793042258
Node 489, 635.628679956128
Node 1354, 1021.3010462710276
Node 1320, 1016.7311854107511
Node 1692, 1232.3129671401202
Node 378, 518.3527754620235
Node 355, 490.66500135526957
Node 1596, 1113.5699635817678
Node 1412, 1028.88711083743
Node 940, 1000.7588337676102
Node 2453, 9728.740261868837
Node 1587, 1105.9320922920112
Node 1121, 1005.4735008941285
Node 205, 314.32856577616815
Node 305, 437.8334594216459
Node 274, 391.6034460691281
Node 233, 342.9806031112933
Node 1229, 1009.8720217058063
Node 351, 488.3325937020762
Node 2396, 8863.46355632592
Node 1737, 1387.6240825520083
Node 1550, 1079.6157845874602
Node 1710, 1289.7430141042187
Node 1218, 1009.4019014206
Node 1009, 1002.1549161133105
Node 206, 318.7337506210181
Node 1759, 1439.4443141931906
Node 1633, 1141.1794661036597
Node 1033, 1002.7153211220233
Node 134, 198.08633054611403
Node 666, 799.3975429190873
Node 1291, 1014.0620560999926
Node 1173, 1007.2166331160823
Node 1744, 1402.0744542297537
Node 1704, 1259.2609509296876
Node 1605, 1120.6170784638311
Node 441, 580.0061161925695
Node 1654, 1162.5806338126413
Node 1378, 1025.0692091591807
Node 143, 213.97297624909737
Node 253, 366.0197468590823
Node 1443, 1036.4083048926104
Node 91, 68.75284578043679
Node 1344, 1019.3181828723704
Node 1148, 1006.1433550586936
Node 1333, 1018.3048422644686
Node 744, 864.0192283738945
Node 240, 349.351106606312
