Node, generations
Node 5181, 100500.70311700486
Node 2609, 6351.298308805677
Node 2600, 6296.439677804573
Node 1287, 1607.9622351976625
Node 1087, 1195.4431273775388
Node 409, 261.018291017744
Node 164, 106.43817611720694
Node 1232, 1494.1204420156266
Node 286, 129.47897962517197
Node 1037, 1124.2168719992799
Node 550, 479.06376368796913
Node 217, 113.40352275065804
Node 137, 103.67662636178281
Node 774, 769.3061288680192
Node 182, 108.64635543655565
Node 661, 616.495196392836
Node 593, 536.251465367141
Node 238, 117.60101879260309
Node 152, 105.19831186146017
Node 476, 360.2713796280061
Node 145, 104.31580155191479
Node 392, 237.99550900368837
Node 336, 145.48732760455906
Node 376, 210.00235782657816
Node 346, 148.2186268199463
Node 296, 132.19374097489012
Node 146, 104.36868076006692
Node 80, 1.168115297569208
Node 122, 101.99148321003011
Node 314, 136.96011559610398
Node 2299, 4774.156807618114
Node 317, 138.86491156117975
Node 2227, 4423.054729099833
Node 408, 259.3197743518134
Node 389, 230.63879718683006
Node 354, 166.83727187924626
Node 258, 121.53552799263547
Node 235, 117.25635967554122
Node 1514, 2077.4074614547612
Node 1079, 1176.9203899114436
Node 505, 405.2295894034811
Node 1010, 1092.8276966973956
Node 299, 132.7614896806009
Node 118, 101.52369846900166
Node 83, 32.00041025826343
Node 899, 938.3576702808234
Node 207, 112.14111098054046
Node 170, 107.53553972200197
Node 110, 101.17538472024256
Node 81, 9.664101924867168
Node 1257, 1543.5513308474765
Node 3238, 11586.712805416637
Node 791, 793.2943828920256
Node 303, 134.40935181511162
Node 176, 108.02806419933223
Node 2741, 7418.3099039523395
Node 1463, 1974.9198059962293
Node 524, 430.8129025310416
Node 212, 113.01311187696834
Node 1244, 1511.202400555112
Node 270, 123.92392524386938
Node 779, 776.0792577188149
Node 477, 361.89541900380027
Node 472, 355.4051205099043
Node 328, 142.55953755441044
Node 417, 276.1511353538994
Node 232, 116.34733802693202
Node 221, 114.59500405875986
Node 288, 129.64407028457381
Node 155, 105.66216748673094
Node 250, 120.56913920684931
Node 473, 358.83887272171154
Node 391, 234.76235329910202
Node 259, 121.64512195394734
Node 686, 654.4730425258422
Node 378, 213.70132763978373
Node 329, 143.42156321612472
Node 263, 123.0391982331363
Node 202, 111.02771659658849
