node_generations, branch_length
2223.287160951557, 11249.7842270097
1619.2955410433794, 603.9916199081774
0.0, 1619.2955410433794
152.60711292211943, 1466.6884281212601
0.0, 152.60711292211943
0.0, 152.60711292211943
2125.9839482187003, 97.30321273285654
0.0, 2125.9839482187003
2102.516446067431, 23.4675021512694
0.0, 2102.516446067431
2078.9360179745267, 23.580428092904185
0.0, 2078.9360179745267
295.9608573104893, 1782.9751606640375
0.0, 295.9608573104893
0.0, 295.9608573104893
7507.9146795632605, 5965.156708397997
0.0, 7507.9146795632605
2600.365026838512, 4907.549652724749
2383.3055510301183, 217.05947580839393
0.0, 2383.3055510301183
2279.079101285019, 104.22644974509922
2201.065512320446, 78.01358896457305
2093.949058881171, 107.11645343927512
0.0, 2093.949058881171
2009.1885320984513, 84.76052678271958
0.0, 2009.1885320984513
0.0, 2009.1885320984513
2194.7778565505014, 6.287655769944649
2028.7647179245241, 166.01313862597726
0.0, 2028.7647179245241
1368.795277145022, 659.9694407795021
0.0, 1368.795277145022
0.0, 1368.795277145022
2172.028499676546, 22.74935687395555
0.0, 2172.028499676546
2117.4786978041616, 54.54980187238425
0.0, 2117.4786978041616
653.891261074061, 1463.5874367301005
0.0, 653.891261074061
0.0, 653.891261074061
2260.8401845853937, 18.238916699625406
0.0, 2260.8401845853937
2253.6190633507567, 7.221121234636939
2108.8533816344975, 144.76568171625922
0.0, 2108.8533816344975
0.0, 2108.8533816344975
2238.659819013473, 14.959244337283508
0.0, 2238.659819013473
2132.619078943898, 106.04074006957535
2024.001531673856, 108.61754727004177
0.0, 2024.001531673856
0.0, 2024.001531673856
2122.4285512055435, 10.190527738354376
90.04303272818632, 2032.3855184773572
0.0, 90.04303272818632
0.0, 90.04303272818632
1418.150468412933, 704.2780827926106
0.0, 1418.150468412933
0.0, 1418.150468412933
2471.0830396993633, 129.2819871391489
2218.3657900107005, 252.71724968866283
2088.64501208202, 129.7207779286805
354.1545480854118, 1734.4904639966082
0.0, 354.1545480854118
0.0, 354.1545480854118
2016.867602061789, 71.77741002023095
0.0, 2016.867602061789
0.0, 2016.867602061789
2190.6895666071478, 27.67622340355274
2013.416532157554, 177.27303444959375
0.0, 2013.416532157554
0.0, 2013.416532157554
2015.403757078642, 175.28580952850575
0.0, 2015.403757078642
0.0, 2015.403757078642
2273.330078849441, 197.75296084992215
0.0, 2273.330078849441
0.0, 2273.330078849441
