node_generations, branch_length
1793.229084285692, 25632.837269617117
0.0, 1793.229084285692
1003.8222860240862, 789.4067982616057
0.0, 1003.8222860240862
0.0, 1003.8222860240862
1798.7929877695858, 25627.273366133224
1416.798466742882, 381.99452102670375
0.0, 1416.798466742882
1318.6478148384842, 98.15065190439782
0.0, 1318.6478148384842
1206.5883355037975, 112.05947933468678
758.0475689437967, 448.54076656000075
0.0, 758.0475689437967
0.0, 758.0475689437967
1026.0517132152322, 180.53662228856524
0.0, 1026.0517132152322
0.0, 1026.0517132152322
1534.6014953800454, 264.1914923895404
1013.5198404812222, 521.0816548988232
0.0, 1013.5198404812222
0.0, 1013.5198404812222
1403.2712625609981, 131.3302328190473
1223.7777334705513, 179.49352909044683
0.0, 1223.7777334705513
1181.220637157127, 42.55709631342438
0.0, 1181.220637157127
1081.303373323813, 99.91726383331388
0.0, 1081.303373323813
1081.1978066701522, 0.10556665366084417
0.0, 1081.1978066701522
1031.9740689805144, 49.2237376896378
0.0, 1031.9740689805144
0.0, 1031.9740689805144
1262.3562828911317, 140.9149796698664
0.0, 1262.3562828911317
1063.8811886068365, 198.4750942842952
0.0, 1063.8811886068365
0.0, 1063.8811886068365
