node_generations, branch_length
499.67141694964465, 59289.487176569986
311.7943590613612, 187.87705788828345
0.0, 311.7943590613612
0.0, 311.7943590613612
387.81460391513446, 111.8568130345102
200.7997499674956, 187.01485394763887
0.0, 200.7997499674956
0.0, 200.7997499674956
342.9007949650317, 44.91380895010275
223.89682151422923, 119.00397345080248
0.0, 223.89682151422923
0.0, 223.89682151422923
319.84617102883703, 23.054623936194673
0.0, 319.84617102883703
238.24020107301143, 81.6059699558256
0.0, 238.24020107301143
0.0, 238.24020107301143
6101.0153495719105, 53688.14324394772
210.35591254454542, 5890.659437027365
0.0, 210.35591254454542
0.0, 210.35591254454542
1233.7536537763265, 4867.261695795584
725.9870843113089, 507.7665694650176
0.0, 725.9870843113089
703.6210190215008, 22.366065289808034
429.6168331772063, 274.00418584429457
245.6082885011078, 184.00854467609847
0.0, 245.6082885011078
234.06954268169028, 11.538745819417528
0.0, 234.06954268169028
0.0, 234.06954268169028
299.51364152269946, 130.10319165450682
0.0, 299.51364152269946
0.0, 299.51364152269946
537.458779479975, 166.16223954152588
238.10715735083397, 299.351622129141
0.0, 238.10715735083397
224.9407278360457, 13.166429514788263
0.0, 224.9407278360457
0.0, 224.9407278360457
471.48469070739316, 65.97408877258181
211.02411513928976, 260.4605755681034
0.0, 211.02411513928976
0.0, 211.02411513928976
451.32277929782396, 20.1619114095692
0.0, 451.32277929782396
263.7803078424268, 187.54247145539716
0.0, 263.7803078424268
0.0, 263.7803078424268
856.05768065785, 377.69597311847645
588.5297984160476, 267.52788224180244
309.1381265124457, 279.3916719036019
163.53933550126257, 145.59879101118312
0.0, 163.53933550126257
0.0, 163.53933550126257
300.0897169175891, 9.048409594856594
0.0, 300.0897169175891
0.0, 300.0897169175891
427.93315382001856, 160.59664459602902
221.0680515947481, 206.86510222527045
0.0, 221.0680515947481
0.0, 221.0680515947481
231.3678811536395, 196.56527266637906
0.0, 231.3678811536395
217.24838483987247, 14.11949631376703
0.0, 217.24838483987247
213.36483102506293, 3.883553814809545
0.0, 213.36483102506293
206.62451700241664, 6.740314022646288
0.0, 206.62451700241664
0.0, 206.62451700241664
669.9308067781232, 186.12687387972687
0.0, 669.9308067781232
506.60870588843, 163.32210088969316
0.0, 506.60870588843
261.2020024828086, 245.40670340562139
0.0, 261.2020024828086
0.0, 261.2020024828086
