node_generations, branch_length
1193.0777784884406, 7746.622352081679
0.0, 1193.0777784884406
1102.2817924526414, 90.79598603579916
0.0, 1102.2817924526414
505.963840372575, 596.3179520800663
0.0, 505.963840372575
501.67600199731294, 4.2878383752620834
0.0, 501.67600199731294
0.0, 501.67600199731294
2442.550090116274, 6497.150040453846
748.0711700613946, 1694.4789200548794
574.7840187187138, 173.28715134268077
0.0, 574.7840187187138
511.8544326875891, 62.9295860311247
0.0, 511.8544326875891
0.0, 511.8544326875891
584.860463335837, 163.21070672555754
0.0, 584.860463335837
554.8700924514678, 29.990370884369213
0.0, 554.8700924514678
235.10827833310395, 319.7618141183639
0.0, 235.10827833310395
0.0, 235.10827833310395
1878.3254366738765, 564.2246534423975
709.7271195674938, 1168.5983171063826
445.6598717699105, 264.06724779758326
0.0, 445.6598717699105
0.0, 445.6598717699105
578.6715690422682, 131.0555505252256
0.0, 578.6715690422682
0.0, 578.6715690422682
991.4697560736043, 886.8556806002722
802.8327098548382, 188.63704621876616
693.1006485704045, 109.73206128443371
0.0, 693.1006485704045
584.1853012653913, 108.91534730501314
0.0, 584.1853012653913
531.6076431005785, 52.577658164812874
0.0, 531.6076431005785
0.0, 531.6076431005785
764.9741587207832, 37.858551134055006
0.0, 764.9741587207832
0.0, 764.9741587207832
900.3939217680389, 91.07583430556542
741.8112813863646, 158.5826403816743
574.7888826800473, 167.0223987063173
0.0, 574.7888826800473
544.8530109371181, 29.93587174292918
0.0, 544.8530109371181
524.7358079390657, 20.11720299805245
41.72045515317772, 483.01535278588796
0.0, 41.72045515317772
0.0, 41.72045515317772
522.3308229681426, 2.404984970923124
0.0, 522.3308229681426
0.0, 522.3308229681426
588.9999114437852, 152.8113699425794
0.0, 588.9999114437852
547.8480543357401, 41.15185710804508
530.3884453060458, 17.45960902969432
0.0, 530.3884453060458
0.0, 530.3884453060458
540.9803043186705, 6.867750017069625
0.0, 540.9803043186705
525.4397724604232, 15.540531858247277
0.0, 525.4397724604232
0.0, 525.4397724604232
759.3089634854433, 141.0849582825956
0.0, 759.3089634854433
674.9139433719904, 84.39502011345292
0.0, 674.9139433719904
592.9664706649158, 81.94747270707455
0.0, 592.9664706649158
555.6018984421826, 37.36457222273327
0.0, 555.6018984421826
531.8733303413362, 23.72856810084636
0.0, 531.8733303413362
0.0, 531.8733303413362
