Node, generations
Node 3935, 90226.90105416009
Node 1283, 4567.002283649352
Node 206, 185.49232390563984
Node 159, 145.0677356744998
Node 170, 153.76617803313638
Node 60, 105.73292049425737
Node 96, 117.02170971639666
Node 2534, 18160.08701442318
Node 1031, 3184.231224393352
Node 313, 591.2252530983808
Node 260, 394.9830745677624
Node 764, 2026.803428076235
Node 226, 270.8180802140445
Node 160, 145.62252394766
Node 207, 185.8026452664187
Node 281, 482.98584952024595
Node 44, 101.00920926428819
Node 195, 173.85081448714004
Node 121, 130.6242810426103
Node 119, 129.99063057364432
Node 176, 155.29538902394214
Node 46, 101.84129269445636
Node 2348, 14986.023158842076
Node 1367, 5068.8983485578565
Node 541, 1308.2573201536088
Node 441, 965.8572037923825
Node 118, 129.7495422026861
Node 132, 132.977641402349
Node 725, 1882.4950210890765
Node 1370, 5109.006547676049
Node 711, 1827.4553457662987
Node 236, 336.6684536592163
Node 459, 1023.1284269785217
Node 189, 167.58761652252682
Node 158, 144.15843796693747
Node 135, 133.62009181832778
Node 1146, 3740.048746271378
Node 802, 2201.010895695008
Node 136, 134.7906920309778
