Node, generations
Node 3390, 19436.60303364645
Node 2927, 12743.988367744048
Node 2466, 7807.98253576117
Node 1461, 2668.642995184088
Node 442, 369.54143248093976
Node 356, 146.2508055002982
Node 204, 110.12295839597768
Node 322, 131.0779825159973
Node 258, 118.74500555533852
Node 1177, 1841.017848450403
Node 280, 122.8352027727233
Node 1505, 2826.2092338307307
Node 302, 127.41769245494807
Node 2721, 10298.355310935369
Node 351, 144.22544621065794
Node 306, 128.2790653676589
Node 218, 112.84236123932018
Node 332, 135.4561361425026
Node 251, 117.56372323272687
Node 81, 39.004059327266695
Node 1081, 1616.5210105326948
Node 3212, 16470.15468924841
Node 2268, 6337.823753847171
Node 1125, 1728.4810084170465
Node 353, 145.23542846921953
Node 330, 134.7605650764437
Node 426, 332.6295066284619
Node 380, 223.4213686944128
Node 202, 110.03645182175917
Node 232, 114.34454006126656
Node 1806, 3972.9730127574653
Node 957, 1318.0439764430412
Node 730, 888.8590403556349
Node 212, 111.79832275841282
Node 146, 103.35086670892632
Node 554, 582.7844267591228
Node 208, 110.43338128346812
Node 324, 132.5657509554656
Node 290, 124.5082391744924
Node 284, 123.35706377099943
Node 171, 106.04610160352715
Node 189, 108.12190046618727
Node 156, 104.12905989463216
Node 942, 1281.6640934522195
Node 385, 227.01047909123932
Node 1324, 2229.080844532466
Node 1242, 2012.930795755796
Node 848, 1105.3380789068162
Node 423, 329.51138146851645
Node 268, 121.05560251291051
Node 82, 40.8794968665279
Node 581, 639.4150857586208
Node 362, 149.2360293783171
Node 338, 137.91189908253727
Node 272, 121.5570691830312
Node 185, 107.68552328023466
Node 2327, 6709.174738254355
Node 712, 860.8082902623803
Node 139, 102.59349960439175
Node 86, 62.917735689622255
Node 1927, 4512.966891852885
Node 733, 895.6128887446043
Node 1848, 4178.1857619752545
Node 1058, 1559.4084706872584
Node 360, 148.34364300159257
Node 348, 143.04515078805167
Node 169, 105.89483771202929
Node 122, 101.4832623113323
Node 354, 145.7201417472918
Node 438, 364.21166666762514
Node 254, 118.24158797378813
Node 387, 233.6748969973572
Node 310, 128.9853284371948
Node 133, 102.2946040167282
Node 255, 118.2635560163287
Node 1121, 1721.0029882943006
Node 279, 122.7526029958659
Node 209, 110.82194607265934
Node 311, 129.00847037604916
