Node, generations
Node 3800, 40792.394237364366
Node 1810, 1492.3261158044643
Node 984, 1001.9382938778972
Node 2575, 10105.00601887127
Node 2310, 6759.93007555375
Node 1929, 3127.912525528272
Node 1779, 1390.949050861673
Node 957, 1001.3322260932249
Node 167, 247.1020754839767
Node 113, 150.22606395399765
Node 607, 761.766565494779
Node 1609, 1118.9780918563451
Node 1496, 1057.1986386479937
Node 1042, 1003.1371982757177
Node 616, 774.4486892370172
Node 1485, 1053.8710244472222
Node 1115, 1005.1852577938814
Node 1439, 1040.8098623815142
Node 1231, 1011.8983253588309
Node 1911, 2917.2554946870437
Node 1596, 1107.3580327676486
Node 1479, 1052.2407463160973
Node 1781, 1397.2159280755582
Node 1648, 1152.64210456545
Node 1588, 1100.0296537944437
Node 1563, 1083.7074528952014
Node 300, 419.1126524990071
Node 1665, 1171.8283623943523
Node 1367, 1026.0931180990672
Node 1222, 1011.1493084430899
Node 1176, 1008.3956903672569
Node 2295, 6568.1427201933175
Node 1561, 1081.7961569827453
Node 1491, 1056.1545720963863
Node 547, 689.5843451536432
Node 1470, 1050.5419672191813
Node 1452, 1044.3022770116804
Node 433, 575.0928590417587
Node 1194, 1009.2413937712474
Node 161, 233.4526317279304
Node 582, 727.6612286465619
Node 1759, 1332.270259571882
Node 1166, 1007.9149660944013
Node 447, 585.7878057458802
Node 1716, 1249.8335642762454
Node 1550, 1078.0721368254851
Node 1513, 1063.756783684297
Node 1465, 1049.6102436082201
Node 146, 207.04409853074205
Node 145, 206.52605459399774
Node 80, 13.515998204303136
Node 1526, 1068.1304675884576
Node 1165, 1007.8881754068863
Node 1613, 1121.0665879046235
Node 2403, 7767.326272127753
Node 1700, 1228.9268535143628
Node 1687, 1204.3761580816622
Node 509, 647.4689643087062
Node 1704, 1236.4804979693538
Node 1582, 1095.6296900059576
Node 1564, 1083.9404895740531
Node 398, 535.5512525632386
Node 1454, 1044.598922244226
Node 1327, 1020.8021968908266
Node 126, 167.74438173482312
Node 1428, 1036.9876538054814
Node 1250, 1013.0028774843001
Node 1373, 1026.8827697931183
Node 483, 620.7009680982678
Node 411, 549.022105944852
Node 1342, 1022.8378971047696
Node 655, 807.542746952011
Node 97, 102.47546445461506
Node 1626, 1134.4002334111642
Node 98, 107.52143890401528
Node 83, 33.32662201064708
Node 1566, 1084.24437075347
Node 1530, 1069.7990473198868
Node 1365, 1026.0367742866151
