Node, generations
Node 1048, 10143.687396793575
Node 115, 105.19387600033467
Node 64, 33.0823333666603
Node 49, 13.994628126988168
Node 45, 8.412223006896781
Node 763, 3756.7018654716735
Node 296, 976.1855463791858
Node 164, 199.8467507959535
Node 260, 813.4798872149363
Node 153, 175.92660018646043
Node 48, 13.754180680922575
Node 258, 788.407599715397
Node 184, 364.2408515916075
Node 57, 25.875550880701287
Node 93, 67.00139197328429
Node 230, 622.911980648989
Node 103, 83.78689957585712
Node 55, 20.316438635383243
Node 51, 15.482590657744142
Node 121, 112.54204550041104
Node 80, 46.199670578221436
Node 105, 90.79372364570355
Node 590, 2398.270513121228
Node 443, 1721.0228952760212
Node 119, 108.84783558492941
Node 200, 458.4830154356356
Node 76, 44.241202482305724
Node 197, 441.72630173605114
Node 62, 32.175843385155595
Node 118, 108.78273158275094
Node 40, 3.2956549924042164
Node 446, 1728.3543843464913
Node 110, 96.0586712680193
Node 104, 90.22475149543504
Node 420, 1633.495457663065
Node 60, 29.59429556017477
Node 126, 125.46375966478827
Node 87, 59.60806328020732
Node 113, 102.37822966888524
