Node, generations
Node 883, 13704.712256699853
Node 165, 345.75827544233965
Node 158, 335.60155181553813
Node 130, 291.61228502239766
Node 50, 210.6926134290959
Node 147, 318.5734416181512
Node 120, 273.1109999320781
Node 592, 6901.329171253912
Node 293, 829.569366116718
Node 175, 369.13637423134867
Node 98, 251.25647447103646
Node 132, 293.8960362008013
Node 428, 3501.714108436989
Node 123, 277.3951907384619
Node 60, 215.53393866067742
Node 270, 699.6962463055864
Node 192, 415.5781913691157
Node 171, 359.681508837343
Node 97, 250.24674236226844
