Node, generations
Node 3093, 89240.85502912688
Node 1224, 6341.3287080322325
Node 820, 730.0397108947033
Node 787, 625.7804896052488
Node 640, 328.43128750097264
Node 584, 290.635685021503
Node 266, 206.37068624678162
Node 461, 233.91509093995322
Node 130, 156.68703935426123
Node 286, 208.1996733256186
Node 596, 297.3085568226685
Node 813, 720.5697972995742
Node 777, 594.1985722386087
Node 686, 386.1489053205363
Node 184, 201.29510421347317
Node 167, 200.5668512856885
Node 769, 563.083602357739
Node 520, 250.03090377116473
Node 260, 205.74853816110016
Node 479, 236.83273898648298
Node 127, 152.25301622995664
Node 724, 464.03626302679004
Node 466, 234.24166039894686
Node 355, 215.1430399840657
Node 270, 206.49570460044953
Node 715, 450.86658483579725
Node 516, 247.80505730205905
Node 232, 203.9004561381149
Node 506, 244.86689109998522
Node 780, 600.2456574554216
Node 717, 452.70748708015145
Node 553, 267.1886474028196
Node 383, 218.98498798275085
Node 88, 53.61908358331748
Node 240, 204.42924453875935
Node 538, 259.5612854837217
Node 119, 128.7399312922758
Node 465, 234.06243496284142
Node 442, 229.040653099699
Node 307, 209.96791937781367
Node 620, 310.2988753453789
Node 543, 262.6544260480739
Node 476, 236.66574741400197
Node 299, 209.39360736960154
Node 257, 205.4992168657485
Node 333, 213.01276771743431
Node 569, 279.26439110349367
Node 415, 224.13672460712593
Node 522, 252.81419782319654
Node 778, 594.4472767761777
Node 748, 513.0571317947745
Node 478, 236.82264454944723
Node 1209, 6180.978166987956
Node 573, 284.8953463990754
Node 438, 228.52270685782804
Node 554, 267.4285321645115
Node 782, 608.6871132554742
Node 348, 214.5430418842079
Node 303, 209.83392036558556
Node 608, 303.8717942907725
Node 488, 239.48413945974505
Node 148, 179.67704177588098
Node 518, 249.43408108432487
Node 510, 245.34572352590342
Node 397, 221.2961622241013
Node 1940, 19230.40989856949
Node 659, 353.0228625178099
Node 549, 265.6260079475522
Node 178, 201.03129428419624
Node 606, 303.13470522143706
Node 244, 204.60887885999594
Node 594, 296.6999370402452
Node 544, 262.93627767705465
Node 181, 201.1584367692576
Node 496, 242.49677815649758
Node 108, 104.27190496790475
Node 157, 200.24284861911576
Node 589, 295.11641372656055
Node 564, 272.46525853140804
