Node, generations
Node 730, 10179.880172022724
Node 441, 1350.674985684975
Node 271, 1052.5758561378022
Node 127, 1004.6853069374017
Node 638, 3205.80106733023
Node 565, 2110.445978849743
Node 398, 1226.9194630848888
Node 293, 1067.5959053302718
Node 484, 1559.2179726459904
Node 395, 1222.775515923576
Node 411, 1271.28823506132
Node 390, 1215.7100640252606
Node 259, 1044.2595136734951
Node 328, 1108.7087755283758
Node 232, 1033.1728430697149
Node 217, 1025.8139289573046
Node 120, 1003.6586361879832
Node 623, 2970.3156402395052
Node 381, 1203.7503886235493
