Node, generations
Node 2901, 41760.99800070097
Node 644, 2646.949506301352
Node 260, 267.8729999828224
Node 147, 135.7198767669899
Node 86, 109.72115723622669
Node 334, 821.6886066304307
Node 236, 225.6508892805416
Node 205, 183.13970738882855
Node 217, 199.89792909373583
Node 176, 154.23012826534114
Node 102, 114.14782311074583
Node 49, 100.47701445463998
Node 314, 613.1720094258899
Node 152, 138.37296723535815
Node 78, 107.39179268079096
Node 298, 455.5157485260934
Node 243, 233.09925780041988
Node 199, 177.00555367247628
Node 171, 150.88079746024107
Node 1399, 7634.27802961717
Node 657, 2708.203302768162
Node 1201, 6114.386760014301
Node 1060, 4980.806779581039
Node 268, 285.5288567544785
Node 248, 244.1461086555522
Node 224, 212.3242083707326
Node 133, 129.11493385998736
Node 145, 134.5230623825394
Node 57, 102.78389900379625
Node 241, 228.9409683613959
Node 669, 2769.048074497701
Node 249, 249.23620925402187
Node 290, 349.0085941948603
Node 208, 185.3261281991793
Node 82, 109.19127817910302
Node 286, 338.1700158914452
Node 282, 322.966339352704
Node 165, 144.89742179864385
Node 87, 110.67304231462576
