node_generations, branch_length
2529.1727480777454, 22593.971136153086
262.32833330215743, 2266.844414775588
0.0, 262.32833330215743
0.0, 262.32833330215743
1513.791740103123, 1015.3810079746224
63.785572337772344, 1450.0061677653507
0.0, 63.785572337772344
0.0, 63.785572337772344
177.49892525783488, 1336.2928148452881
0.0, 177.49892525783488
77.98508142534811, 99.51384383248677
0.0, 77.98508142534811
0.0, 77.98508142534811
17272.362398127698, 7850.781486103133
2066.204266948559, 15206.158131179138
77.05079718641451, 1989.1534697621446
0.0, 77.05079718641451
0.0, 77.05079718641451
581.0338130007955, 1485.1704539477637
0.0, 581.0338130007955
58.823346432689185, 522.2104665681063
0.0, 58.823346432689185
0.0, 58.823346432689185
5673.086549310349, 11599.27584881735
0.0, 5673.086549310349
1986.1541682909522, 3686.9323810193973
145.88842734429764, 1840.2657409466544
0.0, 145.88842734429764
95.44666376964507, 50.44176357465257
0.0, 95.44666376964507
93.77708161728935, 1.6695821523557157
0.0, 93.77708161728935
0.0, 93.77708161728935
1102.1205525422715, 884.0336157486806
0.0, 1102.1205525422715
64.89040303230206, 1037.2301495099696
0.0, 64.89040303230206
0.0, 64.89040303230206
