Node, generations
Node 1478, 2362.196764447552
Node 1444, 1958.1544851881906
Node 1321, 1358.186959299521
Node 1319, 1349.2900179773305
Node 939, 1019.1557906580955
Node 713, 1003.9101952841221
Node 1260, 1236.7161667178837
Node 65, 50.12424331056462
Node 1205, 1144.1797681574553
Node 100, 191.89590500955956
Node 1435, 1902.3087822956243
Node 1414, 1777.3536509980975
Node 418, 787.0237347956275
Node 398, 756.5342397073656
Node 1354, 1475.0214356028484
Node 1256, 1226.8527466981275
Node 529, 930.1661338243135
Node 1228, 1186.595777840738
Node 1126, 1072.4717521275045
Node 1079, 1048.5993901302697
Node 948, 1020.6326027705373
Node 85, 135.32041288149023
Node 1051, 1040.608477108683
Node 766, 1006.2365410160601
Node 992, 1027.3209525333132
Node 919, 1017.2538997928613
Node 1339, 1420.9091846659926
Node 877, 1012.8067140387753
Node 91, 160.9666457714027
Node 1255, 1225.2704853092791
Node 1201, 1138.1489895396755
Node 1040, 1037.5299216297926
Node 1192, 1123.7943821981562
Node 1469, 2257.9190403413186
Node 1124, 1071.6025822786241
Node 923, 1017.4055172553537
Node 669, 1002.2430588936945
Node 1448, 2029.6386855898331
Node 1085, 1050.5156917325512
Node 656, 1001.9389192424082
Node 1031, 1034.2728470106558
Node 862, 1011.4307855578201
Node 1371, 1541.3732635706197
Node 1145, 1082.3160646475262
Node 1117, 1064.9241346479937
Node 1038, 1037.1097486712806
Node 726, 1004.6361931247231
Node 201, 443.84906220288815
Node 104, 201.7239967903377
Node 81, 126.25551633879606
Node 1137, 1076.7281801036295
Node 755, 1005.7468007998051
Node 1131, 1075.679860079757
Node 214, 474.18654264345685
Node 155, 332.91842172411657
Node 1249, 1211.811725012357
Node 940, 1019.3432029059192
Node 285, 579.8858098311802
Node 120, 250.1935580612559
