node_generations, branch_length
3023.8819471628603, 42725.194959949455
564.4119825711031, 2459.469964591757
227.39325187564597, 337.01873069545707
0.0, 227.39325187564597
0.0, 227.39325187564597
307.2200930743274, 257.1918894967757
0.0, 307.2200930743274
260.38913022002146, 46.83096285430594
209.77070570927773, 50.61842451074372
0.0, 209.77070570927773
0.0, 209.77070570927773
221.32049470862418, 39.068635511397275
0.0, 221.32049470862418
0.0, 221.32049470862418
745.1714500537043, 2278.7104971091558
532.9641056575628, 212.2073443961416
0.0, 532.9641056575628
398.985004129023, 133.97910152853973
207.59050994531202, 191.394494183711
0.0, 207.59050994531202
0.0, 207.59050994531202
312.39473357922583, 86.5902705497972
300.749283306336, 11.645450272889832
0.0, 300.749283306336
0.0, 300.749283306336
301.62766525254494, 10.767068326680885
0.0, 301.62766525254494
115.73831138384855, 185.8893538686964
0.0, 115.73831138384855
0.0, 115.73831138384855
601.6622766097599, 143.5091734439444
254.78198849591914, 346.88028811384083
233.63488145932797, 21.147107036591166
0.0, 233.63488145932797
210.0196210975449, 23.615260361783072
0.0, 210.0196210975449
206.07082427887255, 3.948796818672349
0.0, 206.07082427887255
0.0, 206.07082427887255
235.68509223754617, 19.096896258372965
0.0, 235.68509223754617
0.0, 235.68509223754617
487.0855008048438, 114.57677580491617
0.0, 487.0855008048438
450.7334668913311, 36.352033913512685
325.54595432056635, 125.18751257076474
239.1933367269159, 86.35261759365045
0.0, 239.1933367269159
222.06331333032, 17.130023396595902
0.0, 222.06331333032
0.0, 222.06331333032
317.69967416663235, 7.8462801539340035
0.0, 317.69967416663235
263.91567231318606, 53.784001853446284
0.0, 263.91567231318606
222.53132546718555, 41.38434684600051
0.0, 222.53132546718555
0.0, 222.53132546718555
361.3753857247623, 89.35808116656881
264.22433032850955, 97.15105539625273
0.0, 264.22433032850955
0.0, 264.22433032850955
324.4629291652626, 36.912456559499674
0.0, 324.4629291652626
0.0, 324.4629291652626
15344.990722005025, 30404.08618510729
1091.441632258547, 14253.549089746477
0.0, 1091.441632258547
333.7043696508082, 757.7372626077389
0.0, 333.7043696508082
238.00398204096413, 95.70038760984406
0.0, 238.00398204096413
0.0, 238.00398204096413
3146.123215210893, 12198.867506794131
0.0, 3146.123215210893
489.0865654288073, 2657.0366497820855
0.0, 489.0865654288073
0.0, 489.0865654288073
