node_generations, branch_length
5197.814741010293, 48844.94293994558
1469.8957910484432, 3727.9189499618496
0.0, 1469.8957910484432
1236.239535484228, 233.65625556421514
0.0, 1236.239535484228
1015.3380881312256, 220.90144735300248
0.0, 1015.3380881312256
609.3901567846686, 405.94793134655697
0.0, 609.3901567846686
0.0, 609.3901567846686
1678.1908441339533, 3519.6238968763396
1083.9695844141063, 594.221259719847
0.0, 1083.9695844141063
15.886580131860242, 1068.083004282246
0.0, 15.886580131860242
0.0, 15.886580131860242
1185.6876658544613, 492.503178279492
0.0, 1185.6876658544613
1030.374760356921, 155.31290549754044
0.0, 1030.374760356921
444.02623934453686, 586.348521012384
0.0, 444.02623934453686
0.0, 444.02623934453686
20876.840100547182, 33165.917580408684
0.0, 20876.840100547182
4474.647113786098, 16402.192986761085
1061.856357587577, 3412.790756198521
0.0, 1061.856357587577
0.0, 1061.856357587577
1195.4581495848674, 3279.1889642012306
905.6899956131429, 289.7681539717246
0.0, 905.6899956131429
0.0, 905.6899956131429
1148.4484325855447, 47.00971699932279
0.0, 1148.4484325855447
1037.5984156352058, 110.85001695033884
0.0, 1037.5984156352058
0.0, 1037.5984156352058
