Node, generations
Node 851, 17897.4620579173
Node 335, 1026.903663229243
Node 72, 511.00924479764694
Node 301, 861.9346132312053
Node 83, 514.284952622995
Node 395, 1499.9709923054872
Node 315, 936.9518975666011
Node 147, 552.7874890815908
Node 387, 1462.9519875852395
Node 370, 1282.626463358405
Node 319, 948.2641169796265
Node 384, 1417.0800160934332
Node 196, 607.3978663433779
Node 115, 531.5938439890683
Node 55, 503.04341923869714
Node 20, 66.44768481961871
Node 274, 768.4903453533649
Node 214, 628.4571109392888
Node 50, 501.2678954803367
