Node, generations
Node 1146, 11185.116733544395
Node 656, 2237.350543562233
Node 191, 106.27981146487369
Node 184, 99.92651908100095
Node 530, 1745.9855181617786
Node 418, 1117.3709757944994
Node 299, 534.0817066226407
Node 288, 448.1315360541847
Node 124, 49.60537099833544
Node 73, 10.134727529851007
Node 339, 804.4902223146418
Node 248, 180.020792260475
Node 160, 76.55262114746621
Node 137, 62.43097604881486
Node 98, 27.42187577168752
Node 120, 48.50103101232431
Node 88, 19.994243761381533
Node 64, 3.7482193857472854
Node 60, 2.1397910233028594
Node 235, 160.90910545799278
Node 66, 6.257947474220711
Node 450, 1360.917605024537
Node 161, 77.5098659510639
Node 86, 19.497726462192293
Node 847, 3623.1835102571936
Node 156, 72.52781676390747
Node 151, 68.53848446332063
Node 143, 64.41584364475841
Node 797, 3101.7392546324495
Node 173, 90.66890532364481
Node 159, 75.91656721320807
Node 153, 70.39362399244193
Node 89, 20.29176344091516
Node 770, 2876.952487647628
Node 189, 103.43818947279169
Node 177, 94.70778899175801
Node 80, 15.751687842498495
Node 69, 8.895908043397945
Node 169, 85.49670326072531
Node 183, 98.93522921603122
Node 127, 52.49601461732863
Node 181, 97.02632125789982
Node 114, 41.63079909448034
Node 697, 2429.244769559022
Node 244, 175.21368972447803
Node 157, 73.45831661541109
Node 138, 63.02017232687455
Node 97, 27.144048597740362
Node 90, 20.69015311867724
Node 113, 41.27313645203756
Node 241, 174.05496307304526
Node 193, 106.70245994418231
Node 166, 80.96367985942435
Node 269, 298.1567948094348
Node 129, 55.747180331402774
Node 83, 17.745513811191906
Node 82, 17.65950763413718
Node 81, 15.94394257317243
Node 65, 5.134937025624827
