Node, generations
Node 2619, 25153.771563214348
Node 2221, 17022.503926639813
Node 1496, 8363.648191605513
Node 238, 261.0430492362951
Node 271, 314.1105961777341
Node 115, 127.81424264142524
Node 62, 106.20370545629814
Node 53, 102.42350072394385
Node 150, 154.87035567735413
Node 1504, 8404.16317676368
Node 255, 280.76354916528953
Node 234, 252.63608146252233
Node 206, 205.2157571837967
Node 123, 131.56735758530908
Node 96, 120.3043458878016
Node 190, 189.959726251366
Node 927, 3941.801710271762
Node 768, 3112.4048237759607
Node 61, 106.1930555387867
Node 283, 333.6597559725237
Node 173, 173.5441846536783
Node 2297, 17992.870528965665
Node 208, 210.39760687078254
Node 117, 128.49751613634868
Node 137, 142.38103744394311
Node 57, 103.98671130412197
Node 43, 92.87760772008119
Node 1043, 4761.40867522534
Node 165, 167.51023398468018
Node 110, 125.81800652476929
Node 860, 3546.454378010135
Node 453, 1576.7473529549254
Node 214, 221.03965481917766
Node 40, 45.17907333104326
Node 252, 277.3207581343896
Node 203, 203.31850375213097
Node 131, 137.88973146694255
Node 168, 169.06106803139645
Node 161, 164.19165350754716
