Node, generations
Node 2237, 31963.616672522934
Node 1365, 11912.565610907923
Node 748, 4488.866640521039
Node 314, 361.5724463833974
Node 307, 348.07705513329915
Node 293, 329.5984146968984
Node 478, 1717.1694456990213
Node 367, 490.91127023685027
Node 304, 344.1847749383961
Node 332, 404.0923420365879
Node 144, 215.5456010127747
Node 275, 303.5335792813184
Node 201, 240.3897703156693
Node 85, 203.94870312951116
Node 270, 296.19697624170067
Node 133, 212.13562800308384
Node 382, 533.3255096902102
Node 203, 240.58846616161054
Node 188, 233.24970741645953
Node 1277, 10605.221034656397
Node 235, 263.93200597253775
Node 1179, 9422.929194711283
Node 132, 211.9709181472942
Node 42, 83.06525554490874
Node 209, 244.2070736329137
Node 1374, 12024.788918634737
Node 873, 5768.199660565098
Node 364, 482.1913429305909
Node 268, 291.5363479665787
Node 397, 570.7810279844144
Node 46, 122.29324919459421
Node 383, 533.927540076842
Node 218, 253.3863597980523
Node 294, 329.84882814208
Node 272, 302.9054266342573
Node 213, 248.90788854542112
Node 100, 208.47009944305586
Node 244, 272.3955452741758
Node 287, 319.3827405510117
