Node, generations
Node 2903, 53348.043924939215
Node 1739, 1275.4722307030702
Node 1084, 1004.6794014042205
Node 1075, 1004.3579001559403
Node 80, 21.93526274204303
Node 705, 824.9361527807856
Node 1636, 1138.0232944909353
Node 1509, 1062.7133430221324
Node 1361, 1024.3249916595519
Node 1434, 1038.03696871157
Node 1938, 2536.2277922161334
Node 1851, 1645.169537956267
Node 1639, 1140.976278640502
Node 1816, 1506.705645341186
Node 1671, 1182.40752286796
Node 1647, 1151.0895603467477
Node 1430, 1037.047202836549
Node 1206, 1009.5017120472388
Node 278, 398.85434829675233
Node 1423, 1035.2062506738273
Node 1149, 1006.5986343264151
Node 995, 1002.1336757125227
Node 1118, 1005.8818325118679
Node 1613, 1113.932269306909
Node 1106, 1005.1984835829804
Node 576, 716.174543090577
Node 1746, 1288.3961200822646
Node 1687, 1205.3809411087238
Node 1657, 1161.2559472186201
Node 862, 974.9756066827291
Node 1625, 1123.9397959882072
Node 1615, 1114.7951860875614
Node 99, 99.98636619431178
Node 1529, 1069.6350217638126
Node 1686, 1203.3377864271945
Node 1486, 1051.407617053338
Node 1001, 1002.3299942312118
Node 836, 959.30021335155
Node 1313, 1017.2426112781643
Node 1083, 1004.6672412540528
Node 187, 279.99284588799077
Node 1535, 1071.4658963154782
Node 1390, 1028.2823310482065
Node 1339, 1021.154926565509
Node 1217, 1010.1452335662326
Node 664, 777.6897329679431
Node 1511, 1063.3071325101803
Node 140, 196.9881191782081
Node 1262, 1013.5951694590907
Node 1738, 1271.5519253074842
Node 1690, 1210.495441417066
Node 645, 764.6396332832552
Node 1720, 1247.2952379138414
Node 797, 922.4754651824986
Node 90, 77.75273870910516
Node 766, 880.5950435352312
Node 116, 147.62918734140433
Node 1689, 1207.76155075924
Node 1287, 1014.9662626118668
Node 1174, 1007.6148918787513
Node 394, 520.220068956542
Node 1640, 1141.9042862257538
Node 1538, 1072.4671177050657
Node 1485, 1051.2555662397401
Node 1299, 1015.9149044434488
Node 1878, 1828.004359786332
Node 1452, 1044.2345817978214
Node 1322, 1018.015993440989
Node 1314, 1017.5174555705421
Node 1273, 1014.227304783372
Node 247, 367.6896445136369
Node 1232, 1011.1952482131345
Node 1742, 1283.9688188262157
Node 1681, 1197.603731724983
Node 1593, 1103.8504580238991
Node 301, 425.10981013676246
Node 1333, 1019.8649596332256
Node 644, 763.7833968910052
Node 648, 766.4951658690874
