node_generations, branch_length
6805.392516143192, 2336.3510251265334
264.9183697648046, 6540.474146378387
0.0, 264.9183697648046
172.4687149881397, 92.44965477666489
0.0, 172.4687149881397
0.0, 172.4687149881397
5725.405165890169, 1079.9873502530227
180.52276428068527, 5544.882401609484
0.0, 180.52276428068527
0.0, 180.52276428068527
4758.952744342087, 966.4524215480824
0.0, 4758.952744342087
3093.6284245164966, 1665.32431982559
0.0, 3093.6284245164966
1726.7676146499327, 1366.8608098665638
198.39528470065014, 1528.3723299492826
0.0, 198.39528470065014
0.0, 198.39528470065014
752.6743976236238, 974.0932170263089
267.91864196550017, 484.75575565812363
0.0, 267.91864196550017
14.910173601936137, 253.00846836356402
0.0, 14.910173601936137
0.0, 14.910173601936137
296.11257418587337, 456.56182343775043
0.0, 296.11257418587337
0.0, 296.11257418587337
7230.474459285555, 1911.26908198417
0.0, 7230.474459285555
2762.1196254002025, 4468.3548338853525
0.0, 2762.1196254002025
254.92535487044776, 2507.1942705297547
0.0, 254.92535487044776
193.90750498872316, 61.0178498817246
0.0, 193.90750498872316
129.544763632344, 64.36274135637916
0.0, 129.544763632344
0.0, 129.544763632344
