node_generations, branch_length
7171.175538125177, 12809.971740117724
1335.4511605980176, 5835.724377527159
0.0, 1335.4511605980176
0.0, 1335.4511605980176
2832.0648468425784, 4339.110691282598
0.0, 2832.0648468425784
0.0, 2832.0648468425784
9697.573888831146, 10283.573389411755
2722.408599904763, 6975.165288926383
2157.750493215436, 564.6581066893268
329.00271682787115, 1828.747776387565
0.0, 329.00271682787115
252.91055467465924, 76.09216215321192
0.0, 252.91055467465924
0.0, 252.91055467465924
1784.395855002658, 373.3546382127781
269.8717757175567, 1514.5240792851014
0.0, 269.8717757175567
0.0, 269.8717757175567
1240.7096584220242, 543.6861965806338
0.0, 1240.7096584220242
217.96284748330203, 1022.7468109387221
0.0, 217.96284748330203
0.0, 217.96284748330203
2623.5144127428434, 98.89418716191949
224.40054125627913, 2399.113871486564
0.0, 224.40054125627913
215.4568399176192, 8.943701338659935
0.0, 215.4568399176192
0.0, 215.4568399176192
253.65575544746554, 2369.8586572953777
0.0, 253.65575544746554
0.0, 253.65575544746554
6761.663571950039, 2935.910316881107
0.0, 6761.663571950039
283.441953466611, 6478.221618483428
0.0, 283.441953466611
0.0, 283.441953466611
