Node, generations
Node 4019, 90656.20091918155
Node 2443, 13992.414804367907
Node 2275, 11766.14036076117
Node 1159, 1071.8753944171722
Node 834, 1008.3569789021109
Node 1115, 1052.1000799855137
Node 356, 661.5155541724615
Node 1622, 4206.164902792771
Node 1174, 1083.023181974562
Node 880, 1011.5769313017275
Node 823, 1007.6781406542989
Node 63, 58.553690508121214
Node 664, 1001.6120015271584
Node 1393, 1478.247267559523
Node 1166, 1077.0674888789208
Node 1290, 1199.2407799286584
Node 1113, 1050.7618247852145
Node 1130, 1056.4550778741568
Node 2416, 13639.889684819454
Node 1225, 1125.2572673668005
Node 266, 524.8125246655965
Node 67, 106.49472850397099
Node 1466, 2542.3752868962706
Node 1181, 1086.6657789554272
Node 357, 664.5215470287203
Node 1237, 1140.9031432639956
Node 1219, 1116.8927081142592
Node 1191, 1091.6667808744762
Node 1120, 1053.0471191527984
Node 1228, 1127.2482081131698
Node 1019, 1028.4630340576814
Node 909, 1013.5849264960405
Node 3209, 34095.53956538055
Node 1367, 1374.4258519590273
Node 1051, 1034.9474533132495
Node 989, 1023.5738883622599
Node 621, 1000.2818987881457
Node 838, 1008.4711350295782
Node 102, 229.66505423481732
Node 1835, 6610.081054259471
Node 1201, 1097.9342273028005
Node 623, 1000.3456018766248
Node 1190, 1091.324355129874
Node 1081, 1042.3574345997845
Node 1369, 1379.605182917261
Node 1263, 1164.8161668904436
Node 1066, 1038.120429641231
Node 804, 1006.6354418758762
Node 145, 321.0857677593174
Node 616, 1000.1971031904123
Node 358, 669.6643202310596
Node 1137, 1058.669003083581
Node 994, 1024.339212448442
Node 911, 1013.7067116927511
Node 124, 277.6445529663364
Node 1349, 1315.7842674736467
Node 1080, 1042.1125088275642
Node 826, 1007.8263120830028
Node 1061, 1037.470560359332
