Node, generations
Node 1773, 9457.431499060516
Node 1365, 1791.8069055221624
Node 1266, 1321.2987518499936
Node 1139, 1111.7854855857706
Node 1334, 1602.8079263923853
Node 1011, 1041.5731382955996
Node 472, 860.2172753627624
Node 1175, 1165.394504682244
Node 1093, 1082.475187384442
Node 751, 1007.3213725679851
Node 121, 266.33200099976955
Node 61, 42.41635897678192
Node 942, 1025.730044436103
Node 941, 1025.5043555511552
Node 1115, 1094.8434873181006
Node 1512, 4701.826867016178
Node 1264, 1319.8501318598044
Node 328, 665.9742705827099
Node 722, 1005.8706524402405
Node 202, 440.9635489094391
Node 1392, 1987.481645971241
Node 1195, 1193.4976183317528
Node 1141, 1113.1241096396284
Node 1298, 1458.7542412336752
Node 1150, 1124.0112965133692
Node 505, 909.49817504449
Node 1291, 1426.7534187827255
Node 1218, 1225.0483451402108
Node 1082, 1072.894601446955
Node 94, 188.1997726355938
Node 1217, 1224.5637686468838
Node 883, 1017.3121062723014
Node 1173, 1162.6314842723846
Node 1026, 1048.624031014906
Node 446, 837.3818549905817
Node 64, 70.11797286310228
Node 1167, 1148.6289407816253
Node 994, 1036.2844420409867
Node 63, 69.70390123308407
Node 197, 433.7808771078491
Node 1162, 1140.9380916874122
Node 908, 1021.2069604934943
Node 1273, 1348.2208881152467
Node 1132, 1107.208801256993
Node 916, 1022.2496769596179
Node 126, 279.59597434277987
Node 1161, 1140.9249012661778
Node 1006, 1039.5963932655245
Node 1147, 1115.142167533356
Node 1063, 1062.7717827352562
Node 463, 849.6971482508965
Node 81, 147.60012884232788
Node 1107, 1091.0458869408
Node 913, 1021.7484101934011
Node 1092, 1081.87683691626
Node 755, 1007.424042120632
Node 1031, 1050.1440058088865
Node 855, 1014.3948385098134
Node 104, 228.8973458708854
