Node, generations
Node 3329, 63463.39553095679
Node 1150, 3717.176166859305
Node 812, 1133.1874429399409
Node 748, 1078.9471676892667
Node 649, 1032.0347657622463
Node 94, 385.06428389165313
Node 692, 1050.364281525407
Node 654, 1033.6024018247294
Node 220, 761.250943766289
Node 78, 319.39051860331807
Node 955, 1510.970672829656
Node 814, 1135.1582196042089
Node 766, 1092.606220705807
Node 738, 1072.169033686622
Node 172, 652.4675556928848
Node 722, 1061.4791826052337
Node 596, 1021.0279468789348
Node 51, 147.27189266515023
Node 705, 1053.7996130850393
Node 395, 1002.7933646422397
Node 2150, 16368.722453947525
Node 885, 1246.968041511728
Node 807, 1131.1518170994498
Node 656, 1034.3166697498862
Node 1730, 9924.817380737188
Node 497, 1009.7772905302994
Node 1361, 5691.329899650035
Node 861, 1199.9715685668468
Node 844, 1173.7390888532084
Node 754, 1082.5117997387379
Node 700, 1052.2758856574749
Node 182, 676.714898039566
Node 608, 1024.4152872275654
Node 1202, 4201.889831204655
Node 841, 1166.3989689813156
Node 758, 1084.340901646584
Node 50, 138.18422979054046
Node 1021, 2575.3178774578
Node 701, 1052.514915144661
