Node, generations
Node 2852, 30519.039418834345
Node 1695, 1182.265267692536
Node 1575, 1079.5976073053444
Node 1523, 1056.2863427685186
Node 1668, 1156.867868182103
Node 1472, 1039.7100633559462
Node 1982, 3764.226776080886
Node 1761, 1282.9033125934618
Node 1665, 1153.4919501827005
Node 100, 114.99181540639607
Node 1315, 1015.1136077850952
Node 1954, 2439.9523990343214
Node 1911, 1942.05990247475
Node 1879, 1714.5941737521555
Node 1714, 1205.3337251187
Node 1672, 1160.2517941927154
Node 1474, 1040.155707981285
Node 241, 368.3639661748647
Node 1628, 1108.6865569490187
Node 1582, 1082.4400647638618
Node 1547, 1065.8678961731162
Node 202, 313.1236773224058
Node 1280, 1012.0618171605855
Node 187, 291.6593431101837
Node 1204, 1008.0742396633034
Node 1175, 1006.5684244533003
Node 149, 220.14114142690335
Node 1576, 1080.0562995679759
Node 1573, 1079.0931941238077
Node 1349, 1018.2808778016689
Node 1605, 1096.2118212092028
Node 667, 769.8095219307852
Node 489, 617.7878836242198
Node 1532, 1058.3774741131942
Node 1839, 1522.978706247636
Node 1655, 1132.4421112499263
Node 1322, 1015.5147612645229
Node 289, 412.8573230771889
Node 1613, 1099.5427108232063
Node 1433, 1029.7955868552724
Node 113, 151.80954964176337
Node 1038, 1002.198937124284
Node 612, 727.2498519135173
Node 856, 944.6470631920312
Node 1466, 1037.6374332719101
Node 1819, 1440.074490553966
Node 320, 446.3501815929904
Node 1791, 1351.2307463009834
Node 1620, 1103.8847866075457
Node 492, 619.3014708634444
Node 259, 386.17015927534766
Node 1685, 1172.919045921873
Node 1664, 1151.0832561156933
Node 1657, 1137.648156907329
Node 1488, 1043.9282894917262
Node 1434, 1030.1031983381288
Node 252, 380.04537530242374
Node 1476, 1040.798884258561
Node 1519, 1054.9652389055166
Node 1179, 1006.9094419229298
Node 417, 548.6635532595457
Node 1888, 1795.9205529732956
Node 214, 338.56402494857076
Node 1867, 1641.6037187247518
Node 1779, 1325.7740944994473
Node 1430, 1029.444505127307
Node 621, 733.1739328605044
Node 1586, 1083.811593314615
Node 1308, 1014.2498797160497
Node 1259, 1010.6970905976875
Node 1260, 1010.7542034649422
Node 647, 754.9537118557514
Node 1563, 1075.6048602673186
Node 1521, 1056.2517772175495
Node 1120, 1004.575837924883
Node 1401, 1025.065129640509
Node 270, 396.7202418602693
Node 1239, 1009.6242338133142
Node 93, 99.65298157157216
