Node, generations
Node 3017, 32491.363666538215
Node 1528, 6292.619379387204
Node 675, 1362.4247623785484
Node 450, 296.6208685548337
Node 138, 203.2273976212506
Node 571, 693.0602197826969
Node 322, 232.60698864618237
Node 286, 222.97664451126525
Node 156, 205.67475908770737
Node 467, 313.72739650671775
Node 184, 207.78172223335937
Node 68, 95.33464762900327
Node 464, 310.7207358180001
Node 454, 300.52039184285513
Node 438, 286.63390839389234
Node 462, 308.7305970671981
Node 1036, 3119.051228034215
Node 344, 236.72422702623655
Node 325, 233.15575968749684
Node 265, 218.87973637887202
Node 1919, 10096.009615221059
Node 1121, 3568.1151470552727
Node 1029, 3056.7294389682183
Node 564, 627.03215157077
Node 534, 481.7496455737048
Node 523, 382.6854948965993
Node 315, 229.69687765363153
Node 500, 343.1437010501978
Node 372, 250.8489074153832
Node 238, 214.55386105307994
Node 71, 123.95607173462798
Node 281, 222.2268502335743
Node 227, 213.048571943066
Node 484, 327.01034531073384
Node 366, 246.7639539088376
Node 532, 448.3843755844597
Node 153, 205.36199257692587
Node 517, 372.34178697601834
Node 357, 241.32967333386273
Node 86, 180.95878096104985
Node 645, 1199.7929063083334
Node 542, 541.6824350176574
Node 1740, 8137.989574547058
Node 421, 278.7183195414789
Node 345, 237.54297559973722
Node 197, 209.34550927412334
Node 288, 223.16756841768157
Node 124, 202.44246787449543
Node 60, 0.12365816073295266
Node 380, 254.93884478471625
Node 62, 18.530503536045348
Node 292, 223.7435530517427
Node 106, 201.2586804314757
Node 1066, 3268.8082990760813
Node 370, 249.18584053083265
Node 89, 191.5119068880719
Node 448, 294.63422074422374
Node 420, 277.6634722588803
Node 426, 280.3793851761493
