Node, generations
Node 2266, 15906.954354839634
Node 855, 2807.312791319569
Node 423, 323.46223370515236
Node 192, 121.87939397595136
Node 839, 2747.817349975656
Node 437, 541.2729071481054
Node 71, 99.3641455558871
Node 391, 271.10703143865635
Node 355, 207.41750594923866
Node 268, 147.35048929000405
Node 609, 1551.5073346593051
Node 314, 175.54035514646867
Node 95, 102.97405478582115
Node 178, 118.28369727292284
Node 470, 826.2146538439241
Node 349, 204.5783800899239
Node 198, 123.76677414557913
Node 175, 117.46044118287634
Node 99, 103.44163967678625
Node 301, 168.93413041023712
Node 287, 156.69008900514794
Node 238, 136.55848180001485
Node 353, 207.17190109240707
Node 334, 187.41632868868723
Node 221, 130.0213775694377
Node 108, 104.18594625949495
Node 1980, 11898.828775506654
Node 1271, 5280.812101125346
Node 352, 205.9522495813718
Node 223, 131.147716757157
Node 570, 1328.5004958216962
Node 382, 247.34482470415898
Node 329, 185.10317767507246
Node 135, 108.21891599958694
Node 370, 232.0526262288774
Node 209, 127.12720208483353
Node 307, 172.0270650871699
Node 187, 120.15610111599005
Node 139, 110.33484838826898
Node 160, 113.66759395344006
Node 401, 287.644994473793
Node 322, 178.42362465700936
Node 163, 114.96719105927694
Node 130, 107.67069578120427
Node 344, 199.50595645388017
Node 300, 167.5341601797481
Node 105, 103.76608161924325
Node 97, 103.01672943686188
Node 132, 107.99291535700786
Node 1664, 8297.040846423566
Node 276, 154.0380431741186
Node 1329, 5622.213785292219
Node 277, 154.221752945303
Node 1090, 4096.974008470808
Node 72, 100.14942394205768
Node 63, 54.669588482922904
Node 552, 1219.81371120854
Node 350, 205.41003818305956
Node 504, 1004.4755945025782
