node_generations, branch_length
2736.193129225255, 72470.53400697878
0.0, 2736.193129225255
0.0, 2736.193129225255
16876.631600576697, 58330.09553562733
3718.9690169686114, 13157.662583608086
96.17117450719105, 3622.7978424614203
0.0, 96.17117450719105
0.0, 96.17117450719105
2377.7407072010433, 1341.2283097675681
155.39814034453101, 2222.3425668565123
0.0, 155.39814034453101
0.0, 155.39814034453101
252.07870078475307, 2125.6620064162903
130.52983651829015, 121.54886426646291
0.0, 130.52983651829015
130.40329468080506, 0.1265418374850924
0.0, 130.40329468080506
0.0, 130.40329468080506
220.52121133080743, 31.557489453945635
0.0, 220.52121133080743
159.05310096644686, 61.46811036436057
0.0, 159.05310096644686
0.0, 159.05310096644686
6623.95156844621, 10252.680032130487
118.0270860612758, 6505.924482384935
0.0, 118.0270860612758
0.0, 118.0270860612758
1385.644400052306, 5238.307168393904
0.0, 1385.644400052306
1069.5867248165662, 316.0576752357399
103.73814022827166, 965.8485845882946
0.0, 103.73814022827166
0.0, 103.73814022827166
241.3585890659021, 828.228135750664
0.0, 241.3585890659021
105.68724897133988, 135.6713400945622
0.0, 105.68724897133988
0.0, 105.68724897133988
