node_generations, branch_length
4764.297433820075, 12212.938541785936
0.0, 4764.297433820075
225.11673533106213, 4539.180698489013
158.8044195265268, 66.31231580453533
74.14092950933066, 84.66349001719614
0.0, 74.14092950933066
0.0, 74.14092950933066
100.46411779492577, 58.34030173160103
0.0, 100.46411779492577
0.0, 100.46411779492577
204.8235539957651, 20.29318133529702
0.0, 204.8235539957651
67.77788915103474, 137.04566484473037
0.0, 67.77788915103474
59.802102748059625, 7.9757864029751175
0.0, 59.802102748059625
0.0, 59.802102748059625
11381.51973242817, 5595.71624317784
5767.373341533316, 5614.146390894854
0.0, 5767.373341533316
0.0, 5767.373341533316
10531.180949914842, 850.3387825133286
1053.3283151440514, 9477.85263477079
0.0, 1053.3283151440514
188.56919001319764, 864.7591251308538
156.21952799707918, 32.34966201611846
103.90536485742221, 52.31416313965697
0.0, 103.90536485742221
0.0, 103.90536485742221
120.66671805380977, 35.55280994326941
0.0, 120.66671805380977
102.94110794995714, 17.72561010385263
0.0, 102.94110794995714
100.40950581730307, 2.531602132654072
0.0, 100.40950581730307
0.0, 100.40950581730307
177.11788417866927, 11.45130583452837
64.23792404553723, 112.87996013313204
0.0, 64.23792404553723
0.0, 64.23792404553723
98.08024356051357, 79.0376406181557
0.0, 98.08024356051357
0.0, 98.08024356051357
5766.568366770946, 4764.612583143896
0.0, 5766.568366770946
2205.473551050915, 3561.0948157200314
61.25117391762132, 2144.222377133294
0.0, 61.25117391762132
0.0, 61.25117391762132
2066.2840047987397, 139.1895462521752
68.64143155898891, 1997.6425732397508
0.0, 68.64143155898891
0.0, 68.64143155898891
1770.1878535658975, 296.0961512328422
224.40129513903935, 1545.7865584268582
0.0, 224.40129513903935
207.81892592831068, 16.58236921072867
68.24124269247638, 139.5776832358343
0.0, 68.24124269247638
0.0, 68.24124269247638
171.39121306288638, 36.4277128654243
0.0, 171.39121306288638
150.6101296065508, 20.78108345633558
0.0, 150.6101296065508
146.45334690887492, 4.1567826976758795
87.54264683072213, 58.910700078152786
0.0, 87.54264683072213
54.30210749715303, 33.2405393335691
0.0, 54.30210749715303
0.0, 54.30210749715303
132.87244247155584, 13.580904437319077
0.0, 132.87244247155584
82.13741843298173, 50.73502403857411
0.0, 82.13741843298173
0.0, 82.13741843298173
281.63179594492095, 1488.5560576209766
0.0, 281.63179594492095
0.0, 281.63179594492095
