node_generations, branch_length
0.0, 35773.58059416962
14466.714939551288, 21306.865654618334
559.4173408962678, 13907.297598655021
373.46530565730313, 185.95203523896464
228.11544388728373, 145.3498617700194
0.0, 228.11544388728373
0.0, 228.11544388728373
272.24314880377403, 101.2221568535291
0.0, 272.24314880377403
0.0, 272.24314880377403
498.8269727310359, 60.590368165231894
357.6309536051034, 141.19601912593248
0.0, 357.6309536051034
211.02742987964913, 146.60352372545427
0.0, 211.02742987964913
0.0, 211.02742987964913
494.51778734951546, 4.309185381520422
0.0, 494.51778734951546
436.94391631871093, 57.573871030804526
0.0, 436.94391631871093
0.0, 436.94391631871093
1426.706357423547, 13040.00858212774
536.7971811842136, 889.9091762393333
283.38793197103956, 253.40924921317406
244.22083474459458, 39.16709722644498
0.0, 244.22083474459458
0.0, 244.22083474459458
256.8106843882649, 26.577247582774646
0.0, 256.8106843882649
0.0, 256.8106843882649
411.63470399190214, 125.16247719231148
0.0, 411.63470399190214
0.0, 411.63470399190214
1345.493561510723, 81.21279591282382
0.0, 1345.493561510723
300.18755301810955, 1045.3060084926135
0.0, 300.18755301810955
0.0, 300.18755301810955
