Node, generations
Node 1057, 2017.5853867740982
Node 74, 287.9287631346371
Node 1026, 1807.1983763680075
Node 895, 1226.5243529007414
Node 816, 1116.749517618256
Node 1014, 1689.8381006133056
Node 1001, 1600.283867375734
Node 906, 1248.0043994869477
Node 474, 1007.248706468894
Node 1008, 1649.0753557587047
Node 874, 1193.6575580805388
Node 856, 1163.2513404733345
Node 646, 1032.2349927698133
Node 522, 1011.5039124600588
Node 828, 1129.0847597817858
Node 707, 1052.2595065586827
Node 66, 225.36510180972886
Node 639, 1030.6927692337485
Node 798, 1105.2793647385843
Node 726, 1063.3681773189835
Node 963, 1433.954132546992
Node 822, 1122.8807599189136
Node 574, 1018.4528173707979
Node 662, 1039.1384501680498
Node 629, 1029.1791677083731
Node 577, 1019.2411661855414
Node 932, 1313.4869687200335
Node 917, 1274.6364925455987
Node 775, 1089.8433289722043
Node 705, 1051.9019545274045
Node 888, 1213.8008028508762
Node 681, 1043.9268113931387
Node 482, 1008.2864643073588
Node 930, 1303.7103787157976
Node 807, 1109.8117027867909
Node 44, 127.67960179515913
Node 901, 1234.5797943490459
Node 857, 1165.9327778516488
Node 455, 1005.9939450746556
