Node, generations
Node 2518, 16180.23358673604
Node 1483, 3091.477103728715
Node 1134, 1079.065047554434
Node 976, 1027.1020944821191
Node 267, 587.9366973728683
Node 1104, 1062.508624846776
Node 170, 398.5939600637957
Node 1350, 1424.3775346095538
Node 1049, 1042.8102505611412
Node 1313, 1300.4159055836724
Node 1031, 1038.1428788197009
Node 1278, 1232.608595445034
Node 82, 180.56807307989794
Node 1227, 1151.2119254861193
Node 87, 190.13323902886083
Node 2312, 12280.88796882145
Node 1374, 1804.704652362985
Node 1051, 1043.0283296057103
Node 478, 864.3456117187505
Node 2037, 8475.81616980769
Node 1276, 1229.4718718457452
Node 938, 1020.2501060540644
Node 689, 1002.8689566978319
Node 249, 558.3751625879822
Node 107, 255.18010182778067
Node 1182, 1115.4833401469425
Node 64, 75.19553076434535
Node 984, 1027.871714515544
Node 845, 1009.9521004438038
Node 1559, 3852.0593653478227
Node 1294, 1251.3712252306657
Node 1170, 1105.4619480900958
Node 1036, 1039.1930807827734
Node 1366, 1574.7622188697187
Node 1306, 1291.403610232711
Node 1211, 1133.026635583099
Node 1169, 1104.5975053328523
Node 1071, 1049.590478347963
Node 1090, 1056.3426890411554
Node 776, 1005.9222761554042
Node 885, 1013.706390797358
Node 1201, 1126.5497052248645
Node 952, 1022.4407919829544
Node 915, 1017.2338463769182
Node 1145, 1083.486784158002
Node 1028, 1037.2077057656652
Node 105, 249.95432921938877
Node 61, 6.148377102887131
Node 887, 1014.2366977635216
Node 629, 1001.0536293647483
Node 852, 1010.5904894521323
Node 151, 357.9627283997531
Node 1270, 1216.3436133115893
Node 987, 1028.3334456959908
Node 145, 349.3248313042362
Node 1127, 1075.6856097874895
Node 72, 140.11847023175923
Node 910, 1016.7793435595372
Node 273, 592.4274450579356
