node_generations, branch_length
2932.954533024189, 18827.769399525914
35.03748218820698, 2897.917050835982
0.0, 35.03748218820698
0.0, 35.03748218820698
2422.0042158205115, 510.9503172036775
1012.8792621430642, 1409.1249536774471
126.83212724269342, 886.0471349003708
37.019726957323115, 89.8124002853703
0.0, 37.019726957323115
0.0, 37.019726957323115
91.74032123876925, 35.09180600392416
0.0, 91.74032123876925
22.119820275258878, 69.62050096351038
0.0, 22.119820275258878
0.0, 22.119820275258878
567.780755126667, 445.0985070163972
0.0, 567.780755126667
105.58257846079968, 462.1981766658673
0.0, 105.58257846079968
103.12116676163652, 2.4614116991631647
0.0, 103.12116676163652
0.0, 103.12116676163652
1907.792373596205, 514.2118422243066
600.2804337688234, 1307.5119398273814
0.0, 600.2804337688234
396.29770129561365, 203.98273247320975
5.7779248182769205, 390.51977647733673
0.0, 5.7779248182769205
0.6930785830941641, 5.084846235182757
0.0, 0.6930785830941641
0.0, 0.6930785830941641
20.942490086005872, 375.3552112096078
0.0, 20.942490086005872
0.0, 20.942490086005872
1703.807677610579, 203.98469598562588
0.0, 1703.807677610579
107.18059880760448, 1596.6270788029747
0.0, 107.18059880760448
16.60576384397773, 90.57483496362676
0.0, 16.60576384397773
1.8013311668273653, 14.804432677150364
0.0, 1.8013311668273653
0.0, 1.8013311668273653
3545.7284599645827, 18214.99547258552
0.0, 3545.7284599645827
1911.6701861695642, 1634.0582737950185
91.17189720048837, 1820.498288969076
0.0, 91.17189720048837
40.35786636015005, 50.814030840338326
0.0, 40.35786636015005
0.0, 40.35786636015005
1448.0398461535704, 463.63034001599385
607.9987789430683, 840.0410672105021
53.829277334418194, 554.1695016086501
0.0, 53.829277334418194
0.0, 53.829277334418194
127.8594217132516, 480.13935722981665
0.0, 127.8594217132516
64.54509532513863, 63.314326388112974
0.0, 64.54509532513863
0.0, 64.54509532513863
725.4006171269178, 722.6392290266525
62.72345203265759, 662.6771650942602
0.0, 62.72345203265759
26.298463700855308, 36.42498833180228
0.0, 26.298463700855308
0.0, 26.298463700855308
209.9561767617324, 515.4444403651854
27.194476020615248, 182.76170074111715
0.0, 27.194476020615248
0.0, 27.194476020615248
127.70934980433644, 82.24682695739595
0.0, 127.70934980433644
120.4027240850974, 7.306625719239037
0.0, 120.4027240850974
54.86903455038857, 65.53368953470883
0.0, 54.86903455038857
0.0, 54.86903455038857
