Node, generations
Node 3086, 78960.4164678147
Node 732, 4830.103891957546
Node 91, 198.09341131428945
Node 276, 1661.2181349657694
Node 110, 252.97239957728596
Node 58, 157.73612980936838
Node 2588, 42196.648913531855
Node 663, 4285.816095165883
Node 162, 622.8322960668055
Node 135, 312.36357085426977
Node 29, 114.29067395676472
Node 129, 289.6426742140957
Node 137, 320.39755817301597
Node 84, 191.37587023460648
Node 889, 6335.815713796553
Node 143, 347.2113792257097
Node 371, 2217.4181695838283
Node 26, 110.12112476592931
Node 24, 109.06799232903855
