Node, generations
Node 2116, 22317.539961549963
Node 1404, 2211.7906189828122
Node 715, 1802.8757730824282
Node 1395, 2199.352072497964
Node 369, 1098.8224612181043
Node 65, 245.71706097038492
Node 64, 240.02509668404696
Node 1305, 2099.2203956890576
Node 1644, 3554.285443347988
Node 1577, 2830.7815557535723
Node 1388, 2189.173154948872
Node 1381, 2175.52898254032
Node 1382, 2178.387773710934
Node 1170, 2034.5139680865896
Node 851, 2001.0821808951532
Node 1351, 2128.6247507282515
Node 975, 2008.4028828064452
Node 856, 2001.1708370993056
Node 542, 1493.4223614169018
Node 301, 942.2474265085659
Node 165, 600.464516126585
Node 226, 784.435988711162
Node 1286, 2086.7035518314983
Node 1487, 2380.548850270542
Node 1337, 2118.604042015745
Node 1152, 2029.505882050224
Node 105, 407.34188046959133
Node 256, 832.7814508366375
Node 1459, 2319.928987845301
Node 1418, 2229.448460434849
Node 1325, 2113.6609653795326
Node 1223, 2056.7081089960743
Node 900, 2003.4291038352608
Node 1342, 2122.103372510799
Node 1428, 2246.654710621909
Node 789, 1947.1033431433195
Node 40, 14.975079048633773
Node 1335, 2117.9095917612135
Node 870, 2001.5340972932327
