Node, generations
Node 2297, 30291.90136157642
Node 863, 5697.11519403043
Node 308, 1885.5640747636114
Node 85, 198.0128107987657
Node 60, 142.4901610007492
Node 108, 369.46418493181903
Node 104, 331.4753404499314
Node 96, 242.25275757820933
Node 58, 134.5059275534511
Node 98, 246.5371792599296
Node 82, 188.87860406012243
Node 1484, 12273.496940886324
Node 274, 1590.0695118791537
Node 852, 5647.612532059192
Node 86, 199.3946045814327
Node 525, 3307.894653902191
Node 106, 348.4843513849516
Node 221, 1288.8898066307117
Node 38, 97.1990318861328
