Node, generations
Node 2615, 35794.68203408319
Node 1180, 4262.085142739923
Node 939, 1338.569450696787
Node 645, 1031.5703892922625
Node 525, 1012.5569490055701
Node 158, 590.1756431518694
Node 127, 497.906048586838
Node 904, 1249.9804357230587
Node 809, 1128.515059607926
Node 586, 1020.1333945197433
Node 902, 1245.6051570824795
Node 584, 1019.975267985857
Node 1006, 2069.0522600682075
Node 678, 1041.698078260333
Node 817, 1138.2268624207177
Node 1489, 7758.241775771245
Node 938, 1331.7685421778951
Node 696, 1048.969116239015
Node 897, 1241.1178627763315
Node 982, 1498.0846412890676
Node 854, 1172.1095597807328
Node 826, 1142.452135903529
Node 822, 1140.6951126942388
Node 504, 1010.5065494895907
Node 807, 1126.1784149082375
Node 517, 1011.8681158382668
Node 395, 1002.4851487686757
Node 54, 189.97681865956397
Node 658, 1035.0476952197644
Node 311, 943.3968379834206
Node 836, 1150.8403353217666
Node 639, 1030.2804539364645
Node 827, 1142.9019442574506
Node 152, 582.0716006256913
Node 862, 1182.6236474053492
Node 725, 1063.728687612529
Node 693, 1048.7031972499772
Node 660, 1035.7467862634526
Node 47, 112.92897262900134
