node_generations, branch_length
3111.3515654862917, 35166.22646194281
2144.915051833869, 966.436513652423
0.0, 2144.915051833869
1008.895629677849, 1136.0194221560198
0.0, 1008.895629677849
0.0, 1008.895629677849
2346.8202884779257, 764.531277008366
1057.0263665372288, 1289.793921940697
1001.0616100379991, 55.96475649922968
0.0, 1001.0616100379991
0.0, 1001.0616100379991
1011.5105070551308, 45.515859482097994
0.0, 1011.5105070551308
0.0, 1011.5105070551308
2105.9184325708643, 240.90185590706142
1264.284038240722, 841.6343943301422
0.0, 1264.284038240722
1077.1105614823978, 187.17347675832434
0.0, 1077.1105614823978
1057.204191112287, 19.906370370110835
0.0, 1057.204191112287
892.4045504384408, 164.79964067384617
0.0, 892.4045504384408
630.0158391046675, 262.38871133377324
0.0, 630.0158391046675
0.0, 630.0158391046675
1564.0698550252787, 541.8485775455856
1130.4435545244557, 433.62630050082294
0.0, 1130.4435545244557
1070.553541913251, 59.89001261120484
1056.0493281417039, 14.504213771547029
0.0, 1056.0493281417039
0.0, 1056.0493281417039
1056.3237991658345, 14.229742747416367
0.0, 1056.3237991658345
0.0, 1056.3237991658345
1322.7457378801582, 241.32411714512045
0.0, 1322.7457378801582
907.9978646822385, 414.7478731979197
0.0, 907.9978646822385
0.0, 907.9978646822385
8644.106127213852, 29633.47190021525
1422.7197023478707, 7221.386424865981
0.0, 1422.7197023478707
1251.4086695243477, 171.31103282352296
0.0, 1251.4086695243477
1157.2183012459493, 94.19036827839841
1065.7090042442073, 91.50929700174197
0.0, 1065.7090042442073
0.0, 1065.7090042442073
1093.1839135912903, 64.03438765465899
920.3301375653257, 172.85377602596463
0.0, 920.3301375653257
0.0, 920.3301375653257
1089.3251453357168, 3.8587682555735228
1002.455659965293, 86.86948537042383
0.0, 1002.455659965293
696.4164799111867, 306.0391800541063
0.0, 696.4164799111867
0.0, 696.4164799111867
1071.3989481396573, 17.926197196059547
0.0, 1071.3989481396573
0.0, 1071.3989481396573
1861.3452844392525, 6782.7608427746
1059.1344679110757, 802.2108165281768
236.3977642509982, 822.7367036600775
0.0, 236.3977642509982
0.0, 236.3977642509982
1054.9536233190481, 4.180844592027597
0.0, 1054.9536233190481
1025.6699883482263, 29.283634970821822
0.0, 1025.6699883482263
0.0, 1025.6699883482263
1127.947652454346, 733.3976319849064
0.0, 1127.947652454346
1031.2468636752446, 96.70078877910146
0.0, 1031.2468636752446
0.0, 1031.2468636752446
