Node, generations
Node 811, 4721.718675343384
Node 591, 873.8894184919334
Node 541, 721.8717210925249
Node 519, 680.3790776280753
Node 397, 551.4338122000543
Node 384, 546.6227902461634
Node 232, 507.86054543613375
Node 472, 607.090052262168
Node 525, 684.9870796023322
Node 442, 584.847913120041
Node 441, 583.752103664327
Node 436, 580.4779302448698
Node 189, 503.4192552943045
Node 357, 535.8490586288909
Node 561, 762.2908430298118
Node 56, 189.4143205435245
Node 53, 152.50643605409354
Node 762, 2189.596831402086
Node 612, 954.4686339000009
Node 743, 1969.1586655561086
Node 644, 1100.5701884767334
Node 577, 817.3139837696484
Node 43, 77.1475858115733
Node 42, 73.9771768878541
Node 488, 628.9860434833464
Node 246, 508.95353591538907
Node 132, 486.1422601895766
Node 480, 621.039555531346
Node 643, 1096.990313001589
Node 445, 585.9930854678183
Node 329, 527.2276969464808
Node 623, 1009.9867066231176
Node 409, 559.9116027286501
Node 695, 1421.9268558457259
Node 70, 289.2796058923625
Node 582, 825.7069067848743
Node 410, 560.1370811991626
Node 319, 525.1563102213572
Node 407, 559.1734075066798
