Node, generations
Node 1956, 25842.385618673412
Node 553, 1995.368708805185
Node 106, 206.7549004297159
Node 187, 226.48098354231325
Node 1337, 12115.345629279424
Node 355, 404.40680710135746
Node 329, 353.59224594380885
Node 241, 262.563687900531
Node 52, 182.91399846767285
Node 1298, 11608.017231927235
Node 310, 328.3042946586612
Node 220, 242.41756710834107
Node 206, 235.2307417182576
Node 176, 220.47811277951774
Node 858, 5495.9111441581845
Node 431, 578.8631756150622
Node 392, 476.15095155484465
Node 410, 525.2608400331297
Node 350, 389.7552028799391
Node 297, 311.9100878701598
Node 230, 253.15662673348015
Node 233, 254.6513470768392
Node 66, 201.37714102786143
Node 346, 379.4369569091694
Node 301, 317.3860145598262
Node 209, 236.83991002274198
Node 149, 215.08386658245277
Node 215, 238.1695397076184
Node 135, 211.26645991045766
Node 372, 438.25585611543465
Node 86, 203.9406326851591
Node 278, 298.11803017017667
Node 446, 624.280345428539
Node 387, 467.07439301634815
Node 328, 349.1329151111256
Node 335, 361.74466742255015
Node 422, 560.5424261421632
Node 242, 262.9330841256193
Node 192, 228.45023629005163
