Node, generations
Node 2456, 20363.586464467924
Node 1870, 2213.750218099792
Node 1564, 1097.3385285711595
Node 1322, 1025.1917624015714
Node 1272, 1017.0391336127341
Node 910, 992.5733565027735
Node 87, 57.92781416975184
Node 1273, 1017.1685172868943
Node 214, 317.2385810718009
Node 1391, 1035.114364958237
Node 805, 898.2874733748184
Node 1847, 1882.9888392346893
Node 1770, 1457.6998095449153
Node 1576, 1108.5300858859664
Node 108, 105.83886463724791
Node 1388, 1034.7322846563445
Node 495, 630.3694036713455
Node 609, 745.3762746783336
Node 1844, 1867.6752659485649
Node 1721, 1328.8595871029481
Node 1659, 1213.1724599703957
Node 1336, 1026.1922389314693
Node 1761, 1430.601936737982
Node 1405, 1038.0870031281277
Node 1229, 1013.2803271083811
Node 350, 473.0375787801113
Node 1302, 1021.45167285885
Node 1871, 2221.0003115754566
Node 1803, 1657.0206254612629
Node 1722, 1330.5497814534983
Node 1520, 1074.8593736124672
Node 1282, 1018.0609925546732
Node 1277, 1017.5663700923956
Node 83, 38.14538412739148
Node 1792, 1582.3108955829362
Node 1622, 1165.3684743725657
Node 1574, 1107.831385242762
Node 1354, 1029.8978327268574
Node 532, 677.0616662275237
Node 1276, 1017.3505463533453
Node 1490, 1061.6732999005858
Node 1186, 1010.3736984396157
Node 1074, 1004.8760950494188
Node 1184, 1010.3155841951706
Node 118, 140.859663618235
Node 1601, 1133.7544691859537
Node 1316, 1024.3795568474904
Node 1175, 1009.6340806201209
Node 296, 423.7702079638086
Node 1535, 1086.0782856178791
Node 1054, 1004.1477351142545
Node 1399, 1036.8369832647948
Node 1745, 1384.8713709706917
Node 1514, 1073.6373877284757
Node 1375, 1032.8247086554345
Node 1023, 1003.3010928475268
Node 1259, 1015.7199533944336
Node 356, 479.5812500723489
Node 1476, 1057.1350713184559
Node 1118, 1006.8992174120611
Node 1715, 1319.1398346845547
Node 431, 559.7545829577365
Node 1836, 1832.2774978232758
Node 971, 1001.7889994615484
Node 703, 817.2347310324857
Node 868, 953.4409095707507
Node 1523, 1077.6415078788134
Node 1452, 1049.7300235823109
Node 295, 423.5950605315898
Node 172, 232.96149826525652
Node 1459, 1051.7488074924343
Node 1385, 1034.1810304611913
Node 393, 510.00927572394613
Node 362, 484.78271461633835
Node 98, 86.58582696695198
Node 1348, 1028.6656181488574
Node 726, 835.6443846245808
Node 270, 392.9348798320826
Node 429, 558.7638884947226
