Node, generations
Node 2341, 33448.97548372633
Node 1544, 2625.235688479093
Node 1382, 2168.550657074633
Node 499, 1398.5695978267413
Node 1339, 2125.310626033308
Node 1279, 2076.1643189271135
Node 1103, 2020.4604800354746
Node 40, 51.32948081562652
Node 1274, 2073.1647518674727
Node 993, 2008.1748248056103
Node 121, 505.2475207312643
Node 315, 991.6240743932727
Node 41, 59.561399881207464
Node 1433, 2251.555087691565
Node 1397, 2184.6391839619264
Node 348, 1058.0392135669201
Node 128, 516.9537785359996
Node 1031, 2011.5272585552652
Node 620, 1636.3338675919167
Node 1856, 10719.915671915556
Node 1704, 3947.8722477453066
Node 1443, 2284.701008930561
Node 1419, 2225.3124494355206
Node 933, 2004.7646349317756
Node 573, 1548.1051257414817
Node 1180, 2038.1236466846076
Node 1134, 2026.8989238055417
Node 1114, 2022.1796527509478
Node 1594, 2864.334124130298
Node 1389, 2180.4970275570013
Node 222, 765.6101069485421
Node 1273, 2073.07136340187
Node 683, 1742.7497942695925
Node 1244, 2057.0694004597776
Node 643, 1674.2977427033245
Node 1579, 2771.1297838401542
Node 1566, 2724.1940260913284
Node 1247, 2060.180223334179
Node 942, 2005.134051118714
