Node, generations
Node 417, 4637.2888544685
Node 291, 992.5134792947774
Node 234, 594.9998413201465
Node 144, 344.2664368805539
Node 133, 326.82316981252404
Node 324, 1269.7766725580323
Node 193, 470.2801868183999
Node 56, 223.67463669375115
Node 265, 803.6706682555645
Node 202, 493.9323265630986
Node 145, 346.82570845334646
Node 171, 395.0964393901862
Node 88, 255.61861820913188
Node 63, 228.32522893858606
Node 166, 385.11424320785926
Node 127, 323.0362610186006
Node 251, 722.5959794398416
Node 120, 310.8666545041365
Node 80, 247.19685222317156
