node_generations, branch_length
1479.5360570075024, 10455.450260404526
237.78555721629482, 1241.7504997912076
0.0, 237.78555721629482
0.0, 237.78555721629482
964.0169572647172, 515.5190997427852
347.7920804259684, 616.2248768387489
208.28747473315522, 139.50460569281316
0.0, 208.28747473315522
0.0, 208.28747473315522
299.5690793136487, 48.22300111231971
233.81016054066106, 65.75891877298761
0.0, 233.81016054066106
0.0, 233.81016054066106
269.29051597542366, 30.278563338225013
199.31740969710438, 69.97310627831928
0.0, 199.31740969710438
0.0, 199.31740969710438
233.6052242004241, 35.68529177499957
0.0, 233.6052242004241
0.0, 233.6052242004241
365.09893296988434, 598.9180242948329
209.58040094205415, 155.5185320278302
0.0, 209.58040094205415
204.0607128138817, 5.519688128172447
0.0, 204.0607128138817
0.0, 204.0607128138817
312.5924519175039, 52.50648105238042
0.0, 312.5924519175039
260.4964830212955, 52.09596889620843
0.0, 260.4964830212955
0.0, 260.4964830212955
4957.000613685511, 6977.985703726518
439.77759738466114, 4517.22301630085
0.0, 439.77759738466114
324.6185667533828, 115.15903063127831
0.0, 324.6185667533828
316.0899848847826, 8.528581868600213
0.0, 316.0899848847826
257.30769426200635, 58.78229062277626
0.0, 257.30769426200635
0.0, 257.30769426200635
4711.212451030133, 245.78816265537807
901.2735963331836, 3809.9388546969494
0.0, 901.2735963331836
0.0, 901.2735963331836
935.5598182370422, 3775.6526327930906
544.2509189131622, 391.30889932388004
236.7736460392756, 307.4772728738866
0.0, 236.7736460392756
0.0, 236.7736460392756
447.3595605901174, 96.89135832304481
266.7726243123239, 180.58693627779348
133.7158930571154, 133.0567312552085
0.0, 133.7158930571154
0.0, 133.7158930571154
241.37192758535824, 25.400696726965663
0.0, 241.37192758535824
0.0, 241.37192758535824
267.1573445435269, 180.20221604659048
225.4502336735436, 41.707110869983296
0.0, 225.4502336735436
0.0, 225.4502336735436
228.68182541410917, 38.475519129417734
0.0, 228.68182541410917
215.81062859316734, 12.871196820941833
0.0, 215.81062859316734
0.0, 215.81062859316734
807.3870603366622, 128.17275790038002
0.0, 807.3870603366622
639.7114909650102, 167.67556937165205
429.9159695250371, 209.79552143997307
0.0, 429.9159695250371
0.0, 429.9159695250371
480.00387359565883, 159.70761736935134
0.0, 480.00387359565883
214.4681160126058, 265.53575758305305
0.0, 214.4681160126058
0.0, 214.4681160126058
