node_generations, branch_length
1471.2018434874776, 43592.45645531888
1017.0249555729864, 454.1768879144912
0.0, 1017.0249555729864
443.9135798321276, 573.1113757408589
0.0, 443.9135798321276
0.0, 443.9135798321276
1389.4392719283412, 81.7625715591364
1178.3434016025135, 211.09587032582772
0.0, 1178.3434016025135
1149.9457025518034, 28.397699050710116
1086.4922953722028, 63.45340717960062
0.0, 1086.4922953722028
1010.029759846417, 76.46253552578571
0.0, 1010.029759846417
0.0, 1010.029759846417
1107.38448556496, 42.56121698684342
0.0, 1107.38448556496
1074.3951992619905, 32.989286302969504
0.0, 1074.3951992619905
1022.5530123380507, 51.84218692393972
0.0, 1022.5530123380507
1002.1445462209343, 20.408466117116404
0.0, 1002.1445462209343
6.309204351198588, 995.8353418697358
0.0, 6.309204351198588
0.0, 6.309204351198588
1331.0168930830455, 58.422378845295725
0.0, 1331.0168930830455
1048.040164531303, 282.97672855174255
0.0, 1048.040164531303
1003.1408826067852, 44.89928192451771
0.0, 1003.1408826067852
0.0, 1003.1408826067852
6649.036936779435, 38414.62136202693
1075.6074029959243, 5573.42953378351
0.0, 1075.6074029959243
0.0, 1075.6074029959243
5681.700115364477, 967.3368214149577
1221.2737465925072, 4460.4263687719695
0.0, 1221.2737465925072
1066.0418559160637, 155.23189067644353
0.0, 1066.0418559160637
1045.0994083743672, 20.942447541696538
0.0, 1045.0994083743672
659.5330396502193, 385.5663687241479
0.0, 659.5330396502193
0.0, 659.5330396502193
1955.4839790558383, 3726.216136308639
1565.874366537375, 389.60961251846334
0.0, 1565.874366537375
1556.268041563282, 9.606324974093013
0.0, 1556.268041563282
1381.840358101084, 174.42768346219805
0.0, 1381.840358101084
1168.187745904269, 213.65261219681497
0.0, 1168.187745904269
1156.2420659350348, 11.945679969234106
1066.6059897303608, 89.63607620467405
0.0, 1066.6059897303608
0.0, 1066.6059897303608
1098.5530888533954, 57.68897708163945
1024.878657038212, 73.67443181518342
0.0, 1024.878657038212
0.0, 1024.878657038212
1036.3173777432098, 62.23571111018555
0.0, 1036.3173777432098
0.0, 1036.3173777432098
1634.7377394032048, 320.74623965263345
1027.0048330595569, 607.732906343648
0.0, 1027.0048330595569
1013.9045070560875, 13.100326003469377
0.0, 1013.9045070560875
1000.9256723843358, 12.978834671751656
0.0, 1000.9256723843358
0.0, 1000.9256723843358
1056.8121491078184, 577.9255902953864
0.0, 1056.8121491078184
0.0, 1056.8121491078184
