Node, generations
Node 3057, 33861.648185310296
Node 322, 129.60341497685727
Node 132, 103.10245150098572
Node 2119, 12705.103911887792
Node 1480, 6140.212064112142
Node 1445, 5837.28881661618
Node 627, 795.2328284094767
Node 474, 213.55965853502312
Node 604, 658.6792355811882
Node 244, 117.80448712177059
Node 127, 102.68489375680359
Node 390, 154.0463451722815
Node 1110, 3505.8929839621737
Node 569, 337.9952844149819
Node 555, 320.747401780089
Node 193, 109.52575404226113
Node 211, 111.76591832400378
Node 174, 106.99759071224759
Node 785, 1638.5707210564162
Node 262, 120.22929913103391
Node 240, 117.60601707254222
Node 575, 363.72985707063776
Node 492, 231.09130279277852
Node 419, 166.4625943580986
Node 287, 122.7946048471564
Node 457, 192.227532228762
Node 442, 179.02049237810277
Node 331, 130.89758930524087
Node 516, 258.767222859031
Node 449, 184.77323574706193
Node 417, 166.20376645694188
Node 342, 135.92340099408233
Node 102, 100.81659693268844
Node 91, 100.05922209322591
Node 465, 205.1883375839419
Node 145, 104.24645098109345
Node 358, 141.11599091245563
Node 181, 108.3458444390136
Node 317, 128.3955953109566
Node 1463, 5978.023291184988
Node 976, 2684.8935704807977
Node 359, 141.4036122252009
Node 506, 242.28116674412794
Node 107, 101.13452184911269
Node 371, 146.68622942277577
Node 303, 125.55483261609737
Node 1303, 4801.73944302106
Node 587, 564.8517623223361
Node 370, 146.21037063078305
Node 308, 126.49077012425747
Node 238, 117.4030245857609
Node 138, 103.62617438526809
Node 1011, 2905.6955551799224
Node 494, 232.5833380538682
Node 445, 181.6349311633617
Node 422, 166.81505395681896
Node 344, 137.28540545671157
Node 377, 148.74010120584788
Node 376, 148.5679140178759
Node 310, 126.54418308208822
Node 274, 121.3452201152033
Node 328, 130.1812248487193
Node 488, 225.1770160427471
Node 483, 221.68857444146937
Node 256, 119.42098496100053
Node 214, 112.5533093858339
Node 327, 130.14483396250105
Node 298, 124.9280969593051
Node 117, 101.8361591516653
Node 574, 359.3945761322554
Node 271, 121.07268862155343
Node 560, 331.7393633463897
Node 326, 130.0502056658067
Node 438, 176.71266234276263
Node 401, 159.46525261783572
Node 162, 105.4376149969385
Node 147, 104.29303395652666
Node 426, 168.58643914114785
Node 173, 106.95341260187057
