node_generations, branch_length
1925.6216420870066, 61312.13288659284
0.0, 1925.6216420870066
364.4087586911366, 1561.21288339587
0.0, 364.4087586911366
362.42373174864963, 1.985026942486968
220.51023612115765, 141.91349562749198
0.0, 220.51023612115765
0.0, 220.51023612115765
291.77034745993626, 70.65338428871337
0.0, 291.77034745993626
232.55969311496045, 59.21065434497581
40.41613459081772, 192.14355852414275
0.0, 40.41613459081772
0.0, 40.41613459081772
223.7324296218988, 8.82726349306165
0.0, 223.7324296218988
204.5484998364619, 19.183929785436902
0.0, 204.5484998364619
0.0, 204.5484998364619
19653.347412728956, 43584.40711595089
627.8180230338421, 19025.52938969511
58.33725056431774, 569.4807724695244
0.0, 58.33725056431774
0.0, 58.33725056431774
616.6931864346352, 11.124836599206901
0.2837526772784736, 616.4094337573567
0.0, 0.2837526772784736
0.0, 0.2837526772784736
448.8924480202268, 167.80073841440839
0.0, 448.8924480202268
0.0, 448.8924480202268
19442.352136737423, 210.99527599153225
2483.671895523674, 16958.680241213748
397.6174465576587, 2086.054448966015
245.83267621020107, 151.78477034745762
0.0, 245.83267621020107
40.69507799925208, 205.137598210949
0.0, 40.69507799925208
0.0, 40.69507799925208
316.82586534685447, 80.79158121080422
0.0, 316.82586534685447
211.2484123433655, 105.57745300348898
0.0, 211.2484123433655
201.16424550354878, 10.084166839816703
0.0, 201.16424550354878
0.0, 201.16424550354878
684.2563741022636, 1799.4155214214102
293.20619355533745, 391.0501805469262
0.0, 293.20619355533745
254.2484137168139, 38.95777983852355
0.0, 254.2484137168139
93.05407692802521, 161.1943367887887
0.0, 93.05407692802521
0.0, 93.05407692802521
411.8250768415236, 272.43129726074005
0.0, 411.8250768415236
79.93742356377068, 331.8876532777529
0.0, 79.93742356377068
0.0, 79.93742356377068
9899.951390742992, 9542.400745994431
653.3851356856767, 9246.566255057314
0.0, 653.3851356856767
293.1292836759115, 360.2558520097652
0.0, 293.1292836759115
244.89047150969427, 48.23881216621723
26.605741542790206, 218.28472996690405
0.0, 26.605741542790206
0.0, 26.605741542790206
221.3520791214129, 23.538392388281352
0.0, 221.3520791214129
211.7164787144668, 9.63560040694611
0.0, 211.7164787144668
0.0, 211.7164787144668
8177.291716949832, 1722.6596737931595
0.0, 8177.291716949832
243.32996889606753, 7933.9617480537645
0.0, 243.32996889606753
0.0, 243.32996889606753
