node_generations, branch_length
487.92000947264535, 18685.692444578835
0.0, 487.92000947264535
451.7948011027645, 36.12520836988085
0.0, 451.7948011027645
0.0, 451.7948011027645
8865.933162327163, 10307.679291724316
5752.260199798301, 3113.6729625288617
0.0, 5752.260199798301
406.48306287759397, 5345.777136920708
0.0, 406.48306287759397
217.83978396355866, 188.6432789140353
0.0, 217.83978396355866
0.0, 217.83978396355866
8658.754919374489, 207.17824295267383
568.0804136263388, 8090.67450574815
279.81526800466685, 288.26514562167193
0.0, 279.81526800466685
0.0, 279.81526800466685
525.937540039318, 42.142873587020745
387.49654646794795, 138.4409935713701
0.0, 387.49654646794795
0.0, 387.49654646794795
496.1656373412474, 29.77190269807062
257.7342492453684, 238.43138809587902
0.0, 257.7342492453684
246.6237966854637, 11.1104525599047
0.0, 246.6237966854637
0.0, 246.6237966854637
353.9145875988339, 142.2510497424135
0.0, 353.9145875988339
254.39050474788309, 99.52408285095083
0.0, 254.39050474788309
232.837101875898, 21.5534028719851
0.0, 232.837101875898
0.0, 232.837101875898
8304.735608682628, 354.0193106918614
0.0, 8304.735608682628
0.0, 8304.735608682628
