Node, generations
Node 4098, 55656.144160886404
Node 1674, 1205.334709033226
Node 1211, 1010.9604696833318
Node 1111, 1005.6362751903835
Node 98, 87.67183609104654
Node 1625, 1146.7346390557716
Node 1613, 1134.066417807434
Node 1418, 1042.4552659188384
Node 993, 1002.7325638931997
Node 1394, 1034.941945320828
Node 172, 260.97694091463404
Node 1527, 1080.1109370211398
Node 1458, 1052.0230979975538
Node 1412, 1040.4768037256695
Node 97, 76.20021838994793
Node 1465, 1053.281692089133
Node 112, 141.47346443133773
Node 3038, 16515.18623829088
Node 2033, 4157.199320392967
Node 1675, 1205.6923813860126
Node 430, 591.0974694995866
Node 1639, 1157.6415544829529
Node 1421, 1042.751560559162
Node 627, 773.7874784960053
Node 92, 71.01691633393612
Node 361, 506.1919168633048
Node 206, 312.76140811381595
Node 116, 153.5660544157809
Node 1038, 1003.8175517688335
Node 690, 829.6810340478679
Node 1012, 1003.2578969263162
Node 101, 89.89184307496589
Node 103, 102.53070452314817
Node 1584, 1109.1666521035836
Node 300, 434.88380544597794
Node 1417, 1041.973268537928
Node 1292, 1017.9477405832903
Node 1281, 1016.830847171076
Node 184, 275.1792416962116
Node 1217, 1011.1274925368739
Node 1789, 1741.910996819127
Node 886, 1000.2386610876525
Node 1684, 1221.470887791927
Node 1201, 1010.2949353869394
Node 711, 847.9572615540312
Node 390, 536.6044654594193
Node 2501, 8586.521653918635
Node 1710, 1292.2051228314238
Node 1555, 1091.601701633858
Node 1515, 1072.7791661427816
Node 1413, 1040.613368228042
Node 1237, 1012.3025814873715
Node 298, 433.039912020278
Node 1404, 1037.8841106256655
Node 1680, 1211.9121793580068
Node 642, 788.4578392646011
Node 1565, 1097.3750447471198
Node 2007, 3920.872859629799
Node 1930, 3135.140036157077
Node 1694, 1241.5915937192353
Node 1647, 1168.8250961297254
Node 704, 842.8078037606167
Node 579, 729.9346159636605
Node 104, 103.55068727254812
Node 654, 798.622167518758
Node 1568, 1098.3610977497547
Node 1691, 1237.0800893859684
Node 1178, 1008.6897995351335
Node 455, 617.3153681930228
Node 171, 260.11472346233165
Node 1708, 1283.826365880992
Node 1482, 1059.5238682890276
Node 489, 655.7261258915096
Node 81, 23.6010999326381
Node 1444, 1048.646728990377
Node 281, 416.5953836572134
Node 1270, 1015.9994513118598
Node 1528, 1080.2894583868938
Node 1518, 1073.052745228318
