node_generations, branch_length
3583.1092599844815, 55288.66272756137
1002.4376673541125, 2580.671592630369
0.0, 1002.4376673541125
0.0, 1002.4376673541125
2114.4174661567804, 1468.691793827701
1862.1025086776972, 252.3149574790832
1134.5743011451034, 727.5282075325938
0.0, 1134.5743011451034
1121.0415689811368, 13.532732163966557
0.0, 1121.0415689811368
1007.0341196667342, 114.0074493144026
789.4888401940095, 217.5452794727247
0.0, 789.4888401940095
0.0, 789.4888401940095
1007.031915694837, 0.0022039718971882394
0.0, 1007.031915694837
0.0, 1007.031915694837
1468.0103672112018, 394.0921414664954
585.9799375939615, 882.0304296172403
0.0, 585.9799375939615
0.0, 585.9799375939615
1380.450447852012, 87.55991935918973
0.0, 1380.450447852012
1114.031038811824, 266.41940904018816
0.0, 1114.031038811824
609.8134608040447, 504.21757800777925
0.0, 609.8134608040447
168.85903655869697, 440.9544242453477
0.0, 168.85903655869697
0.0, 168.85903655869697
1961.655449522767, 152.76201663401343
1045.8226540501282, 915.8327954726387
0.0, 1045.8226540501282
1044.0579464021614, 1.7647076479668158
139.92486063622943, 904.133085765932
0.0, 139.92486063622943
0.0, 139.92486063622943
1008.6599328499423, 35.39801355221914
0.0, 1008.6599328499423
0.0, 1008.6599328499423
1155.7979122385777, 805.8575372841892
1012.068456758957, 143.7294554796207
0.0, 1012.068456758957
175.30236781933922, 836.7660889396178
0.0, 175.30236781933922
0.0, 175.30236781933922
1041.268240232911, 114.52967200566673
0.0, 1041.268240232911
45.0079699293658, 996.2602703035452
0.0, 45.0079699293658
0.0, 45.0079699293658
4709.8688695660285, 54161.903117979826
1269.226382798937, 3440.642486767091
0.0, 1269.226382798937
1123.035295052007, 146.19108774692995
0.0, 1123.035295052007
0.0, 1123.035295052007
1330.900792131097, 3378.9680774349317
1088.4724124216616, 242.42837970943538
0.0, 1088.4724124216616
0.0, 1088.4724124216616
1252.237328370253, 78.66346376084402
1095.2162236037009, 157.02110476655207
0.0, 1095.2162236037009
0.0, 1095.2162236037009
1244.6066604024804, 7.630667967772524
1010.7300945073468, 233.87656589513358
0.0, 1010.7300945073468
0.0, 1010.7300945073468
1211.3980684092287, 33.20859199325173
1020.3028960191816, 191.09517239004708
0.0, 1020.3028960191816
0.0, 1020.3028960191816
1022.9226316282605, 188.47543678096815
0.0, 1022.9226316282605
1015.4433967232908, 7.479234904969758
0.0, 1015.4433967232908
0.0, 1015.4433967232908
