Node, generations
Node 864, 11654.190612682978
Node 667, 4872.69171457977
Node 402, 489.0865654288073
Node 422, 564.4119825711031
Node 181, 227.39325187564597
Node 283, 307.2200930743274
Node 237, 260.38913022002146
Node 121, 209.77070570927773
Node 158, 221.32049470862418
Node 693, 5891.64736516482
Node 469, 745.1714500537043
Node 416, 532.9641056575628
Node 350, 398.985004129023
Node 111, 207.59050994531202
Node 286, 312.39473357922583
Node 276, 300.749283306336
Node 279, 301.62766525254494
Node 44, 115.73831138384855
Node 435, 601.6622766097599
Node 224, 254.78198849591914
Node 194, 233.63488145932797
Node 122, 210.0196210975449
Node 99, 206.07082427887255
Node 198, 235.68509223754617
Node 400, 487.0855008048438
Node 374, 450.7334668913311
Node 303, 325.54595432056635
Node 208, 239.1933367269159
Node 162, 222.06331333032
Node 294, 317.69967416663235
Node 243, 263.91567231318606
Node 165, 222.53132546718555
Node 328, 361.3753857247623
Node 244, 264.22433032850955
Node 302, 324.4629291652626
Node 586, 1875.6270180729994
Node 529, 1091.441632258547
Node 308, 333.7043696508082
Node 204, 238.00398204096413
