Node, generations
Node 935, 8848.64358795795
Node 672, 2275.57718408844
Node 522, 2055.5626109157556
Node 637, 2200.571104654287
Node 22, 130.71630166433795
Node 599, 2140.9225628367667
Node 127, 1273.2314422404254
Node 833, 3434.3348459910103
Node 689, 2330.018599120859
Node 783, 2829.443653705137
Node 709, 2407.399241368994
Node 585, 2123.1350872016537
Node 565, 2095.1060672731487
Node 701, 2374.205878606267
Node 580, 2109.646236883821
Node 232, 1774.9405620319956
Node 597, 2138.947476985279
Node 72, 799.3976362923735
Node 51, 581.2098284630753
