node_generations, branch_length
1780.1615081214184, 32430.119939536606
14.729271109486918, 1765.4322370119314
0.0, 14.729271109486918
0.0, 14.729271109486918
1164.0092897108948, 616.1522184105236
1029.3572731478187, 134.65201656307613
0.0, 1029.3572731478187
1017.759455294394, 11.597817853424658
0.0, 1017.759455294394
0.0, 1017.759455294394
1101.6680330220445, 62.34125668885031
0.0, 1101.6680330220445
0.0, 1101.6680330220445
2170.572633216733, 32039.708814441292
1454.3909237756452, 716.1817094410876
0.0, 1454.3909237756452
1068.3035168431225, 386.08740693252275
0.0, 1068.3035168431225
1059.428720210111, 8.874796633011556
0.0, 1059.428720210111
0.0, 1059.428720210111
1731.0585991670682, 439.5140340496646
1308.5743880064922, 422.484211160576
0.0, 1308.5743880064922
1119.248743726914, 189.32564427957823
1005.1598675744884, 114.08887615242554
0.0, 1005.1598675744884
0.0, 1005.1598675744884
1013.3002486612451, 105.94849506566891
0.0, 1013.3002486612451
0.0, 1013.3002486612451
1473.7954135786417, 257.2631855884265
0.0, 1473.7954135786417
1146.8628670302726, 326.93254654836915
0.0, 1146.8628670302726
1117.627920377391, 29.23494665288149
0.0, 1117.627920377391
0.0, 1117.627920377391
