Node, generations
Node 2595, 14018.147305392506
Node 1585, 4702.038978624072
Node 1195, 2671.2752137987945
Node 598, 276.2995002883431
Node 504, 241.86706669923788
Node 478, 236.38565177329644
Node 401, 219.70286587023492
Node 564, 259.3432187787582
Node 394, 218.62355235718067
Node 407, 220.8246054743362
Node 732, 482.0611082052686
Node 632, 299.8734985577674
Node 559, 256.6826333334679
Node 404, 220.38099548998184
Node 579, 265.4902807142242
Node 541, 250.7886271159445
Node 87, 41.581815757259534
Node 192, 201.78385263084672
Node 704, 367.63469995612047
Node 604, 284.066792857948
Node 418, 222.9928556350658
Node 173, 201.00338529639166
Node 327, 209.62597315005988
Node 1658, 5121.171168223995
Node 1233, 2875.1369063598886
Node 726, 393.3565416789022
Node 506, 242.5438963819897
Node 358, 213.92777597485878
Node 122, 130.34048455228242
Node 689, 353.0103869357207
Node 563, 259.18476552377473
Node 413, 221.52877810593196
Node 89, 54.464918853564676
Node 86, 37.60963305990078
Node 218, 202.8437708946279
Node 462, 231.58804844352133
Node 659, 326.03438952403764
Node 516, 245.3802932156226
Node 349, 212.33292006551983
Node 531, 249.26498011928908
Node 185, 201.5058280613623
Node 132, 149.29972146419615
Node 1601, 4799.41278482279
Node 698, 360.68151837787354
Node 355, 213.6752734183513
Node 226, 203.1155429752691
Node 121, 130.17814163444106
Node 1597, 4785.748970940688
Node 858, 1177.868202707446
Node 702, 365.25358974658656
Node 682, 347.5577914851405
Node 591, 270.4483279997997
Node 491, 238.38434059366617
Node 433, 225.96207543458937
Node 496, 240.08303060261218
Node 743, 575.9380945965553
Node 678, 343.6080127400824
Node 626, 297.0376315689501
Node 311, 208.50117748334094
Node 717, 381.6718845889919
Node 697, 360.5885286451174
Node 287, 206.67513252745314
Node 458, 230.4694236535749
Node 716, 381.4639288920589
Node 80, 13.711663431749358
Node 580, 265.72903793350264
Node 188, 201.65881810341506
Node 1024, 1950.8490796074996
Node 574, 262.8611746583361
Node 365, 214.52462734754482
Node 96, 86.92449570014834
Node 94, 81.84446538357074
Node 289, 206.69450206310268
Node 167, 200.58048663209996
Node 641, 305.3639280164539
Node 438, 227.03254247541736
Node 435, 226.44702021087326
Node 149, 198.5206381935221
Node 252, 204.64905956043256
