node_generations, branch_length
6518.277952814282, 116978.9416930956
3907.0784521888645, 2611.1995006254174
0.0, 3907.0784521888645
1162.628151246547, 2744.4503009423174
1058.664882438357, 103.96326880819015
0.0, 1058.664882438357
0.0, 1058.664882438357
1125.0305142435855, 37.59763700296162
483.48540208820344, 641.545112155382
0.0, 483.48540208820344
0.0, 483.48540208820344
1109.3046087334778, 15.725905510107623
0.0, 1109.3046087334778
0.0, 1109.3046087334778
5338.796733486143, 1179.4812193281386
1151.3948976530608, 4187.401835833082
1060.9886470705615, 90.4062505824993
0.0, 1060.9886470705615
1058.8839166206476, 2.104730449913859
0.0, 1058.8839166206476
1053.704839662473, 5.179076958174619
0.0, 1053.704839662473
515.2304463343188, 538.4743933281542
0.0, 515.2304463343188
449.3893007501661, 65.84114558415268
0.0, 449.3893007501661
0.0, 449.3893007501661
1091.923242456211, 59.471655196849724
0.0, 1091.923242456211
0.0, 1091.923242456211
1331.922240579516, 4006.874492906627
0.0, 1331.922240579516
1129.4106404886445, 202.51160009087153
0.0, 1129.4106404886445
1118.3600262795906, 11.050614209053947
0.0, 1118.3600262795906
756.1453821885932, 362.21464409099735
0.0, 756.1453821885932
0.0, 756.1453821885932
7831.752421937526, 115665.46722397237
1463.1803451275787, 6368.572076809947
0.0, 1463.1803451275787
1191.398533668285, 271.78181145929375
1119.7374021911849, 71.66113147710007
0.0, 1119.7374021911849
1073.5175927470907, 46.21980944409415
0.0, 1073.5175927470907
444.1908464795122, 629.3267462675785
0.0, 444.1908464795122
0.0, 444.1908464795122
1122.1675612562792, 69.23097241200571
0.0, 1122.1675612562792
1117.7713311988252, 4.396230057453977
15.2189982063612, 1102.552332992464
0.0, 15.2189982063612
0.0, 15.2189982063612
1058.699929761336, 59.07140143748916
1024.6536458996545, 34.04628386168156
0.0, 1024.6536458996545
633.8053921890092, 390.8482537106453
0.0, 633.8053921890092
442.84585928624773, 190.9595329027615
0.0, 442.84585928624773
0.0, 442.84585928624773
1051.246977713342, 7.452952047994131
0.0, 1051.246977713342
1033.0434319507822, 18.20354576255977
0.0, 1033.0434319507822
1032.6968714304335, 0.346560520348703
0.0, 1032.6968714304335
0.0, 1032.6968714304335
2230.759361094326, 5600.9930608432005
0.0, 2230.759361094326
1014.2999496743448, 1216.459411419981
0.0, 1014.2999496743448
525.2621285996165, 489.0378210747283
0.0, 525.2621285996165
0.0, 525.2621285996165
