Node, generations
Node 1805, 15830.039722663607
Node 264, 292.95480121113513
Node 260, 282.1854970053686
Node 207, 207.95371318507594
Node 153, 142.65448369244208
Node 104, 114.33127264528834
Node 1089, 6325.629455659844
Node 1023, 5658.189219213251
Node 154, 143.48417809654646
Node 870, 4383.983364905057
Node 283, 337.4024773629081
Node 183, 169.7492864553927
Node 159, 144.47851065287074
Node 621, 2678.0845314657627
Node 490, 1853.8560172308585
Node 229, 242.56307077634102
Node 161, 147.18973644205113
Node 106, 115.27388337651917
Node 338, 922.5635615005756
Node 273, 313.7256002103964
Node 238, 251.67607327182418
Node 209, 212.53948212476135
Node 61, 103.34787571883749
Node 265, 293.67511728782665
Node 141, 130.49894838769006
Node 42, 72.25943351449507
Node 204, 191.7532262584523
Node 306, 589.3055532513334
Node 166, 151.34075213679225
Node 101, 113.94378241510846
Node 55, 101.91900294721925
Node 170, 152.47177608851405
Node 127, 126.17317079881144
Node 40, 8.820599245157117
Node 569, 2365.652756421947
Node 149, 137.8630437710473
Node 148, 136.32105928419193
Node 120, 121.50094448500211
Node 234, 245.39340475970485
