Node, generations
Node 1013, 20471.468881040353
Node 470, 1456.5662681506717
Node 724, 7335.822240696501
Node 579, 2080.7276041536898
Node 468, 1448.19693295098
Node 451, 1376.8608927249727
Node 134, 1004.3857594043404
Node 74, 753.1475178551527
Node 515, 1644.2346007524227
Node 340, 1090.5596790813545
Node 329, 1079.0141125460502
Node 315, 1069.3627006137697
Node 609, 2326.400812117512
Node 387, 1169.8450025550821
Node 27, 204.43792984423132
Node 22, 98.48948114468749
Node 205, 1017.9593651797536
Node 440, 1341.411637753657
Node 383, 1160.8550136261606
