Node, generations
Node 2231, 15362.160793897792
Node 1274, 5290.44403702568
Node 493, 846.3600623327183
Node 423, 332.7413287805309
Node 292, 163.39282262098766
Node 204, 124.04451758406445
Node 257, 149.08457241194992
Node 349, 211.55600693352076
Node 98, 102.39133555519948
Node 136, 109.68303785593908
Node 100, 102.69000893855518
Node 436, 372.8686252521318
Node 319, 181.1546636796698
Node 133, 109.00074246501455
Node 374, 242.96890697258658
Node 366, 232.5678782975226
Node 340, 198.63819121783504
Node 1203, 4748.940105867005
Node 254, 147.647777749776
Node 212, 127.23531511273943
Node 70, 83.2500434788872
Node 241, 139.81361119294039
Node 88, 100.99915107639544
Node 1170, 4594.958997825198
Node 427, 338.24114181386716
Node 140, 110.27893090372244
Node 765, 2251.5768303500713
Node 400, 281.6100600421544
Node 291, 163.13786399321185
Node 143, 110.56245455552262
Node 145, 111.27381625243459
Node 362, 223.8439678434223
Node 205, 124.20813228744657
Node 149, 111.83840147166585
Node 91, 101.3974293565994
Node 69, 83.19126758998719
Node 176, 116.84643901254525
Node 2209, 15004.381891898189
Node 452, 531.287709030799
Node 249, 144.9252004431894
Node 1046, 3861.457690815122
Node 594, 1390.3314635441684
Node 419, 317.5269971397645
Node 225, 134.10441150549642
Node 416, 309.36367179783645
Node 118, 105.82863992676461
Node 391, 272.5076382323623
Node 312, 174.94277992900186
Node 295, 163.77116505814004
Node 302, 167.73299900422336
Node 226, 134.6413748853763
Node 127, 108.33157919432924
Node 71, 88.62505726315237
Node 60, 29.82632805865159
Node 351, 211.646360068976
Node 341, 199.24552635966754
Node 310, 174.11411336607148
Node 619, 1600.0167058140757
Node 459, 599.6074280709238
