node_generations, branch_length
2839.5840280567295, 55588.18450133
302.89825020203716, 2536.6857778546923
0.0, 302.89825020203716
0.0, 302.89825020203716
422.7106255413831, 2416.8734025153462
0.0, 422.7106255413831
377.74899607976334, 44.96162946161974
0.0, 377.74899607976334
359.7901828397642, 17.95881323999913
240.5419178838111, 119.24826495595312
0.0, 240.5419178838111
201.0992076553644, 39.442710228446686
0.0, 201.0992076553644
0.0, 201.0992076553644
251.1334657643687, 108.6567170753955
0.0, 251.1334657643687
0.0, 251.1334657643687
6106.7918509994, 52320.97667838733
360.55269618305, 5746.23915481635
0.0, 360.55269618305
278.0603205137118, 82.49237566933817
0.0, 278.0603205137118
235.84094314780148, 42.21937736591033
0.0, 235.84094314780148
221.2641719077098, 14.576771240091688
0.0, 221.2641719077098
0.0, 221.2641719077098
1347.5114699132291, 4759.280381086171
232.4767193063446, 1115.0347506068845
0.0, 232.4767193063446
0.0, 232.4767193063446
662.347370756157, 685.1640991570721
287.36885777222784, 374.9785129839292
0.0, 287.36885777222784
0.0, 287.36885777222784
590.873304957733, 71.47406579842402
0.0, 590.873304957733
0.0, 590.873304957733
