node_generations, branch_length
1297.48024701407, 1354.7146706080478
1082.8665876867146, 214.61365932735544
0.0, 1082.8665876867146
1075.8744977957901, 6.99208989092449
0.0, 1075.8744977957901
1030.7236105497166, 45.15088724607358
0.0, 1030.7236105497166
0.0, 1030.7236105497166
1217.926577357963, 79.5536696561071
732.2240760853903, 485.7025012725727
0.0, 732.2240760853903
597.6015256545915, 134.6225504307988
0.0, 597.6015256545915
0.0, 597.6015256545915
1035.0988080610348, 182.82776929692818
0.0, 1035.0988080610348
1028.8784644970144, 6.220343564020368
0.0, 1028.8784644970144
0.0, 1028.8784644970144
1709.6870018244813, 942.5079157976365
1200.2219593729885, 509.46504245149276
1038.6348971394575, 161.58706223353101
0.0, 1038.6348971394575
1008.5788190461212, 30.056078093336282
0.0, 1008.5788190461212
0.0, 1008.5788190461212
1131.3377807734796, 68.88417859950891
0.0, 1131.3377807734796
1044.910930258279, 86.42685051520061
0.0, 1044.910930258279
1023.3408186626089, 21.57011159567014
0.0, 1023.3408186626089
0.0, 1023.3408186626089
1584.0024830387947, 125.68451878568658
1199.94910439554, 384.05337864325475
1022.9858204559451, 176.96328393959482
0.0, 1022.9858204559451
0.0, 1022.9858204559451
1147.1604420042413, 52.78866239129866
1040.1471238644158, 107.01331813982551
0.0, 1040.1471238644158
1018.0329553403378, 22.114168524077968
0.0, 1018.0329553403378
0.0, 1018.0329553403378
1090.5400756172448, 56.620366386996466
0.0, 1090.5400756172448
1067.3257899601206, 23.214285657124265
0.0, 1067.3257899601206
523.3037497747671, 544.0220401853535
0.0, 523.3037497747671
0.0, 523.3037497747671
1547.069461441059, 36.93302159773566
0.0, 1547.069461441059
1415.005618936757, 132.0638425043021
1124.4906708789101, 290.5149480578468
0.0, 1124.4906708789101
1017.518449951496, 106.97222092741413
0.0, 1017.518449951496
364.291529826658, 653.226920124838
0.0, 364.291529826658
0.0, 364.291529826658
1270.8197612604247, 144.18585767633226
1010.098973832801, 260.7207874276237
0.0, 1010.098973832801
258.8403038799503, 751.2586699528507
0.0, 258.8403038799503
0.0, 258.8403038799503
1167.5982249588606, 103.22153630156413
0.0, 1167.5982249588606
1135.159161928033, 32.43906303082758
1077.026915950402, 58.13224597763087
0.0, 1077.026915950402
0.0, 1077.026915950402
1123.3871917031368, 11.771970224896222
0.0, 1123.3871917031368
1026.7594803757054, 96.62771132743137
0.0, 1026.7594803757054
0.0, 1026.7594803757054
