Node, generations
Node 821, 13863.487493542736
Node 472, 1650.521103325578
Node 240, 1033.547367734853
Node 21, 46.90414891683269
Node 647, 6174.5241703106685
Node 455, 1543.36590109623
Node 289, 1064.9117571174456
Node 152, 1010.6356599857187
Node 374, 1210.06580883308
Node 348, 1159.3147400672358
Node 300, 1073.5606282702201
Node 226, 1029.0746256768207
Node 184, 1017.4523928315706
Node 278, 1057.2179365898367
Node 270, 1053.1175751194537
Node 20, 23.284015275532994
Node 43, 524.2863400617625
Node 477, 1681.8042359251958
Node 383, 1248.1221901359904
