Node, generations
Node 2517, 15691.946883539158
Node 1851, 1587.17832901775
Node 1800, 1414.3125345751034
Node 1619, 1107.1989045329697
Node 1166, 1006.5674346838316
Node 89, 83.49411127009914
Node 1848, 1573.5833857453908
Node 1727, 1247.7541520076616
Node 1625, 1112.4375527311374
Node 1566, 1070.6676103030093
Node 485, 589.3368892440174
Node 1539, 1059.6073439751126
Node 1400, 1024.6898277808418
Node 1726, 1243.692562738967
Node 1574, 1073.6100856787298
Node 196, 315.05264131770736
Node 1758, 1315.855152333108
Node 1741, 1280.4913011559038
Node 109, 138.11287179545926
Node 499, 600.4266557767232
Node 1751, 1300.2670580302997
Node 1523, 1051.8499657876102
Node 1506, 1046.4847350017556
Node 1408, 1026.418243572199
Node 1601, 1095.3491069864913
Node 895, 972.4909406517332
Node 2355, 12352.242238046774
Node 1829, 1505.6394368751874
Node 1695, 1190.0039637962354
Node 1350, 1017.9609770770788
Node 1622, 1107.880012681811
Node 725, 824.5269646142544
Node 84, 50.11157637485553
Node 1524, 1053.5402509578514
Node 1967, 4044.6569043387776
Node 1821, 1472.8211393987008
Node 1571, 1072.5042650300777
Node 1267, 1011.7545956252492
Node 705, 801.9226789234069
Node 185, 299.4993548458976
Node 97, 98.4589281158605
Node 1797, 1411.8644495910646
Node 1328, 1015.5325153624943
Node 844, 929.0079928469391
Node 144, 231.45337545812382
Node 101, 112.28340261359091
Node 105, 133.23014572595804
Node 170, 276.2429765699455
Node 1737, 1266.3693405710485
Node 1599, 1093.7981253696007
Node 1548, 1064.188506250951
Node 1474, 1038.7240281848212
Node 494, 595.1769631513457
Node 214, 332.0172955715093
Node 1511, 1047.7705135469246
Node 165, 264.7687157868512
Node 138, 220.76874246399473
Node 1481, 1042.0158895903983
Node 1694, 1189.4959796484654
Node 1612, 1100.1859633919548
Node 130, 200.00471336947376
Node 1565, 1070.4835317006366
Node 1502, 1045.6438215238434
Node 320, 445.1075821014071
Node 173, 278.9158867734964
Node 174, 285.77674181787455
Node 1562, 1068.55567789031
Node 1513, 1048.3296866223823
Node 1558, 1067.1097071471913
Node 1519, 1050.5388916926934
Node 254, 372.53791135850383
Node 1508, 1047.2086154849019
Node 892, 969.337767748097
Node 482, 587.295680363121
Node 218, 341.1990765760198
Node 352, 465.8642926915653
Node 1106, 1004.2448955420208
Node 1546, 1062.7212373584644
Node 184, 298.11735048137166
