Node, generations
Node 1563, 14101.067626033202
Node 427, 2358.0214618534333
Node 123, 277.3951907384619
Node 60, 215.53393866067742
Node 347, 1801.8940595103234
Node 171, 359.681508837343
Node 97, 250.24674236226844
Node 205, 687.7011032097777
Node 193, 505.7420174946577
Node 165, 345.75827544233965
Node 158, 335.60155181553813
Node 130, 291.61228502239766
Node 50, 210.6926134290959
Node 147, 318.5734416181512
Node 120, 273.1109999320781
Node 809, 5308.639796960481
Node 175, 369.13637423134867
Node 98, 251.25647447103646
Node 132, 293.8960362008013
