Node, generations
Node 781, 16944.786033013672
Node 374, 1836.4083016313223
Node 268, 887.0793554983852
Node 73, 231.5617259911062
Node 229, 661.7557256023816
Node 166, 417.04021362273204
Node 165, 414.8611289594346
Node 198, 533.7531161351853
Node 195, 524.0206102626606
Node 313, 1176.8744050224786
Node 183, 475.97481864341006
Node 151, 385.44230022152334
Node 150, 382.08424289844515
Node 108, 281.4911368028932
Node 249, 781.1807852126354
Node 96, 263.1610650323537
Node 64, 224.38112945729924
Node 42, 210.0241383576752
Node 92, 254.13577274608474
