Node, generations
Node 2826, 34002.137629200086
Node 897, 3283.103487593693
Node 2101, 15703.708465535638
Node 970, 3747.9504220715153
Node 256, 281.0015310450543
Node 40, 0.4417659956942438
Node 181, 230.10641821385607
Node 467, 1174.4611124215949
Node 308, 336.6530064013498
Node 306, 334.8986803441412
Node 195, 237.5309680966063
Node 273, 293.78028546278745
Node 317, 348.25295276976055
Node 1930, 13220.771463072486
Node 1258, 5695.955344646071
Node 695, 2253.822151914819
Node 223, 259.6029274811806
Node 242, 270.28431959684104
Node 150, 221.2695527967681
Node 81, 204.33169758569315
Node 1094, 4501.004991088938
Node 310, 338.8211055485727
Node 153, 221.98644474953332
Node 138, 217.67737311457893
Node 286, 309.58705983491615
Node 266, 289.1577412036464
Node 140, 217.96539203570728
Node 135, 216.52978140138384
Node 1036, 4166.09985988624
Node 309, 337.55070356657626
Node 98, 208.22374874503146
Node 997, 3937.289556139954
Node 537, 1504.4014569811848
Node 235, 266.8832890217974
Node 166, 226.65930551661586
Node 124, 213.84202765209292
Node 178, 229.74677535247946
Node 870, 3096.9807848274913
Node 183, 231.0068547802875
