Node, generations
Node 2677, 42857.04854227438
Node 432, 2340.426593722104
Node 132, 422.65177454956034
Node 1888, 19339.0633737414
Node 846, 5277.600135946282
Node 409, 2197.0898961045873
Node 24, 103.85192740365409
Node 57, 140.98697218178265
Node 1571, 14185.965958013356
Node 593, 3385.7710901503056
Node 45, 123.88574122842013
Node 120, 309.73382067110833
Node 1475, 12605.804576152932
Node 21, 100.03125407136459
Node 858, 5340.182175642932
Node 184, 775.3060035084706
Node 39, 120.20159713732178
Node 85, 185.1080330708979
Node 50, 133.6448181381697
