Node, generations
Node 1127, 10385.981507530265
Node 925, 4133.131962827037
Node 232, 152.450544563933
Node 67, 4.69134559599477
Node 208, 118.58540048079135
Node 158, 75.99975356475582
Node 80, 14.138040453369527
Node 718, 2294.7023015456775
Node 421, 1003.2455486795233
Node 216, 130.0552454233934
Node 324, 563.2580855227973
Node 300, 396.28672703778125
Node 247, 174.66310551727435
Node 628, 1996.148051598076
Node 136, 61.198668264928955
Node 64, 2.8745129235427718
Node 60, 0.43308468725630755
Node 125, 47.407903914858885
Node 94, 26.32190885831333
Node 82, 19.55153139213964
Node 303, 426.5856447648916
Node 235, 159.39971007585052
Node 202, 111.40183927206462
Node 72, 8.370672994776841
Node 68, 6.843362467793424
Node 151, 72.82626135508956
Node 118, 42.01047186347831
Node 1102, 9314.574689286574
Node 197, 105.25369279832852
Node 96, 29.33335970556229
Node 121, 43.7508309391603
Node 86, 22.668852763797172
Node 937, 4356.857288870794
Node 90, 24.18563532357936
Node 66, 3.1570528403208673
Node 835, 2975.5691737261864
Node 220, 133.40461326543144
Node 63, 2.1007380792134622
Node 213, 124.27725819018394
Node 116, 41.201372906223334
Node 71, 7.631657726837896
Node 62, 1.36850902080897
Node 167, 82.23396458698899
Node 161, 77.27983919814699
Node 104, 33.96524211499443
Node 750, 2440.2322663863074
Node 714, 2289.5045844089086
Node 214, 129.37081247718623
Node 73, 8.535564007834239
Node 333, 616.539125160862
Node 160, 77.2436363351887
Node 231, 150.93281204273976
Node 112, 39.3146809165454
Node 176, 87.69542376733942
Node 61, 0.6438539206073728
Node 147, 66.34037335171162
Node 134, 57.10720320165201
Node 103, 33.73290209659667
Node 75, 9.779380063736916
