Node, generations
Node 2305, 33739.46336723693
Node 1369, 1649.0286170908028
Node 1325, 1378.152052912705
Node 1261, 1207.5813216592007
Node 1297, 1301.9864080662599
Node 174, 402.4489489769187
Node 1342, 1475.8292870425707
Node 1228, 1164.9684010375622
Node 956, 1028.3754032846693
Node 1188, 1126.6145813605674
Node 639, 1001.5956903827201
Node 1148, 1100.6933449178114
Node 920, 1021.463707965894
Node 852, 1012.8723898058752
Node 766, 1007.6709529426543
Node 1114, 1077.952210028978
Node 1320, 1362.6799765718931
Node 1099, 1067.6028161928891
Node 1090, 1063.9974289046788
Node 196, 458.34046196210244
Node 813, 1010.1200487419624
Node 150, 355.5349030144398
Node 597, 1000.4275110206052
Node 246, 545.7129437552003
Node 530, 950.3508190198843
Node 1247, 1178.8931869074352
Node 525, 946.1432171111958
Node 207, 480.56242477139057
Node 102, 221.01161797415455
Node 1212, 1149.2508398329103
Node 1055, 1053.401213326992
Node 92, 190.74307646711378
Node 1118, 1084.9582958648055
Node 537, 962.4074588516772
Node 165, 384.8378553299416
Node 226, 505.18560216250637
Node 1469, 2618.334348181457
Node 1313, 1350.7052205853324
Node 1257, 1200.320354214284
Node 141, 339.7788629772932
Node 489, 901.1430354035703
Node 1315, 1352.7329762133177
Node 1181, 1121.8419536009176
Node 1110, 1074.8868886320165
Node 814, 1010.3209720870591
Node 1086, 1062.8313007005802
Node 971, 1030.5560945306922
Node 656, 1002.1937994865365
Node 984, 1032.674527824713
Node 818, 1010.489106638687
Node 1137, 1094.8631701615266
Node 1085, 1062.377181837613
Node 329, 694.6269879245596
Node 203, 474.04101840613794
Node 1291, 1280.5422005975458
Node 557, 979.2196110310457
Node 62, 28.71964547803093
Node 1168, 1109.6753246885194
Node 1143, 1097.5879344476941
