node_generations, branch_length
2404.5448374804105, 3586.7771820645826
1009.6833573297922, 1394.8614801506183
0.0, 1009.6833573297922
0.0, 1009.6833573297922
1444.2665927086196, 960.2782447717909
1249.6485349956724, 194.61805771294712
0.0, 1249.6485349956724
1048.9984444910906, 200.65009050458184
0.0, 1048.9984444910906
0.0, 1048.9984444910906
1271.5507127108365, 172.71587999778308
0.0, 1271.5507127108365
1198.9262674243785, 72.62444528645801
0.0, 1198.9262674243785
1078.523284335936, 120.4029830884424
0.0, 1078.523284335936
0.0, 1078.523284335936
4064.2035294926177, 1927.1184900523754
1116.8609934727992, 2947.3425360198185
0.0, 1116.8609934727992
1025.356326264137, 91.50466720866234
0.0, 1025.356326264137
0.0, 1025.356326264137
1342.1240106032442, 2722.0795188893735
1002.4062495522285, 339.7177610510157
0.0, 1002.4062495522285
0.0, 1002.4062495522285
1273.318507884158, 68.80550271908623
1081.2316510056128, 192.08685687854518
0.0, 1081.2316510056128
0.0, 1081.2316510056128
1270.9698435753921, 2.3486643087658194
1034.1840174498295, 236.7858261255626
0.0, 1034.1840174498295
0.0, 1034.1840174498295
1135.2213924285584, 135.74845114683376
0.0, 1135.2213924285584
0.0, 1135.2213924285584
