node_generations, branch_length
951.350791166992, 12348.952266743576
920.6432070936488, 30.70758407334324
513.9817929990395, 406.6614140946093
258.8433721256487, 255.13842087339077
0.0, 258.8433721256487
0.0, 258.8433721256487
382.75365180184235, 131.22814119719715
288.6850200290286, 94.06863177281377
0.0, 288.6850200290286
218.85734888558247, 69.82767114344611
0.0, 218.85734888558247
0.0, 218.85734888558247
296.2117836062906, 86.54186819555173
0.0, 296.2117836062906
0.0, 296.2117836062906
761.6429926749984, 159.00021441865044
0.0, 761.6429926749984
545.6393227352121, 216.00366993978628
0.0, 545.6393227352121
0.0, 545.6393227352121
924.5833720588864, 26.767419108105628
486.56640589354225, 438.0169661653442
0.0, 486.56640589354225
0.0, 486.56640589354225
740.7493096721167, 183.8340623867697
0.0, 740.7493096721167
255.4515819169719, 485.2977277551448
0.0, 255.4515819169719
0.0, 255.4515819169719
1267.4225255029394, 12032.880532407627
440.44280991293857, 826.9797155900008
0.0, 440.44280991293857
0.0, 440.44280991293857
778.587667362717, 488.8348581402224
0.0, 778.587667362717
345.09508112908145, 433.4925862336355
0.0, 345.09508112908145
0.0, 345.09508112908145
