Node, generations
Node 2160, 30940.188961226217
Node 1965, 25078.890393414033
Node 145, 328.0219136859998
Node 1208, 10175.92099550154
Node 105, 237.61294619050577
Node 56, 146.8609654990182
Node 61, 154.1604897360206
Node 992, 7800.155218966203
Node 59, 149.52004904868508
Node 824, 6067.932921420123
Node 136, 297.26142159181234
Node 92, 207.20001589468703
Node 95, 210.45357363338567
Node 88, 202.20473149575068
Node 597, 4094.674720501279
Node 33, 112.86923282724858
Node 29, 109.76529654278507
Node 573, 3827.6714621968877
Node 328, 2043.9231854485536
