Node, generations
Node 2389, 24995.0282440859
Node 1098, 1077.460125941382
Node 2067, 15432.879065753956
Node 1226, 1164.3382257853857
Node 1221, 1160.682907071657
Node 1143, 1093.6146769329412
Node 1034, 1047.929952472825
Node 975, 1032.7202724233255
Node 841, 1013.8296285373997
Node 1081, 1069.1471580662019
Node 252, 542.0394452579785
Node 856, 1015.7944251013449
Node 1215, 1154.556663610797
Node 263, 555.0185492619547
Node 113, 260.80620547279807
Node 1174, 1114.1398120650276
Node 950, 1028.2093013793558
Node 1428, 2122.5001457704398
Node 1036, 1048.1121673512794
Node 618, 1001.4505829605826
Node 985, 1034.7355490885805
Node 917, 1022.4759478454098
Node 904, 1020.5080553645647
Node 1423, 1999.2596405407303
Node 1204, 1143.3518038167383
Node 865, 1016.4468865000782
Node 147, 346.5615887598592
Node 487, 887.7777301174144
Node 1113, 1083.9581537273207
Node 1079, 1068.2887905940906
Node 602, 1001.1450159733708
Node 1394, 1805.2484019240544
Node 1223, 1161.9178113401367
Node 1088, 1072.5884502574515
Node 955, 1029.235000547649
Node 934, 1025.4001526625414
Node 436, 825.3529190663548
Node 87, 184.78755219789676
Node 1006, 1038.5886789745857
Node 901, 1020.365286379052
Node 1213, 1151.8485180409652
Node 393, 755.2094483227809
Node 674, 1003.0191070098614
Node 1372, 1671.6075836791204
Node 264, 556.3536090771066
Node 1328, 1435.6350395455122
Node 1114, 1084.6831231528545
Node 1057, 1060.7888892905266
Node 1292, 1307.1242452195863
Node 1266, 1244.2151650751175
Node 1197, 1131.7926677467112
Node 764, 1007.833402691429
Node 898, 1019.953101973312
Node 1211, 1150.5627695384162
Node 1078, 1067.540947762681
Node 537, 968.4050114069693
Node 1072, 1066.8399182379005
Node 1160, 1101.4185242873464
Node 92, 190.75681151739494
