Node, generations
Node 1887, 34163.7073291526
Node 1447, 2962.164721819605
Node 1217, 1179.2757635380026
Node 565, 967.3985187386315
Node 1115, 1074.2461666041788
Node 161, 355.2430835258501
Node 1386, 1975.1700829735378
Node 1316, 1466.156109170896
Node 1047, 1047.649462358325
Node 67, 84.63273283779125
Node 1653, 17487.40571728643
Node 1285, 1350.567138555141
Node 1172, 1126.1197018024548
Node 1218, 1179.7650823557447
Node 1091, 1064.8037848695622
Node 979, 1028.5401606701541
Node 125, 271.4723799608845
Node 1006, 1033.8814481051868
Node 941, 1023.3124900693839
Node 60, 17.556575152599198
Node 1136, 1090.5289579760615
Node 1433, 2742.909606781487
Node 990, 1030.3566337858417
Node 1422, 2544.3244741310436
Node 1380, 1865.7303260655347
Node 1027, 1041.068607728321
Node 88, 168.15457829735558
Node 544, 934.2887170613635
Node 398, 752.068811648001
Node 126, 277.13565187346103
Node 455, 846.7758763750328
Node 1321, 1501.4895840485253
Node 1198, 1145.9014751184473
Node 1177, 1129.249400329045
Node 1036, 1043.3913395844888
Node 999, 1032.406549450263
Node 547, 935.8920014763477
Node 1049, 1047.9340391798567
Node 82, 157.96309038583865
Node 959, 1024.8156544279232
Node 1280, 1336.5819816861951
Node 1165, 1116.2935583656174
Node 1063, 1052.6431682842629
Node 921, 1020.7216432629797
Node 1205, 1151.7880720902162
Node 1142, 1094.9707573788544
Node 962, 1025.3189508483495
Node 903, 1018.5285618276338
Node 292, 581.5178322423919
Node 890, 1016.4986536910175
Node 1168, 1124.24825423653
Node 1008, 1034.2307797642122
Node 305, 596.9881506437786
Node 61, 18.20043169541502
Node 811, 1009.2748830172204
Node 705, 1003.6178707786414
Node 119, 255.65837315096837
Node 174, 371.0919474965929
Node 69, 87.56238948622935
