node_generations, branch_length
815.4921340453698, 28158.125586141436
0.0, 815.4921340453698
663.6550950767725, 151.8370389685973
0.0, 663.6550950767725
594.360698953417, 69.29439612335545
0.0, 594.360698953417
584.1969129983698, 10.16378595504716
249.94318315625856, 334.2537298421113
0.0, 249.94318315625856
192.94727724325534, 56.99590591300321
0.0, 192.94727724325534
0.0, 192.94727724325534
571.5716877028552, 12.62522529551461
0.0, 571.5716877028552
237.4159474509384, 334.1557402519168
0.0, 237.4159474509384
235.13016164274168, 2.285785808196721
0.0, 235.13016164274168
210.09370949289027, 25.036452149851414
0.0, 210.09370949289027
0.0, 210.09370949289027
897.993626031784, 28075.62409415502
543.5732813888656, 354.4203446429184
415.1360660582978, 128.43721533056777
0.0, 415.1360660582978
251.67246099473527, 163.4636050635625
0.0, 251.67246099473527
242.51063418644384, 9.161826808291437
0.0, 242.51063418644384
0.0, 242.51063418644384
457.9960027807163, 85.57727860814924
264.69889119486595, 193.29711158585036
0.0, 264.69889119486595
0.0, 264.69889119486595
268.42788848933924, 189.56811429137707
0.0, 268.42788848933924
0.0, 268.42788848933924
894.4366516673388, 3.556974364445182
391.35076349024786, 503.0858881770909
231.23897870591938, 160.11178478432848
0.0, 231.23897870591938
226.10420829498705, 5.134770410932333
0.0, 226.10420829498705
0.0, 226.10420829498705
337.3763014000523, 53.97446209019557
0.0, 337.3763014000523
234.8742995557757, 102.50200184427658
0.0, 234.8742995557757
201.9661108087396, 32.90818874703612
0.0, 201.9661108087396
0.0, 201.9661108087396
610.862817985299, 283.5738336820398
329.39839872276855, 281.46441926253044
0.0, 329.39839872276855
226.6608200964091, 102.73757862635944
0.0, 226.6608200964091
0.0, 226.6608200964091
593.1563210502579, 17.70649693504106
297.17975691935425, 295.9765641309037
158.9522276725106, 138.22752924684366
0.0, 158.9522276725106
0.0, 158.9522276725106
261.64935392125574, 35.53040299809851
0.0, 261.64935392125574
254.74305591390836, 6.906298007347374
0.0, 254.74305591390836
220.29222474979795, 34.45083116411041
0.0, 220.29222474979795
205.7634450318041, 14.528779717993842
0.0, 205.7634450318041
189.1604896999356, 16.602955331868515
0.0, 189.1604896999356
0.0, 189.1604896999356
431.5671772506509, 161.58914379960703
0.0, 431.5671772506509
236.18266022062505, 195.38451703002585
0.0, 236.18266022062505
0.0, 236.18266022062505
