Node, generations
Node 1548, 11571.425108943187
Node 1265, 8444.392493065407
Node 72, 155.44864578825883
Node 28, 36.06397175311659
Node 54, 92.48291956518726
Node 584, 3641.8354676916206
Node 37, 57.05789876366047
Node 55, 101.40907003200147
Node 1418, 9846.811352262572
Node 1361, 9370.970640148767
Node 785, 4735.9263349794355
Node 378, 2678.978662637521
Node 47, 77.34443962941135
Node 1064, 6893.184044008392
Node 66, 129.04168455182952
Node 20, 6.85227472484167
Node 34, 51.78215030642669
Node 237, 2218.7658802378583
Node 24, 25.05875233996186
