Node, generations
Node 2361, 39691.604813716294
Node 1034, 1896.083355232231
Node 905, 1312.1573514071988
Node 872, 1250.8666683359436
Node 709, 1056.9557403146384
Node 600, 1025.9784472623544
Node 692, 1049.5198483301392
Node 573, 1021.2236727810077
Node 402, 1004.6587874637548
Node 466, 1008.5356052203106
Node 833, 1178.057728777164
Node 637, 1034.9201008683244
Node 824, 1160.024096619094
Node 213, 758.9540902613417
Node 1463, 10721.001806533493
Node 870, 1247.6867272338145
Node 710, 1059.447649491443
Node 511, 1012.9153433477319
Node 1015, 1745.9938986453449
Node 829, 1174.453005212925
Node 971, 1541.2319636199375
Node 937, 1404.6866332680174
Node 597, 1025.0942214725176
Node 532, 1015.9320733191732
Node 916, 1336.898013068968
Node 610, 1027.301241941222
Node 897, 1296.4708395358848
Node 645, 1036.8164697628188
Node 419, 1005.5604938600206
Node 621, 1030.9537918707756
Node 40, 19.817768261112338
Node 806, 1138.1372072326803
Node 702, 1054.6834727780044
Node 662, 1041.8958460387169
Node 758, 1089.9539041847838
Node 300, 952.585214385225
Node 649, 1038.6563312292653
Node 299, 949.2712237113059
Node 188, 713.0509232380796
