node_generations, branch_length
5289.070919194595, 52567.901206203846
220.65624331054676, 5068.414675884049
0.0, 220.65624331054676
216.13092681342934, 4.525316497117416
0.0, 216.13092681342934
0.0, 216.13092681342934
1586.2830940540025, 3702.7878251405928
417.5535455781228, 1168.7295484758797
0.0, 417.5535455781228
0.0, 417.5535455781228
1137.545447520544, 448.7376465334585
0.0, 1137.545447520544
538.0164406232027, 599.5290068973413
0.0, 538.0164406232027
281.1324172495161, 256.8840233736866
0.0, 281.1324172495161
279.2205627846954, 1.911854464820692
0.0, 279.2205627846954
259.6263713166572, 19.59419146803822
0.0, 259.6263713166572
216.603587769311, 43.022783547346194
0.0, 216.603587769311
0.0, 216.603587769311
45394.991447551736, 12461.980677846703
0.0, 45394.991447551736
9072.443013357786, 36322.54843419395
221.95426921813132, 8850.488744139655
0.0, 221.95426921813132
0.0, 221.95426921813132
7764.7565567831325, 1307.6864565746537
289.55738979840856, 7475.199166984724
0.0, 289.55738979840856
0.0, 289.55738979840856
364.55237584512366, 7400.204180938009
0.0, 364.55237584512366
297.69866495465897, 66.8537108904647
0.0, 297.69866495465897
0.0, 297.69866495465897
