node_generations, branch_length
1290.9088440490978, 22255.264181463564
0.0, 1290.9088440490978
0.0, 1290.9088440490978
1306.4055931556438, 22239.76743235702
1109.2357726899158, 197.16982046572798
0.0, 1109.2357726899158
672.5915600409016, 436.6442126490142
0.0, 672.5915600409016
552.9284773293423, 119.66308271155935
0.0, 552.9284773293423
0.0, 552.9284773293423
1224.8646093835462, 81.54098377209766
832.8153962323133, 392.04921315123283
0.0, 832.8153962323133
530.1990181032015, 302.6163781291118
0.0, 530.1990181032015
504.2209112554797, 25.978106847721847
0.0, 504.2209112554797
0.0, 504.2209112554797
1140.9686460138025, 83.89596336974364
985.8002825609387, 155.1683634528638
521.4270237337429, 464.37325882719585
0.0, 521.4270237337429
0.0, 521.4270237337429
638.4724397021059, 347.3278428588328
0.0, 638.4724397021059
0.0, 638.4724397021059
1094.2557508318694, 46.71289518193316
703.6555086647745, 390.60024216709485
521.5339527769378, 182.12155588783673
0.0, 521.5339527769378
0.0, 521.5339527769378
553.8857039905496, 149.76980467422493
0.0, 553.8857039905496
0.0, 553.8857039905496
1015.3767926710781, 78.87895816079129
0.0, 1015.3767926710781
0.0, 1015.3767926710781
