node_generations, branch_length
1560.603229470309, 33065.59972091168
1184.9313651361233, 375.6718643341858
0.0, 1184.9313651361233
1088.0766095093038, 96.8547556268195
0.0, 1088.0766095093038
0.0, 1088.0766095093038
1333.9796006775962, 226.6236287927129
0.0, 1333.9796006775962
0.0, 1333.9796006775962
3745.1458504418283, 30881.057099940164
1705.2756848481138, 2039.8701655937145
1080.9163765012865, 624.3593083468272
0.0, 1080.9163765012865
0.0, 1080.9163765012865
1565.7822331916327, 139.49345165648106
1087.1649256205271, 478.6173075711056
0.0, 1087.1649256205271
648.7671863577581, 438.39773926276905
0.0, 648.7671863577581
0.0, 648.7671863577581
1325.0541800021056, 240.72805318952715
0.0, 1325.0541800021056
1205.1711036034562, 119.88307639864934
1028.7291504160146, 176.44195318744164
0.0, 1028.7291504160146
0.0, 1028.7291504160146
1111.2596105751184, 93.91149302833787
1024.7127293559402, 86.5468812191782
0.0, 1024.7127293559402
114.87071501954927, 909.8420143363909
0.0, 114.87071501954927
0.0, 114.87071501954927
1031.6800839842258, 79.57952659089256
0.0, 1031.6800839842258
0.0, 1031.6800839842258
3070.9716557653164, 674.1741946765119
1449.4913656539115, 1621.4802901114049
0.0, 1449.4913656539115
1009.168565801878, 440.32279985203354
0.0, 1009.168565801878
83.89594774960311, 925.2726180522749
0.0, 83.89594774960311
0.0, 83.89594774960311
2312.0055802827496, 758.9660754825668
0.0, 2312.0055802827496
1848.2643661388681, 463.7412141438815
1166.506768788592, 681.7575973502762
0.0, 1166.506768788592
223.8352702678398, 942.671498520752
0.0, 223.8352702678398
0.0, 223.8352702678398
1363.9418754468402, 484.32249069202794
1306.0103110687264, 57.93156437811376
0.0, 1306.0103110687264
0.0, 1306.0103110687264
1315.8113517915576, 48.13052365528256
1119.4804199465946, 196.33093184496306
0.0, 1119.4804199465946
761.1361441522108, 358.34427579438375
0.0, 761.1361441522108
0.0, 761.1361441522108
1278.6340556837283, 37.17729610782931
0.0, 1278.6340556837283
1165.9833251658329, 112.65073051789545
1047.7239506404596, 118.25937452537323
0.0, 1047.7239506404596
1044.808071682823, 2.9158789576365507
0.0, 1044.808071682823
0.0, 1044.808071682823
1128.419366764322, 37.563958401510945
1037.198112951583, 91.22125381273895
0.0, 1037.198112951583
0.0, 1037.198112951583
1051.634053355708, 76.785313408614
0.0, 1051.634053355708
1021.0676370617175, 30.566416293990414
0.0, 1021.0676370617175
0.0, 1021.0676370617175
