Node, generations
Node 1517, 29798.953272850333
Node 621, 2153.9286944851824
Node 465, 2027.7853577916835
Node 589, 2102.3984260854236
Node 549, 2069.5031184760687
Node 853, 3388.187719201258
Node 783, 2611.692930101447
Node 688, 2272.4168580940495
Node 672, 2244.9824009781737
Node 616, 2142.0725281883065
Node 21, 74.5490983327248
Node 488, 2034.9673251571026
Node 22, 108.28329606529803
Node 696, 2308.5637747853366
Node 608, 2135.510784278555
Node 808, 2861.629454627105
Node 309, 2001.9241234988465
Node 29, 299.5511411437216
Node 48, 600.7528580492886
