node_generations, branch_length
1140.8831736481047, 31064.525446772015
1005.9537390898249, 134.9294345582798
0.0, 1005.9537390898249
0.0, 1005.9537390898249
1047.3561701273713, 93.52700352073339
0.0, 1047.3561701273713
1001.5619368728178, 45.794233254553546
0.0, 1001.5619368728178
0.0, 1001.5619368728178
18396.23805065037, 13809.17056976975
1326.3285126821381, 17069.90953796823
0.0, 1326.3285126821381
1009.3678850504463, 316.96062763169186
0.0, 1009.3678850504463
0.0, 1009.3678850504463
2407.5512204385113, 15988.686830211856
1270.5369425802048, 1137.0142778583065
0.0, 1270.5369425802048
0.0, 1270.5369425802048
2371.20795126928, 36.34326916923146
1178.2646826843438, 1192.943268584936
1164.1675171730656, 14.097165511278263
0.0, 1164.1675171730656
0.0, 1164.1675171730656
1165.2431694562176, 13.021513228126196
0.0, 1165.2431694562176
1081.5971258791349, 83.64604357708276
0.0, 1081.5971258791349
0.0, 1081.5971258791349
2237.8867539305843, 133.32119733869558
280.7729905459151, 1957.1137633846693
0.0, 280.7729905459151
0.0, 280.7729905459151
1101.6437713064327, 1136.2429826241516
0.0, 1101.6437713064327
1090.3807555311155, 11.263015775317172
0.0, 1090.3807555311155
0.0, 1090.3807555311155
