node_generations, branch_length
4567.002283649352, 85659.89877051074
0.0, 4567.002283649352
185.49232390563984, 4381.509959743712
145.0677356744998, 40.424588231140035
0.0, 145.0677356744998
0.0, 145.0677356744998
153.76617803313638, 31.72614587250345
105.73292049425737, 48.03325753887901
0.0, 105.73292049425737
0.0, 105.73292049425737
117.02170971639666, 36.74446831673973
0.0, 117.02170971639666
0.0, 117.02170971639666
18160.08701442318, 72066.8140397369
3184.231224393352, 14975.85579002983
591.2252530983808, 2593.0059712949715
0.0, 591.2252530983808
394.9830745677624, 196.2421785306184
0.0, 394.9830745677624
0.0, 394.9830745677624
2026.803428076235, 1157.427796317117
270.8180802140445, 1755.9853478621903
145.62252394766, 125.19555626638453
0.0, 145.62252394766
0.0, 145.62252394766
185.8026452664187, 85.01543494762583
0.0, 185.8026452664187
0.0, 185.8026452664187
482.98584952024595, 1543.817578555989
101.00920926428819, 381.97664025595776
0.0, 101.00920926428819
0.0, 101.00920926428819
173.85081448714004, 309.1350350331059
130.6242810426103, 43.226533444529736
0.0, 130.6242810426103
129.99063057364432, 0.6336504689659819
0.0, 129.99063057364432
0.0, 129.99063057364432
155.29538902394214, 18.555425463197906
0.0, 155.29538902394214
101.84129269445636, 53.45409632948578
0.0, 101.84129269445636
0.0, 101.84129269445636
14986.023158842076, 3174.0638555811056
5068.8983485578565, 9917.124810284218
1308.2573201536088, 3760.6410284042477
0.0, 1308.2573201536088
965.8572037923825, 342.4001163612263
129.7495422026861, 836.1076615896964
0.0, 129.7495422026861
0.0, 129.7495422026861
132.977641402349, 832.8795623900335
0.0, 132.977641402349
0.0, 132.977641402349
1882.4950210890765, 3186.40332746878
0.0, 1882.4950210890765
0.0, 1882.4950210890765
5109.006547676049, 9877.016611166026
1827.4553457662987, 3281.5512019097505
336.6684536592163, 1490.7868921070824
0.0, 336.6684536592163
0.0, 336.6684536592163
1023.1284269785217, 804.326918787777
0.0, 1023.1284269785217
167.58761652252682, 855.5408104559949
0.0, 167.58761652252682
144.15843796693747, 23.429178555589345
0.0, 144.15843796693747
133.62009181832778, 10.53834614860969
0.0, 133.62009181832778
0.0, 133.62009181832778
3740.048746271378, 1368.957801404671
0.0, 3740.048746271378
2201.010895695008, 1539.0378505763701
0.0, 2201.010895695008
134.7906920309778, 2066.22020366403
0.0, 134.7906920309778
0.0, 134.7906920309778
