Node, generations
Node 2477, 26977.86127603611
Node 1814, 1537.9241706321432
Node 1724, 1317.0498167826092
Node 1584, 1107.6598979661737
Node 1005, 1002.3552787722001
Node 1579, 1102.4467436852256
Node 152, 208.94854771181045
Node 1476, 1050.4039825195446
Node 1463, 1045.107598998712
Node 141, 193.66863617853173
Node 1126, 1005.5359525001509
Node 1756, 1371.8924246544007
Node 1685, 1227.6440242441754
Node 892, 989.6130780710216
Node 1371, 1027.8680650476633
Node 1737, 1338.4507963199505
Node 1428, 1037.8969786338648
Node 1381, 1029.0699447713112
Node 96, 96.2683710583823
Node 1684, 1223.137206593247
Node 1188, 1007.3638951206742
Node 1650, 1161.3189445021092
Node 1457, 1044.3157257389707
Node 1384, 1029.258767801555
Node 1328, 1019.2375513849536
Node 248, 366.09064468794924
Node 154, 210.94093603622403
Node 1097, 1004.7724901901518
Node 1622, 1132.736915148804
Node 1537, 1075.2239367324182
Node 1965, 2546.691230327664
Node 1905, 1972.9856035262133
Node 124, 156.7275125209209
Node 1703, 1269.7757023954446
Node 1487, 1054.4579519067731
Node 1326, 1019.078887717637
Node 283, 412.08087700263513
Node 81, 11.282844118813534
Node 1921, 2126.521944376957
Node 1598, 1115.6741751099407
Node 1154, 1006.2027988491797
Node 342, 479.3543045104639
Node 1106, 1004.9704009590467
Node 1350, 1022.1788188675915
Node 1892, 1920.1123309906986
Node 1851, 1675.9310879058942
Node 1698, 1249.1586281124937
Node 1435, 1040.1709412342227
Node 1264, 1013.4923903089546
Node 1200, 1007.9762775508019
Node 1043, 1003.1415244991026
Node 1654, 1171.7995830155833
Node 1566, 1094.700073427191
Node 1027, 1002.8401782454031
Node 1335, 1019.8557331391986
Node 1220, 1009.5922073821561
Node 1641, 1148.184453127347
Node 1473, 1050.0491320071324
Node 1278, 1014.5500974503209
Node 1627, 1136.3711975069857
Node 1558, 1087.5900426369187
Node 1553, 1083.648233657969
Node 1596, 1112.897118922289
Node 618, 747.4821916285654
Node 1532, 1073.946771357936
Node 1445, 1041.9317941519262
Node 1849, 1664.6664992760325
Node 1546, 1080.3843468359394
Node 1729, 1326.0187772732593
Node 1679, 1214.5114976486475
Node 1046, 1003.2024048099748
Node 290, 421.90556471346554
Node 1605, 1120.3777215626567
Node 462, 587.0268672201815
Node 204, 301.9903348535521
Node 1442, 1041.4694249032107
Node 1296, 1016.5633298683022
Node 1123, 1005.4475011452209
Node 190, 279.9016906905749
