Node, generations
Node 3175, 33987.32032650105
Node 296, 218.77655529925357
Node 97, 194.87787222812557
Node 2497, 17487.173847409336
Node 1638, 7045.573917867294
Node 449, 286.92350466278714
Node 423, 265.7132632215563
Node 213, 208.43453055925005
Node 1636, 7031.649841658157
Node 1214, 4067.4557467320524
Node 544, 420.81979754208885
Node 432, 273.1861412717068
Node 101, 200.49154022989435
Node 330, 227.45904383743067
Node 203, 207.12561758071686
Node 786, 1831.2191351027366
Node 504, 342.59120863590664
Node 478, 315.42750659146594
Node 332, 227.93918584751862
Node 268, 214.5538549791094
Node 505, 344.6202745055271
Node 399, 252.7488339291062
Node 221, 208.96280418441688
Node 397, 252.13817221217207
Node 303, 219.78609025301313
Node 278, 215.7251718484222
Node 1522, 6070.039074195242
Node 417, 262.72667613528984
Node 394, 250.80042119010866
Node 284, 216.9883471997904
Node 390, 247.8458594597706
Node 621, 980.885629638154
Node 486, 323.35622728507275
Node 320, 223.4769578133298
Node 291, 218.29617573155326
Node 1692, 7476.295486140893
Node 602, 896.1383733573258
Node 1515, 6004.291410022107
Node 535, 381.58008526368565
Node 458, 293.8148046919902
Node 426, 267.83286936747436
Node 425, 267.203831361335
Node 383, 246.6646684977761
Node 248, 211.20928079258914
Node 373, 239.72439440316938
Node 441, 278.90813114850175
Node 364, 236.17800927867762
Node 837, 2088.4291862661835
Node 501, 338.83874255378754
Node 472, 309.9904855315616
Node 485, 320.86165673617853
Node 321, 223.65019544853732
Node 280, 216.03127494192458
Node 218, 208.9225551187389
Node 807, 1915.286187182511
Node 331, 227.93514508548716
Node 277, 215.6658866624122
Node 144, 202.4231185204991
Node 392, 250.32646928020523
