node_generations, branch_length
1743.9315236404418, 77598.93299862374
1011.4462545510419, 732.4852690893999
0.0, 1011.4462545510419
297.97709023793294, 713.4691643131089
0.0, 297.97709023793294
0.0, 297.97709023793294
1060.170056114633, 683.7614675258087
0.0, 1060.170056114633
828.4402989244415, 231.72975719019155
0.0, 828.4402989244415
0.0, 828.4402989244415
7627.737758962555, 71715.12676330163
1518.261186731935, 6109.47657223062
1167.144616678139, 351.11657005379584
0.0, 1167.144616678139
1164.4061139706662, 2.7385027074728896
0.0, 1164.4061139706662
1136.0827566413386, 28.323357329327564
0.0, 1136.0827566413386
0.0, 1136.0827566413386
1189.7006368114594, 328.5605499204755
0.0, 1189.7006368114594
1154.0154195995817, 35.68521721187767
0.0, 1154.0154195995817
1006.6344886325409, 147.38093096704085
0.0, 1006.6344886325409
555.0395002524428, 451.594988380098
0.0, 555.0395002524428
0.0, 555.0395002524428
1740.3024339961814, 5887.435324966374
0.0, 1740.3024339961814
1581.1226310382642, 159.17980295791722
1334.3334665789364, 246.78916445932782
1094.851249294336, 239.48221728460044
1017.2984250662284, 77.55282422810751
0.0, 1017.2984250662284
223.14638595021557, 794.1520391160129
0.0, 223.14638595021557
0.0, 223.14638595021557
1022.0896111719042, 72.7616381224318
0.0, 1022.0896111719042
1006.463423650705, 15.6261875211992
0.0, 1006.463423650705
0.0, 1006.463423650705
1307.1344872205548, 27.19897935838162
1144.8524617898945, 162.28202543066027
1008.6258788300713, 136.2265829598232
0.0, 1008.6258788300713
0.0, 1008.6258788300713
1116.0300164500336, 28.822445339860906
1065.0098402377323, 51.020176212301294
0.0, 1065.0098402377323
0.0, 1065.0098402377323
1089.2718747765389, 26.75814167349472
0.0, 1089.2718747765389
0.0, 1089.2718747765389
1258.1087218127352, 49.02576540781956
1199.4299819178848, 58.67873989485042
1008.5353923658754, 190.8945895520094
0.0, 1008.5353923658754
0.0, 1008.5353923658754
1179.872533489499, 19.557448428385896
0.0, 1179.872533489499
1000.9301924859543, 178.94234100354458
0.0, 1000.9301924859543
0.0, 1000.9301924859543
1248.051725536106, 10.056996276629206
0.0, 1248.051725536106
1201.4752842731652, 46.57644126294076
0.0, 1201.4752842731652
1050.01926637852, 151.45601789464536
0.0, 1050.01926637852
0.0, 1050.01926637852
1384.0577060778762, 197.064924960388
0.0, 1384.0577060778762
1085.17190414097, 298.8858019369063
0.0, 1085.17190414097
0.0, 1085.17190414097
