node_generations, branch_length
12342.37579328286, 16796.788743283378
1130.622461753966, 11211.753331528893
1000.7242585440395, 129.89820320992658
0.0, 1000.7242585440395
287.1176430313115, 713.606615512728
0.0, 287.1176430313115
0.0, 287.1176430313115
1084.4136649398404, 46.20879681412566
0.0, 1084.4136649398404
0.0, 1084.4136649398404
1510.1153902739225, 10832.260403008937
0.0, 1510.1153902739225
341.73538503335254, 1168.38000524057
0.0, 341.73538503335254
0.0, 341.73538503335254
25352.620247617444, 3786.544288948793
1232.2718160534525, 24120.34843156399
0.0, 1232.2718160534525
1219.6340505989301, 12.637765454522423
0.0, 1219.6340505989301
1134.4202538019797, 85.21379679695042
0.0, 1134.4202538019797
1106.4047390296757, 28.01551477230396
0.0, 1106.4047390296757
1095.897353850252, 10.507385179423636
1001.1688648227213, 94.72848902753083
0.0, 1001.1688648227213
0.0, 1001.1688648227213
1015.0958166056818, 80.80153724457034
0.0, 1015.0958166056818
0.0, 1015.0958166056818
1430.201083408532, 23922.419164208914
1050.2114057431902, 379.9896776653418
0.0, 1050.2114057431902
0.0, 1050.2114057431902
1365.8491587158474, 64.35192469268463
0.0, 1365.8491587158474
0.0, 1365.8491587158474
