Node, generations
Node 734, 1667.1266382388912
Node 713, 1396.3569223120253
Node 524, 403.50384005609186
Node 500, 366.6650528850407
Node 345, 242.17127387550204
Node 432, 297.7411128358236
Node 338, 240.80692724388976
Node 707, 1324.916214854369
Node 617, 670.8590523237576
Node 556, 451.8895710910643
Node 457, 318.521236571243
Node 381, 257.61227114280416
Node 358, 247.36644154401986
Node 281, 224.1498080638693
Node 595, 543.558003573517
Node 646, 799.5520444199473
Node 534, 419.40408957609037
Node 337, 240.47723975261115
Node 587, 518.9560489726326
Node 441, 304.91954854297205
Node 246, 217.1202943648475
Node 61, 24.146108429231905
Node 295, 227.53246401243933
Node 255, 219.07967742304012
Node 724, 1467.2715340044135
Node 641, 776.6815263792711
Node 560, 456.6325040315608
Node 297, 227.75808370090496
Node 487, 353.93289543340546
Node 460, 319.70186224885146
Node 482, 348.76418093940754
Node 259, 220.1686658762109
Node 472, 333.82831592919257
Node 368, 249.72301226001278
Node 232, 215.26065827583773
Node 207, 211.7789976225064
Node 352, 244.90913485183438
Node 336, 240.18292218234828
Node 419, 282.40708992611434
Node 384, 259.845950912591
Node 414, 279.9719544407321
Node 319, 234.7142151094547
Node 305, 230.2280461564215
Node 328, 237.23490500158272
Node 209, 212.00322110508912
Node 609, 610.5671949866685
Node 491, 355.6876056603197
Node 277, 223.47175076710386
Node 603, 600.6705065528081
Node 510, 381.8473703080647
Node 371, 250.50554502951599
Node 180, 208.59608265833947
Node 509, 379.18103963371277
Node 342, 241.80782557665933
Node 230, 214.67435267232827
Node 210, 212.17595758954008
Node 492, 356.78784497227355
Node 511, 383.04823443144346
Node 401, 271.0578228800342
