Node, generations
Node 924, 18449.581780566023
Node 531, 1755.2720825475087
Node 325, 1098.810802804442
Node 459, 1375.983787102367
Node 583, 2184.8639153386357
Node 485, 1500.7214134808137
Node 452, 1352.871772229765
Node 241, 1037.813939943023
Node 303, 1072.981288116401
Node 473, 1430.2479622493006
Node 446, 1324.7624987342363
Node 376, 1163.648597219941
Node 460, 1378.7059939437054
Node 135, 1005.4880452726945
Node 421, 1256.0240112627596
Node 225, 1030.9612487419788
Node 300, 1071.7486032423615
Node 87, 918.8514835828503
Node 245, 1041.0677703571832
