node_generations, branch_length
916.2941081835111, 11657.273143085727
476.7790115403636, 439.51509664314744
0.0, 476.7790115403636
310.73441279633283, 166.0445987440308
0.0, 310.73441279633283
214.43890699928764, 96.2955057970452
0.0, 214.43890699928764
0.0, 214.43890699928764
595.6880354359056, 320.6060727476055
474.4823421326083, 121.20569330329727
257.9951846202561, 216.4871575123522
0.0, 257.9951846202561
39.23433506306413, 218.760849557192
0.0, 39.23433506306413
0.0, 39.23433506306413
419.8225083068878, 54.65983382572051
234.00481893609535, 185.81768937079246
0.0, 234.00481893609535
0.0, 234.00481893609535
292.69253595881895, 127.12997234806886
0.0, 292.69253595881895
282.2477927493662, 10.444743209452724
0.0, 282.2477927493662
265.83764193162676, 16.410150817739463
0.0, 265.83764193162676
0.0, 265.83764193162676
517.5290760813441, 78.15895935456149
200.02292104278192, 317.50615503856216
0.0, 200.02292104278192
0.0, 200.02292104278192
413.88204203019734, 103.64703405114676
0.0, 413.88204203019734
310.16162292728364, 103.7204191029137
0.0, 310.16162292728364
271.2392969009052, 38.92232602637847
0.0, 271.2392969009052
200.71334554985324, 70.52595135105193
0.0, 200.71334554985324
0.0, 200.71334554985324
3332.5245340369843, 9241.042717232254
250.67752558018148, 3081.847008456803
0.0, 250.67752558018148
246.10747995059802, 4.570045629583461
0.0, 246.10747995059802
0.0, 246.10747995059802
2743.332901626299, 589.1916324106851
601.0020967395219, 2142.3308048867775
252.94794072343862, 348.0541560160833
0.0, 252.94794072343862
92.54881448363581, 160.3991262398028
0.0, 92.54881448363581
0.0, 92.54881448363581
590.9608591664135, 10.041237573108447
273.4496638507504, 317.51119531566303
0.0, 273.4496638507504
260.4323470030801, 13.017316847670315
0.0, 260.4323470030801
0.0, 260.4323470030801
405.97813487067515, 184.9827242957383
0.0, 405.97813487067515
361.49173491840895, 44.4863999522662
219.77490447823274, 141.7168304401762
0.0, 219.77490447823274
0.0, 219.77490447823274
300.5973159406508, 60.894418977758164
0.0, 300.5973159406508
236.0599454692075, 64.5373704714433
0.0, 236.0599454692075
206.82408109744838, 29.235864371759106
0.0, 206.82408109744838
0.0, 206.82408109744838
625.1231442298509, 2118.2097573964484
0.0, 625.1231442298509
249.8087286212447, 375.3144156086062
0.0, 249.8087286212447
245.1437554962808, 4.664973124963922
0.0, 245.1437554962808
0.0, 245.1437554962808
