Node, generations
Node 1279, 24753.894808788697
Node 312, 348.5533584415842
Node 287, 319.0951314794737
Node 283, 317.25783375805787
Node 149, 222.34112221304227
Node 924, 12408.950797790258
Node 467, 719.0953927732465
Node 399, 508.2956908013441
Node 145, 221.17851766929195
Node 383, 449.69634677059156
Node 69, 204.33725520640357
Node 687, 5976.305649374294
Node 370, 437.63208829669765
Node 246, 277.0266767988026
Node 281, 316.4832869049436
Node 194, 240.71087532635343
Node 474, 741.9304463515817
Node 359, 419.37131177467825
Node 151, 222.94630866710042
Node 144, 220.94823082907595
Node 339, 374.98149357977996
Node 234, 265.89244794036375
Node 139, 220.26447273977618
Node 84, 207.63048214235047
Node 130, 217.69069001830124
Node 120, 215.5665054490832
Node 310, 344.1802366384676
Node 171, 230.96819812712107
Node 126, 216.72007634495486
Node 260, 293.89370465797344
Node 226, 262.5430562466092
Node 166, 228.18475145197343
Node 421, 553.7779623704332
Node 385, 452.3566537114571
Node 218, 255.83007579043726
Node 108, 213.00142798126132
Node 77, 206.50868350592728
Node 40, 20.0791746249713
Node 304, 338.2067930933064
