Node, generations
Node 1701, 11455.873033504287
Node 199, 461.7772636176739
Node 66, 87.7978676783816
Node 1487, 2625.2469421839437
Node 1169, 1090.3118394831458
Node 1147, 1074.9019312036896
Node 105, 237.15325693533657
Node 1481, 2395.4221177929408
Node 1264, 1191.6876540168994
Node 1208, 1120.117756800758
Node 1178, 1098.4726398199537
Node 1120, 1057.8176433508486
Node 959, 1020.5789542990566
Node 858, 1011.1813455623864
Node 1125, 1061.2042283829394
Node 973, 1023.1572672449895
Node 1053, 1036.7015737581091
Node 1183, 1102.2825562147075
Node 1132, 1066.6402244708347
Node 197, 460.58647431410503
Node 1384, 1538.1447600134277
Node 1299, 1262.986238491439
Node 1231, 1146.8733442824985
Node 1036, 1032.9021485474589
Node 931, 1017.7842082327413
Node 68, 98.87427908350573
Node 1060, 1038.6143716609072
Node 363, 719.2453715097489
Node 1296, 1255.3577574904773
Node 1223, 1139.4760531431107
Node 650, 1001.6800796995236
Node 75, 115.30916252311727
Node 1146, 1074.7777548362062
Node 1133, 1067.5733352858567
Node 1381, 1520.0330636685676
Node 1202, 1114.6173540821098
Node 1124, 1060.0728324653064
Node 992, 1026.03244795638
Node 597, 1000.2884158297379
Node 188, 447.5997090084134
Node 1077, 1042.2293075652256
Node 186, 443.76108579976244
Node 1342, 1372.2152695829998
Node 336, 680.2347664532133
Node 1338, 1362.9608676971786
Node 1295, 1254.753495659313
Node 1167, 1089.1168460368785
Node 860, 1011.2416144905122
Node 121, 276.33037905793145
Node 1282, 1229.9914141467561
Node 1194, 1110.3185410494789
Node 1089, 1045.0933590373886
Node 416, 792.892211347395
Node 139, 337.5478177083973
Node 844, 1010.188550239891
Node 76, 118.89566483975014
Node 1188, 1105.0865388251011
Node 1163, 1085.8809851214512
Node 1113, 1054.8868973738936
