Node, generations
Node 1546, 19817.087532346803
Node 708, 1215.6508651721617
Node 396, 257.51974898789405
Node 138, 202.77161894163186
Node 1017, 8055.862237650288
Node 688, 1039.1824984926718
Node 481, 344.01221109177027
Node 233, 213.50761682761228
Node 641, 804.1371363973843
Node 535, 428.10847536437694
Node 123, 201.73885324359605
Node 104, 200.33979034288296
Node 378, 248.55153187352352
Node 148, 203.46526112084263
Node 343, 235.19478110198915
Node 228, 212.4242997874529
Node 327, 231.9852626326919
Node 268, 218.5698409223182
Node 218, 211.6098616690724
Node 298, 223.06402756736728
Node 279, 220.27826677650953
Node 590, 579.0551791111387
Node 505, 373.2786507011366
Node 357, 240.14749585049918
Node 142, 203.22519259843693
Node 315, 228.50350579971098
Node 922, 6089.141980677962
Node 539, 440.11002481306286
Node 519, 396.5702372844998
Node 454, 309.0601304695958
Node 405, 263.22652515129465
Node 221, 211.9073218225117
Node 502, 368.8041296101383
Node 229, 212.6396547837281
Node 468, 325.62910422015176
Node 361, 241.51181083991276
Node 154, 204.04120033070484
Node 611, 659.3517789263923
Node 582, 552.3601825974487
Node 332, 233.40617897325066
Node 559, 482.0280278211848
Node 541, 440.9814541606569
Node 384, 252.83394623428347
Node 242, 214.46333130244065
Node 493, 362.8078235001879
Node 450, 303.3299267012771
Node 418, 272.39507246624976
Node 106, 200.65374155090436
Node 477, 335.9805521814688
Node 232, 213.31671277812924
Node 250, 215.67907952974718
Node 546, 455.4747828517041
Node 313, 228.0992463513174
Node 79, 121.9736210886118
Node 259, 217.18101780843605
Node 444, 295.07598911241854
Node 355, 239.65913547005974
Node 406, 264.56701197922763
Node 267, 218.52311180150267
