Node, generations
Node 2980, 47136.405361022145
Node 922, 1457.4123223511363
Node 145, 583.7352234777397
Node 912, 1430.8002684141509
Node 875, 1330.3107352651168
Node 691, 1061.468940293824
Node 462, 1008.8769280812976
Node 841, 1222.6715240470946
Node 580, 1025.1705041403143
Node 68, 294.14026085182667
Node 880, 1352.4586478101503
Node 258, 861.521967267783
Node 100, 425.2755937441324
Node 835, 1210.1182951944147
Node 768, 1113.4898624803066
Node 1800, 11459.970414297435
Node 776, 1124.0546454633422
Node 1344, 5858.274321627359
Node 1067, 3247.8826894079552
Node 407, 1004.6050135609071
Node 169, 643.646442324937
Node 1042, 3027.0703218968465
Node 800, 1150.9939774731708
Node 737, 1090.0701460000682
Node 632, 1038.8532698580425
Node 562, 1021.157254703811
Node 318, 980.7179753187761
Node 541, 1017.7459718703533
Node 218, 757.0062424836443
Node 898, 1402.572578354345
Node 822, 1190.580324496537
Node 704, 1069.3849163120174
Node 811, 1170.7703800731174
Node 447, 1007.3610186960157
Node 113, 490.55315587980766
Node 839, 1217.5144454510094
Node 109, 472.8876181171346
Node 735, 1089.7709996452575
Node 712, 1072.1620339424685
