node_generations, branch_length
803.5428001764999, 50722.980324848584
0.0, 803.5428001764999
620.6468041102248, 182.89599606627507
265.9784907124434, 354.66831339778145
0.0, 265.9784907124434
0.0, 265.9784907124434
446.3120450717263, 174.33475903849853
0.0, 446.3120450717263
428.5462636163817, 17.76578145534461
221.2095952326448, 207.33666838373688
0.0, 221.2095952326448
114.9106884767865, 106.2989067558583
0.0, 114.9106884767865
0.0, 114.9106884767865
262.50925204064913, 166.03701157573255
0.0, 262.50925204064913
0.0, 262.50925204064913
8235.861229188144, 43290.66189583694
635.918708851812, 7599.942520336332
0.0, 635.918708851812
0.0, 635.918708851812
1028.0421234434607, 7207.819105744683
484.1586448475814, 543.8834785958793
0.0, 484.1586448475814
320.9771533867249, 163.18149146085648
0.0, 320.9771533867249
256.70020293293004, 64.27695045379488
0.0, 256.70020293293004
0.0, 256.70020293293004
582.7577788848739, 445.2843445585868
0.0, 582.7577788848739
415.3596935861079, 167.39808529876603
209.52654955714723, 205.83314402896065
0.0, 209.52654955714723
0.0, 209.52654955714723
370.14844563544716, 45.21124795066072
0.0, 370.14844563544716
0.0, 370.14844563544716
