Node, generations
Node 958, 3936.7506502951446
Node 843, 2735.1838585265823
Node 511, 1169.4712146092854
Node 306, 168.90748077761026
Node 275, 130.02600379240573
Node 91, 4.626417476583741
Node 180, 46.10596286204783
Node 122, 18.903438296682285
Node 94, 5.575481577562226
Node 135, 23.325127901575218
Node 93, 5.48689215685997
Node 112, 12.759290592012018
Node 376, 521.9784342902763
Node 98, 7.339092690071708
Node 267, 117.97319061980359
Node 176, 42.82114551853091
Node 140, 26.33514781658192
Node 80, 0.2246245155362039
Node 147, 28.908295708586074
Node 89, 3.5484129495735
Node 226, 79.70590396423925
Node 514, 1185.507099505515
Node 153, 31.71168297634591
Node 110, 12.293049379767117
Node 84, 2.7950609758212264
Node 421, 741.8253497885689
Node 202, 63.99974067727605
Node 138, 25.352232156620552
Node 102, 10.64197938119188
Node 950, 3798.7768481858143
Node 910, 3399.855770497834
Node 596, 1589.7371978159297
Node 237, 85.47702048956742
Node 172, 41.81784038196005
Node 95, 6.140203721983953
Node 193, 57.010208991199804
Node 183, 48.03627579687865
Node 119, 17.721177593337444
Node 307, 168.91938828103847
Node 185, 49.593991892057105
Node 162, 36.283091920726164
Node 146, 28.297346848465114
Node 229, 81.11599100972222
Node 124, 19.689072243384558
Node 81, 0.9156563219668823
Node 821, 2628.145677143482
Node 259, 109.47866690864149
Node 131, 22.075767904505515
Node 160, 35.65052955881975
Node 158, 35.39591024271762
Node 90, 3.6701574148228815
Node 323, 190.0845719498498
Node 218, 75.33044769326574
Node 283, 137.93942508467688
Node 130, 21.410507037923566
Node 85, 2.9108617585173997
Node 82, 1.117544703486325
Node 92, 4.905661874675406
Node 83, 2.035198794810298
Node 264, 113.87354654058184
Node 178, 44.332589860353245
Node 184, 49.164122639991106
Node 139, 26.098105532731434
Node 923, 3565.257815616445
Node 512, 1170.6560695307655
Node 190, 53.80778196358482
Node 148, 29.3090241407502
Node 117, 16.819206903039763
Node 116, 15.38918752727658
Node 445, 842.5762324766929
Node 583, 1534.4998194565176
Node 240, 86.47395698416408
Node 416, 708.792606879921
Node 126, 20.447722072402673
Node 107, 11.425602163247348
Node 253, 101.16285032821034
Node 142, 26.783338818611984
Node 108, 11.936257612168212
Node 198, 62.784795041340914
