Node, generations
Node 573, 1962.6045764181094
Node 369, 461.4992118180399
Node 332, 370.3582324522087
Node 305, 328.76488112817106
Node 298, 318.33226250928277
Node 290, 311.0408295229996
Node 211, 245.26792618330788
Node 132, 218.13103130842765
Node 93, 207.68363951776115
Node 55, 196.9998562299641
Node 165, 228.57764326756896
Node 328, 359.2213906355588
Node 548, 1687.7082075002807
Node 387, 534.7019734341601
Node 161, 227.35516321119343
Node 183, 232.63083109124995
Node 106, 210.5360572188241
Node 48, 134.40517634329478
Node 473, 966.5311630443847
Node 419, 693.6480024519277
Node 156, 225.74947188641485
Node 388, 534.9285649930522
Node 148, 221.9878995876455
Node 273, 282.7205767188403
Node 218, 248.06492765970194
Node 214, 246.0099713389494
Node 431, 738.5068380539711
Node 315, 343.4550279659913
Node 233, 256.0985032641844
Node 256, 271.4472690050904
Node 359, 437.3405143829145
Node 157, 225.90386181839727
Node 354, 423.8304817728024
Node 205, 241.7691296911202
Node 350, 417.6503205557542
Node 272, 281.7931323386126
Node 344, 403.404909185568
Node 292, 312.92005147446844
Node 219, 248.38383731569022
