Node, generations
Node 1099, 7691.0549147627735
Node 914, 1233.6707861652433
Node 561, 272.48168810197654
Node 912, 1213.8160488201706
Node 449, 228.19218382178735
Node 817, 639.5250426618852
Node 586, 289.19084806736583
Node 496, 241.9762504564929
Node 685, 373.9365245872263
Node 589, 292.0751539111002
Node 643, 324.8001596801534
Node 177, 201.46373821881497
Node 1035, 5316.562794882094
Node 780, 535.1688226663125
Node 550, 266.76568378916886
Node 379, 217.30315064049591
Node 325, 211.01652269570755
Node 324, 211.0129396689562
Node 543, 262.94511598052907
Node 519, 250.30440634576104
Node 176, 201.419329600392
Node 154, 200.43789827945324
Node 451, 228.51353230288365
Node 441, 227.34264429704615
Node 751, 474.9016263536127
Node 733, 434.93458168268097
Node 450, 228.29046566995652
Node 673, 354.88253676472846
Node 468, 232.30873557763516
Node 292, 208.53065986639947
Node 275, 207.16473052317107
Node 264, 206.32898041300092
Node 531, 257.13105361325444
Node 744, 462.6590387968746
Node 338, 212.2516277746233
Node 725, 430.6732406379322
Node 629, 312.68375066470793
Node 479, 235.59959093262276
Node 693, 389.0135189862781
Node 608, 301.22255158522614
Node 482, 236.65402437243304
Node 559, 271.4782857201455
Node 428, 224.7400467430067
Node 185, 201.7713356166594
Node 676, 361.2561510006545
Node 577, 283.5625944868833
Node 481, 235.83087952222357
Node 181, 201.66249743964673
Node 521, 251.42263306960484
Node 447, 227.76492511448927
Node 206, 202.80512520642995
Node 427, 224.52513315762812
Node 411, 223.05490492177157
Node 199, 202.2918958816262
Node 120, 170.4724090540984
Node 856, 769.2686959168923
Node 592, 294.2736332385783
Node 836, 713.934612098071
Node 738, 444.2052217814026
Node 611, 303.99352114775655
Node 539, 262.7306540070253
Node 159, 200.66301364723836
Node 707, 410.4150551810638
Node 570, 277.3830451052689
Node 276, 207.18975544020097
Node 580, 284.9372140650889
Node 492, 240.12629486011662
Node 474, 234.34442508665236
Node 389, 219.3711540687912
Node 563, 273.3041590663501
Node 805, 598.2188835583003
Node 698, 394.4924659131054
Node 720, 427.5054478670791
Node 350, 213.6728043575872
Node 593, 294.3435355138407
Node 486, 237.28072300697525
Node 533, 259.06673397784874
Node 304, 209.1088179161702
Node 455, 229.15972786843713
