Node, generations
Node 1188, 13094.559541234064
Node 661, 4783.499045954568
Node 368, 1192.414823214698
Node 284, 1075.5089622902947
Node 395, 1237.3725778739029
Node 379, 1211.264443999398
Node 319, 1109.8783048680427
Node 1093, 11348.484979330224
Node 572, 3461.608171808335
Node 285, 1076.9811822975312
Node 465, 1480.1344842322874
Node 456, 1458.0609815441087
Node 240, 1046.2750604753364
Node 331, 1117.7247535265717
Node 218, 1032.2742492228797
Node 944, 8936.248791766911
Node 295, 1085.8591351708505
Node 89, 1000.6534640255501
Node 352, 1145.6202205008606
