Node, generations
Node 674, 15495.485923021166
Node 313, 1154.7989211425677
Node 150, 365.64610114727475
Node 21, 41.42965599089317
Node 367, 1879.5783623615025
Node 270, 808.0579305546925
Node 78, 242.6421841035148
Node 62, 226.27287304282973
Node 261, 744.9405520941608
Node 166, 409.92787526913327
Node 153, 375.6902654748357
Node 239, 626.8257817721986
Node 162, 390.47426003472
Node 342, 1545.8778569905853
Node 69, 234.5375114525184
Node 258, 738.4750333428749
Node 143, 352.9256268116349
Node 79, 242.8199869338111
Node 77, 241.8747662038564
