Node, generations
Node 2272, 21419.275830187562
Node 1249, 5579.750038725121
Node 1052, 3554.4109376894667
Node 775, 1146.4826659805224
Node 756, 1127.7379566196043
Node 729, 1096.8614328101469
Node 762, 1134.8391150989305
Node 955, 2487.7821602939257
Node 648, 1047.4122498380516
Node 1100, 4031.1927893042403
Node 660, 1052.0579543594106
Node 595, 1033.3492174357668
Node 794, 1170.6036076063176
Node 705, 1079.1915411880268
Node 596, 1033.4511509694157
Node 690, 1067.0026882544385
Node 573, 1028.4068479185978
Node 381, 1003.2382147893069
Node 56, 183.60138706974234
Node 534, 1019.7623287021943
Node 92, 352.260675501441
Node 41, 48.37308176676411
Node 66, 228.13752758787513
Node 784, 1154.3956620849674
Node 667, 1055.4239817610614
Node 700, 1076.7322365087682
Node 588, 1032.3111947028804
Node 1789, 12641.51268757192
Node 808, 1211.4303318449613
Node 551, 1024.5225960377466
Node 43, 73.54255164839385
Node 803, 1187.2381440790532
Node 686, 1064.6767583257447
Node 994, 2976.8238545266017
Node 805, 1187.5508785336108
Node 601, 1034.3884961380927
Node 903, 1479.5632792557678
Node 676, 1057.5543275281193
Node 780, 1149.3454914589413
