node_generations, branch_length
291.8027619442663, 6614.996414910007
267.9680350030944, 23.83472694117188
223.7317813430091, 44.23625366008534
0.0, 223.7317813430091
0.0, 223.7317813430091
235.41269004243978, 32.55534496065465
0.0, 235.41269004243978
0.0, 235.41269004243978
274.24997418990046, 17.552787754365852
0.0, 274.24997418990046
221.54662490194133, 52.70334928795913
0.0, 221.54662490194133
0.0, 221.54662490194133
1566.311420818081, 5340.487756036193
227.78760716751825, 1338.5238136505627
0.0, 227.78760716751825
224.08609805505873, 3.7015091124595187
0.0, 224.08609805505873
201.00415706406824, 23.08194099099049
0.0, 201.00415706406824
0.0, 201.00415706406824
1256.239995445598, 310.07142537248296
363.22729509157847, 893.0127003540194
0.0, 363.22729509157847
0.0, 363.22729509157847
623.4948690420733, 632.7451264035246
557.6217613279392, 65.87310771413411
333.7370528032096, 223.8847085247296
224.47284921225966, 109.26420359094996
0.0, 224.47284921225966
209.94908951373407, 14.523759698525595
0.0, 209.94908951373407
0.0, 209.94908951373407
263.2860092413998, 70.4510435618098
0.0, 263.2860092413998
227.20805467050417, 36.077954570895656
0.0, 227.20805467050417
214.26476308594007, 12.943291584564093
0.0, 214.26476308594007
186.43708588240582, 27.82767720353425
0.0, 186.43708588240582
0.0, 186.43708588240582
543.4519914439086, 14.169769884030643
143.6315601093882, 399.8204313345204
0.0, 143.6315601093882
0.0, 143.6315601093882
538.5911172935984, 4.860874150310224
248.21382894092645, 290.37728835267194
127.84869080293616, 120.36513813799029
0.0, 127.84869080293616
0.0, 127.84869080293616
225.1514792148991, 23.06234972602735
0.0, 225.1514792148991
0.0, 225.1514792148991
425.17854759842766, 113.4125696951707
0.0, 425.17854759842766
371.4890264714396, 53.68952112698804
0.0, 371.4890264714396
317.39912770849674, 54.08989876294288
0.0, 317.39912770849674
244.76011813743304, 72.6390095710637
0.0, 244.76011813743304
204.74879125331782, 40.01132688411522
0.0, 204.74879125331782
0.0, 204.74879125331782
602.6363483264942, 20.858520715579175
249.7923778872356, 352.84397043925856
0.0, 249.7923778872356
0.0, 249.7923778872356
444.7444931909141, 157.89185513558004
0.0, 444.7444931909141
329.14942763484663, 115.59506555606748
0.0, 329.14942763484663
222.21168778937442, 106.93773984547221
0.0, 222.21168778937442
216.93130201262332, 5.280385776751103
0.0, 216.93130201262332
0.0, 216.93130201262332
