node_generations, branch_length
1814.1516219273553, 34236.64321403931
0.0, 1814.1516219273553
1038.4893561251392, 775.6622658022161
0.0, 1038.4893561251392
1029.2461075004958, 9.243248624643456
0.0, 1029.2461075004958
304.1440192584996, 725.1020882419962
0.0, 304.1440192584996
0.0, 304.1440192584996
16308.297275094938, 19742.497560871725
0.0, 16308.297275094938
3942.3365314678986, 12365.960743627038
1223.9860345429945, 2718.3504969249043
0.0, 1223.9860345429945
0.0, 1223.9860345429945
1656.457363975923, 2285.8791674919757
0.0, 1656.457363975923
1564.8871272309875, 91.57023674493553
1207.317278544444, 357.56984868654354
1066.9202498525833, 140.39702869186067
1013.6920522169773, 53.228197635605966
0.0, 1013.6920522169773
1008.9099124765951, 4.782139740382263
0.0, 1008.9099124765951
0.0, 1008.9099124765951
1063.3046054217373, 3.6156444308460323
885.7739413899544, 177.53066403178286
0.0, 885.7739413899544
0.0, 885.7739413899544
1060.9921718537596, 2.3124335679776777
0.0, 1060.9921718537596
1001.7140932963126, 59.278078557446975
0.0, 1001.7140932963126
0.0, 1001.7140932963126
1162.8548910562163, 44.462387488227705
0.0, 1162.8548910562163
518.9280193660898, 643.9268716901265
0.0, 518.9280193660898
0.0, 518.9280193660898
1535.871289074139, 29.01583815684853
1034.0249742507494, 501.84631482338955
0.0, 1034.0249742507494
1018.1043481352893, 15.920626115460095
0.0, 1018.1043481352893
60.24966847538399, 957.8546796599054
0.0, 60.24966847538399
0.0, 60.24966847538399
1269.2650552491193, 266.6062338250197
1217.8123892956514, 51.452665953467886
1030.841774565776, 186.97061472987548
0.0, 1030.841774565776
476.2090821583306, 554.6326924074453
0.0, 476.2090821583306
0.0, 476.2090821583306
1065.7849425251384, 152.02744677051305
1021.8128906160371, 43.97205190910131
0.0, 1021.8128906160371
0.0, 1021.8128906160371
1034.3882978888878, 31.396644636250585
0.0, 1034.3882978888878
0.0, 1034.3882978888878
1265.5087340446946, 3.756321204424694
1053.0303493399347, 212.47838470475995
1019.4903466464882, 33.54000269344647
0.0, 1019.4903466464882
0.0, 1019.4903466464882
1042.822477311705, 10.207872028229758
0.0, 1042.822477311705
0.0, 1042.822477311705
1116.2466348595528, 149.26209918514178
1041.261446822173, 74.98518803737988
0.0, 1041.261446822173
324.2285921864763, 717.0328546356966
0.0, 324.2285921864763
0.0, 324.2285921864763
1074.236707779215, 42.009927080337775
0.0, 1074.236707779215
0.0, 1074.236707779215
