node_generations, branch_length
0.0, 71566.27698909043
16023.347953100058, 55542.929035990375
4846.927276685033, 11176.420676415026
267.1474094229806, 4579.779867262052
0.0, 267.1474094229806
0.0, 267.1474094229806
2162.190207580123, 2684.7370691049096
0.0, 2162.190207580123
213.4198846262291, 1948.770322953894
0.0, 213.4198846262291
201.1836992423023, 12.236185383926795
0.0, 201.1836992423023
0.0, 201.1836992423023
6985.7693538604135, 9037.578599239645
0.0, 6985.7693538604135
2751.2746538132124, 4234.494700047201
2337.969467044601, 413.3051867686113
0.0, 2337.969467044601
909.9377283677607, 1428.0317386768404
372.5230329884664, 537.4146953792942
0.0, 372.5230329884664
0.0, 372.5230329884664
873.3241242880363, 36.61360407972438
0.0, 873.3241242880363
215.95740766082824, 657.366716627208
0.0, 215.95740766082824
0.0, 215.95740766082824
2514.2467621117453, 237.02789170146707
222.14798021629863, 2292.098781895447
0.0, 222.14798021629863
210.03317208730223, 12.114808128996401
0.0, 210.03317208730223
0.0, 210.03317208730223
479.6313455224753, 2034.61541658927
0.0, 479.6313455224753
288.9134073173075, 190.71793820516785
0.0, 288.9134073173075
0.0, 288.9134073173075
