Node, generations
Node 3285, 21297.364302551672
Node 1374, 2867.4046874993373
Node 516, 348.4571186645226
Node 381, 150.10865470702922
Node 318, 130.4619735500153
Node 450, 186.66896907614154
Node 307, 128.74955452393053
Node 109, 100.35672239338852
Node 336, 134.41040547382147
Node 264, 120.61106380224822
Node 2893, 14835.892727951352
Node 1401, 2976.109909384868
Node 959, 1547.8792185655104
Node 479, 234.23413652900499
Node 389, 152.0993429392526
Node 217, 111.77094438074604
Node 520, 370.9816805639852
Node 1123, 1972.2808901522394
Node 465, 197.7145706282752
Node 159, 104.78775775925497
Node 214, 111.4803924868949
Node 903, 1348.116934052854
Node 280, 124.69853417216308
Node 709, 841.575509156436
Node 385, 151.33045141911657
Node 369, 144.94162500347318
Node 468, 198.53606614783934
Node 2683, 12111.459476417362
Node 1026, 1749.6381742019737
Node 509, 340.5661082219053
Node 934, 1438.390635378051
Node 590, 548.6665829493588
Node 132, 102.27413565102525
Node 923, 1408.4774393387313
Node 498, 297.25281368503
Node 453, 188.81789887447133
Node 242, 115.90737698305986
Node 440, 183.04011535403927
Node 416, 170.76643879878884
Node 263, 120.36575917295308
Node 134, 102.35903007678967
Node 845, 1212.6637297612738
Node 469, 198.92532760153006
Node 322, 131.10429929390855
Node 375, 148.236652281037
Node 499, 298.5398384212301
Node 234, 114.24975924349603
Node 2370, 8861.237169677364
Node 2117, 6929.592024002954
Node 1218, 2316.1494686499914
Node 261, 120.26174742340969
Node 233, 114.19148499753454
Node 106, 100.27612209849097
Node 725, 879.3212963513811
Node 370, 145.43664303935748
Node 426, 175.8921286534128
Node 2229, 7805.567964781048
Node 530, 412.28757787109714
Node 409, 165.74310714943627
Node 120, 101.87592162388387
Node 1116, 1959.6734769431214
Node 849, 1215.267183621864
Node 378, 149.71774372745156
Node 213, 111.41733224800494
Node 238, 114.92889707416413
Node 232, 113.93093461338623
Node 172, 106.51828838919059
Node 463, 196.3803027191941
Node 291, 126.90180939302495
Node 326, 131.67010906577167
Node 88, 51.40957909016131
Node 882, 1293.5524918365613
Node 473, 214.26286206734883
Node 390, 152.64590182476843
Node 247, 116.71705440648724
Node 388, 152.09626283423177
Node 220, 112.34356429290567
Node 428, 176.62133882662582
Node 137, 102.78126301142014
