Node, generations
Node 2188, 29228.031110404474
Node 1543, 2701.4367608509965
Node 868, 2001.2879747844415
Node 1428, 2248.357096162726
Node 1412, 2209.663789303294
Node 692, 1773.7206030454774
Node 1392, 2177.7749815874927
Node 1267, 2071.590269420007
Node 1415, 2215.566024638216
Node 935, 2003.8459108260329
Node 453, 1317.3884480582185
Node 372, 1144.0749033275356
Node 482, 1376.4826105015566
Node 1388, 2165.6354091848057
Node 1269, 2073.454172906925
Node 999, 2008.1859097124718
Node 1136, 2023.900153903571
Node 1364, 2136.5685707023963
Node 112, 445.0342324033468
Node 61, 216.02442514566297
Node 867, 2001.2840392655555
Node 1640, 3713.2611923193817
Node 1385, 2158.8074568335614
Node 463, 1336.8666843876617
Node 1250, 2065.2028664982554
Node 1203, 2044.7215403516025
Node 376, 1152.2172423454494
Node 1572, 2896.4961449484254
Node 966, 2006.2217371115457
Node 64, 228.29335200469887
Node 1490, 2447.693389800754
Node 142, 562.5363991707394
Node 1401, 2196.5330155454803
Node 1162, 2029.969957524927
Node 154, 598.3403802835155
Node 65, 238.15616929056688
Node 929, 2003.764554515151
Node 815, 1978.3377602925052
Node 1235, 2057.5534842975826
