Node, generations
Node 2080, 7938.2851423038455
Node 1926, 2117.7689877925723
Node 1694, 1200.507894845827
Node 1420, 1027.7659915970253
Node 1566, 1077.442129705943
Node 1163, 1006.5708524081055
Node 1864, 1686.5073662662944
Node 1529, 1057.3917705431
Node 1438, 1031.0027946464106
Node 1523, 1055.1227154453757
Node 244, 349.10604592535157
Node 1410, 1026.5827724550052
Node 1064, 1003.6396988672074
Node 1355, 1020.042864472172
Node 1834, 1549.437311500327
Node 1754, 1330.897876828152
Node 1739, 1283.1487369308745
Node 1700, 1207.8440389665907
Node 1631, 1120.7704713918415
Node 1606, 1101.1048715537931
Node 1542, 1064.6014796882248
Node 2005, 3180.092253722882
Node 1838, 1564.0273670758897
Node 1762, 1355.5455192337809
Node 1528, 1057.209544997098
Node 1476, 1040.168976980906
Node 770, 884.2415176719151
Node 1185, 1007.4402379816997
Node 1165, 1006.6020040420049
Node 337, 455.4321225104101
Node 1651, 1144.293951889663
Node 362, 484.01430231658884
Node 1806, 1480.5554930043659
Node 1567, 1077.5347337680319
Node 144, 238.0125805722818
Node 1798, 1452.2647355005413
Node 1167, 1006.649661180599
Node 1788, 1427.2283145253793
Node 1550, 1067.8119881583975
Node 1691, 1194.6575316763526
Node 1524, 1055.4848660993068
Node 1635, 1129.0949784890877
Node 256, 357.5698083601949
Node 1439, 1031.0309569186502
Node 932, 1000.5346336311319
Node 779, 892.9831930060594
Node 313, 427.92467039617134
Node 666, 776.8192654597179
Node 1983, 2851.508634451584
Node 1629, 1117.2022256072955
Node 1541, 1063.4551916765968
Node 656, 767.772469945755
Node 179, 280.4807155815252
Node 1443, 1031.471737824601
Node 1164, 1006.595203755056
Node 121, 198.6861548344036
Node 1593, 1092.8672604389767
Node 1380, 1022.1250507323747
Node 1181, 1007.2449412757911
Node 1390, 1023.3884940628114
Node 260, 359.3179540403158
Node 1899, 1860.5562402925802
Node 1721, 1248.0047413668192
Node 653, 761.59982807798
Node 1690, 1194.33079687504
Node 1587, 1087.9333926731135
Node 1216, 1008.7663116625387
Node 1191, 1007.7101268825861
Node 759, 874.8045285962135
Node 336, 455.12619205561367
Node 1667, 1162.1783800917601
Node 1553, 1072.4306312893796
Node 197, 301.1405553723898
Node 1618, 1108.33707147322
Node 1367, 1020.9126382474348
Node 264, 364.03455233044144
Node 1417, 1027.5999145073952
Node 1184, 1007.3603487088196
Node 1040, 1002.8515186850435
