Node, generations
Node 782, 1718.5467627498308
Node 750, 1419.7213045326068
Node 608, 759.0090731564488
Node 171, 502.20933517585905
Node 349, 526.5183057309466
Node 295, 514.994283880647
Node 651, 918.3061720121633
Node 544, 653.2291467384052
Node 523, 618.4870965585834
Node 366, 530.0105906394238
Node 517, 611.9058789810726
Node 514, 609.4800615384972
Node 595, 729.2929079536481
Node 405, 541.8753011059795
Node 773, 1658.3411083109308
Node 644, 893.6086225969788
Node 584, 710.0714250282583
Node 480, 577.6147821656441
Node 428, 551.5219126596832
Node 364, 529.7773991359074
Node 327, 520.7268272226954
Node 40, 8.59762628172104
Node 208, 505.82324929382935
Node 556, 673.2274569453649
Node 620, 813.171267821641
Node 572, 697.765670569825
Node 424, 550.537950981111
Node 116, 431.7364250652968
Node 83, 337.18544254393106
Node 561, 678.7386220048572
Node 472, 574.1380242634162
Node 150, 500.9446441087935
Node 425, 551.0347990924286
Node 745, 1365.6317894422095
Node 707, 1164.0889344008358
Node 551, 670.0974332330776
Node 378, 532.3594114527145
Node 603, 738.7853720711825
Node 546, 657.8942406398938
