node_generations, branch_length
0.0, 30940.188961226217
25078.890393414033, 5861.298567812184
328.0219136859998, 24750.868479728033
0.0, 328.0219136859998
0.0, 328.0219136859998
10175.92099550154, 14902.969397912493
237.61294619050577, 9938.308049311034
146.8609654990182, 90.75198069148757
0.0, 146.8609654990182
0.0, 146.8609654990182
154.1604897360206, 83.45245645448517
0.0, 154.1604897360206
0.0, 154.1604897360206
7800.155218966203, 2375.765776535336
149.52004904868508, 7650.635169917518
0.0, 149.52004904868508
0.0, 149.52004904868508
6067.932921420123, 1732.22229754608
297.26142159181234, 5770.671499828311
207.20001589468703, 90.06140569712531
0.0, 207.20001589468703
0.0, 207.20001589468703
210.45357363338567, 86.80784795842666
0.0, 210.45357363338567
202.20473149575068, 8.248842137634995
0.0, 202.20473149575068
0.0, 202.20473149575068
4094.674720501279, 1973.2582009188445
112.86923282724858, 3981.8054876740302
0.0, 112.86923282724858
109.76529654278507, 3.103936284463515
0.0, 109.76529654278507
0.0, 109.76529654278507
3827.6714621968877, 267.00325830439124
0.0, 3827.6714621968877
2043.9231854485536, 1783.748276748334
0.0, 2043.9231854485536
0.0, 2043.9231854485536
