node_generations, branch_length
1065.223924828726, 50274.69604392923
0.0, 1065.223924828726
497.07392452456884, 568.1500003041572
218.91581121849384, 278.158113306075
0.0, 218.91581121849384
109.70520807763617, 109.21060314085767
0.0, 109.70520807763617
0.0, 109.70520807763617
267.0077810212359, 230.0661435033329
208.2004220012398, 58.80735901999614
0.0, 208.2004220012398
0.0, 208.2004220012398
222.26925843121472, 44.738522590021205
0.0, 222.26925843121472
88.67874409556954, 133.5905143356452
0.0, 88.67874409556954
0.0, 88.67874409556954
2362.03497826845, 48977.88499048951
547.1026320562933, 1814.9323462121565
0.0, 547.1026320562933
343.5693239509159, 203.5333081053774
0.0, 343.5693239509159
261.6710565988982, 81.89826735201768
223.2666008151569, 38.4044557837413
0.0, 223.2666008151569
0.0, 223.2666008151569
246.03029587047493, 15.64076072842326
0.0, 246.03029587047493
0.0, 246.03029587047493
1132.4131233343558, 1229.621854934094
388.0997881283345, 744.3133352060213
0.0, 388.0997881283345
0.0, 388.0997881283345
1022.3301115164634, 110.08301181789238
0.0, 1022.3301115164634
892.2076598827136, 130.12245163374973
563.8420336371513, 328.36562624556234
347.858993068583, 215.9830405685683
0.0, 347.858993068583
227.3465870316669, 120.5124060369161
0.0, 227.3465870316669
0.0, 227.3465870316669
440.87326819664224, 122.96876544050906
0.0, 440.87326819664224
349.1694466437587, 91.70382155288354
256.8705075747214, 92.29893906903732
0.0, 256.8705075747214
211.0732485789672, 45.79725899575419
0.0, 211.0732485789672
0.0, 211.0732485789672
269.5875369385966, 79.5819097051621
0.0, 269.5875369385966
225.27713341919468, 44.310403519401916
0.0, 225.27713341919468
204.51877461636488, 20.758358802829804
0.0, 204.51877461636488
0.0, 204.51877461636488
634.3642575839332, 257.84340229878046
392.0156555390988, 242.34860204483437
0.0, 392.0156555390988
345.1705338300381, 46.84512170906072
202.81596286105378, 142.35457096898432
0.0, 202.81596286105378
0.0, 202.81596286105378
240.542450402945, 104.62808342709309
0.0, 240.542450402945
0.0, 240.542450402945
506.4650186422259, 127.89923894170727
252.99527896726238, 253.46973967496353
0.0, 252.99527896726238
0.0, 252.99527896726238
503.2687510475972, 3.1962675946286936
218.6175160130659, 284.6512350345313
0.0, 218.6175160130659
0.0, 218.6175160130659
383.81310482688156, 119.45564622071566
0.0, 383.81310482688156
0.0, 383.81310482688156
