Node, generations
Node 2636, 9802.320751643418
Node 2400, 2813.139733347804
Node 2105, 2094.6439643423346
Node 2024, 2049.1152265884643
Node 1937, 2029.913443830848
Node 347, 723.7135969920653
Node 75, 134.0881755987801
Node 320, 687.8758324848606
Node 488, 911.299050214478
Node 1969, 2034.3652484514294
Node 163, 395.8156657538847
Node 2065, 2070.0105845201597
Node 1558, 2001.9502370106234
Node 511, 933.9486135459276
Node 2210, 2199.7375644637436
Node 2122, 2114.9216084411037
Node 1870, 2019.935659837877
Node 1907, 2025.5306801325219
Node 1126, 1589.23657746465
Node 724, 1175.6349299827607
Node 1033, 1492.306088785441
Node 135, 326.12094402744583
Node 2177, 2154.1275591101357
Node 2159, 2139.818528281541
Node 1415, 1900.8131915515742
Node 61, 55.929650776793196
Node 2070, 2071.6749103709717
Node 1660, 2005.6331547890634
Node 767, 1230.9024006423335
Node 128, 299.57043032829944
Node 2170, 2148.5234010577183
Node 2046, 2062.3988644925075
Node 734, 1186.2413085942544
Node 2402, 2839.3634704838046
Node 2318, 2435.2107566356894
Node 2113, 2103.4232660414305
Node 2018, 2046.09914538734
Node 1652, 2005.3504223184525
Node 2284, 2341.9769293654713
Node 149, 360.8497077940075
Node 2271, 2303.7636175346083
Node 2193, 2171.5231385146653
Node 215, 494.14726772982004
Node 1998, 2040.6382493783753
Node 189, 438.5059933117061
Node 2347, 2574.5655788381273
Node 2217, 2208.893836532435
Node 2124, 2115.676645360895
Node 1966, 2033.4534362179925
Node 1594, 2003.0742213012597
Node 2026, 2049.6390918105235
Node 1879, 2021.3829167104232
Node 2200, 2182.936948982659
Node 2067, 2070.623330125554
Node 1957, 2031.9263060766764
Node 1770, 2011.4853941724243
Node 2331, 2483.5607024632077
Node 2306, 2411.9876954783776
Node 1616, 2004.035272802861
