node_generations, branch_length
186.4593295403852, 111209.58460799979
0.0, 186.4593295403852
0.0, 186.4593295403852
28058.08054894338, 83337.96338859679
5829.424399328606, 22228.656149614773
126.00779619734992, 5703.416603131256
0.0, 126.00779619734992
0.0, 126.00779619734992
539.3689348543242, 5290.055464474282
0.0, 539.3689348543242
0.0, 539.3689348543242
6170.562337864654, 21887.51821107873
2477.8173068924434, 3692.7450309722108
0.0, 2477.8173068924434
860.1620630980409, 1617.6552437944024
0.0, 860.1620630980409
173.5662794977257, 686.5957836003151
0.0, 173.5662794977257
0.0, 173.5662794977257
4112.582942707574, 2057.97939515708
303.0841219102961, 3809.498820797278
0.0, 303.0841219102961
186.5558214502091, 116.52830046008702
0.0, 186.5558214502091
0.0, 186.5558214502091
2455.738688527186, 1656.8442541803884
952.9408242416873, 1502.7978642854985
0.0, 952.9408242416873
183.21824187200934, 769.722582369678
0.0, 183.21824187200934
0.0, 183.21824187200934
2140.259662160686, 315.47902636649997
110.70164424345224, 2029.5580179172337
0.0, 110.70164424345224
0.0, 110.70164424345224
1781.2399286308155, 359.01973352987034
0.0, 1781.2399286308155
0.0, 1781.2399286308155
