Node, generations
Node 3986, 46021.35597931955
Node 2738, 11835.53107985014
Node 1624, 1124.767699564031
Node 1591, 1089.1505568331238
Node 1538, 1061.2865010084251
Node 99, 86.73020410612135
Node 80, 0.19012721729963233
Node 791, 924.1504589282821
Node 1595, 1092.1176691630649
Node 1294, 1014.8730139536771
Node 1534, 1061.0559632529498
Node 1164, 1007.4979530674289
Node 1330, 1018.3704705062573
Node 2077, 4390.9322113888575
Node 1643, 1155.179698742399
Node 1240, 1011.194876091733
Node 361, 495.17838658300286
Node 1804, 1571.499605477817
Node 1730, 1290.4930047472449
Node 1530, 1059.6345902680255
Node 1489, 1047.9510532161412
Node 1410, 1031.737586383039
Node 1389, 1028.2500862919821
Node 143, 214.5791999880309
Node 1246, 1011.3861468986597
Node 1463, 1041.3318040379984
Node 1160, 1007.4254702865551
Node 205, 299.31334965845826
Node 1303, 1015.7470564091504
Node 1505, 1052.1847768600935
Node 111, 122.69067388398395
Node 1434, 1035.1706378067881
Node 1729, 1284.2795207709264
Node 1662, 1170.5242933842414
Node 1458, 1039.7677373207644
Node 1080, 1004.0548930684467
Node 285, 398.4847977756664
Node 1376, 1025.620765920754
Node 1183, 1008.3812320469588
Node 432, 568.1427055420232
Node 1316, 1017.3512935509685
Node 1560, 1069.5545688824814
Node 1456, 1039.3321025392834
Node 1346, 1020.7014629963238
Node 1277, 1013.8272316943023
Node 1036, 1002.8124004437863
Node 1554, 1068.2152789675445
Node 1483, 1046.3974614959657
Node 754, 878.3967820019049
Node 83, 29.352885511596917
Node 1761, 1361.8607745672339
Node 1420, 1032.9696489029104
Node 1419, 1032.92143823323
Node 374, 509.9001715792904
Node 161, 237.36558037024054
Node 1038, 1002.862353390926
Node 1481, 1045.9442989148686
Node 1415, 1032.377097544151
Node 1349, 1020.854574338105
Node 1188, 1008.6143848007706
Node 1401, 1030.2411726401128
Node 648, 783.7548449471337
Node 2986, 15666.799328607025
Node 886, 998.908549448213
Node 2599, 9927.359943673771
Node 1871, 2489.242356340529
Node 1027, 1002.6081991985791
Node 576, 722.7523900060536
Node 1759, 1359.6464296032789
Node 1137, 1006.5867893852634
Node 1518, 1054.8683314391685
Node 581, 726.7410244267568
Node 1490, 1048.0131733614567
Node 2490, 8666.73779050196
Node 1580, 1083.5834056292156
Node 1588, 1088.6597419527045
Node 1529, 1059.6305099224132
Node 1495, 1048.8405987442707
Node 436, 572.8957415190151
