Node, generations
Node 3888, 38664.565647817675
Node 822, 2358.7262487598773
Node 181, 54.939258444647066
Node 174, 50.993379881920646
Node 146, 33.59070174824549
Node 140, 31.216335382410485
Node 176, 51.88549223611969
Node 122, 19.550276738169362
Node 326, 197.11702052489974
Node 172, 50.1024049909785
Node 110, 14.986970851876281
Node 82, 1.6906336204960621
Node 163, 42.38150275197938
Node 94, 8.325795656586639
Node 158, 39.909202978450594
Node 204, 68.64635308946961
Node 201, 66.56350218008362
Node 111, 15.056841931962335
Node 100, 12.049012104904902
Node 164, 43.07237465171283
Node 145, 33.443735680796294
Node 105, 14.443848761180112
Node 86, 4.70966287635039
Node 97, 10.758459578989106
Node 84, 3.4040093429381484
Node 2236, 8953.25381340484
Node 1825, 5946.408428810892
Node 1391, 4002.963613206286
Node 188, 56.62835573339429
Node 178, 53.53976077846118
Node 165, 43.54840454073037
Node 95, 9.208273850796333
Node 141, 31.368563616236752
Node 276, 132.5027487883416
Node 152, 36.82604919510043
Node 120, 18.48862671174905
Node 215, 76.41201325057615
Node 99, 11.947397386209126
Node 92, 8.041346844351969
Node 126, 22.257068180219264
Node 81, 1.6551977149193908
Node 2070, 7653.1766377334025
Node 1763, 5626.9643110093
Node 802, 2337.962491911144
Node 195, 59.31153489177299
Node 166, 45.04797203989149
Node 1279, 3582.717137994191
Node 348, 705.3945134164919
Node 331, 339.51206378341135
Node 265, 119.85392188807283
Node 102, 13.028841455102073
Node 80, 0.985345683411011
Node 98, 11.728967132315963
Node 104, 14.004847950695204
Node 266, 120.215070292181
Node 142, 32.0710557695276
Node 246, 102.43355420765393
Node 90, 6.585797303816201
Node 191, 58.0607664844986
Node 144, 33.38903797440724
Node 125, 22.227129455652793
Node 138, 30.5007879387542
Node 93, 8.094038422344797
Node 604, 2067.9034569438904
Node 439, 1582.4561894429528
Node 159, 40.04332740219845
Node 233, 91.68003374379764
Node 157, 39.513569633393026
Node 1927, 6647.953410450283
Node 1029, 2805.8769019298165
Node 844, 2392.937334162789
Node 314, 184.01989316892428
Node 112, 15.175661623206139
Node 274, 131.74717971486137
Node 135, 29.585836372466606
Node 154, 38.12415964806841
Node 1595, 4812.832227223502
Node 628, 2091.227958048817
Node 143, 32.75662786444977
