Node, generations
Node 2392, 24484.3493256517
Node 1670, 1214.2460879220366
Node 1567, 1107.4097421236752
Node 131, 163.44749954813318
Node 1404, 1036.394176785253
Node 1269, 1016.319235530047
Node 132, 164.75121975769184
Node 1642, 1188.1509964995728
Node 500, 651.1921472064641
Node 1637, 1182.4890451906456
Node 101, 112.26127881939081
Node 1484, 1059.9869955722847
Node 1165, 1008.8601911583919
Node 106, 129.22235687851574
Node 1917, 2339.3977224780756
Node 1798, 1539.9532526859325
Node 1673, 1219.624482854439
Node 1624, 1165.264739497463
Node 1468, 1052.619243821915
Node 1522, 1083.0905155751543
Node 1509, 1075.9544184788067
Node 1639, 1187.9437030317652
Node 1558, 1100.3096999639117
Node 1721, 1305.8709503454822
Node 1448, 1045.7295558309281
Node 1416, 1039.4840139526632
Node 1474, 1054.5508852583996
Node 564, 711.9867851704329
Node 227, 364.3455648757239
Node 1174, 1009.2965696460644
Node 324, 484.45566463680876
Node 595, 755.300591056899
Node 1906, 2218.3109548456655
Node 1494, 1064.1860937953502
Node 375, 528.2045701622917
Node 286, 436.9178994208465
Node 1454, 1048.4115560346702
Node 1894, 2124.867715078254
Node 1761, 1424.7874141695702
Node 1317, 1022.1544546591454
Node 1676, 1221.6360484846473
Node 1387, 1033.2491895541466
Node 1372, 1030.1791879701425
Node 805, 953.256859826506
Node 108, 131.5451503121206
Node 1129, 1007.4635124228163
Node 827, 967.9724681203194
Node 265, 414.33889648052246
Node 1617, 1156.5132082884968
Node 1538, 1092.2996167008469
Node 1492, 1063.7871442308249
Node 1385, 1032.9619178183546
Node 1489, 1062.7890397517544
Node 1229, 1013.0549366822337
Node 1368, 1029.4644349621976
Node 158, 230.4651988030639
Node 80, 8.167128046703253
Node 1853, 1834.516159002763
Node 1534, 1089.508102459546
Node 81, 15.35261240831185
Node 1762, 1427.6260625096584
Node 1712, 1282.8957548594153
Node 1552, 1097.402143218683
Node 1513, 1079.6388239156067
Node 1283, 1018.0320130129795
Node 804, 952.6061092530897
Node 234, 372.02190853246105
Node 1630, 1168.2945323054253
Node 1009, 1002.9901248246073
Node 176, 281.1883197618611
Node 1594, 1138.3844472099643
Node 1428, 1041.8864323558166
Node 1246, 1014.2070244975228
Node 388, 538.4304895524416
Node 1760, 1421.7094771290044
Node 1345, 1026.0777098404978
Node 1591, 1133.5116564986183
Node 1465, 1051.8251444136697
Node 897, 1000.5054239290852
