Node, generations
Node 2121, 36879.60099215888
Node 465, 1440.8930829282829
Node 400, 1198.295608908168
Node 190, 1017.1487052453684
Node 123, 1003.6169589842649
Node 1031, 9384.512797430978
Node 245, 1037.2629975434797
Node 479, 1611.994703634055
Node 414, 1228.2613571305612
Node 355, 1130.0710229534097
Node 335, 1103.8772744569144
Node 363, 1141.75515124335
Node 460, 1392.0942975682567
Node 247, 1038.0753729961727
Node 452, 1358.8493222361492
Node 392, 1184.147149486177
Node 340, 1111.3314926197202
Node 339, 1107.857811288277
Node 413, 1226.7275584193653
