node_generations, branch_length
6966.2493409167555, 21647.034599028506
293.25574663746727, 6672.993594279288
0.0, 293.25574663746727
241.6572886882021, 51.59845794926517
0.0, 241.6572886882021
0.0, 241.6572886882021
4078.336365725295, 2887.9129751914606
2989.5428563672963, 1088.7935093579986
876.1955639123303, 2113.347292454966
0.0, 876.1955639123303
0.0, 876.1955639123303
1023.3674478050355, 1966.1754085622608
0.0, 1023.3674478050355
221.13062053421197, 802.2368272708235
0.0, 221.13062053421197
200.94046465281872, 20.190155881393252
0.0, 200.94046465281872
0.0, 200.94046465281872
3254.2967077017875, 824.0396580235074
0.0, 3254.2967077017875
376.99689363072576, 2877.2998140710615
0.0, 376.99689363072576
294.8937295455232, 82.1031640852026
0.0, 294.8937295455232
156.32052464643468, 138.5732048990885
0.0, 156.32052464643468
0.0, 156.32052464643468
13260.183925032938, 15353.100014912323
0.0, 13260.183925032938
7114.162985750108, 6146.020939282829
0.0, 7114.162985750108
2106.8540415852153, 5007.308944164894
204.0435566381759, 1902.8104849470394
0.0, 204.0435566381759
0.0, 204.0435566381759
479.4880514955575, 1627.3659900896578
0.0, 479.4880514955575
0.0, 479.4880514955575
