Node, generations
Node 1651, 42151.725473201615
Node 725, 2382.598384853294
Node 590, 2096.0436250060457
Node 661, 2200.4017849487323
Node 191, 1434.9577677960524
Node 42, 481.0095242327192
Node 40, 468.9555370644367
Node 1001, 9787.440816149207
Node 844, 3212.006806382267
Node 556, 2075.453485038492
Node 863, 3425.8315844802846
Node 497, 2033.1041025156292
Node 604, 2112.218097560934
Node 594, 2098.228435320536
Node 399, 2009.7021403087476
Node 589, 2095.4737987285703
Node 596, 2099.9715881743437
Node 539, 2062.4073543340724
Node 493, 2032.3180476358643
