Node, generations
Node 3673, 44905.98473076653
Node 1790, 6139.408470839025
Node 652, 344.8958609896138
Node 470, 238.64584073494788
Node 649, 342.3039529309057
Node 582, 288.8285825809084
Node 407, 222.07617373233035
Node 246, 204.92530621072007
Node 464, 234.89267718049527
Node 454, 231.846653493408
Node 415, 223.10811297382088
Node 431, 225.58812729064434
Node 1775, 6027.106611252102
Node 662, 362.5723205254439
Node 1561, 4638.8805621062265
Node 1094, 2227.089712307873
Node 793, 1077.7677435611874
Node 609, 305.5048184749782
Node 80, 20.016411716394014
Node 223, 203.64109963505524
Node 97, 110.75082168101956
Node 1268, 3110.3885264907562
Node 555, 276.9895579564543
Node 224, 203.73218836554972
Node 420, 223.67754542590052
Node 798, 1091.4052281386666
Node 171, 201.34651357806797
Node 480, 240.51458949836416
Node 2462, 13147.928083698733
Node 853, 1286.9847761864269
Node 716, 690.0994509199688
Node 646, 339.90046485428434
Node 519, 256.89067329045
Node 633, 326.0274258775055
Node 584, 289.49897039660914
Node 581, 288.40905262751187
Node 359, 215.40178499508949
Node 378, 218.7611864617764
Node 292, 208.49979996287834
Node 625, 321.08532479346684
Node 254, 205.39708057827264
Node 459, 233.9353871696876
Node 456, 232.97702085541442
Node 307, 209.4721253698521
Node 120, 162.96196335963
Node 361, 215.88017650303902
Node 228, 204.20920793090556
Node 692, 526.6552031370883
Node 560, 277.92444989807876
Node 289, 208.23227812963933
Node 258, 206.20243538028654
Node 423, 224.33794986195366
Node 639, 333.40342909264416
Node 1238, 2963.9296022055664
Node 660, 361.52713703821905
Node 642, 336.7679845916464
Node 541, 267.34081477505083
Node 373, 217.72825612627224
Node 525, 259.7842409838444
Node 387, 219.53564065758073
Node 520, 257.88383038965503
Node 578, 285.8077485204158
Node 309, 209.69317660117338
Node 457, 233.0596535921218
Node 648, 340.62819909956625
Node 595, 293.3020437038788
Node 549, 273.10579260313614
Node 494, 245.7104370225127
Node 410, 222.34150910657448
Node 144, 200.29708639369667
Node 630, 324.02857957261637
Node 606, 304.3206447966369
Node 500, 247.17886506628363
Node 421, 223.83184485634686
Node 529, 263.2154015296893
Node 293, 208.5598575590792
Node 765, 928.9486342989104
Node 655, 347.21303935529545
Node 371, 217.42340750961156
