node_generations, branch_length
242.41848388764225, 50144.37473688132
0.0, 242.41848388764225
0.0, 242.41848388764225
8158.119307181551, 42228.67391358741
801.5382427850378, 7356.581064396513
718.9251439780979, 82.61309880693989
295.8719415123998, 423.0532024656981
0.0, 295.8719415123998
256.4281345439659, 39.44380696843393
0.0, 256.4281345439659
225.3719315688613, 31.056202975104583
0.0, 225.3719315688613
0.0, 225.3719315688613
518.1890114418468, 200.73613253625115
0.0, 518.1890114418468
183.60516827448933, 334.5838431673575
0.0, 183.60516827448933
0.0, 183.60516827448933
739.0813623909988, 62.45688039403899
209.26506544311408, 529.8162969478848
0.0, 209.26506544311408
0.0, 209.26506544311408
579.5399946912261, 159.54136769977276
468.34584858603716, 111.1941461051889
204.10430541812957, 264.2415431679076
0.0, 204.10430541812957
0.0, 204.10430541812957
224.8122783522667, 243.53357023377046
0.0, 224.8122783522667
0.0, 224.8122783522667
502.5848565591994, 76.95513813202666
263.0513258279685, 239.53353073123088
0.0, 263.0513258279685
0.0, 263.0513258279685
415.4940377729063, 87.09081878629308
0.0, 415.4940377729063
339.60504612800315, 75.88899164490317
0.0, 339.60504612800315
240.26488612136993, 99.34016000663323
0.0, 240.26488612136993
222.7443706942494, 17.52051542712053
0.0, 222.7443706942494
216.12041527551426, 6.623955418735136
0.0, 216.12041527551426
204.41424502491867, 11.70617025059559
0.0, 204.41424502491867
172.07161191493614, 32.34263310998253
0.0, 172.07161191493614
0.0, 172.07161191493614
1547.67166056203, 6610.447646619521
0.0, 1547.67166056203
787.7354592824004, 759.9362012796296
0.0, 787.7354592824004
579.7920334347517, 207.94342584764865
284.7126686773135, 295.0793647574382
0.0, 284.7126686773135
274.9663731159837, 9.746295561329816
0.0, 274.9663731159837
237.04736893857694, 37.91900417740675
0.0, 237.04736893857694
207.5431819446876, 29.504186993889334
0.0, 207.5431819446876
0.0, 207.5431819446876
360.0003242838456, 219.79170915090612
222.9543310246831, 137.0459932591625
0.0, 222.9543310246831
103.91667686032336, 119.03765416435975
0.0, 103.91667686032336
0.0, 103.91667686032336
356.079552903919, 3.9207713799265775
221.9724618642752, 134.10709103964382
0.0, 221.9724618642752
0.0, 221.9724618642752
299.0332633802471, 57.04628952367193
0.0, 299.0332633802471
221.3886147918123, 77.64464858843479
0.0, 221.3886147918123
0.0, 221.3886147918123
