Node, generations
Node 1253, 20496.430344276687
Node 726, 1373.7116350920644
Node 420, 561.3380059345247
Node 145, 500.3051826324389
Node 62, 212.6902165784953
Node 101, 385.3152760223288
Node 540, 696.6559948681912
Node 788, 1912.4310426851414
Node 703, 1246.915256253658
Node 620, 889.5575033677179
Node 90, 339.0431877002388
Node 445, 577.6353209684031
Node 732, 1421.6419978286388
Node 426, 562.8401562962416
Node 359, 532.9616666617278
Node 118, 435.5053962408128
Node 238, 509.2451135505165
Node 672, 1070.2471993882705
Node 546, 713.031035528625
Node 415, 558.2278105573429
Node 489, 616.9117144697505
Node 205, 505.4364799263643
Node 667, 1044.2395350666716
Node 581, 793.2490626704566
Node 429, 565.2891967799235
Node 421, 561.4274746703301
Node 369, 536.7182558518051
Node 373, 538.6778922801294
Node 527, 680.5272542960989
Node 449, 581.0268377087547
Node 50, 136.8365600106603
Node 430, 565.5319388156339
Node 413, 557.7869114722444
Node 230, 508.1831428264378
Node 279, 515.6229554176439
Node 61, 207.55440200811506
Node 466, 593.736314061974
Node 605, 829.2372355600778
Node 518, 659.5015206706349
