Node, generations
Node 2551, 25226.01703276273
Node 1427, 1426.7960907301047
Node 747, 1004.7549913084317
Node 142, 314.93713645624666
Node 212, 450.1532355688864
Node 150, 332.1025241326884
Node 1286, 1172.2969353508265
Node 619, 1000.2935458714068
Node 1265, 1142.64275811683
Node 1261, 1137.8857646961953
Node 1236, 1104.8860222802246
Node 542, 923.9123407051134
Node 2201, 15622.286672871789
Node 1409, 1364.5728519345362
Node 1027, 1028.805418711811
Node 884, 1012.4430011624456
Node 1650, 5262.7070293714905
Node 1361, 1281.5559889555286
Node 1060, 1035.9091702584417
Node 66, 103.36264106792176
Node 969, 1020.1747452201154
Node 693, 1002.6948573742092
Node 1249, 1121.4734879990742
Node 785, 1006.8359224713096
Node 1161, 1066.066251341875
Node 1471, 1676.0685502922443
Node 1437, 1464.4554409601883
Node 1385, 1321.0743208590145
Node 1325, 1226.9850125044352
Node 1078, 1039.1987116774349
Node 1362, 1281.8333344830821
Node 1276, 1157.618270335931
Node 1232, 1101.498917554298
Node 1170, 1068.7934797531543
Node 441, 799.399766366829
Node 161, 348.815052580567
Node 136, 307.2082882230894
Node 90, 201.5044128195766
Node 1012, 1026.08424552385
Node 330, 619.6191402014208
Node 138, 310.27286654622924
Node 1336, 1245.2492793132099
Node 1207, 1082.9771268482486
Node 1113, 1049.2390812422361
Node 167, 354.48685102542106
Node 1059, 1035.7143198937922
Node 151, 332.52050188464375
Node 1197, 1080.3082805329789
Node 1151, 1063.1326425184425
Node 1124, 1053.4193568545586
Node 1333, 1242.4994650520887
Node 1177, 1070.9130883425596
Node 286, 553.5780222064669
Node 85, 179.55146183064437
Node 1454, 1537.465696451459
Node 1028, 1029.0032524018786
Node 1397, 1343.3534381609559
Node 1026, 1028.7835040025977
Node 724, 1003.9709011255025
