Node, generations
Node 1397, 16853.37817281985
Node 804, 646.3738226179759
Node 715, 431.1617135677985
Node 530, 257.36092965393556
Node 482, 241.7577724949865
Node 548, 267.08766937793536
Node 81, 7.769696764535317
Node 524, 255.58704046376448
Node 449, 231.64261948238212
Node 314, 210.84534224274557
Node 285, 208.2587378843568
Node 430, 227.67865145760203
Node 85, 34.80260260913242
Node 1003, 3311.4460462090374
Node 878, 902.6642295628538
Node 468, 238.0009213507098
Node 407, 224.9208722214582
Node 411, 225.2530037336398
Node 808, 654.777344777847
Node 702, 413.12278157495916
Node 487, 242.74619434434172
Node 465, 236.71245124602063
Node 746, 493.7364913368149
Node 701, 412.7932659577935
Node 419, 225.7042135752923
Node 418, 225.6464476810301
Node 182, 202.11027477420623
Node 226, 203.94931509379242
Node 690, 391.1894375017372
Node 408, 224.95091980135828
Node 368, 217.97082999603205
Node 357, 215.63378197270913
Node 436, 229.25938866508127
Node 219, 203.5737020729577
Node 417, 225.56344232380854
Node 915, 1086.1997014458818
Node 843, 756.0024597843251
Node 672, 370.68128467047177
Node 318, 211.2424004661138
Node 791, 610.1900075810015
Node 698, 404.4976267096419
Node 589, 293.1693507488097
Node 679, 377.26564194369644
Node 775, 576.0192840188768
Node 659, 360.11924058029837
Node 595, 299.87824424489
Node 433, 228.475672331814
Node 289, 208.52411808916554
Node 619, 318.2955149688234
Node 594, 299.5074105227434
Node 267, 206.19939507952526
Node 681, 378.49859335581715
Node 388, 222.03795979037764
Node 147, 200.19476817104248
Node 616, 316.97961881940864
Node 421, 225.8168374709709
Node 550, 268.3778572871607
Node 360, 216.1965121965422
Node 546, 266.7854556997523
Node 476, 239.2509361603038
Node 124, 150.24678068001188
Node 462, 235.34139180829774
Node 860, 827.5128786028425
Node 375, 220.1384980029961
Node 367, 217.71625262109205
Node 771, 572.8433991686777
Node 637, 330.7433146819797
Node 492, 245.03392846636856
Node 590, 293.72290994038417
Node 555, 270.4977080381731
Node 467, 237.9110791706639
Node 564, 275.6044924068267
Node 561, 274.61116709381116
Node 379, 220.59632060086207
Node 257, 205.77142502044757
Node 684, 380.5654602278733
Node 654, 355.51384901843306
Node 453, 232.58967141157288
Node 299, 208.98376104368165
