Node, generations
Node 1441, 19352.3638711094
Node 690, 1170.4868110647724
Node 651, 859.6834682004526
Node 288, 224.07461820394795
Node 522, 389.6796690752901
Node 61, 30.82702258476883
Node 506, 369.5254655105492
Node 68, 87.89778256119926
Node 455, 307.2530711674835
Node 241, 215.88354723590237
Node 438, 294.5910350139958
Node 181, 207.12143212388332
Node 350, 245.27444716976294
Node 660, 893.8681479458916
Node 572, 518.2038319523804
Node 421, 282.89725701559354
Node 247, 217.05442074742476
Node 632, 742.9363456605016
Node 502, 362.06548106478914
Node 490, 340.4441587118979
Node 406, 277.45755547821284
Node 318, 232.5306437973219
Node 425, 284.6496417729844
Node 403, 274.7222614015888
Node 76, 123.57877095037165
Node 578, 535.1643396661862
Node 477, 329.80382017050084
Node 428, 286.25563984074813
Node 398, 272.2962089854127
Node 386, 265.86994580389603
Node 407, 277.941391477423
Node 62, 45.56000114345446
Node 209, 211.26396708539758
Node 184, 207.63816435366311
Node 559, 465.42245316898715
Node 474, 329.029173630632
Node 466, 321.2220534841872
Node 478, 331.4609156559219
Node 282, 223.36839477862662
Node 148, 204.02158913270125
Node 160, 204.71069512527848
Node 349, 244.58515963912714
Node 326, 234.34214266758013
Node 1004, 8181.828115981417
Node 505, 368.9185965050787
Node 268, 220.14502610940525
Node 60, 5.9076630897032185
Node 303, 228.20981052519784
Node 949, 7131.673051934989
Node 414, 279.3326514878007
Node 399, 272.4119187004264
Node 378, 259.87177924314085
Node 404, 274.98903834737325
Node 362, 252.85400999267267
Node 308, 230.7960208878454
Node 253, 217.43373436810836
Node 164, 204.99059754292855
Node 310, 231.23929902468265
Node 601, 587.0302794176558
