Node, generations
Node 3109, 28011.170838185728
Node 1229, 3133.542023270729
Node 411, 156.5065307321754
Node 329, 126.58397317169104
Node 509, 236.16321421050066
Node 196, 106.56922327450397
Node 129, 101.6236325361477
Node 277, 116.28412167326464
Node 261, 113.65157996571254
Node 2721, 18291.24476074473
Node 2224, 10862.858563688193
Node 786, 1380.2375986457337
Node 400, 152.1414344741625
Node 237, 110.08209855368074
Node 350, 132.89419292089926
Node 171, 104.31690367083671
Node 95, 73.90429104331555
Node 89, 59.764580086689136
Node 754, 1266.0170960120704
Node 85, 49.32767688830035
Node 497, 221.54646919700684
Node 335, 127.89101662277778
Node 323, 125.3922158356338
Node 443, 173.38115278420926
Node 287, 117.62075019771648
Node 193, 106.2392290967484
Node 136, 101.99197060208981
Node 186, 105.83633834896992
Node 278, 116.32715838417477
Node 86, 49.84293176168085
Node 1803, 6686.647419648973
Node 855, 1601.9469374030007
Node 169, 104.28926696416623
Node 1711, 6045.9408882225
Node 679, 985.3760905560844
Node 556, 493.52117403533333
Node 243, 111.2162745155295
Node 375, 140.8967266241755
Node 1279, 3433.8224924277633
Node 409, 156.21111837543697
Node 372, 139.18898907991965
Node 877, 1673.9287850458531
Node 652, 893.197815631395
Node 398, 151.33119575584456
Node 298, 118.67615524738277
Node 262, 113.84695715264455
Node 426, 162.11523826172504
Node 303, 119.8789112791884
Node 238, 110.25753081276251
Node 416, 158.2872803735616
Node 331, 127.0415491834053
Node 816, 1483.817609878798
Node 420, 159.73594061488456
Node 391, 146.84037918097883
Node 382, 143.59565542965575
Node 359, 134.57716741753202
Node 366, 137.0856034708733
Node 360, 135.1794465607194
Node 272, 115.11808170533736
Node 2263, 11398.320033624563
Node 479, 200.94504762114542
Node 355, 133.6058726595779
Node 348, 132.2662879279382
Node 245, 111.41057970330361
Node 241, 110.5367914817857
Node 228, 109.15530698115589
Node 93, 72.80998725553097
Node 327, 126.47014546662291
Node 144, 102.50727845948862
Node 528, 311.98135542658883
Node 225, 108.88170418777949
Node 172, 104.62531410600378
Node 524, 290.2514837878451
Node 162, 103.946715956273
Node 139, 102.0947741354116
Node 519, 259.4373399270593
Node 353, 133.3708476465155
Node 205, 107.0499911909248
Node 197, 106.70516301242765
