node_generations, branch_length
3633.5809638101978, 92055.66790093968
208.02267538819342, 3425.5582884220044
0.0, 208.02267538819342
0.0, 208.02267538819342
271.20577336649444, 3362.375190443703
0.0, 271.20577336649444
0.0, 271.20577336649444
19521.550993847213, 76167.69787090266
2522.5863412320773, 16998.964652615137
0.0, 2522.5863412320773
828.6257222290602, 1693.9606190030172
0.0, 828.6257222290602
211.38547425439376, 617.2402479746664
0.0, 211.38547425439376
0.0, 211.38547425439376
17669.66348623214, 1851.8875076150725
1353.7708917125262, 16315.892594519615
0.0, 1353.7708917125262
0.0, 1353.7708917125262
4009.7571069519677, 13659.906379280173
116.78436684566664, 3892.972740106301
0.0, 116.78436684566664
0.0, 116.78436684566664
460.60333453855674, 3549.153772413411
199.0750153462091, 261.5283191923476
0.0, 199.0750153462091
117.61157817830663, 81.46343716790248
0.0, 117.61157817830663
0.0, 117.61157817830663
234.6554186905181, 225.94791584803863
0.0, 234.6554186905181
216.05285124280456, 18.60256744771354
0.0, 216.05285124280456
201.63260917989177, 14.420242062912791
0.0, 201.63260917989177
108.69436177050214, 92.93824740938963
0.0, 108.69436177050214
0.0, 108.69436177050214
