Node, generations
Node 2237, 35505.64817137769
Node 983, 7774.569060861109
Node 47, 96.74030375354138
Node 1627, 17811.799634078292
Node 38, 89.3667573474516
Node 1594, 17154.198513087187
Node 221, 1487.9769257453502
Node 23, 55.25708998186192
Node 716, 5158.8617019155945
Node 327, 2183.4343201628017
Node 49, 100.1764369555038
Node 80, 184.00319687125776
Node 451, 3017.394465309016
Node 321, 2146.3918511900433
Node 39, 90.53041792117074
Node 55, 111.71219575640998
Node 24, 57.40890767852923
Node 29, 72.98329148799152
Node 27, 61.716141428938805
