Node, generations
Node 752, 15319.447506580806
Node 291, 1047.3032703240901
Node 241, 653.3713969088897
Node 154, 336.70168476082455
Node 276, 949.1762634373451
Node 259, 763.5247494661763
Node 224, 539.5575025263372
Node 266, 870.7611487356945
Node 221, 518.800384046651
Node 63, 226.18059917015427
Node 166, 348.7151959780566
Node 428, 5281.78704300188
Node 178, 376.16373001025596
Node 105, 263.5736369566059
Node 78, 238.23253839739337
Node 75, 233.81977252897073
Node 358, 2804.595961423074
Node 123, 287.4614375317945
Node 36, 207.0183587978851
