Node, generations
Node 1977, 27426.436838131
Node 972, 2608.462693182495
Node 840, 1272.4996728606436
Node 883, 1413.7258978395923
Node 867, 1339.076065025029
Node 746, 1113.317336359262
Node 426, 1006.1638695105553
Node 43, 97.57953944386473
Node 812, 1205.487932576175
Node 262, 837.38086805246
Node 773, 1145.0421153110349
Node 762, 1127.1838314050979
Node 361, 1002.457631598444
Node 193, 672.3012410395241
Node 1599, 16342.378867892296
Node 817, 1216.2613200617823
Node 595, 1037.4940850662717
Node 1098, 5463.694650263882
Node 833, 1248.7340423968233
Node 724, 1093.1806015827613
Node 771, 1135.7161959963594
Node 651, 1054.2181500950405
Node 720, 1092.3376264626752
Node 207, 727.8102283620178
Node 560, 1027.0469433075534
Node 46, 121.10859272595722
Node 945, 1842.7893413728018
Node 108, 419.41821793679975
Node 819, 1218.375325582827
Node 809, 1203.5631471892905
Node 797, 1180.1820567660022
Node 680, 1068.9389993363257
Node 767, 1130.7985460830705
Node 572, 1029.8257708222297
Node 547, 1022.8631776648465
Node 62, 241.99144107169266
Node 766, 1130.03168890599
Node 748, 1113.8492264489935
Node 374, 1003.2862595668357
