Node, generations
Node 1412, 25540.435735332085
Node 682, 5231.61711527871
Node 384, 1177.7492716091713
Node 248, 1036.5539640968652
Node 224, 1028.4015052368088
Node 518, 1626.900427893771
Node 490, 1490.1647136812667
Node 358, 1132.236874805642
Node 354, 1125.542033750091
Node 240, 1033.0189009369972
Node 184, 1014.2907458530749
Node 1057, 14268.190725725643
Node 525, 1675.4522964520615
Node 454, 1348.892772687118
Node 352, 1123.6837621750785
Node 261, 1045.070791647006
Node 317, 1086.8779991230815
Node 260, 1044.8764204134618
Node 105, 1000.0305131506398
