Node, generations
Node 3445, 37895.36745068673
Node 1293, 3915.1537951220444
Node 460, 1050.7274593533145
Node 450, 1031.9474125471809
Node 104, 120.92157266847279
Node 1244, 3672.80703136894
Node 443, 1015.0170877365667
Node 285, 597.7783996759167
Node 3299, 32832.36458985323
Node 1834, 7062.032351028204
Node 686, 1587.7315171496118
Node 253, 520.5372275101898
Node 196, 348.32384810714973
Node 123, 130.50713502824726
Node 266, 560.905432247836
Node 134, 139.14350202447713
Node 239, 484.6112340590593
Node 182, 299.70959804545595
Node 117, 127.91137392180578
Node 107, 122.38218360365033
Node 154, 168.2773528836416
Node 109, 123.37158342493282
Node 55, 102.7878380452713
Node 40, 27.534043388071872
Node 1111, 3027.5734870244273
Node 638, 1473.347652283442
Node 128, 134.74029550041513
Node 91, 115.5668003217031
Node 88, 114.35775834645403
Node 50, 102.53322263873414
Node 489, 1089.82674525406
Node 102, 119.71920171554729
Node 198, 355.2776647823644
Node 181, 287.41474507637844
Node 48, 101.99000070430073
Node 64, 106.98115828949908
Node 2377, 12749.884943034524
Node 125, 132.75294513387442
Node 1238, 3624.624417573018
