Node, generations
Node 3248, 34124.71880841297
Node 417, 245.1094721535368
Node 3020, 27151.1095308488
Node 1564, 5944.578073183596
Node 964, 2500.2594882219564
Node 278, 108.36526568669257
Node 169, 62.857588830095324
Node 111, 53.904656522650114
Node 209, 75.23260246636386
Node 321, 141.3967781220459
Node 152, 59.64658783158073
Node 128, 56.341945726065575
Node 103, 52.510773423791065
Node 307, 128.03232707231652
Node 234, 83.03943606132142
Node 261, 100.20796062410543
Node 241, 87.56332818562079
Node 1337, 4408.519665454478
Node 924, 2323.582648594368
Node 397, 225.08218630750176
Node 380, 202.17611436642366
Node 693, 1490.2407060834582
Node 609, 1163.9051797890631
Node 284, 110.62051433312142
Node 221, 78.08811371076305
Node 265, 103.12510871590132
Node 193, 70.28674653535039
Node 148, 58.85912239469476
Node 99, 52.321425437868186
Node 104, 52.75245091402839
Node 246, 89.28545089146105
Node 130, 56.61963141649468
Node 197, 71.95502043108529
Node 433, 337.8515147330901
Node 245, 88.91054657798617
Node 179, 65.5846753479051
Node 347, 159.46499917491826
Node 154, 59.767822866760696
Node 297, 120.98500395129307
Node 254, 96.12640510988244
Node 155, 59.89454223911834
Node 2919, 24598.353741859566
Node 1653, 6622.376472655484
Node 427, 304.66110272552936
Node 275, 106.46181464081592
Node 81, 29.135314073830816
Node 1060, 2939.8156961859536
Node 378, 195.12848553335522
Node 336, 150.5313806348582
Node 217, 76.60483020286662
Node 147, 58.71324539165783
Node 125, 55.824268896694335
Node 232, 82.62128997938541
Node 344, 156.3157138565223
Node 182, 67.2853723482723
Node 156, 60.06467141966785
Node 339, 152.5881391495173
Node 263, 101.9308820879686
Node 1036, 2824.9852807608054
Node 345, 156.3899863483489
Node 183, 67.35284125665748
Node 329, 145.61000676677102
Node 164, 61.825232815824826
Node 82, 36.5011050649932
Node 984, 2561.3053323526956
Node 428, 305.87887089904547
Node 410, 241.19648007553303
Node 333, 147.76836002651947
Node 346, 158.57250174512865
Node 337, 151.14804202360784
Node 120, 55.34758555961574
Node 655, 1341.3878176535247
Node 332, 146.68735428139365
Node 136, 57.13769975936671
Node 184, 67.82895966582463
Node 2763, 20834.316806996965
Node 135, 57.1146209256517
Node 242, 88.53596157882228
Node 198, 72.08995531048919
