Node, generations
Node 905, 9520.64733252459
Node 504, 1057.8913523357714
Node 445, 704.6241707487828
Node 89, 204.49924160541184
Node 433, 648.2156838525651
Node 251, 274.23337259834756
Node 513, 1122.9045028538285
Node 424, 595.0776014255468
Node 294, 323.67831059536985
Node 255, 276.62238983659955
Node 246, 270.0067643728482
Node 249, 271.05714696898934
Node 82, 203.85399296595867
Node 104, 207.04242105752746
Node 393, 508.436910812476
Node 130, 213.78628270952746
Node 386, 487.0109494165685
Node 230, 257.96636518698506
Node 326, 355.65642992418395
Node 469, 809.4277943440509
Node 320, 348.074328261122
Node 49, 136.9558048406451
Node 452, 721.7169847642756
Node 436, 653.2546742215015
Node 357, 401.0364499048302
Node 322, 352.1958846622726
Node 206, 245.1355100229942
Node 138, 216.47609819041986
Node 110, 208.12712913244022
Node 202, 241.83331387438864
Node 321, 350.523197394798
Node 355, 400.3277114578897
Node 374, 440.2563421006426
Node 40, 5.032922291347873
Node 439, 679.525661721791
Node 262, 284.33281684854865
Node 218, 252.5360895552134
Node 208, 245.97431684581804
Node 161, 224.1521126514745
