node_generations, branch_length
9882.975506894834, 24536.02289178808
5559.922576043228, 4323.052930851606
0.0, 5559.922576043228
166.06136840673008, 5393.861207636498
0.0, 166.06136840673008
159.17417926923764, 6.887189137492442
0.0, 159.17417926923764
113.92339894249658, 45.250780326741065
0.0, 113.92339894249658
0.0, 113.92339894249658
9578.297925745495, 304.67758114933895
280.4856540863005, 9297.812271659195
134.20139815951885, 146.28425592678164
0.0, 134.20139815951885
0.0, 134.20139815951885
201.60257359146226, 78.88308049483823
0.0, 201.60257359146226
124.56670674894154, 77.03586684252072
0.0, 124.56670674894154
0.0, 124.56670674894154
5677.415872781178, 3900.882052964317
198.8808955036043, 5478.5349772775735
0.0, 198.8808955036043
0.0, 198.8808955036043
5502.517992382767, 174.89788039841096
219.08046707866936, 5283.437525304098
0.0, 219.08046707866936
0.0, 219.08046707866936
4225.911686282576, 1276.6063061001914
1473.1223484617626, 2752.789337820813
163.29783987020124, 1309.8245085915614
0.0, 163.29783987020124
152.9437022501458, 10.35413762005544
0.0, 152.9437022501458
0.0, 152.9437022501458
965.5783881536153, 507.54396030814735
0.0, 965.5783881536153
333.4972230503209, 632.0811651032943
0.0, 333.4972230503209
0.0, 333.4972230503209
2012.8734355194892, 2213.0382507630866
200.01391830045606, 1812.8595172190333
0.0, 200.01391830045606
194.71036715663416, 5.303551143821892
0.0, 194.71036715663416
0.0, 194.71036715663416
253.47877749665994, 1759.3946580228294
116.5589814779824, 136.91979601867754
0.0, 116.5589814779824
109.78552591450172, 6.773455563480681
0.0, 109.78552591450172
0.0, 109.78552591450172
253.31141626774982, 0.16736122891012428
0.0, 253.31141626774982
214.7931955392846, 38.518220728465224
116.88871132049462, 97.90448421878997
109.19141226471417, 7.697299055780448
0.0, 109.19141226471417
0.0, 109.19141226471417
111.95341297987933, 4.93529834061529
0.0, 111.95341297987933
0.0, 111.95341297987933
206.01166049831252, 8.781535040972074
0.0, 206.01166049831252
0.0, 206.01166049831252
14707.084553009323, 19711.913845673596
175.747557774913, 14531.33699523441
0.0, 175.747557774913
137.98527536162635, 37.76228241328664
0.0, 137.98527536162635
115.85243831970828, 22.132837041918066
0.0, 115.85243831970828
0.0, 115.85243831970828
1447.616786568347, 13259.467766440976
0.0, 1447.616786568347
112.59117124433523, 1335.0256153240116
0.0, 112.59117124433523
0.0, 112.59117124433523
