Node, generations
Node 2295, 17315.01718046415
Node 1553, 7209.418553802041
Node 436, 282.15850317609284
Node 113, 200.54439881379432
Node 267, 219.88622252725716
Node 62, 60.35300305666354
Node 972, 3041.4869902377345
Node 415, 270.8863489881982
Node 341, 237.76265019308687
Node 215, 209.65184949308085
Node 72, 96.01677630065352
Node 84, 125.83177312234899
Node 290, 223.50887193904083
Node 392, 259.06452725102366
Node 255, 217.54614603300942
Node 296, 225.5149166690435
Node 481, 327.12614088117414
Node 473, 318.56580012597544
Node 2244, 16275.373663974255
Node 1265, 4958.860468722477
Node 432, 281.1934071893902
Node 397, 262.6841786598713
Node 285, 222.16181304205068
Node 353, 241.68990663386333
Node 272, 220.45061977760605
Node 210, 208.99011010701696
Node 456, 294.0730681230069
Node 295, 225.51487347630385
Node 169, 205.09581128269258
Node 366, 247.64006813601475
Node 304, 226.9275689317087
Node 145, 203.41843124226878
Node 2209, 15543.662232998682
Node 167, 205.0669125732328
Node 1382, 5784.536304575853
Node 895, 2530.8767574478297
Node 771, 1838.9589825367623
Node 502, 358.2947119783093
Node 266, 219.87056597803166
Node 462, 298.1450711661007
Node 417, 271.23775050440605
Node 396, 261.85198210459595
Node 105, 196.64250532046137
Node 249, 216.54091156973178
Node 189, 207.10612773575784
Node 450, 289.029305367802
Node 618, 1020.9620613665359
Node 484, 328.73083054992617
Node 388, 256.9233369510814
Node 412, 269.756388056176
Node 172, 205.3104379376961
Node 577, 754.8247187015044
Node 382, 255.56834753183142
Node 452, 290.3718860232167
Node 300, 226.2742883094748
Node 878, 2464.758180896882
Node 533, 395.73657968333583
Node 100, 185.98640215464658
Node 647, 1185.693872439935
