Node, generations
Node 2809, 19866.690644178554
Node 515, 813.4579020509433
Node 367, 220.94028806581954
Node 120, 105.33899208344585
Node 372, 229.52808937225223
Node 2807, 19818.189913284183
Node 198, 123.77134111817374
Node 2568, 15583.486808783953
Node 1612, 5830.617847848487
Node 610, 1123.783137038558
Node 377, 234.67193247975786
Node 281, 156.24478867113964
Node 204, 125.66708229213678
Node 231, 134.68217766843512
Node 78, 100.92332365027724
Node 197, 123.76916068276071
Node 312, 176.10857453173801
Node 208, 127.04238160888085
Node 200, 124.13114367055854
Node 280, 156.13712024978244
Node 180, 117.64280618912403
Node 438, 500.4965439722029
Node 396, 297.36088123235265
Node 149, 109.6085432806285
Node 63, 51.503974652390816
Node 347, 204.3908085653834
Node 176, 116.77968179643808
Node 173, 115.77370830637895
Node 330, 192.49397697399516
Node 61, 38.18257451348398
Node 977, 2403.2378142302864
Node 817, 1837.2326325447239
Node 491, 714.8508373208978
Node 376, 233.58337010049502
Node 259, 146.19945863291204
Node 631, 1182.4459316558412
Node 311, 175.18773057380432
Node 261, 146.50094118978393
Node 254, 144.3047925142099
Node 866, 1993.504948693685
Node 726, 1509.2904088393514
Node 314, 178.01291924499878
Node 382, 238.18922171790453
Node 195, 121.4309813509668
Node 90, 102.15688529950154
Node 1706, 6540.629087444361
Node 379, 235.1715859245146
Node 1663, 6227.50186842963
Node 266, 149.6541094536155
Node 92, 102.17355904124233
Node 68, 81.90001671365938
Node 973, 2394.8651613235684
Node 513, 805.3083016388528
Node 245, 139.69035064902147
Node 181, 117.85195834687505
Node 308, 172.81700181532062
Node 133, 107.29439342391814
Node 132, 107.23460228584692
Node 81, 101.19653383675931
