Node, generations
Node 933, 24125.4645457026
Node 320, 837.805446167046
Node 174, 555.1005092917709
Node 316, 825.795680059993
Node 228, 608.852578365938
Node 171, 553.4342411457143
Node 111, 521.8527585523647
Node 216, 594.8722547079598
Node 293, 741.5472208662449
Node 400, 1281.2444476186795
Node 299, 753.5059657372184
Node 271, 677.5887693115192
Node 214, 594.3822869625773
Node 54, 502.94033210395486
Node 296, 750.4839522487567
Node 32, 291.4485353985041
Node 391, 1232.4634193340112
Node 380, 1151.750818856899
Node 90, 511.0083479083205
