node_generations, branch_length
3304.2941423874313, 8605.292082344979
0.0, 3304.2941423874313
2116.728040596134, 1187.5661017912971
179.904984324045, 1936.8230562720892
28.39685160629924, 151.50813271774575
0.0, 28.39685160629924
0.0, 28.39685160629924
77.46355992140448, 102.44142440264051
12.619805264352845, 64.84375465705163
0.0, 12.619805264352845
0.0, 12.619805264352845
48.18871075631124, 29.274849165093244
0.0, 48.18871075631124
0.0, 48.18871075631124
1473.1457102263134, 643.5823303698207
33.36309941007062, 1439.7826108162428
0.0, 33.36309941007062
3.715864716432637, 29.64723469363798
0.0, 3.715864716432637
0.0, 3.715864716432637
48.922667980699366, 1424.2230422456141
0.0, 48.922667980699366
21.39677305334688, 27.525894927352486
0.0, 21.39677305334688
0.0, 21.39677305334688
3398.552103955171, 8511.034120777238
2560.60516755842, 837.946936396751
180.5563441419813, 2380.0488234164386
139.3915258033327, 41.16481833864859
66.26655592356325, 73.12496987976947
12.712815799868757, 53.55374012369449
0.0, 12.712815799868757
2.1914896361717124, 10.521326163697044
0.0, 2.1914896361717124
0.0, 2.1914896361717124
58.586540866505274, 7.680015057057972
0.0, 58.586540866505274
40.68165585525088, 17.904885011254393
0.0, 40.68165585525088
30.680597858896068, 10.001057996354813
0.0, 30.680597858896068
0.0, 30.680597858896068
83.68741164267243, 55.70411416066028
0.0, 83.68741164267243
50.23111549443197, 33.45629614824046
0.0, 50.23111549443197
29.156572658855833, 21.074542835576136
0.0, 29.156572658855833
0.0, 29.156572658855833
148.45585905917966, 32.10048508280164
0.0, 148.45585905917966
126.41956017622165, 22.036298882958008
0.0, 126.41956017622165
117.66437997565986, 8.755180200561796
0.0, 117.66437997565986
49.931079047315514, 67.73330092834433
0.0, 49.931079047315514
0.0, 49.931079047315514
2431.9833965768453, 128.62177098157463
0.0, 2431.9833965768453
811.4531735368244, 1620.530223040021
66.37878495779314, 745.0743885790312
0.0, 66.37878495779314
3.5823227599792453, 62.796462197813895
0.0, 3.5823227599792453
0.0, 3.5823227599792453
76.41305332505976, 735.0401202117646
0.0, 76.41305332505976
49.914639769198594, 26.49841355586117
0.0, 49.914639769198594
0.0, 49.914639769198594
2950.614988091989, 447.93711586318204
0.0, 2950.614988091989
2299.8029600514947, 650.8120280404942
0.0, 2299.8029600514947
52.340055607727535, 2247.462904443767
0.0, 52.340055607727535
0.0, 52.340055607727535
