Node, generations
Node 3311, 11714.472199426666
Node 3094, 3069.112310179178
Node 2974, 2439.3299461409783
Node 2822, 2135.1918224786336
Node 2786, 2096.385655032334
Node 2538, 2020.5303015997436
Node 2255, 2003.4094906924604
Node 498, 661.8481838627617
Node 2775, 2090.8530934672294
Node 111, 141.17579759715755
Node 894, 1011.7692788461877
Node 755, 881.4018739385668
Node 2888, 2218.3441994675322
Node 2805, 2118.9964442169467
Node 2773, 2089.2426326068285
Node 2709, 2057.721936694077
Node 1280, 1324.3427115666634
Node 88, 68.15814478345985
Node 1267, 1316.4496644971748
Node 2353, 2006.2086758504686
Node 1106, 1182.2151141521642
Node 137, 187.4910650913466
Node 2352, 2006.1815338632487
Node 819, 947.2877671192258
Node 2087, 1986.5734804023136
Node 1910, 1839.9727430631056
Node 2886, 2215.1752184700354
Node 2806, 2120.484416846287
Node 2436, 2011.28970729848
Node 2600, 2030.9777572820215
Node 2868, 2183.423594999787
Node 2546, 2021.948569169896
Node 2456, 2012.8253972441305
Node 2134, 2000.4906361819499
Node 183, 266.859312085931
Node 3024, 2654.2932406576765
Node 2384, 2007.7245341304204
Node 1286, 1329.0596550673347
Node 2845, 2156.2640567153135
Node 2768, 2086.4144106114168
Node 2484, 2015.0268339237537
Node 2791, 2099.564199170233
Node 2580, 2026.9995308831558
Node 1347, 1377.3308643941555
Node 103, 118.93340216472889
Node 470, 636.6416629255716
Node 2421, 2010.2405888838248
Node 2066, 1961.436503565194
Node 301, 431.0972044493972
Node 181, 263.6888851292198
Node 284, 410.9905567619769
Node 1750, 1719.9437618964087
Node 1079, 1159.5460617992753
Node 186, 270.98324260168226
Node 560, 716.2584839281438
Node 2303, 2004.6361501221052
Node 3130, 3453.0502812275136
Node 2909, 2241.6599437593477
Node 2870, 2189.4009321793114
Node 2698, 2054.4041815392934
Node 2674, 2046.7753995409366
Node 752, 879.2901199067478
Node 2857, 2170.609893404177
Node 2702, 2055.678938768007
Node 453, 624.7133241934409
Node 3038, 2703.4030387789903
Node 2970, 2421.913243580033
Node 839, 969.7446653915719
Node 693, 839.9145009736088
Node 597, 753.3980749865933
Node 2919, 2268.1013399150484
Node 2861, 2178.7439329111203
Node 2424, 2010.433309288024
Node 1926, 1852.6711793510533
Node 622, 775.9418327944362
Node 2697, 2054.129382301396
Node 2655, 2041.6397140725644
Node 999, 1109.4174829588123
Node 2977, 2450.5607417463357
