Node, generations
Node 1664, 65288.20199926605
Node 812, 2988.990893459323
Node 426, 2022.1659505189762
Node 765, 2644.9330487704474
Node 670, 2230.8812771648513
Node 429, 2022.4541134542267
Node 445, 2025.486818975536
Node 43, 513.7040327310954
Node 24, 225.21214087057507
Node 980, 10030.12178500796
Node 746, 2509.0426729204273
Node 382, 2011.7711823473012
Node 97, 1045.5908835446112
Node 730, 2419.4125144582563
Node 350, 2008.2973203225679
Node 801, 2824.908038114807
Node 637, 2166.232859798492
Node 524, 2053.7577011276376
Node 799, 2803.7327190552974
