node_generations, branch_length
7817.37097309682, 6561.205068870158
0.0, 7817.37097309682
6784.382561558407, 1032.988411538413
1121.4798830915254, 5662.902678466882
0.0, 1121.4798830915254
1056.6198859039039, 64.8599971876215
0.0, 1056.6198859039039
1011.3683164096374, 45.251569494266505
0.0, 1011.3683164096374
84.96091248790601, 926.4074039217313
0.0, 84.96091248790601
0.0, 84.96091248790601
2027.162339928121, 4757.220221630287
0.0, 2027.162339928121
1465.7812467708532, 561.3810931572677
1107.8178286142388, 357.96341815661435
0.0, 1107.8178286142388
1009.0328704439831, 98.78495817025566
0.0, 1009.0328704439831
0.0, 1009.0328704439831
1141.6858406008037, 324.0954061700495
0.0, 1141.6858406008037
1076.4562045278083, 65.22963607299539
0.0, 1076.4562045278083
1061.7984568459838, 14.657747681824503
0.0, 1061.7984568459838
1052.3894493557218, 9.409007490261956
0.0, 1052.3894493557218
1044.100125707181, 8.289323648540858
0.0, 1044.100125707181
1017.3287386266942, 26.77138708048676
0.0, 1017.3287386266942
0.0, 1017.3287386266942
13710.66079605834, 667.9152459086381
1312.6479345580503, 12398.01286150029
0.0, 1312.6479345580503
0.0, 1312.6479345580503
7907.223462301127, 5803.437333757213
1092.8822052805183, 6814.341257020609
0.0, 1092.8822052805183
0.0, 1092.8822052805183
2379.9077205586445, 5527.315741742483
1037.2651189091073, 1342.6426016495373
0.0, 1037.2651189091073
475.0232930508478, 562.2418258582595
0.0, 475.0232930508478
0.0, 475.0232930508478
1302.336840251111, 1077.5708803075336
0.0, 1302.336840251111
1139.774141392646, 162.56269885846496
1074.2241137621925, 65.55002763045354
1031.529359788074, 42.694753974118385
0.0, 1031.529359788074
0.0, 1031.529359788074
1050.9215059612484, 23.302607800944088
371.82341165312425, 679.0980943081241
0.0, 371.82341165312425
0.0, 371.82341165312425
1049.380093254471, 1.5414127067774643
47.87678086994606, 1001.5033123845249
0.0, 47.87678086994606
0.0, 47.87678086994606
1041.039395892775, 8.340697361695902
0.0, 1041.039395892775
0.0, 1041.039395892775
1081.8804177298866, 57.893723662759385
0.0, 1081.8804177298866
1077.287955043362, 4.592462686524641
669.3183897253243, 407.96956531803767
0.0, 669.3183897253243
0.0, 669.3183897253243
1053.7082981583974, 23.579656884964606
0.0, 1053.7082981583974
1010.4595761258516, 43.24872203254574
0.0, 1010.4595761258516
463.05768024745316, 547.4018958783985
0.0, 463.05768024745316
0.0, 463.05768024745316
