Node, generations
Node 2154, 17967.24612357999
Node 722, 1653.4265609173506
Node 465, 312.6957501886279
Node 2013, 15265.029696026597
Node 1577, 9115.424265919299
Node 526, 393.3195143927036
Node 218, 212.51630907445113
Node 407, 274.5494256820535
Node 1995, 15094.189269846294
Node 707, 1531.7701381344498
Node 507, 366.14265785403916
Node 414, 280.2084393523162
Node 338, 240.6742218207169
Node 66, 57.00165338385185
Node 470, 319.4510678401464
Node 469, 317.9224455977511
Node 1021, 3723.182215874543
Node 740, 1747.3115416363737
Node 486, 337.9365160135628
Node 415, 280.24384254731046
Node 267, 221.04133287969722
Node 318, 231.42317691901482
Node 159, 207.21627840529268
Node 227, 213.4100279548988
Node 100, 200.6082474781743
Node 584, 504.06055029039806
Node 557, 448.18597105068187
Node 419, 284.82552828533204
Node 581, 491.0216843160215
Node 410, 276.7301616544054
Node 183, 209.3980426098236
Node 405, 273.7358276798138
Node 151, 205.9219063257894
Node 138, 204.2289245633802
Node 252, 217.97391833035527
Node 528, 393.4821799884871
Node 896, 2897.476241673719
Node 289, 224.51871315715158
Node 580, 490.8731207070203
Node 499, 352.1003506502623
Node 448, 300.50034654608896
Node 395, 266.85922622638964
Node 371, 254.62678803786088
Node 60, 26.029568237792503
Node 325, 234.09487485533833
Node 150, 205.790630524675
Node 311, 229.5545155827408
Node 428, 290.92251926919255
Node 346, 243.27062079315084
Node 491, 343.3329696818869
Node 174, 208.8507527148925
Node 563, 458.20906546824136
Node 456, 306.01909266373286
Node 332, 238.0523764654507
Node 450, 301.74690887965056
Node 530, 394.46398261795383
Node 293, 225.44033898251786
Node 479, 332.03431098179084
Node 259, 219.67022880959857
