Node, generations
Node 1100, 15857.769068146647
Node 256, 749.6187044126686
Node 637, 6745.343700570248
Node 314, 1703.9631835766927
Node 201, 475.97949344962575
Node 221, 548.2019746062464
Node 212, 511.34948852609756
Node 80, 230.7975556619784
Node 327, 1976.3036177456738
Node 139, 307.0039061174516
Node 41, 208.10844854030518
Node 37, 205.3023052606196
Node 127, 291.40106513916015
Node 84, 238.63592078678857
Node 101, 262.690395275245
Node 78, 229.76460928697986
Node 27, 202.12369569230304
Node 97, 260.16880490758945
Node 164, 361.0126854241665
