Node, generations
Node 2300, 17532.439981614698
Node 1764, 10193.96483373666
Node 503, 1491.718143235262
Node 225, 209.64311403633067
Node 211, 195.34179178450802
Node 214, 197.76508112864855
Node 1542, 8046.516397117423
Node 53, 104.97984310535747
Node 1368, 6350.473308207939
Node 435, 1207.8790395728188
Node 129, 133.72907036817426
Node 116, 129.6298004789501
Node 254, 271.5128271802904
Node 164, 156.37687552537932
Node 48, 103.35348935662172
Node 172, 161.29163028462486
Node 167, 157.84173833605348
Node 109, 125.89938944339303
Node 531, 1623.4961589968952
Node 128, 133.59465974585814
Node 174, 164.7652611687933
Node 136, 137.1968785749629
Node 130, 134.11572321097736
Node 2127, 14611.348592702272
Node 1742, 10002.340191344185
Node 217, 198.70465494205516
Node 103, 124.59139020215983
Node 42, 100.25791211288815
Node 152, 146.84787946341282
Node 637, 2027.5484659832266
Node 359, 858.6753817064646
Node 179, 171.0380391025891
Node 126, 133.50820060469877
Node 50, 104.4453666751382
Node 2098, 14118.096739389302
Node 720, 2506.7788198715475
Node 143, 141.92940944529107
Node 141, 141.10641612467955
Node 45, 101.55712147470047
