Node, generations
Node 944, 13458.62825216756
Node 558, 1843.8553247052985
Node 125, 1002.7235024233104
Node 399, 1212.3441870276702
Node 888, 11782.450579466955
Node 597, 2143.168810729467
Node 480, 1446.086441550997
Node 455, 1347.6643426088397
Node 165, 1008.3203636123958
Node 524, 1620.0788378679688
Node 347, 1113.0093110490013
Node 258, 1035.7685758061616
Node 335, 1096.6361819657566
Node 238, 1028.7395163420222
Node 496, 1500.1773785872606
Node 623, 2436.2121337059916
Node 338, 1097.6208981837872
Node 474, 1409.3223813391542
Node 292, 1056.6491876978241
