Node, generations
Node 2130, 41775.261260376115
Node 804, 7681.917018766943
Node 197, 568.5845187360458
Node 135, 341.08058258563085
Node 177, 499.61984247170096
Node 170, 480.8951328343901
Node 595, 5204.986496672942
Node 201, 587.3323571876515
Node 186, 546.7499536826366
Node 124, 310.90562048481104
Node 66, 228.09974812074174
Node 85, 248.07189858397962
Node 258, 1640.97288230478
Node 205, 861.7944447343682
Node 59, 220.52667025775793
Node 147, 379.58087496379704
Node 61, 223.69693515952807
Node 38, 207.14887946553972
Node 29, 203.60198601560234
