Node, generations
Node 1987, 21484.09999817423
Node 1438, 2287.4579456279353
Node 1286, 1397.7578654233996
Node 1103, 1072.8054328732974
Node 480, 879.0211355556594
Node 1191, 1160.663051465419
Node 982, 1031.8696919177628
Node 1102, 1072.6317922369997
Node 607, 1001.2227221518025
Node 77, 152.16417724982952
Node 1300, 1436.7320520504736
Node 890, 1017.3330981757932
Node 785, 1008.2530023832721
Node 842, 1013.1079640042591
Node 1119, 1083.2208756481305
Node 641, 1002.0063577502599
Node 1005, 1036.1887260943524
Node 1604, 8237.147265162965
Node 1293, 1413.7891486804276
Node 1140, 1100.3696118142348
Node 1254, 1280.4598698189955
Node 1089, 1066.534691132291
Node 892, 1017.3707838510607
Node 1437, 2283.907849844902
Node 1302, 1439.0750513299454
Node 1258, 1290.3766247064232
Node 112, 249.57972077011124
Node 1074, 1057.6441758124636
Node 1287, 1404.551263681789
Node 1233, 1225.1575384049445
Node 1136, 1097.2129277872298
Node 1035, 1042.6773586550128
Node 913, 1019.9986350439764
Node 207, 442.13696204477475
Node 887, 1016.9994263735505
Node 565, 994.5128025312464
Node 325, 648.8745683963456
Node 1024, 1039.8373162743037
Node 1009, 1036.7560854899084
Node 195, 425.7090736751339
Node 938, 1023.2178794265776
Node 1117, 1081.5553229818033
Node 765, 1007.356778997746
Node 1106, 1074.7290375759978
Node 794, 1008.7600398308776
Node 862, 1014.2661655188018
Node 1179, 1147.5303276510879
Node 924, 1021.2835769580906
Node 1109, 1076.919852649956
Node 1049, 1048.4962773719885
Node 650, 1002.2361750769063
Node 72, 134.01399171458348
Node 1387, 1853.0954382091254
Node 976, 1031.1996757991467
Node 734, 1005.6263847433747
Node 984, 1032.0941916416461
Node 960, 1026.446366386002
Node 353, 692.3550099265982
Node 823, 1011.5864500298135
