node_generations, branch_length
1478.09248155294, 17098.556159946194
1289.0599958452992, 189.03248570764072
1143.3848225541817, 145.67517329111752
0.0, 1143.3848225541817
1069.011405723783, 74.37341683039881
0.0, 1069.011405723783
0.0, 1069.011405723783
1187.2758088620776, 101.78418698322162
0.0, 1187.2758088620776
335.2021591248126, 852.073649737265
162.4875516910107, 172.71460743380192
0.0, 162.4875516910107
0.0, 162.4875516910107
315.4750147935626, 19.72714433125003
0.0, 315.4750147935626
163.0115971109841, 152.4634176825785
0.0, 163.0115971109841
0.0, 163.0115971109841
1439.5500365607554, 38.54244499218453
1306.1276760526466, 133.4223605081088
1169.2408019598486, 136.88687409279805
0.0, 1169.2408019598486
0.0, 1169.2408019598486
1255.663870518459, 50.46380553418771
0.0, 1255.663870518459
1030.3493538466353, 225.31451667182364
0.0, 1030.3493538466353
178.1392876958593, 852.2100661507759
0.0, 178.1392876958593
0.0, 178.1392876958593
1382.7517660983276, 56.79827046242781
0.0, 1382.7517660983276
1070.4995615433618, 312.25220455496583
0.0, 1070.4995615433618
647.2101819594761, 423.28937958388565
0.0, 647.2101819594761
0.0, 647.2101819594761
6088.993425663699, 12487.655215835435
1460.1323443733545, 4628.861081290344
0.0, 1460.1323443733545
1006.8197601854918, 453.31258418786274
0.0, 1006.8197601854918
873.7118815468094, 133.10787863868234
0.0, 873.7118815468094
0.0, 873.7118815468094
4122.228343134476, 1966.765082529223
1090.1122294589625, 3032.1161136755136
0.0, 1090.1122294589625
1011.1874206205262, 78.92480883843632
0.0, 1011.1874206205262
1000.4495483471297, 10.73787227339642
0.0, 1000.4495483471297
0.0, 1000.4495483471297
1314.6560182120882, 2807.5723249223875
1066.4627825438238, 248.19323566826438
0.0, 1066.4627825438238
261.0585338036486, 805.4042487401753
0.0, 261.0585338036486
0.0, 261.0585338036486
1300.9778309054836, 13.678187306604514
10.120123399276268, 1290.8577075062074
0.0, 10.120123399276268
0.0, 10.120123399276268
1253.0432038669394, 47.93462703854425
525.6836008310852, 727.3596030358542
0.0, 525.6836008310852
0.0, 525.6836008310852
1219.4004364613302, 33.64276740560922
1118.9772226418781, 100.42321381945203
0.0, 1118.9772226418781
354.6096420338588, 764.3675806080194
0.0, 354.6096420338588
0.0, 354.6096420338588
1132.8613097670336, 86.53912669429656
0.0, 1132.8613097670336
1051.8805479209477, 80.9807618460859
0.0, 1051.8805479209477
0.0, 1051.8805479209477
