Node, generations
Node 1144, 8790.434882273052
Node 903, 5953.372416781054
Node 787, 4810.823918938852
Node 486, 1398.1377219741134
Node 131, 1004.585593442068
Node 98, 973.7747103174289
Node 20, 77.23871528943165
Node 495, 1425.6757036766842
Node 438, 1274.4252653956485
Node 270, 1043.5131045337764
Node 399, 1177.7343081339543
Node 176, 1014.5527750196371
Node 177, 1014.6812528257249
Node 21, 92.43648693900923
Node 492, 1415.510803212829
Node 475, 1360.5199530077502
Node 445, 1293.7764257849794
Node 217, 1023.0325026041536
Node 229, 1027.2742278622784
