Node, generations
Node 1957, 2273.9509766412234
Node 1936, 2054.5507941145083
Node 1843, 1533.6332963187324
Node 1507, 1049.7122520606356
Node 1470, 1038.4354727488612
Node 1597, 1085.0769615607198
Node 1581, 1079.3075635790801
Node 1309, 1014.9453786071166
Node 532, 681.0619949263677
Node 369, 508.10876377794773
Node 82, 51.661414704587216
Node 1575, 1075.2370466320845
Node 1557, 1067.0260741204966
Node 81, 38.758953668894776
Node 1355, 1020.3538459099051
Node 1885, 1745.206452958339
Node 1787, 1364.1720553640275
Node 698, 819.165627446395
Node 592, 717.379048596296
Node 308, 447.69288945851724
Node 1321, 1015.7557448893504
Node 600, 731.5575347101994
Node 89, 83.27810166305163
Node 1842, 1526.6705235117138
Node 1466, 1037.2496392780508
Node 1459, 1035.5920298629906
Node 342, 481.71892829809076
Node 1676, 1158.1977861600851
Node 1219, 1009.2190027227127
Node 1602, 1087.34252097951
Node 431, 579.5714562892556
Node 1940, 2073.5464058818225
Node 1797, 1383.21649445764
Node 1688, 1169.0664811989582
Node 1668, 1147.1516110691598
Node 473, 626.919039535694
Node 1333, 1016.8720605611359
Node 468, 621.9830598808556
Node 109, 145.68248297834108
Node 1760, 1294.3668920602638
Node 1494, 1045.7163792727717
Node 1627, 1107.7018552488537
Node 1879, 1706.3556397553389
Node 1795, 1379.6909818951988
Node 1168, 1006.6162200410624
Node 80, 18.531570468340462
Node 1691, 1173.1738974617128
Node 1422, 1028.8009597782188
Node 1046, 1002.6044329922521
Node 1830, 1484.0691934859183
Node 1756, 1288.8824500404153
Node 1272, 1012.1173748041696
Node 1100, 1004.2940742485007
Node 1172, 1006.7320554130442
Node 1045, 1002.4896333420827
Node 1624, 1107.2489128208363
Node 124, 170.88222636555946
Node 127, 176.20100677262357
Node 1818, 1451.1517630393407
Node 1694, 1180.5546530232675
Node 1501, 1048.003976041701
Node 1504, 1048.4211880000012
Node 1415, 1027.7196611938814
Node 254, 373.8226810084353
Node 1710, 1196.5762383214183
Node 1635, 1112.9463440622146
Node 1600, 1086.9120608005342
Node 1616, 1101.6919325752256
Node 1580, 1078.9904328281623
Node 1558, 1067.5413753356415
Node 1511, 1050.9484438939055
Node 1582, 1079.4329856162801
Node 1565, 1071.2441974854655
Node 1288, 1013.122164394213
Node 1382, 1023.0834484000079
Node 1679, 1158.7928411622247
Node 357, 493.6504875639537
Node 1376, 1022.3348111047591
Node 353, 490.1291581787214
