node_generations, branch_length
8112.929535007173, 60744.58871913739
1254.150853972011, 6858.778681035163
1037.6314684826043, 216.51938548940666
0.0, 1037.6314684826043
878.3692139663103, 159.26225451629398
0.0, 878.3692139663103
183.22003348825038, 695.14918047806
0.0, 183.22003348825038
0.0, 183.22003348825038
1113.0261598193333, 141.12469415267765
0.0, 1113.0261598193333
1075.5964799307828, 37.42967988855048
0.0, 1075.5964799307828
1014.4187898770773, 61.17769005370553
0.0, 1014.4187898770773
685.2521348595538, 329.16665501752345
0.0, 685.2521348595538
0.0, 685.2521348595538
1278.0728818768664, 6834.856653130307
0.0, 1278.0728818768664
1246.4822062356573, 31.590675641209145
1010.4385892760552, 236.0436169596021
0.0, 1010.4385892760552
0.0, 1010.4385892760552
1098.404746987115, 148.07745924854225
0.0, 1098.404746987115
0.0, 1098.404746987115
9231.136476720509, 59626.38177742406
1095.7259534960301, 8135.410523224478
0.0, 1095.7259534960301
1005.3524017871506, 90.37355170887952
0.0, 1005.3524017871506
0.0, 1005.3524017871506
6977.426645185899, 2253.7098315346093
1422.0490268132307, 5555.377618372669
1019.9988113286861, 402.05021548454465
0.0, 1019.9988113286861
0.0, 1019.9988113286861
1300.9269221137042, 121.12210469952652
0.0, 1300.9269221137042
1121.4431440714875, 179.48377804221673
0.0, 1121.4431440714875
612.3400066064037, 509.1031374650838
0.0, 612.3400066064037
0.0, 612.3400066064037
1865.518805414391, 5111.907839771508
1219.079678501265, 646.4391269131258
1002.2147133299704, 216.86496517129467
0.0, 1002.2147133299704
0.0, 1002.2147133299704
1208.5327194469735, 10.54695905429162
1108.1009537242473, 100.43176572272614
0.0, 1108.1009537242473
0.0, 1108.1009537242473
1179.9481295407866, 28.58458990618692
1026.400317517438, 153.54781202334857
719.4483114163478, 306.9520061010902
0.0, 719.4483114163478
0.0, 719.4483114163478
1018.8575736644215, 7.542743853016532
0.0, 1018.8575736644215
0.0, 1018.8575736644215
1178.4692043687892, 1.478925171997389
1008.9467630420611, 169.52244132672809
0.0, 1008.9467630420611
939.851896037873, 69.09486700418813
0.0, 939.851896037873
0.0, 939.851896037873
1157.29835487967, 21.17084948911929
0.0, 1157.29835487967
1098.0419297190488, 59.25642516062112
0.0, 1098.0419297190488
1009.7258041943855, 88.31612552466322
0.0, 1009.7258041943855
0.0, 1009.7258041943855
1432.900724786447, 432.618080627944
0.0, 1432.900724786447
0.0, 1432.900724786447
