node_generations, branch_length
1352.6888633584751, 21206.03846961279
1153.730660413189, 198.95820294528608
0.0, 1153.730660413189
1037.8606077032257, 115.87005270996337
0.0, 1037.8606077032257
547.063474174619, 490.79713352860665
0.0, 547.063474174619
0.0, 547.063474174619
1352.0226974875159, 0.6661658709592757
0.0, 1352.0226974875159
1285.607847465341, 66.41485002217496
0.0, 1285.607847465341
1130.4845805403954, 155.12326692494548
0.0, 1130.4845805403954
1004.5053859019168, 125.97919463847859
0.0, 1004.5053859019168
0.0, 1004.5053859019168
2048.284283532434, 20510.443049438833
1491.9357213929313, 556.3485621395027
1201.5445409668164, 290.39118042611494
1158.133872181074, 43.41066878574247
0.0, 1158.133872181074
1024.6553401554233, 133.47853202565057
0.0, 1024.6553401554233
0.0, 1024.6553401554233
1195.5343531543358, 6.010187812480581
0.0, 1195.5343531543358
629.3912089876086, 566.1431441667272
0.0, 629.3912089876086
0.0, 629.3912089876086
1424.4880548711078, 67.44766652182352
1382.975770837729, 41.51228403337882
0.0, 1382.975770837729
1001.5286438436341, 381.4471269940949
0.0, 1001.5286438436341
0.0, 1001.5286438436341
1402.1816493693354, 22.30640550177236
1121.496328090475, 280.68532127886056
0.0, 1121.496328090475
1051.4210891595358, 70.07523893093912
1004.5670949420844, 46.85399421745137
0.0, 1004.5670949420844
0.0, 1004.5670949420844
1018.0569636416269, 33.36412551790886
0.0, 1018.0569636416269
0.0, 1018.0569636416269
1290.496239602032, 111.68540976730355
0.0, 1290.496239602032
1217.8078402992974, 72.68839930273452
0.0, 1217.8078402992974
805.4221817156416, 412.38565858365575
0.0, 805.4221817156416
367.71376935534374, 437.70841236029787
0.0, 367.71376935534374
0.0, 367.71376935534374
1757.7318515878096, 290.55243194462446
1066.6017626630721, 691.1300889247375
0.0, 1066.6017626630721
1007.5372134159281, 59.06454924714399
0.0, 1007.5372134159281
0.0, 1007.5372134159281
1204.0528963720467, 553.6789552157629
0.0, 1204.0528963720467
1202.9941456708946, 1.058750701152121
1025.144912749002, 177.8492329218925
0.0, 1025.144912749002
0.0, 1025.144912749002
1117.6063169591016, 85.38782871179296
1076.0980513148609, 41.50826564424074
0.0, 1076.0980513148609
0.0, 1076.0980513148609
1096.9602333091646, 20.646083649937054
778.7874820061853, 318.17275130297924
0.0, 778.7874820061853
0.0, 778.7874820061853
1003.440507991015, 93.51972531814954
0.0, 1003.440507991015
0.0, 1003.440507991015
