Node, generations
Node 1310, 28789.415424743103
Node 625, 9449.184128493553
Node 279, 874.7644273407834
Node 116, 285.83603112946145
Node 275, 839.381994380869
Node 247, 685.8576010566571
Node 189, 437.9192655681198
Node 265, 773.8778729834743
Node 212, 531.8214786519675
Node 211, 528.7400366782782
Node 166, 376.0644173471592
Node 155, 351.13905105575003
Node 128, 311.38541227226796
Node 283, 911.3378450622064
Node 86, 250.825817270055
Node 62, 229.92309768236686
Node 54, 221.75522287000263
Node 214, 537.5585076726921
Node 88, 251.7110187598473
