node_generations, branch_length
0.0, 21146.439796731174
2378.2977486957393, 18768.142048035435
500.8087475141909, 1877.4890011815485
0.0, 500.8087475141909
0.0, 500.8087475141909
2270.248455667284, 108.0492930284554
1190.7511355664828, 1079.497320100801
0.0, 1190.7511355664828
751.6398468629365, 439.1112887035464
0.0, 751.6398468629365
0.0, 751.6398468629365
1826.928147430294, 443.32030823698983
1428.6273795445748, 398.3007678857193
0.0, 1428.6273795445748
703.4376219174487, 725.189757627126
561.4122868003102, 142.02533511713852
0.0, 561.4122868003102
0.0, 561.4122868003102
590.5386920417077, 112.89892987574103
0.0, 590.5386920417077
552.0938440735096, 38.44484796819813
534.6968521478676, 17.39699192564194
0.0, 534.6968521478676
523.6062159357489, 11.090636212118739
0.0, 523.6062159357489
0.0, 523.6062159357489
538.241203105984, 13.85264096752553
0.0, 538.241203105984
0.0, 538.241203105984
1621.7310121793248, 205.19713525096927
0.0, 1621.7310121793248
1000.0645631127584, 621.6664490665664
537.9519549958022, 462.11260811695615
0.0, 537.9519549958022
0.0, 537.9519549958022
763.4308152862811, 236.63374782647725
0.0, 763.4308152862811
0.0, 763.4308152862811
