Node, generations
Node 3500, 41261.64607119379
Node 1122, 1056.5454088327176
Node 60, 37.448590440555634
Node 1104, 1051.2606705738895
Node 1038, 1031.11045238894
Node 406, 733.5436923975894
Node 275, 559.4470788315367
Node 811, 1007.4895390485702
Node 748, 1003.962121622763
Node 96, 223.8454540864706
Node 1065, 1038.0303032413149
Node 965, 1019.9720545121519
Node 701, 1002.3107401079501
Node 985, 1022.8170302680521
Node 870, 1011.2578260512204
Node 619, 991.5102374012863
Node 66, 82.04888132626776
Node 2643, 16791.07373889582
Node 1500, 2702.237467277585
Node 980, 1022.4492533915491
Node 1160, 1073.5680809953233
Node 583, 949.5351292936251
Node 1011, 1026.3596932297148
Node 2244, 10185.203690132223
Node 1853, 6026.441736005182
Node 1271, 1173.761468148576
Node 1217, 1109.4223366132537
Node 866, 1011.0159526788556
Node 285, 576.5464269353491
Node 144, 332.2229518955354
Node 449, 793.356722759675
Node 1600, 3618.7993756684177
Node 1291, 1204.745105759113
Node 962, 1019.7559175064306
Node 888, 1012.8997557538847
Node 1169, 1076.9771372056155
Node 580, 946.184816143571
Node 947, 1018.4213695583913
Node 2096, 8523.389945632287
Node 1777, 5343.51704849499
Node 1320, 1254.4966071710933
Node 1000, 1024.5396468910014
Node 1283, 1195.0005147212198
Node 903, 1014.3217765132912
Node 542, 903.5932824513403
Node 1215, 1108.0344993042168
Node 1050, 1033.630943670517
Node 67, 100.55626455509687
Node 845, 1009.47060100534
Node 838, 1008.8959427902639
Node 382, 697.9655819276002
Node 805, 1006.6375390832704
Node 1187, 1088.4566288358453
Node 1023, 1027.7050430141835
Node 450, 793.6879139894296
Node 255, 527.5519237158994
Node 1066, 1038.1747652238541
Node 920, 1015.434817219954
Node 387, 706.0221915620298
