node_generations, branch_length
3726.8393062690006, 18162.95633219567
149.06534096237618, 3577.7739653066246
0.0, 149.06534096237618
84.65577454868065, 64.40956641369553
0.0, 84.65577454868065
0.0, 84.65577454868065
234.68731665667107, 3492.1519896123295
0.0, 234.68731665667107
0.0, 234.68731665667107
7863.367062300177, 14026.428576164493
109.83402655359491, 7753.533035746582
0.0, 109.83402655359491
66.76331722130548, 43.070709332289425
0.0, 66.76331722130548
0.0, 66.76331722130548
5015.648945656019, 2847.718116644158
1677.0708230407422, 3338.578122615277
0.0, 1677.0708230407422
0.0, 1677.0708230407422
3112.878830686848, 1902.7701149691716
202.58274694368666, 2910.296083743161
0.0, 202.58274694368666
153.89704446508574, 48.685702478600916
0.0, 153.89704446508574
0.0, 153.89704446508574
425.32050379266843, 2687.558326894179
0.0, 425.32050379266843
143.93927533081768, 281.38122846185075
72.46527351219281, 71.47400181862487
0.0, 72.46527351219281
66.45456138902445, 6.010712123168361
0.0, 66.45456138902445
57.880102612671806, 8.574458776352643
0.0, 57.880102612671806
0.0, 57.880102612671806
85.12619363682295, 58.81308169399473
0.0, 85.12619363682295
0.0, 85.12619363682295
