node_generations, branch_length
1896.7449152698332, 25712.447169366176
1255.0031087274276, 641.7418065424056
1043.5225475176626, 211.48056120976503
0.0, 1043.5225475176626
0.0, 1043.5225475176626
1148.3768214571833, 106.62628727024435
0.0, 1148.3768214571833
0.0, 1148.3768214571833
1592.790475732168, 303.95443953766517
1038.966616295515, 553.823859436653
0.0, 1038.966616295515
1027.5418891972454, 11.424727098269614
0.0, 1027.5418891972454
1024.5408826292496, 3.0010065679957734
0.0, 1024.5408826292496
0.0, 1024.5408826292496
1442.1297775789, 150.66069815326796
1206.564166548621, 235.56561103027911
0.0, 1206.564166548621
0.0, 1206.564166548621
1263.0561897753028, 179.07358780359732
1212.6115228548413, 50.444666920461486
0.0, 1212.6115228548413
1059.7341957982, 152.8773270566412
0.0, 1059.7341957982
1055.414125095978, 4.320070702221983
0.0, 1055.414125095978
1037.2469636604196, 18.167161435558455
0.0, 1037.2469636604196
1028.7851656826942, 8.461797977725382
0.0, 1028.7851656826942
0.0, 1028.7851656826942
1230.1886226916718, 32.867567083631
94.12616305132352, 1136.0624596403482
0.0, 94.12616305132352
0.0, 94.12616305132352
343.7553473183482, 886.4332753733236
0.0, 343.7553473183482
0.0, 343.7553473183482
6602.913072266522, 21006.279012369487
1303.1134427885643, 5299.799629477958
1273.1677395978522, 29.945703190712038
0.0, 1273.1677395978522
1158.3857390228716, 114.78200057498066
0.0, 1158.3857390228716
1067.0035984137992, 91.3821406090724
0.0, 1067.0035984137992
625.2238769161343, 441.7797214976649
0.0, 625.2238769161343
623.1585514279539, 2.065325488180406
0.0, 623.1585514279539
530.4819324718223, 92.6766189561315
0.0, 530.4819324718223
0.0, 530.4819324718223
1298.0750657355613, 5.038377053002932
1008.4886371113251, 289.5864286242362
0.0, 1008.4886371113251
27.103064024651975, 981.3855730866732
0.0, 27.103064024651975
0.0, 27.103064024651975
1051.835084049509, 246.23998168605226
1008.4350318756419, 43.40005217386715
0.0, 1008.4350318756419
566.6187845686197, 441.8162473070222
0.0, 566.6187845686197
0.0, 566.6187845686197
1016.952553675138, 34.88253037437107
0.0, 1016.952553675138
0.0, 1016.952553675138
2409.4542345298846, 4193.458837736638
0.0, 2409.4542345298846
1049.7137460580918, 1359.7404884717928
1009.8988650381926, 39.81488101989919
0.0, 1009.8988650381926
0.0, 1009.8988650381926
1048.1435220443502, 1.5702240137416084
0.0, 1048.1435220443502
0.0, 1048.1435220443502
