node_generations, branch_length
628.4637424601652, 12470.063946993012
193.8229671279178, 434.6407753322475
0.0, 193.8229671279178
16.401967106755645, 177.42100002116214
0.0, 16.401967106755645
0.0, 16.401967106755645
573.3017302933484, 55.162012166816794
0.0, 573.3017302933484
546.6433506144914, 26.658379678857045
0.0, 546.6433506144914
40.606788993132675, 506.0365616213587
0.0, 40.606788993132675
0.0, 40.606788993132675
12190.227970696093, 908.2997187570854
616.0492425348041, 11574.178728161289
0.0, 616.0492425348041
0.0, 616.0492425348041
1906.8205442245915, 10283.407426471502
650.039361760304, 1256.7811824642874
0.0, 650.039361760304
585.5644594481975, 64.47490231210656
0.0, 585.5644594481975
0.0, 585.5644594481975
1525.9315116155553, 380.8890326090361
847.2707156187064, 678.660795996849
0.0, 847.2707156187064
0.0, 847.2707156187064
997.6589843291814, 528.2725272863739
0.0, 997.6589843291814
889.5364480166525, 108.12253631252895
656.7832481470674, 232.75319986958505
0.0, 656.7832481470674
0.0, 656.7832481470674
660.9386328760941, 228.5978151405584
0.0, 660.9386328760941
606.0155449185191, 54.92308795757492
0.0, 606.0155449185191
0.0, 606.0155449185191
