node_generations, branch_length
704.5311486570496, 30954.53754279247
517.9991214425236, 186.532027214526
0.0, 517.9991214425236
0.0, 517.9991214425236
610.8369422050488, 93.6942064520008
0.0, 610.8369422050488
576.127253747888, 34.70968845716084
561.9828411827024, 14.144412565185576
0.0, 561.9828411827024
0.0, 561.9828411827024
562.7886976738814, 13.338556074006533
0.0, 562.7886976738814
528.6121729063976, 34.176524767483784
0.0, 528.6121729063976
447.36129047014896, 81.25088243624867
0.0, 447.36129047014896
0.0, 447.36129047014896
5999.1923817108855, 25659.876309738633
1047.4827154638879, 4951.709666246998
0.0, 1047.4827154638879
896.2585718282364, 151.22414363565144
589.0027613554256, 307.2558104728108
0.0, 589.0027613554256
517.4446194017215, 71.55814195370408
0.0, 517.4446194017215
0.0, 517.4446194017215
775.9420751469416, 120.31649668129478
0.0, 775.9420751469416
522.1937546712405, 253.74832047570112
0.0, 522.1937546712405
0.0, 522.1937546712405
1442.0947703220606, 4557.097611388825
1031.9551531601614, 410.1396171618992
0.0, 1031.9551531601614
618.4411119820505, 413.5140411781109
0.0, 618.4411119820505
587.7057773460011, 30.7353346360494
0.0, 587.7057773460011
0.0, 587.7057773460011
1059.2448220785766, 382.84994824348405
490.2860145940412, 568.9588074845353
0.0, 490.2860145940412
0.0, 490.2860145940412
1009.2108666648703, 50.03395541370628
784.2327294884167, 224.97813717645363
0.0, 784.2327294884167
708.8539121921449, 75.37881729627179
0.0, 708.8539121921449
689.148069232982, 19.70584295916285
0.0, 689.148069232982
672.3199538247801, 16.82811540820194
0.0, 672.3199538247801
517.0992677407324, 155.22068608404766
0.0, 517.0992677407324
131.34108948533398, 385.75817825539843
0.0, 131.34108948533398
0.0, 131.34108948533398
897.6422351900701, 111.56863147480021
584.2300727673904, 313.41216242267967
0.0, 584.2300727673904
523.0004938565438, 61.22957891084661
0.0, 523.0004938565438
0.0, 523.0004938565438
742.5348285039651, 155.10740668610504
0.0, 742.5348285039651
648.8248124227373, 93.71001608122776
517.992576461345, 130.83223596139226
0.0, 517.992576461345
0.0, 517.992576461345
540.151495581233, 108.67331684150429
0.0, 540.151495581233
511.8798786654318, 28.27161691580119
0.0, 511.8798786654318
500.48818793399965, 11.391690731432163
0.0, 500.48818793399965
315.7579511744275, 184.73023675957216
0.0, 315.7579511744275
0.0, 315.7579511744275
