Node, generations
Node 1114, 10773.107856067769
Node 616, 2121.779839247383
Node 602, 2105.868278252304
Node 36, 477.8634616293768
Node 896, 3052.1562410845113
Node 787, 2484.022663621266
Node 40, 527.0648180911853
Node 160, 1235.1178048361921
Node 877, 2889.4668646222854
Node 838, 2680.624699387968
Node 790, 2495.9442084873194
Node 658, 2182.625818262609
Node 544, 2057.3160062869924
Node 381, 2007.9731917413744
Node 818, 2596.5471678672698
Node 799, 2526.89639297366
Node 178, 1375.36836405651
Node 680, 2207.964665483678
Node 444, 2018.8369571087758
