node_generations, branch_length
1113.1229113238203, 19320.333977466336
0.0, 1113.1229113238203
188.09199416882078, 925.0309171549995
0.0, 188.09199416882078
0.0, 188.09199416882078
2707.1759816177323, 17726.280907172422
1220.3430241186963, 1486.832957499036
0.0, 1220.3430241186963
570.2794083319967, 650.0636157866996
33.74498921370277, 536.534419118294
0.0, 33.74498921370277
6.125998324600941, 27.61899088910183
0.0, 6.125998324600941
0.0, 6.125998324600941
71.55392468921544, 498.7254836427813
0.0, 71.55392468921544
13.681239045999993, 57.87268564321544
0.0, 13.681239045999993
0.0, 13.681239045999993
2269.78648257589, 437.3894990418421
273.84173598563933, 1995.9447465902508
0.0, 273.84173598563933
0.0, 273.84173598563933
894.3703408045271, 1375.416141771363
85.46416094437832, 808.9061798601488
0.0, 85.46416094437832
74.50726034127635, 10.956900603101971
0.0, 74.50726034127635
0.0, 74.50726034127635
88.77468332972232, 805.5956574748049
2.200920940841701, 86.57376238888062
0.0, 2.200920940841701
0.7721098733094394, 1.4288110675322616
0.0, 0.7721098733094394
0.0, 0.7721098733094394
77.52221345189048, 11.252469877831842
0.0, 77.52221345189048
0.0, 77.52221345189048
