node_generations, branch_length
1852.101136450052, 23005.078411847815
1209.2006409814235, 642.9004954686286
0.0, 1209.2006409814235
1026.8558072169974, 182.34483376442608
0.0, 1026.8558072169974
495.3309768243191, 531.5248303926783
0.0, 495.3309768243191
80.15176076611411, 415.17921605820504
0.0, 80.15176076611411
0.0, 80.15176076611411
1281.171420240714, 570.929716209338
0.0, 1281.171420240714
1102.6655735594456, 178.5058466812684
0.0, 1102.6655735594456
1047.46020054768, 55.20537301176569
0.0, 1047.46020054768
1008.5091819198668, 38.95101862781314
0.0, 1008.5091819198668
1001.7018263912624, 6.807355528604376
0.0, 1001.7018263912624
685.8862973549731, 315.8155290362894
0.0, 685.8862973549731
0.0, 685.8862973549731
3486.14844678466, 21371.031101513207
1679.7232528780542, 1806.4251939066057
0.0, 1679.7232528780542
1653.7058587692782, 26.01739410877599
1025.8373673950468, 627.8684913742313
0.0, 1025.8373673950468
1024.3497199405522, 1.4876474544946632
0.0, 1024.3497199405522
0.0, 1024.3497199405522
1525.2710730133165, 128.43478575596168
1273.6120379311506, 251.65903508216593
0.0, 1273.6120379311506
1258.5742307988542, 15.037807132296393
0.0, 1258.5742307988542
1221.1044399969146, 37.46979080193955
1073.9026829630197, 147.20175703389486
0.0, 1073.9026829630197
1027.750982000837, 46.15170096218276
0.0, 1027.750982000837
1012.9319595779779, 14.81902242285912
0.0, 1012.9319595779779
0.0, 1012.9319595779779
1139.6224946415127, 81.48194535540188
1066.7749807714702, 72.84751387004258
0.0, 1066.7749807714702
0.0, 1066.7749807714702
1080.2916071808295, 59.33088746068324
1044.3050843248452, 35.986522855984276
0.0, 1044.3050843248452
1023.7180104811748, 20.587073843670396
0.0, 1023.7180104811748
1001.6393381457469, 22.078672335427882
0.0, 1001.6393381457469
206.01019040237395, 795.629147743373
0.0, 206.01019040237395
0.0, 206.01019040237395
1064.2467496106347, 16.044857570194836
0.0, 1064.2467496106347
1012.2319749846419, 52.0147746259928
0.0, 1012.2319749846419
0.0, 1012.2319749846419
1306.6593733438958, 218.61169966942066
0.0, 1306.6593733438958
1245.3557477916456, 61.303625552250196
0.0, 1245.3557477916456
1098.986505094396, 146.36924269724955
0.0, 1098.986505094396
0.0, 1098.986505094396
2263.357482013106, 1222.7909647715537
0.0, 2263.357482013106
1078.2707100165453, 1185.0867719965609
0.0, 1078.2707100165453
1007.4144736672496, 70.85623634929573
0.0, 1007.4144736672496
0.0, 1007.4144736672496
