node_generations, branch_length
1970.51777522164, 91503.70491072781
1284.3714240784623, 686.1463511431778
1149.6412420796344, 134.7301819988279
0.0, 1149.6412420796344
1040.1888083173656, 109.45243376226881
796.1959074472257, 243.9929008701398
0.0, 796.1959074472257
0.0, 796.1959074472257
1032.249594377987, 7.939213939378533
0.0, 1032.249594377987
0.0, 1032.249594377987
1238.7020912655905, 45.669332812871744
1158.0899158564346, 80.61217540915595
1043.291872093523, 114.79804376291168
0.0, 1043.291872093523
1039.099946066477, 4.191926027045838
0.0, 1039.099946066477
1018.6164757468501, 20.483470319626917
0.0, 1018.6164757468501
0.0, 1018.6164757468501
1086.7529707291321, 71.33694512730244
0.0, 1086.7529707291321
859.4950046100155, 227.25796611911665
0.0, 859.4950046100155
0.0, 859.4950046100155
1211.1207196399448, 27.581371625645716
477.7810417389832, 733.3396779009615
0.0, 477.7810417389832
0.0, 477.7810417389832
1143.8003714281792, 67.32034821176558
1001.0559459204607, 142.74442550771857
0.0, 1001.0559459204607
0.0, 1001.0559459204607
1131.232541984631, 12.567829443548135
1008.4782431673024, 122.75429881732873
0.0, 1008.4782431673024
437.4201492655752, 571.0580939017271
0.0, 437.4201492655752
0.0, 437.4201492655752
1071.241631046728, 59.99091093790321
0.0, 1071.241631046728
1029.817011841502, 41.42461920522578
0.0, 1029.817011841502
1016.8617947976094, 12.95521704389273
0.0, 1016.8617947976094
1004.7388481775213, 12.1229466200881
0.0, 1004.7388481775213
0.0, 1004.7388481775213
1466.5975592435223, 503.92021597811777
0.0, 1466.5975592435223
1167.99857507466, 298.5989841688622
1049.0222535217986, 118.97632155286146
0.0, 1049.0222535217986
1025.7958974460605, 23.226356075738067
0.0, 1025.7958974460605
0.0, 1025.7958974460605
1098.4824802041453, 69.51609487051473
0.0, 1098.4824802041453
1086.7396302655382, 11.74284993860715
0.0, 1086.7396302655382
0.0, 1086.7396302655382
16128.613781071446, 77345.60890487801
1871.0882418556582, 14257.525539215789
0.0, 1871.0882418556582
0.0, 1871.0882418556582
2049.3383831679257, 14079.27539790352
0.0, 2049.3383831679257
1401.2538848729494, 648.0844982949764
1028.9459605559398, 372.30792431700957
0.0, 1028.9459605559398
1017.5051506983302, 11.440809857609565
0.0, 1017.5051506983302
0.0, 1017.5051506983302
1180.1067943189807, 221.1470905539686
0.0, 1180.1067943189807
1073.7303330642387, 106.37646125474203
0.0, 1073.7303330642387
0.0, 1073.7303330642387
