Node, generations
Node 1237, 7043.774494629997
Node 856, 898.9292880603629
Node 687, 388.2076753675748
Node 561, 266.48599696796657
Node 470, 231.6416487269551
Node 651, 344.99827853760246
Node 619, 310.6828778694189
Node 350, 211.63530589074125
Node 291, 206.92246948103212
Node 589, 282.3024751173548
Node 302, 207.91992644300498
Node 632, 320.8484458123275
Node 198, 202.0585178682896
Node 1167, 6034.731331217438
Node 902, 1887.3670257450676
Node 829, 735.2422753157224
Node 570, 270.79383763573367
Node 467, 230.6246040434898
Node 149, 200.21336739204708
Node 729, 458.029678425414
Node 688, 391.5299029000824
Node 340, 210.64678239213677
Node 672, 373.15695853496135
Node 215, 202.52166904821888
Node 664, 360.6768649785571
Node 493, 238.40301999808383
Node 310, 208.49733837531727
Node 569, 270.7528208044008
Node 557, 265.1192623449161
Node 507, 242.49032450330964
Node 373, 214.09873981348218
Node 523, 249.2932764184794
Node 86, 57.24161563938258
Node 415, 221.76865950393412
Node 375, 214.20449412491914
Node 218, 202.61335995878053
Node 707, 425.71108300496525
Node 229, 203.15862144662685
Node 484, 235.3168082561688
Node 840, 793.8394755626297
Node 452, 226.90864749190297
Node 116, 137.3966317089873
Node 134, 188.88240949416684
Node 1145, 5667.594817983678
Node 674, 374.0275350018214
Node 892, 1676.9099258601946
Node 442, 224.95080164259508
Node 857, 908.3617634193505
Node 753, 503.65643697696584
Node 745, 486.14435968819004
Node 343, 210.99361860168088
Node 665, 360.95615368515
Node 505, 242.27331379945647
Node 606, 290.4694224253256
Node 501, 241.04422263230407
Node 848, 833.2674246054371
Node 407, 220.1036851879223
Node 703, 417.144349643767
Node 626, 314.12853611179844
Node 601, 288.9350190622218
Node 533, 252.33336429109357
Node 455, 227.71842417038263
Node 580, 277.53397211322033
Node 611, 296.89111729091303
Node 481, 234.91054341491466
Node 120, 158.18104834312524
Node 92, 73.97077030319679
Node 83, 36.479994189653006
Node 669, 367.988551095283
Node 492, 237.99182772747113
Node 417, 222.26475770455053
Node 575, 274.73838625911486
Node 489, 236.46768530815442
Node 539, 254.20905769792338
Node 124, 167.21556150467407
Node 466, 230.42547430657942
Node 380, 214.7069430716798
Node 216, 202.53931839590174
Node 463, 230.14721254276768
