Node, generations
Node 3255, 28896.72428073001
Node 2487, 12939.934612147132
Node 699, 395.4066240128872
Node 577, 267.87096222847657
Node 1896, 6862.206130749651
Node 416, 218.87442185298505
Node 252, 204.65069547450176
Node 364, 212.84844156183806
Node 764, 831.6708317618721
Node 471, 230.71163488490853
Node 467, 230.23441506672245
Node 2791, 17724.381066948343
Node 1301, 3196.9638468746907
Node 627, 301.1815871481992
Node 583, 271.1828460925158
Node 893, 1487.291366437459
Node 573, 265.2064009268844
Node 85, 48.90545883455959
Node 515, 243.66798950380416
Node 652, 327.75519884609355
Node 601, 280.0501617771909
Node 618, 290.9148045056993
Node 605, 281.2192153896851
Node 489, 234.84084075038334
Node 393, 216.28842359719943
Node 99, 96.1460181055649
Node 86, 51.09924433793792
Node 211, 202.94160792734607
Node 415, 218.74566965198892
Node 595, 276.3313507129782
Node 504, 239.30522314831418
Node 484, 233.7974270987715
Node 284, 206.39887203272363
Node 82, 27.976899789941026
Node 91, 70.09739923824056
Node 444, 225.5879207846396
Node 2526, 13467.78246949728
Node 1049, 2070.5871240775523
Node 511, 242.08635007011432
Node 80, 7.196801684339123
Node 540, 252.21520010514317
Node 138, 200.07406345201312
Node 1381, 3601.6542693025226
Node 691, 379.45165493267154
Node 517, 244.15355029276802
Node 447, 226.5094053039269
Node 433, 223.4114557890819
Node 235, 203.8457927893116
Node 381, 214.76809269463075
Node 529, 246.9109358905117
Node 321, 209.39300734795717
Node 1063, 2120.036474604667
Node 799, 1055.157865448532
Node 314, 208.6115111023665
Node 705, 450.7965900115931
Node 700, 396.44166356560004
Node 630, 303.91887120118383
Node 596, 276.7567047115174
Node 602, 280.1538102391788
Node 512, 242.304670145022
Node 89, 58.23707464321284
Node 296, 207.6667805462523
Node 95, 90.69675396024981
Node 581, 270.47230183474636
Node 474, 232.21155406832304
Node 227, 203.5505705014007
Node 552, 257.5605530766249
Node 442, 225.04521874646719
Node 118, 155.02848357385534
Node 929, 1620.8382919630487
Node 117, 154.66500354554182
Node 821, 1187.1825327728457
Node 578, 268.1245583687674
Node 479, 232.92299181241412
Node 655, 329.4457431197398
Node 183, 201.8138831850868
Node 424, 221.28935965773752
Node 375, 213.85816361854032
Node 422, 219.77870278176852
