Node, generations
Node 930, 1784.4886732452524
Node 698, 428.89206017319617
Node 84, 62.743724233984715
Node 565, 272.5393847415036
Node 385, 216.3012390949797
Node 375, 215.20381600802685
Node 441, 225.36535117991662
Node 921, 1619.5678109528017
Node 914, 1546.5128630354845
Node 690, 416.37548951774886
Node 645, 330.1204261523286
Node 525, 248.83272260883763
Node 519, 245.6712087052932
Node 188, 202.0009098084908
Node 628, 320.23870958865143
Node 553, 266.5445280397283
Node 619, 312.53320550406755
Node 536, 260.9156803874594
Node 426, 222.120473458429
Node 408, 219.71290349873246
Node 251, 205.39867073180946
Node 456, 229.05493309030504
Node 93, 92.53266215414399
Node 90, 77.64150777389781
Node 355, 212.83585961183
Node 117, 154.35554592162225
Node 841, 946.2735382039453
Node 736, 493.42749704551943
Node 708, 440.1076978382299
Node 358, 212.97782224703894
Node 241, 204.7221640253743
Node 352, 212.38555992809978
Node 255, 205.6755883446754
Node 529, 253.61252013764437
Node 710, 442.0964969895301
Node 475, 234.21387531585376
Node 792, 678.8661192216307
Node 701, 430.1450151021365
Node 657, 350.913523283067
Node 520, 246.36182619883547
Node 387, 216.61392198306245
Node 390, 216.801163358442
Node 636, 325.3309085112675
Node 544, 263.82280635260275
Node 321, 209.80832993856006
Node 538, 261.1151076032788
Node 132, 193.64270233763352
Node 572, 275.8861127827947
Node 192, 202.1117404951951
Node 483, 236.075365399075
Node 429, 222.64333303236575
Node 294, 208.01152367010192
Node 779, 609.7879636109556
Node 697, 428.73022997065834
Node 692, 421.7982466134506
Node 631, 323.3996853795693
Node 514, 244.5541425020935
Node 492, 239.01349155048516
Node 447, 226.82363056135247
Node 137, 200.02955988008765
Node 548, 265.01391445346866
Node 533, 258.6341414389313
Node 501, 240.72925540243216
Node 459, 229.6477727966767
Node 314, 209.24629132048597
Node 486, 237.33485290130264
Node 154, 200.65732135630927
Node 466, 230.68788165546488
Node 409, 219.79748231298692
Node 633, 324.56777864032915
Node 755, 539.1518060124713
Node 706, 437.245586288593
Node 524, 248.5965972530532
Node 579, 283.2605429737343
Node 474, 233.7894608487803
Node 451, 227.28145250704821
Node 134, 196.756653720314
Node 420, 221.22038399060455
Node 199, 202.29122427464847
