Node, generations
Node 1475, 8210.801226504866
Node 685, 1062.0264169532636
Node 374, 1002.6593731863393
Node 627, 1037.508742212074
Node 41, 26.749052439108127
Node 473, 1009.3885601220576
Node 144, 582.9388081519866
Node 1330, 6536.260807439375
Node 826, 1192.078209272117
Node 722, 1080.781870762522
Node 675, 1059.1319528816814
Node 1241, 5553.47129391785
Node 1216, 5356.4514187128
Node 931, 1621.7233895164725
Node 786, 1137.2865061601678
Node 599, 1029.9146678034451
Node 888, 1362.0079845891592
Node 110, 463.1611075916876
Node 772, 1119.4434916940115
Node 735, 1089.9428913771176
Node 128, 519.0391712362667
Node 724, 1081.8746566531163
Node 1162, 4728.7135916086545
Node 412, 1004.7401883772527
Node 770, 1115.8441995682356
Node 619, 1035.3845776645537
Node 448, 1007.420482288124
Node 636, 1041.856641198519
Node 535, 1018.3421875346804
Node 1232, 5472.8904975027035
Node 657, 1049.4739154129345
Node 581, 1026.6384312552036
Node 98, 429.51368671763265
Node 193, 710.9361215336668
Node 876, 1308.2938513745344
Node 725, 1083.2657344961167
Node 556, 1021.5486884453073
Node 814, 1169.1273233521824
Node 785, 1136.878377467662
