node_generations, branch_length
801.7807869527946, 52287.4053749241
0.0, 801.7807869527946
533.5218828723291, 268.2589040804655
0.0, 533.5218828723291
0.0, 533.5218828723291
1834.8682670317196, 51254.317894845175
1461.1119283105293, 373.75633872119033
515.1644892193605, 945.9474390911688
93.83405567590877, 421.3304335434517
0.0, 93.83405567590877
0.0, 93.83405567590877
509.50655220062896, 5.657937018731502
0.0, 509.50655220062896
0.0, 509.50655220062896
733.0559025755103, 728.0560257350189
0.0, 733.0559025755103
0.0, 733.0559025755103
1769.7649318173317, 65.10333521438793
1155.52544426954, 614.2394875477917
928.9682415069688, 226.55720276257125
548.603979229265, 380.3642622777038
0.0, 548.603979229265
545.820133081755, 2.783846147509962
0.0, 545.820133081755
532.9936200327902, 12.826513048964785
0.0, 532.9936200327902
0.0, 532.9936200327902
902.0059486346871, 26.962292872281637
0.0, 902.0059486346871
831.7624650606086, 70.24348357407848
622.4601304975448, 209.30233456306382
0.0, 622.4601304975448
0.0, 622.4601304975448
722.5690571463429, 109.19340791426578
199.56494505036338, 523.0041120959795
0.0, 199.56494505036338
0.0, 199.56494505036338
701.1320652446191, 21.436991901723786
518.3555128113184, 182.7765524333007
308.9696164792122, 209.38589633210614
0.0, 308.9696164792122
0.0, 308.9696164792122
514.196872678377, 4.1586401329414
0.0, 514.196872678377
0.0, 514.196872678377
555.1491279806005, 145.98293726401857
542.8880550020162, 12.261072978584252
0.0, 542.8880550020162
503.7262339790308, 39.161821022985464
0.0, 503.7262339790308
0.0, 503.7262339790308
543.0088194137378, 12.1403085668627
0.0, 543.0088194137378
0.0, 543.0088194137378
942.9046578832763, 212.62078638626372
551.1259924466738, 391.7786654366025
0.0, 551.1259924466738
545.587725564809, 5.538266881864729
0.0, 545.587725564809
0.0, 545.587725564809
815.2996013548878, 127.60505652838845
0.0, 815.2996013548878
611.3997091639146, 203.89989219097322
509.48528698274015, 101.91442218117447
0.0, 509.48528698274015
0.0, 509.48528698274015
609.218878160013, 2.1808310039016305
0.0, 609.218878160013
0.0, 609.218878160013
1263.2717879949546, 506.4931438223771
0.0, 1263.2717879949546
605.0067902147124, 658.2649977802422
264.64959938016244, 340.35719083454995
0.0, 264.64959938016244
0.0, 264.64959938016244
576.2318627966249, 28.774927418087486
0.0, 576.2318627966249
0.0, 576.2318627966249
