Node, generations
Node 3709, 64556.354894465774
Node 1801, 8630.526015244992
Node 1780, 8436.063127254702
Node 336, 138.70856688399635
Node 163, 104.24988940609268
Node 1244, 4224.524542725151
Node 475, 209.2641246171722
Node 192, 107.96119432680123
Node 977, 2658.4772499100013
Node 577, 446.346916782836
Node 491, 225.1661645529348
Node 234, 113.83893297928553
Node 473, 208.7506785952164
Node 456, 195.65380954971906
Node 465, 203.6313281498307
Node 440, 184.49717442062112
Node 362, 145.62696344499452
Node 822, 1892.932637493351
Node 560, 315.96601755445005
Node 527, 262.38214519620925
Node 193, 108.09178654871913
Node 513, 245.2309095158226
Node 330, 136.85893228896836
Node 439, 182.64935939062545
Node 226, 112.53207574936826
Node 433, 180.38098426836964
Node 392, 157.5988383073557
Node 141, 103.03269965199841
Node 268, 119.74354173333228
Node 411, 165.87874139155602
Node 365, 146.1078967869454
Node 259, 118.55701384310574
Node 151, 103.57086998684419
Node 687, 1096.730011661344
Node 371, 147.24015291218248
Node 85, 54.34440765633637
Node 1977, 10268.70324102464
Node 1424, 5397.04662397949
Node 496, 229.90439699658188
Node 467, 204.17347638233255
Node 248, 115.73021589283998
Node 324, 135.0527660654329
Node 199, 108.70072917635687
Node 489, 222.13820312988508
Node 111, 100.92009811052668
Node 470, 207.3696664539784
Node 534, 270.52679093695315
Node 495, 227.88774075778517
Node 369, 146.5360808542982
Node 458, 196.64375691817628
Node 218, 111.12796564328045
Node 413, 167.31522702706337
Node 388, 155.37799784877515
Node 327, 135.66549155652766
Node 316, 132.79583022853703
Node 110, 100.8986988011007
Node 223, 111.57261494132909
Node 164, 104.27628133662618
Node 197, 108.5327717879823
Node 92, 85.44985133312997
Node 182, 106.5283117002662
Node 352, 142.88705526069862
Node 195, 108.41744187336222
Node 143, 103.25440480131559
Node 179, 105.87144539648607
Node 256, 117.33931480001694
Node 251, 115.99465062967616
Node 120, 101.44182757757838
Node 511, 243.93526145243638
Node 462, 200.52872838743727
Node 191, 107.86872150631147
Node 147, 103.41358832116569
Node 509, 241.29291223670077
Node 140, 102.92235304484632
Node 1870, 9169.21629067125
Node 331, 137.48545034885524
Node 137, 102.79937824521092
Node 538, 275.61782861396404
Node 190, 107.74675417735992
