node_generations, branch_length
1721.9187255919162, 850.7855948294507
1196.624103942442, 525.2946216494743
0.0, 1196.624103942442
0.0, 1196.624103942442
1468.812005021254, 253.10672057066222
1012.4836717620075, 456.3283332592465
0.0, 1012.4836717620075
0.0, 1012.4836717620075
1197.814185235016, 270.99781978623787
0.0, 1197.814185235016
54.23480963528336, 1143.5793755997327
0.0, 54.23480963528336
0.0, 54.23480963528336
1750.6448439163396, 822.0594765050273
1426.2116608919257, 324.4331830244139
1011.7923776319436, 414.4192832599821
0.0, 1011.7923776319436
0.0, 1011.7923776319436
1285.4611747825024, 140.75048610942326
0.0, 1285.4611747825024
1213.0638805741135, 72.39729420838898
0.0, 1213.0638805741135
1022.0672744149125, 190.99660615920095
0.0, 1022.0672744149125
0.0, 1022.0672744149125
1565.4874271241656, 185.157416792174
1079.6239197003156, 485.86350742385
0.0, 1079.6239197003156
0.0, 1079.6239197003156
1132.7213825474375, 432.76604457672806
1090.0092376097898, 42.712144937647736
0.0, 1090.0092376097898
0.0, 1090.0092376097898
1106.7599840685689, 25.96139847886866
0.0, 1106.7599840685689
1010.3295839752951, 96.43040009327376
0.0, 1010.3295839752951
0.0, 1010.3295839752951
