Node, generations
Node 2237, 32955.857061907795
Node 927, 4693.754876371047
Node 462, 305.082405250639
Node 110, 201.41320435164073
Node 328, 230.43451256916245
Node 62, 42.82605699264296
Node 1117, 7150.1855596076775
Node 617, 656.3247743692658
Node 540, 424.7651083444717
Node 376, 250.50733622768954
Node 250, 215.53200575366725
Node 433, 285.7420267834089
Node 346, 238.0292838260093
Node 308, 226.5210027889067
Node 360, 245.40509136581548
Node 302, 225.51664752021333
Node 120, 202.19684885901736
Node 567, 482.9061653410762
Node 414, 271.2381902563956
Node 309, 226.57666221145726
Node 534, 410.82395093421235
Node 397, 259.5864341763469
Node 365, 246.83653173504575
Node 202, 208.7098362266578
Node 517, 380.8739661617549
Node 453, 295.31553712210723
Node 273, 220.21246314207707
Node 374, 250.25990538816433
Node 456, 299.65687675600924
Node 351, 240.31802441379415
Node 954, 5002.79648975937
Node 443, 290.71812467389685
Node 322, 229.0552159904548
Node 738, 2483.112885801942
Node 618, 659.4562993980057
Node 576, 507.76902481704855
Node 508, 357.76899330077777
Node 205, 209.003071405926
Node 230, 212.11896163971088
Node 520, 387.1433198106115
Node 381, 252.16883029111548
Node 222, 211.4177864481619
Node 185, 207.37870160815825
Node 345, 237.19067001591932
Node 673, 1373.60082990053
Node 642, 765.1303314216814
Node 588, 544.8293087996699
Node 500, 346.27039675071603
Node 82, 154.1904041457726
Node 470, 308.97995925545206
Node 662, 1112.6738033948693
Node 314, 227.2910558147708
Node 192, 207.9105014770011
Node 271, 219.4701458260171
Node 92, 200.64496828691736
Node 63, 76.09336264305595
Node 223, 211.45803116005374
Node 211, 210.17476365090081
Node 340, 235.22298565119502
