Node, generations
Node 1156, 11250.327411297498
Node 172, 1009.9574206993018
Node 793, 5306.675758855299
Node 617, 3305.0195022278
Node 679, 3983.1385708150524
Node 369, 1119.0173876978417
Node 476, 1330.412724749015
Node 464, 1294.1738619750904
Node 426, 1227.8938604931332
Node 422, 1212.0933666191188
Node 397, 1153.0091233575954
Node 421, 1211.6965304377802
Node 362, 1111.8253567324111
Node 365, 1115.7674699401816
Node 120, 1002.0475749261122
Node 466, 1300.6851894153347
Node 223, 1022.5901332057955
Node 22, 132.27038327007853
Node 54, 617.8853387013513
