Node, generations
Node 1121, 19745.745469174257
Node 559, 1676.978918960795
Node 270, 1049.6398843466093
Node 22, 77.42260009385393
Node 788, 8444.414205232148
Node 649, 2693.917683571639
Node 455, 1286.3978611450477
Node 105, 1001.0788225359711
Node 605, 2056.5795118874894
Node 485, 1356.6934262585241
Node 322, 1093.8379108021861
Node 321, 1089.4846369880513
Node 309, 1081.0093418376227
Node 378, 1147.289785029154
Node 576, 1796.415974713146
Node 527, 1504.1681496921583
Node 179, 1017.2601119188182
Node 162, 1012.3182161377295
Node 296, 1067.051413969455
