Node, generations
Node 2111, 36174.38045288338
Node 700, 1074.9487558056205
Node 101, 436.79216340533975
Node 224, 783.6165726208019
Node 1199, 7797.9159229097895
Node 912, 1586.9571241204314
Node 849, 1308.5616908258266
Node 822, 1222.2632703200704
Node 680, 1062.9158222308586
Node 538, 1017.6448600334311
Node 52, 136.8025504138847
Node 667, 1055.0793264052381
Node 666, 1054.8234490177351
Node 40, 30.707994421397345
Node 607, 1030.0223280254345
Node 97, 405.2547350631962
Node 800, 1193.3190528993766
Node 565, 1022.1882553773606
Node 789, 1176.2184570024376
Node 718, 1087.5453137303894
Node 635, 1039.3395718136371
Node 512, 1014.5309229862654
Node 46, 110.99137804031722
Node 858, 1333.400738393807
Node 840, 1277.558377258327
Node 695, 1073.5060729956808
Node 407, 1005.6424173199259
Node 257, 855.3572155171352
Node 131, 552.1381738719864
Node 798, 1190.106498417109
Node 376, 1003.4900859112719
Node 655, 1049.4434267408285
Node 585, 1025.3291670890933
Node 286, 925.7927139968265
Node 96, 403.99980961161754
Node 852, 1309.9366269074426
Node 989, 2748.350886415518
Node 946, 1818.3133539175828
Node 659, 1052.0235193388842
