node_generations, branch_length
1214.3244100865354, 33812.84667133757
0.0, 1214.3244100865354
880.0013329631778, 334.3230771233576
0.0, 880.0013329631778
698.2659458141433, 181.73538714903452
0.0, 698.2659458141433
589.9466887623297, 108.31925705181357
0.0, 589.9466887623297
561.0698626588702, 28.876826103459507
0.0, 561.0698626588702
0.0, 561.0698626588702
1907.8246808456217, 33119.34640057848
827.8766080562914, 1079.9480727893304
0.0, 827.8766080562914
627.0953968396686, 200.78121121662275
0.0, 627.0953968396686
521.2181724439729, 105.87722439569575
0.0, 521.2181724439729
0.0, 521.2181724439729
1327.692939481534, 580.1317413640877
930.8171407003462, 396.8757987811879
0.0, 930.8171407003462
824.2294483625868, 106.58769233775934
629.6430182915398, 194.58643007104706
0.0, 629.6430182915398
0.0, 629.6430182915398
673.4718395557363, 150.7576088068505
0.0, 673.4718395557363
558.4722518061595, 114.99958774957679
0.0, 558.4722518061595
0.0, 558.4722518061595
1228.8191683977536, 98.87377108378041
517.8126290255452, 711.0065393722084
0.0, 517.8126290255452
0.0, 517.8126290255452
549.2747227341, 679.5444456636536
0.0, 549.2747227341
0.0, 549.2747227341
