Node, generations
Node 1493, 46758.591777088084
Node 455, 769.623409403013
Node 300, 322.01018285317923
Node 432, 687.0484771719508
Node 380, 452.12854817402047
Node 313, 339.0712055418507
Node 416, 595.8546788410264
Node 126, 215.09175552001867
Node 47, 127.93934841680236
Node 110, 210.2132959475532
Node 405, 556.6321858681699
Node 120, 214.3677390552993
Node 171, 231.55728182269561
Node 732, 9200.916886614019
Node 563, 1773.2183787972583
Node 391, 497.5049487473231
Node 353, 406.6803702566882
Node 184, 236.92066435594467
Node 137, 217.55879735261848
Node 70, 201.93802258960665
Node 303, 322.7253007999185
Node 149, 222.65428963615105
Node 50, 177.2940135795384
Node 188, 237.67590016514313
Node 166, 228.8538958374528
Node 420, 608.9089950890954
Node 298, 318.9799460016244
Node 276, 292.16534310777655
Node 157, 225.27713444590987
Node 409, 578.1059599740754
Node 270, 288.46578897056247
Node 91, 205.90260704067524
Node 327, 364.1012844856854
Node 40, 43.302555331866195
Node 309, 336.02825919377597
Node 578, 1936.9162635967182
Node 277, 293.81417596787014
Node 209, 245.5362057662789
Node 236, 265.27538954102704
