Node, generations
Node 3122, 12567.971292171424
Node 2876, 2940.4551545054405
Node 2610, 2126.0621093582904
Node 2585, 2106.3195200459922
Node 1603, 1683.6495762073835
Node 770, 936.5579941714459
Node 2343, 2021.5864396963107
Node 168, 256.2105002908913
Node 2329, 2019.3656563873876
Node 295, 442.72001819336253
Node 99, 90.52316531863018
Node 2603, 2119.6784397531715
Node 2541, 2077.3488221663106
Node 543, 707.5466126186037
Node 83, 30.340599733669176
Node 2294, 2015.2575759723218
Node 645, 816.6242455706475
Node 233, 360.1839622591108
Node 2580, 2103.250313861042
Node 495, 654.8604124205485
Node 2841, 2704.185719672923
Node 2765, 2371.1466972687817
Node 2712, 2252.739387558517
Node 245, 372.88338237276264
Node 2701, 2234.7891353283585
Node 2724, 2291.099912600664
Node 2675, 2198.5681972868706
Node 2588, 2108.599063665715
Node 384, 544.8647445946705
Node 87, 43.127244681407305
Node 2658, 2168.23972010752
Node 2573, 2097.789097013794
Node 2565, 2094.5897565695905
Node 343, 501.37673016425936
Node 118, 146.86613975784277
Node 2707, 2244.5089804588724
Node 2646, 2160.6776122716587
Node 2304, 2016.2109629501626
Node 2008, 2001.9943650513394
Node 196, 306.9474051096588
Node 953, 1102.0640699211133
Node 2690, 2227.25283696697
Node 2141, 2006.1209576689114
Node 2078, 2003.7398252962107
Node 2555, 2086.6645448767495
Node 1290, 1409.5807116427493
Node 981, 1128.9604659456895
Node 523, 685.2123147620191
Node 2438, 2040.8641040688146
Node 1365, 1473.1947578832876
Node 884, 1038.6997454189202
Node 81, 25.9209375511474
Node 2894, 3080.335350830122
Node 1408, 1511.8688001221299
Node 539, 703.0062235595796
Node 1182, 1316.8650233104786
Node 182, 280.13340860218966
Node 1074, 1208.4555413103797
Node 754, 921.8699147267994
Node 101, 103.3555159509514
Node 2868, 2869.042714181631
Node 2698, 2233.543355695433
Node 2694, 2231.242538632729
Node 922, 1069.0618522989246
Node 2649, 2162.3172286443732
Node 298, 444.1562875511815
Node 2589, 2110.333498412292
Node 2491, 2056.0381277802294
Node 1821, 1895.0124511400816
Node 1539, 1627.4313790471185
Node 1238, 1365.6094034949713
Node 1423, 1526.222850889779
Node 482, 642.0196488508827
Node 2502, 2059.9370225029043
Node 276, 424.19851559639204
Node 2776, 2410.490168343019
Node 2306, 2016.3496206386997
Node 2261, 2012.5933988679901
Node 104, 108.46846402274824
