Node, generations
Node 3132, 24453.799431194253
Node 1992, 8269.598487177303
Node 1190, 3776.963953768002
Node 130, 20.059692960120923
Node 94, 6.354630186826199
Node 1204, 3814.9322109920627
Node 724, 2419.742989954531
Node 433, 1407.9757831836655
Node 85, 1.3791584454241967
Node 82, 0.3484653843866585
Node 255, 103.92597000810348
Node 211, 62.64208652379325
Node 105, 12.097181740639968
Node 550, 2050.902701913444
Node 172, 40.92238730276686
Node 294, 136.7075334091198
Node 262, 107.72170559283573
Node 230, 77.44118121535203
Node 288, 129.00324437075622
Node 200, 56.292795886288786
Node 122, 16.819160956894162
Node 246, 96.6437228055485
Node 216, 67.5924077954859
Node 142, 24.61800015831042
Node 177, 43.37784392957869
Node 156, 29.081123459090975
Node 86, 1.455459132635175
Node 123, 16.897935858799016
Node 80, 0.23049594826372297
Node 2332, 11734.309732782589
Node 1302, 4167.144955990175
Node 293, 134.13991546284677
Node 266, 109.73412108366723
Node 100, 9.708204575346144
Node 84, 1.3664939626323283
Node 261, 105.80488866450517
Node 183, 47.33832499048303
Node 170, 39.38528422556383
Node 81, 0.23978849313847186
Node 143, 24.91875189861306
Node 185, 47.47375484196747
Node 338, 215.54434751747547
Node 117, 15.56325305279547
Node 92, 6.310750862002622
Node 241, 90.12958703760106
Node 103, 11.068271473557692
Node 1443, 4771.245429506812
Node 692, 2329.9170000155063
Node 236, 83.90605496954683
Node 301, 144.73704622859557
Node 270, 112.69851728695208
Node 147, 26.70225173601639
Node 137, 22.40899492914087
Node 89, 4.012909935168316
Node 249, 98.22831805593687
Node 150, 27.2403730226844
Node 146, 25.90512199303668
Node 145, 25.187590238687182
Node 87, 1.9216521584432489
Node 169, 39.36346612167278
Node 108, 13.233738930713647
Node 1230, 3928.285085263912
Node 260, 105.68194573679854
Node 233, 80.98203467807042
Node 148, 26.710636827648695
Node 107, 12.509125223603586
Node 115, 15.46194162004824
Node 154, 28.687683071708367
Node 127, 19.549307691111256
Node 299, 144.20195820696048
Node 93, 6.341582740499983
Node 238, 84.73345864168458
Node 181, 47.09127636507094
Node 192, 52.18668640401225
Node 144, 25.139504966094613
Node 188, 48.73625943183949
Node 133, 21.737052614543437
Node 132, 20.769690330733404
Node 90, 4.492391189698539
