node_generations, branch_length
2356.3826629174982, 11287.96416492204
2194.45816138432, 161.92450153317805
0.0, 2194.45816138432
0.0, 2194.45816138432
2218.140974273201, 138.24168864429703
2066.485949865001, 151.6550244082
0.0, 2066.485949865001
0.0, 2066.485949865001
2087.8855619724695, 130.25541230073168
2019.5826005216488, 68.3029614508207
0.0, 2019.5826005216488
241.52870266157112, 1778.0538978600778
0.0, 241.52870266157112
0.0, 241.52870266157112
2076.7363505880585, 11.149211384411046
0.0, 2076.7363505880585
0.0, 2076.7363505880585
2974.7759729618165, 10669.570854877722
2579.5643786909523, 395.2115942708642
2407.2883221159223, 172.27605657503
2272.40111488575, 134.8872072301724
2008.7731603142388, 263.62795457151105
0.0, 2008.7731603142388
1342.5933285901688, 666.17983172407
0.0, 1342.5933285901688
1301.627217132689, 40.966111457479656
0.0, 1301.627217132689
0.0, 1301.627217132689
2033.1648554084975, 239.23625947725236
0.0, 2033.1648554084975
0.0, 2033.1648554084975
2382.370863282978, 24.91745883294425
1550.5057671781537, 831.8650961048243
0.0, 1550.5057671781537
1430.6035695707922, 119.90219760736159
0.0, 1430.6035695707922
890.9237431437072, 539.679826427085
0.0, 890.9237431437072
0.0, 890.9237431437072
2150.5832426435436, 231.7876206394344
0.0, 2150.5832426435436
0.0, 2150.5832426435436
2497.9280463723653, 81.63633231858694
1112.9379267234817, 1384.9901196488836
0.0, 1112.9379267234817
0.0, 1112.9379267234817
2404.785100789394, 93.14294558297115
0.0, 2404.785100789394
0.0, 2404.785100789394
2961.8200867593087, 12.955886202507827
0.0, 2961.8200867593087
2513.269315882296, 448.55077087701284
2355.552863384912, 157.71645249738367
2004.3637313211445, 351.1891320637676
0.0, 2004.3637313211445
0.0, 2004.3637313211445
2113.587534805347, 241.96532857956527
0.0, 2113.587534805347
0.0, 2113.587534805347
2509.3833833991157, 3.885932483180113
2198.0445524827155, 311.3388309164002
2053.6482156907705, 144.39633679194503
0.0, 2053.6482156907705
499.1620535599033, 1554.4861621308671
0.0, 499.1620535599033
0.0, 499.1620535599033
2156.768454276306, 41.27609820640964
0.0, 2156.768454276306
2093.195508733832, 63.57294554247392
0.0, 2093.195508733832
515.7281089752855, 1577.4673997585464
0.0, 515.7281089752855
0.0, 515.7281089752855
2419.46319807238, 89.92018532673592
0.0, 2419.46319807238
521.5083742039949, 1897.954823868385
0.0, 521.5083742039949
0.0, 521.5083742039949
