node_generations, branch_length
1808.160876017146, 13207.012641879028
341.81562424718066, 1466.3452517699652
268.13497988344267, 73.680644363738
0.0, 268.13497988344267
222.23314519379537, 45.9018346896473
0.0, 222.23314519379537
220.85342830890005, 1.3797168848953163
0.0, 220.85342830890005
0.0, 220.85342830890005
339.4968530123608, 2.318771234819849
0.0, 339.4968530123608
204.19753947031907, 135.29931354204174
0.0, 204.19753947031907
0.0, 204.19753947031907
1675.6679725200568, 132.49290349708917
0.0, 1675.6679725200568
489.1524148924081, 1186.5155576276486
359.19583656575423, 129.95657832665387
200.86082787158261, 158.33500869417162
0.0, 200.86082787158261
0.0, 200.86082787158261
258.0876855424771, 101.10815102327712
0.0, 258.0876855424771
0.0, 258.0876855424771
445.257130559732, 43.89528433267611
0.0, 445.257130559732
0.0, 445.257130559732
8066.422169682979, 6948.751348213194
0.0, 8066.422169682979
3773.54935061886, 4292.8728190641195
649.4225418556116, 3124.1268087632484
321.77956439822117, 327.64297745739043
0.0, 321.77956439822117
274.8777033214993, 46.90186107672184
47.85632768946747, 227.02137563203186
0.0, 47.85632768946747
0.0, 47.85632768946747
221.10654622634988, 53.77115709514945
0.0, 221.10654622634988
0.0, 221.10654622634988
508.2696308826279, 141.1529109729837
0.0, 508.2696308826279
429.3643071586994, 78.90532372392852
0.0, 429.3643071586994
381.0979472299471, 48.26635992875225
0.0, 381.0979472299471
368.23534634862864, 12.862600881318485
206.04106858576313, 162.1942777628655
0.0, 206.04106858576313
0.0, 206.04106858576313
212.35343177417062, 155.88191457445802
0.0, 212.35343177417062
0.0, 212.35343177417062
1060.8100406698074, 2712.7393099490528
494.17683921443387, 566.6332014553736
200.12728797835368, 294.0495512360802
0.0, 200.12728797835368
0.0, 200.12728797835368
465.13395897136036, 29.042880243073512
300.56161578378504, 164.5723431875753
247.9915429864343, 52.57007279735075
0.0, 247.9915429864343
0.0, 247.9915429864343
298.70786541795, 1.853750365835026
0.0, 298.70786541795
228.52652581082802, 70.181339607122
0.0, 228.52652581082802
0.0, 228.52652581082802
334.5095298809872, 130.62442909037316
0.0, 334.5095298809872
0.0, 334.5095298809872
532.1836703926083, 528.6263702771992
0.0, 532.1836703926083
346.4000255726733, 185.78364481993498
0.0, 346.4000255726733
40.471046980495, 305.92897859217834
0.0, 40.471046980495
0.0, 40.471046980495
