Node, generations
Node 3010, 20777.30775818517
Node 2559, 13424.158951695164
Node 1586, 4786.866270518708
Node 1302, 3362.546669745009
Node 702, 1351.253624144811
Node 266, 153.92594897123223
Node 206, 125.05520862034304
Node 110, 104.0074671869294
Node 118, 105.2933656591
Node 253, 146.92334713185082
Node 342, 289.51792743895595
Node 194, 123.1688566240814
Node 305, 183.393458928212
Node 1455, 4053.6078006611388
Node 956, 2080.0792128124544
Node 200, 124.06189201886643
Node 633, 1168.5858682750716
Node 90, 102.10071995409662
Node 226, 134.26654391501455
Node 1254, 3175.8388986061673
Node 788, 1586.3312021614367
Node 325, 210.58166437821686
Node 109, 103.97243872091954
Node 336, 274.3453895988534
Node 167, 116.23795253880405
Node 277, 160.5209277742347
Node 232, 136.48146182444137
Node 225, 133.92924025322722
Node 119, 105.62876253735215
Node 233, 136.65294281602877
Node 1230, 3069.944222978284
Node 1054, 2458.5982130491825
Node 494, 756.7188436405488
Node 189, 122.14901164518484
Node 276, 160.4767254817271
Node 268, 155.55464195095752
Node 1812, 6174.137625916306
Node 337, 276.12148500142774
Node 231, 136.2090554704307
Node 294, 174.91232381544114
Node 181, 118.7714248148298
Node 131, 108.14026493873271
Node 284, 165.8805534134321
Node 196, 123.4722360580661
Node 771, 1548.8772259224793
Node 123, 105.94946064889119
Node 680, 1301.5899316821424
Node 257, 150.25135290818122
Node 315, 194.83064607524977
Node 250, 145.09605566467454
Node 184, 119.48372609831239
Node 99, 102.66891200244025
Node 83, 101.19152216407569
Node 171, 116.69717327292908
Node 240, 138.7620269431339
Node 2726, 15970.234058528127
Node 92, 102.27735618785621
Node 270, 157.55115770152514
Node 172, 117.12460906008626
