Node, generations
Node 1602, 72311.43687662765
Node 600, 2622.415640788357
Node 526, 1775.612814881875
Node 245, 1033.2981814183322
Node 452, 1377.1691473242938
Node 169, 1009.5864509104812
Node 139, 1004.4820318006709
Node 106, 1001.4045705294027
Node 394, 1212.8378950127828
Node 587, 2435.196172710841
Node 442, 1310.6322835549063
Node 505, 1624.7892324234524
Node 308, 1080.1109483171049
Node 338, 1120.6866498743411
Node 184, 1013.1510165496674
Node 606, 2710.502096299702
Node 373, 1161.695700459735
Node 193, 1014.899167253046
Node 550, 1990.6539123692905
