Node, generations
Node 2274, 20126.870272679942
Node 1477, 1849.464275605853
Node 1334, 1272.502753520641
Node 1155, 1070.9585844969386
Node 1005, 1022.1702913635579
Node 633, 1000.1229828404731
Node 1282, 1175.883513469099
Node 882, 1010.8377962483119
Node 218, 479.2488945071619
Node 1239, 1131.7448681430926
Node 1163, 1076.832160709458
Node 704, 1001.955708308574
Node 1125, 1055.7104170228727
Node 168, 380.48198911817
Node 1464, 1746.9243815771415
Node 1265, 1161.603007369619
Node 1200, 1093.7286478974042
Node 1186, 1088.7626662047066
Node 1029, 1026.2532981624945
Node 208, 462.1392112635591
Node 1192, 1091.8384294410162
Node 572, 933.0607841355138
Node 548, 900.696544118568
Node 88, 183.8507352491529
Node 1240, 1132.5230357269581
Node 169, 382.4630559646991
Node 1237, 1128.7242221361614
Node 1118, 1052.852523158195
Node 385, 717.3401995442077
Node 78, 144.2825390422173
Node 1161, 1075.7224149038532
Node 1083, 1039.3722773498794
Node 60, 17.708564871294858
Node 1445, 1660.2699870529395
Node 930, 1013.9458048985342
Node 151, 345.61108409594436
Node 1998, 12879.431205889718
Node 1380, 1366.0191934371203
Node 1296, 1190.9321311828362
Node 1055, 1032.223488901627
Node 1031, 1026.6847690294287
Node 497, 842.3497906138857
Node 332, 644.0410452791543
Node 174, 395.6570040873942
Node 1236, 1127.7659559285746
Node 1092, 1040.8133304127025
Node 1368, 1340.6049734567066
Node 1298, 1194.3077142827292
Node 1259, 1157.206561842086
Node 1620, 5818.406017798256
Node 1303, 1199.8773925672497
Node 1147, 1065.6532785052254
Node 113, 272.12419108568497
Node 1249, 1145.1525287020747
Node 1174, 1083.6733584202907
Node 961, 1016.9067872475637
Node 374, 704.1843316840277
Node 1033, 1026.9460929901504
Node 241, 508.93702359983627
