node_generations, branch_length
1277.5475843138768, 655.0554171471356
0.0, 1277.5475843138768
1059.737835789796, 217.80974852408076
0.0, 1059.737835789796
1013.3698655966934, 46.367970193102565
0.0, 1013.3698655966934
0.0, 1013.3698655966934
1585.2915349114799, 347.3114665495325
1203.093515079873, 382.19801983160687
0.0, 1203.093515079873
1157.2695479807653, 45.823967099107676
0.0, 1157.2695479807653
0.0, 1157.2695479807653
1464.3523372696734, 120.93919764180646
1376.788055575876, 87.56428169379751
1064.5844930462658, 312.20356252961005
0.0, 1064.5844930462658
0.0, 1064.5844930462658
1188.6114084569754, 188.17664711890052
0.0, 1188.6114084569754
1071.3103811267335, 117.30102733024182
0.0, 1071.3103811267335
1058.3944332945284, 12.91594783220512
0.0, 1058.3944332945284
0.0, 1058.3944332945284
1380.4806436321862, 83.87169363748717
1155.6651435506578, 224.8155000815284
0.0, 1155.6651435506578
0.0, 1155.6651435506578
1256.3492590804492, 124.13138455173703
0.0, 1256.3492590804492
1124.6706139241917, 131.67864515625752
0.0, 1124.6706139241917
1108.1884152059336, 16.482198718258132
0.0, 1108.1884152059336
1042.9414572155083, 65.24695799042524
0.0, 1042.9414572155083
0.0, 1042.9414572155083
