Node, generations
Node 1550, 23966.81316252128
Node 602, 598.999463069437
Node 317, 238.5739527409858
Node 86, 188.98088945409262
Node 384, 267.4664260714631
Node 1050, 9630.337124314156
Node 707, 1057.2853603624912
Node 483, 346.4088345361951
Node 374, 260.59799601391643
Node 672, 902.543705059681
Node 611, 623.3439956551811
Node 124, 202.31494287321226
Node 570, 502.4965389470709
Node 499, 365.9007245391188
Node 216, 214.46778819015782
Node 395, 271.69079317723987
Node 104, 200.99897036496702
Node 279, 227.3934547203248
Node 568, 497.6693131814809
Node 169, 206.74744503991317
Node 373, 260.52552876951063
Node 349, 251.1599640847368
Node 668, 853.8713703502979
Node 344, 248.8704395181731
Node 256, 222.5118065887075
Node 80, 173.29049442493545
Node 545, 446.7419124549203
Node 495, 360.82393429479947
Node 186, 209.46742269526982
Node 526, 413.94546348296967
Node 461, 323.02067869119503
Node 208, 213.08945984043163
Node 727, 1260.967074354224
Node 616, 640.9311573648074
Node 549, 451.0681313860797
Node 481, 345.67221156273337
Node 456, 317.13839093790915
Node 470, 335.3169742966283
Node 498, 363.89389013210365
Node 408, 280.6811507097513
Node 551, 455.1269104274848
Node 533, 428.0790558684251
Node 506, 376.5476166446099
Node 60, 30.82960247569782
Node 478, 343.1866191386868
Node 446, 304.65667469451785
Node 380, 263.75342026960715
Node 335, 244.1937541884967
Node 308, 234.7158877974307
Node 236, 218.3662089017719
Node 386, 269.3457525386519
Node 296, 231.39882230673564
Node 679, 927.7915152544414
Node 474, 338.16309161409566
Node 639, 716.9893101146349
Node 301, 232.55611341596799
Node 496, 361.4761605240763
Node 403, 278.680472433778
Node 346, 249.36585832935552
