node_generations, branch_length
1628.4439070706912, 15427.699940004273
0.0, 1628.4439070706912
1071.2506575548496, 557.1932495158417
0.0, 1071.2506575548496
1061.7206757576153, 9.529981797234313
0.0, 1061.7206757576153
1041.043289447782, 20.67738630983331
0.0, 1041.043289447782
0.0, 1041.043289447782
8654.782787568514, 8401.36105950645
2660.5523321158876, 5994.230455452627
1122.1894714582556, 1538.362860657632
0.0, 1122.1894714582556
0.0, 1122.1894714582556
1530.5624731452142, 1129.9898589706734
1298.6638174388056, 231.8986557064086
1164.6650481259092, 133.99876931289646
1101.7503901238679, 62.91465800204128
0.0, 1101.7503901238679
693.8472875290888, 407.90310259477906
0.0, 693.8472875290888
0.0, 693.8472875290888
1116.4797492676596, 48.18529885824955
1022.3248956573494, 94.15485361031017
0.0, 1022.3248956573494
0.0, 1022.3248956573494
1093.0281845939342, 23.451564673725443
481.15561207643515, 611.8725725174991
0.0, 481.15561207643515
0.0, 481.15561207643515
1007.7301103915419, 85.29807420239229
0.0, 1007.7301103915419
1002.7920362814644, 4.938074110077423
0.0, 1002.7920362814644
0.0, 1002.7920362814644
1194.1446117174262, 104.51920572137942
0.0, 1194.1446117174262
1172.947402326116, 21.197209391310253
1028.9597763640331, 143.9876259620828
0.0, 1028.9597763640331
932.1496165959933, 96.81015976803985
0.0, 932.1496165959933
0.0, 932.1496165959933
1109.0848996812786, 63.86250264483738
0.0, 1109.0848996812786
1080.9340001711982, 28.150899510080308
0.0, 1080.9340001711982
1042.3107025900065, 38.623297581191764
0.0, 1042.3107025900065
716.7588382842328, 325.55186430577373
0.0, 716.7588382842328
123.069744061791, 593.6890942224418
0.0, 123.069744061791
0.0, 123.069744061791
1379.2511937039606, 151.31127944125365
0.0, 1379.2511937039606
1173.8021688212457, 205.44902488271487
0.0, 1173.8021688212457
0.0, 1173.8021688212457
2806.7917343005997, 5847.991053267915
0.0, 2806.7917343005997
1479.5897817573418, 1327.201952543258
0.0, 1479.5897817573418
1249.2986553001726, 230.29112645716918
1137.7435175304431, 111.55513776972953
0.0, 1137.7435175304431
0.0, 1137.7435175304431
1154.981008732786, 94.31764656738665
1104.3347371234372, 50.64627160934879
0.0, 1104.3347371234372
1009.4030456504598, 94.93169147297738
0.0, 1009.4030456504598
0.0, 1009.4030456504598
1111.4788983732312, 43.50211035955476
0.0, 1111.4788983732312
1097.1565342019355, 14.322364171295703
0.0, 1097.1565342019355
0.0, 1097.1565342019355
