Node, generations
Node 2327, 22930.82074238863
Node 1740, 1397.260834961229
Node 1602, 1111.706748550399
Node 1457, 1039.194383830073
Node 1156, 1006.004642611226
Node 932, 1000.4792245200591
Node 1429, 1031.0368703208496
Node 1312, 1016.9186605416564
Node 1587, 1095.8343781284018
Node 1717, 1328.0661386785944
Node 1607, 1122.3864397956352
Node 528, 647.3373666235713
Node 97, 99.15570703550172
Node 1593, 1099.0353746461076
Node 216, 317.85617083529576
Node 2060, 11724.549311250918
Node 1699, 1270.3334475053573
Node 1511, 1055.55231357789
Node 1369, 1023.2750575970484
Node 1402, 1026.4280020973515
Node 1239, 1011.0027134802509
Node 1210, 1009.5923672752812
Node 393, 507.6799279650158
Node 307, 419.9458433267083
Node 1670, 1210.5267527177584
Node 1624, 1146.608874776551
Node 1484, 1048.9655461040174
Node 899, 997.0922298099882
Node 190, 277.51465601883325
Node 1546, 1072.6325394522848
Node 241, 346.74795587153056
Node 1817, 1850.0957829410233
Node 1766, 1521.408689569336
Node 225, 326.26025625970624
Node 1729, 1374.9092446746245
Node 1659, 1198.6182403049424
Node 1529, 1063.9202334605961
Node 1523, 1060.7691351559129
Node 122, 156.19171841763796
Node 94, 92.48658051419342
Node 1390, 1025.464292127215
Node 372, 487.5090732620075
Node 311, 424.72683016594027
Node 1657, 1193.7849785147498
Node 1613, 1133.6077399896337
Node 603, 732.7880493926882
Node 382, 495.94747165050507
Node 134, 177.29071820509117
Node 1220, 1010.2132975627959
Node 1728, 1373.5843901598214
Node 91, 81.90866648997445
Node 1542, 1069.8553903200243
Node 1392, 1025.6136785106162
Node 896, 995.0733016637615
Node 1520, 1059.8930110454417
Node 1489, 1049.5486284924548
Node 807, 923.8559976971529
Node 1476, 1046.9818649903661
Node 464, 597.2151561606178
Node 1785, 1628.1313376463763
Node 1581, 1093.4497489151088
Node 1445, 1035.4099264228666
Node 153, 224.5802244561727
Node 83, 26.847645685965478
Node 84, 30.658562472059067
Node 1441, 1035.023009427462
Node 995, 1001.9609869346159
Node 86, 36.12646172855805
Node 1565, 1083.8502663762915
Node 1306, 1016.3766278513325
Node 82, 22.924940927257325
Node 164, 242.27082348481287
Node 1754, 1458.86491014664
Node 1689, 1233.7247708816162
Node 1553, 1077.9224011953877
Node 1232, 1010.7840015696819
Node 1240, 1011.1962028437388
Node 1091, 1004.0310059926396
Node 217, 318.1159911705164
