Node, generations
Node 1595, 8930.000716042612
Node 1528, 8312.917741380845
Node 239, 267.4296341313841
Node 225, 258.0488265946333
Node 207, 247.79874419781754
Node 176, 229.56998610974406
Node 1451, 7584.635459755965
Node 1213, 5655.799481092465
Node 668, 2097.750756214815
Node 1272, 6130.161956204041
Node 887, 3296.2224997046724
Node 791, 2770.4801164428472
Node 265, 289.69933473369684
Node 220, 256.35259960450287
Node 217, 253.44950801409902
Node 228, 260.1880632077503
Node 104, 209.4129541721053
Node 47, 114.34787498206794
Node 939, 3650.8366364488697
Node 329, 389.36723120942315
Node 321, 368.58382484663184
Node 179, 231.40844161770053
Node 170, 228.339588848784
Node 140, 219.22703556845192
Node 91, 205.0675078696609
Node 181, 231.92925114458282
Node 125, 215.29638324966731
Node 180, 231.89388554564803
Node 118, 212.25084216591392
Node 597, 1734.4940943106085
Node 224, 256.8846798717132
Node 141, 219.32216006448934
Node 300, 341.5522895651981
Node 271, 295.8758810509395
Node 243, 270.18857468601993
Node 193, 235.79243623187054
Node 174, 228.9280634801629
Node 222, 256.5328899056452
Node 44, 108.84986674866934
