node_generations, branch_length
4206.748512509357, 12801.777079651429
274.13924832188536, 3932.609264187472
0.0, 274.13924832188536
0.0, 274.13924832188536
1074.0307445666645, 3132.7177679426927
0.0, 1074.0307445666645
228.50926194129903, 845.5214826253655
0.0, 228.50926194129903
224.00917308945031, 4.500088851848716
0.0, 224.00917308945031
0.0, 224.00917308945031
12865.832843352166, 4142.69274880862
2880.5656091119054, 9985.26723424026
263.1499378495087, 2617.4156712623967
0.0, 263.1499378495087
222.46707338952118, 40.68286445998754
0.0, 222.46707338952118
0.0, 222.46707338952118
1399.3405051224083, 1481.225103989497
0.0, 1399.3405051224083
357.2090739479655, 1042.1314311744427
0.0, 357.2090739479655
0.0, 357.2090739479655
3529.5534529524366, 9336.27939039973
232.8414818292161, 3296.7119711232203
0.0, 232.8414818292161
114.99706528622877, 117.84441654298732
0.0, 114.99706528622877
0.0, 114.99706528622877
2125.0906663938986, 1404.462786558538
217.2528203388277, 1907.837846055071
0.0, 217.2528203388277
172.58318170162693, 44.66963863720076
0.0, 172.58318170162693
0.0, 172.58318170162693
317.70489177014286, 1807.3857746237557
0.0, 317.70489177014286
0.0, 317.70489177014286
