node_generations, branch_length
2604.7305557487557, 78448.19001012635
2085.9536163536686, 518.7769393950871
0.0, 2085.9536163536686
2035.6745857939206, 50.27903055974798
0.0, 2035.6745857939206
2032.3296020532262, 3.344983740694488
1367.7593282484004, 664.5702738048258
0.0, 1367.7593282484004
0.0, 1367.7593282484004
1910.8308143987301, 121.49878765449603
0.0, 1910.8308143987301
0.0, 1910.8308143987301
2308.3902025425973, 296.3403532061584
0.0, 2308.3902025425973
2304.2460162346442, 4.144186307953078
0.0, 2304.2460162346442
2222.0701738982834, 82.1758423363608
2121.6391813497094, 100.43099254857407
0.0, 2121.6391813497094
2093.1107416856767, 28.528439664032703
0.0, 2093.1107416856767
0.0, 2093.1107416856767
2200.5736220321673, 21.49655186611608
0.0, 2200.5736220321673
1676.3118618233011, 524.2617602088662
0.0, 1676.3118618233011
0.0, 1676.3118618233011
10207.715781375007, 70845.20478450009
2615.347217518926, 7592.368563856082
0.0, 2615.347217518926
2031.7706518254984, 583.5765656934275
0.0, 2031.7706518254984
0.0, 2031.7706518254984
2721.9754313109565, 7485.74035006405
0.0, 2721.9754313109565
2079.846292820212, 642.1291384907445
0.0, 2079.846292820212
0.0, 2079.846292820212
