node_generations, branch_length
0.0, 11342.605889418879
9694.642309612724, 1647.9635798061554
2465.7915602405506, 7228.850749372174
0.0, 2465.7915602405506
1390.0400924411874, 1075.7514677993631
288.3803270683251, 1101.6597653728622
0.0, 288.3803270683251
0.0, 288.3803270683251
296.51542976398264, 1093.5246626772048
0.0, 296.51542976398264
242.83899173775018, 53.67643802623246
176.89154137511775, 65.94745036263242
0.0, 176.89154137511775
0.0, 176.89154137511775
233.27638329159055, 9.56260844615963
0.0, 233.27638329159055
0.0, 233.27638329159055
3159.1287278135433, 6535.51358179918
141.06409936394522, 3018.064628449598
0.0, 141.06409936394522
125.11155325363784, 15.952546110307381
0.0, 125.11155325363784
0.0, 125.11155325363784
236.93160830776606, 2922.197119505777
152.5090330029607, 84.42257530480535
0.0, 152.5090330029607
144.7294269947815, 7.779606008179201
0.0, 144.7294269947815
0.0, 144.7294269947815
223.21958025014519, 13.71202805762087
110.21623333079813, 113.00334691934705
0.0, 110.21623333079813
0.0, 110.21623333079813
134.16424577181667, 89.05533447832852
0.0, 134.16424577181667
128.45036025676833, 5.713885515048332
0.0, 128.45036025676833
0.0, 128.45036025676833
