node_generations, branch_length
2388.289677994662, 18668.415487274433
124.23622373420005, 2264.053454260462
0.0, 124.23622373420005
0.0, 124.23622373420005
1631.2529674128969, 757.036710581765
184.54518028219508, 1446.7077871307017
140.10747781937673, 44.43770246281835
0.0, 140.10747781937673
115.7684211680153, 24.33905665136143
0.0, 115.7684211680153
114.10060053254134, 1.6678206354739586
0.0, 114.10060053254134
0.0, 114.10060053254134
157.02343487888146, 27.521745403313616
0.0, 157.02343487888146
0.0, 157.02343487888146
350.1622669379689, 1281.0907004749279
227.88483375200911, 122.27743318595981
0.0, 227.88483375200911
147.79579723378018, 80.08903651822894
0.0, 147.79579723378018
119.25350661063328, 28.542290623146897
0.0, 119.25350661063328
0.0, 119.25350661063328
345.6559738668641, 4.506293071104835
141.68800929808046, 203.96796456878363
0.0, 141.68800929808046
0.0, 141.68800929808046
227.34283444727163, 118.31313941959246
0.0, 227.34283444727163
226.41657811969543, 0.9262563275761977
0.0, 226.41657811969543
0.0, 226.41657811969543
17699.223907868472, 3357.481257400621
3716.543537856325, 13982.680370012147
196.55193109253932, 3519.991606763786
0.0, 196.55193109253932
0.0, 196.55193109253932
2755.9997646479364, 960.5437732083888
776.7072723452297, 1979.2924923027067
0.0, 776.7072723452297
347.0694975361509, 429.63777480907885
0.0, 347.0694975361509
312.13286073179455, 34.93663680435634
255.24154575499549, 56.891314976799066
0.0, 255.24154575499549
168.81624733390706, 86.42529842108843
0.0, 168.81624733390706
0.0, 168.81624733390706
308.52568677734405, 3.607173954450502
0.0, 308.52568677734405
0.0, 308.52568677734405
1238.7569842411722, 1517.2427804067643
229.26927710681312, 1009.4877071343591
124.15093726112384, 105.11833984568928
0.0, 124.15093726112384
0.0, 124.15093726112384
218.87017969879778, 10.399097408015336
100.76695876643225, 118.10322093236553
0.0, 100.76695876643225
0.0, 100.76695876643225
150.8201647969529, 68.05001490184489
0.0, 150.8201647969529
0.0, 150.8201647969529
306.93643489037936, 931.8205493507928
0.0, 306.93643489037936
119.16303829701123, 187.77339659336815
0.0, 119.16303829701123
0.0, 119.16303829701123
15156.045566398434, 2543.1783414700385
0.0, 15156.045566398434
1717.9551883852016, 13438.090378013232
0.0, 1717.9551883852016
141.5474976504976, 1576.407690734704
0.0, 141.5474976504976
138.6837334783402, 2.8637641721574028
0.0, 138.6837334783402
0.0, 138.6837334783402
