node_generations, branch_length
10221.410832569627, 12032.702475948523
896.9428044475161, 9324.468028122112
0.0, 896.9428044475161
805.7113939774208, 91.23141047009528
0.0, 805.7113939774208
389.9869918552853, 415.72440212213553
0.0, 389.9869918552853
228.16280645450573, 161.82418540077956
0.0, 228.16280645450573
201.37395688369983, 26.788849570805894
0.0, 201.37395688369983
0.0, 201.37395688369983
8687.828422830566, 1533.5824097390614
1340.2955175059735, 7347.532905324592
0.0, 1340.2955175059735
1312.2736417324058, 28.021875773567672
211.21908089385929, 1101.0545608385466
0.0, 211.21908089385929
0.0, 211.21908089385929
317.81312066178026, 994.4605210706256
257.089983848957, 60.72313681282327
0.0, 257.089983848957
3.9036647315938007, 253.18631911736318
0.0, 3.9036647315938007
0.0, 3.9036647315938007
260.41429976705837, 57.398820894721894
0.0, 260.41429976705837
212.30755288563762, 48.10674688142075
0.0, 212.30755288563762
0.0, 212.30755288563762
1694.5390136490932, 6993.289409181472
200.24119645947812, 1494.2978171896152
0.0, 200.24119645947812
0.0, 200.24119645947812
346.7420723614618, 1347.7969412876314
0.0, 346.7420723614618
0.0, 346.7420723614618
10764.007504198942, 11490.105804319208
5186.310422529407, 5577.697081669535
618.5000932946524, 4567.810329234755
0.0, 618.5000932946524
0.0, 618.5000932946524
4764.456033982293, 421.85438854711447
278.7772587883427, 4485.67877519395
202.07932783007834, 76.69793095826435
0.0, 202.07932783007834
21.877268981179945, 180.2020588488984
0.0, 21.877268981179945
0.0, 21.877268981179945
250.41115007337226, 28.366108714970437
0.0, 250.41115007337226
233.19749261425594, 17.21365745911632
0.0, 233.19749261425594
206.52395052025778, 26.67354209399815
0.0, 206.52395052025778
0.0, 206.52395052025778
1769.7263483018571, 2994.729685680436
394.848334683103, 1374.878013618754
0.0, 394.848334683103
278.08138722847946, 116.76694745462356
0.0, 278.08138722847946
231.82510389856608, 46.25628332991337
0.0, 231.82510389856608
0.0, 231.82510389856608
1068.599757348731, 701.1265909531262
206.39460864746002, 862.2051487012709
0.0, 206.39460864746002
0.0, 206.39460864746002
312.098797714213, 756.5009596345179
0.0, 312.098797714213
251.0923425939369, 61.00645512027609
0.0, 251.0923425939369
208.73044736089176, 42.361895233045146
0.0, 208.73044736089176
0.0, 208.73044736089176
7228.195317977104, 3535.8121862218377
0.0, 7228.195317977104
0.0, 7228.195317977104
