Node, generations
Node 1806, 24327.44056181683
Node 359, 415.81637394778636
Node 134, 216.9207972976426
Node 336, 378.98434177293996
Node 262, 283.7875320890279
Node 303, 331.0874078085068
Node 862, 6416.897588830045
Node 366, 432.06137287966084
Node 307, 335.90120265823435
Node 209, 249.54381122686462
Node 108, 208.99292331748472
Node 106, 208.6370171437558
Node 208, 247.6891286663577
Node 96, 206.39013805487676
Node 71, 201.6362839728375
Node 767, 5061.278010270847
Node 429, 674.7413811990211
Node 129, 215.1458767673695
Node 94, 205.85004624693934
Node 427, 670.8524054259066
Node 250, 274.9749988188017
Node 115, 210.69518213556745
Node 171, 230.49322250838827
Node 142, 220.27377670827335
Node 133, 216.68934521242994
Node 458, 945.2429077757438
Node 416, 631.9153044193549
Node 403, 579.9303875929553
Node 273, 292.5122776510747
Node 252, 276.30538443755404
Node 395, 533.7050510551453
Node 280, 301.8303230574355
Node 254, 277.52992710404123
Node 312, 346.7409197193302
Node 226, 259.0800374751666
Node 165, 226.90456078057645
Node 183, 238.03293428549995
Node 409, 600.3264644782789
Node 188, 240.42279074268367
