Node, generations
Node 3402, 66610.78770409727
Node 1692, 10421.845160217343
Node 56, 171.6090843715329
Node 1097, 4901.9805693636445
Node 255, 255.36281981080265
Node 208, 233.52033626391858
Node 175, 220.43869145515035
Node 226, 239.47175067969184
Node 63, 200.17324393226409
Node 57, 171.66025285023053
Node 176, 220.52029183919112
Node 324, 333.9771938224399
Node 1870, 12879.064210651304
Node 920, 3758.412304070312
Node 417, 911.3751758253153
Node 244, 250.08189962875898
Node 177, 220.57139782510484
Node 357, 474.14289921745006
Node 301, 302.2141399701239
Node 40, 17.26324458740214
Node 337, 352.77072445109025
Node 314, 328.344514531869
Node 276, 277.3485679610577
Node 188, 223.5198651470058
Node 702, 2447.9674409684894
Node 378, 676.9153308396379
Node 230, 241.93267085825914
Node 229, 241.58592851881946
Node 335, 348.64120993846507
Node 196, 226.63264003634336
Node 194, 225.04230849922573
Node 53, 146.95182633086281
Node 325, 334.784819208866
Node 162, 216.84864014172547
Node 973, 4065.340502830248
Node 106, 205.82689208532796
Node 101, 205.38896249889996
Node 105, 205.80388686906915
Node 235, 243.6725800559255
