Node, generations
Node 3237, 33470.233352548705
Node 2867, 23254.457934750153
Node 1129, 4092.7336402902874
Node 218, 163.28838197817078
Node 143, 73.86415776187344
Node 174, 110.60584886929283
Node 91, 27.140176052710824
Node 162, 97.41426175900618
Node 92, 32.827003933980784
Node 72, 11.559219328243058
Node 69, 9.248389365104414
Node 95, 35.4862448327487
Node 70, 9.446301479028355
Node 1436, 5671.869594606802
Node 233, 180.4503454455761
Node 122, 56.46149873329683
Node 77, 12.761401608691145
Node 79, 15.779402184551941
Node 135, 65.7339429360432
Node 74, 11.857379508935699
Node 63, 7.141002444255104
Node 520, 2185.9965398192835
Node 195, 138.0951283631106
Node 111, 45.91615772785633
Node 68, 9.091290473172432
Node 2944, 24823.224067274175
Node 598, 2333.370268338658
Node 75, 12.10046584799232
Node 1936, 9275.546265467501
Node 244, 186.73301181028813
Node 129, 63.23118511642767
Node 137, 66.01031555060251
Node 83, 18.49183694824098
Node 73, 11.70490769367513
Node 61, 5.926164094118755
Node 89, 25.810985650350315
Node 1764, 7979.102573424209
Node 223, 172.0637069916065
Node 178, 121.21009698818983
Node 166, 100.08285143691253
Node 110, 43.82526476743945
Node 656, 2441.9733719521396
Node 148, 77.32549026398749
Node 243, 185.8440704975287
Node 212, 161.05615874706413
Node 192, 135.00326223656728
Node 149, 81.00601639749183
Node 86, 25.34283692275072
Node 109, 42.51723825854873
Node 81, 17.02396350575414
Node 67, 8.794656049053064
Node 64, 7.816066639584171
Node 204, 149.8552938716042
Node 139, 66.73759674058587
Node 124, 59.58510748729534
Node 220, 169.01635637834596
Node 151, 83.62140548688843
Node 78, 15.390867250501378
Node 113, 47.30273914276123
