node_generations, branch_length
1843.8553247052985, 11614.772927462262
1002.7235024233104, 841.1318222819881
0.0, 1002.7235024233104
0.0, 1002.7235024233104
1212.3441870276702, 631.5111376776283
0.0, 1212.3441870276702
0.0, 1212.3441870276702
11782.450579466955, 1676.1776727006054
2143.168810729467, 9639.281768737488
1446.086441550997, 697.0823691784701
0.0, 1446.086441550997
1347.6643426088397, 98.42209894215739
0.0, 1347.6643426088397
1008.3203636123958, 339.34397899644387
0.0, 1008.3203636123958
0.0, 1008.3203636123958
1620.0788378679688, 523.0899728614984
1113.0093110490013, 507.06952681896746
1035.7685758061616, 77.24073524283972
0.0, 1035.7685758061616
0.0, 1035.7685758061616
1096.6361819657566, 16.37312908324475
0.0, 1096.6361819657566
1028.7395163420222, 67.8966656237344
0.0, 1028.7395163420222
0.0, 1028.7395163420222
1500.1773785872606, 119.9014592807082
0.0, 1500.1773785872606
0.0, 1500.1773785872606
2436.2121337059916, 9346.238445760962
1097.6208981837872, 1338.5912355222044
0.0, 1097.6208981837872
0.0, 1097.6208981837872
1409.3223813391542, 1026.8897523668375
0.0, 1409.3223813391542
1056.6491876978241, 352.67319364133004
0.0, 1056.6491876978241
0.0, 1056.6491876978241
