Node, generations
Node 863, 3468.6351707243525
Node 730, 1278.0997208760991
Node 573, 728.1257503154409
Node 343, 531.0278017337372
Node 718, 1213.5418280685205
Node 557, 700.6990369868817
Node 676, 1007.8609572153143
Node 472, 600.4731648915857
Node 420, 564.5590804660121
Node 266, 513.8725214256909
Node 506, 636.9582991014163
Node 414, 559.4743128878537
Node 823, 2109.2014354621724
Node 681, 1023.8133168502784
Node 135, 499.46868519042727
Node 608, 795.4350782979363
Node 277, 516.2115773792352
Node 419, 564.0773109327533
Node 323, 525.9074007009883
Node 801, 1893.347151827512
Node 349, 534.0791375459426
Node 687, 1062.9813934022775
Node 625, 847.2113339220531
Node 537, 668.8293580120667
Node 425, 568.5862679982323
Node 495, 623.8341115459114
Node 619, 822.6129286737972
Node 490, 616.4970833481269
Node 41, 50.059618317167555
Node 603, 786.3139042359376
Node 416, 562.8784390266508
Node 86, 331.04843479575703
Node 45, 69.97804834021034
Node 585, 748.8132458949748
Node 396, 552.8375756677291
Node 56, 162.45967466257918
Node 470, 599.2085972666493
Node 407, 558.1747503929711
Node 353, 535.9185744037159
