Node, generations
Node 1649, 10642.65570933225
Node 1523, 9011.27427053628
Node 955, 2240.714047598874
Node 839, 1266.3755673812825
Node 608, 1036.495940838202
Node 463, 1009.3724902041989
Node 574, 1027.1043687627243
Node 568, 1026.307764814991
Node 48, 120.86030948790297
Node 831, 1241.5193841761393
Node 671, 1061.5882876327755
Node 302, 966.6326477059991
Node 623, 1041.7298074672015
Node 306, 972.0686134845761
Node 782, 1158.6496157434253
Node 1291, 5910.167169420094
Node 572, 1026.8273138779791
Node 61, 207.84640498926373
Node 757, 1126.4162496020351
Node 629, 1042.8293036460561
Node 663, 1058.3187315572557
Node 1580, 9813.959260960413
Node 878, 1385.9147679899538
Node 169, 590.3423469551495
Node 709, 1078.4340888160584
Node 130, 480.2889505327549
Node 698, 1073.0965020097417
Node 571, 1026.7095005679034
Node 614, 1038.3651034199431
Node 1410, 7442.841564660793
Node 938, 1952.421732718917
Node 546, 1021.7245929715607
Node 118, 440.36492083449986
Node 969, 2411.9737687674797
Node 781, 1157.2617788195382
Node 569, 1026.3700134115163
Node 557, 1024.3046647971648
Node 60, 199.13105274735395
Node 694, 1070.8799244899633
