Node, generations
Node 1596, 27586.912798364883
Node 664, 873.5396918606127
Node 507, 354.72916824624144
Node 144, 203.60425399202794
Node 464, 317.3540844307171
Node 1257, 15962.596265032786
Node 702, 1121.2081369325344
Node 63, 63.542867064222825
Node 566, 460.1408609820649
Node 420, 281.1401126645758
Node 388, 258.1783978248399
Node 92, 176.62490035350422
Node 803, 4005.484102056112
Node 296, 227.9690539121786
Node 273, 223.03563381034695
Node 192, 207.52638983941543
Node 714, 1404.860959625512
Node 548, 425.0552572442168
Node 308, 231.1111774357631
Node 450, 305.4528293909373
Node 238, 215.5539141815432
Node 663, 873.0692402797449
Node 582, 483.074484308662
Node 391, 259.6342025438571
Node 254, 218.48116847340256
Node 409, 272.57244010297853
Node 659, 829.6332484511111
Node 460, 313.19049818530834
Node 622, 641.5011193350635
Node 560, 448.6318631728168
Node 298, 228.143839589717
Node 239, 215.76191964513964
Node 129, 201.98716222358627
Node 511, 360.515077307197
Node 279, 223.88351721257163
Node 487, 343.5164183237836
Node 606, 559.8881440535816
Node 569, 466.8404314624235
Node 448, 304.1195287776798
Node 187, 206.91544909685715
Node 590, 494.0536058589606
Node 385, 256.1479900927098
Node 529, 390.8088444103474
Node 528, 385.42136623678283
Node 504, 353.843974976718
Node 207, 209.40763227988697
Node 499, 351.7373407532678
Node 389, 258.8768460120105
Node 294, 227.38538121823456
Node 277, 223.32125875190766
Node 222, 212.73314180821185
Node 181, 206.31294838532156
Node 110, 200.4570785276513
Node 234, 214.74868076647948
Node 219, 212.5197701265433
Node 506, 354.6296389617584
Node 368, 252.109049923817
Node 392, 260.0316897710538
Node 271, 222.25416662263564
