Node, generations
Node 2393, 40986.92398253764
Node 546, 3710.727922071643
Node 173, 841.8974119867995
Node 60, 151.09466185054163
Node 840, 6402.549113609154
Node 137, 332.09483914127674
Node 95, 206.25742593891147
Node 129, 295.3044701419743
Node 94, 205.58885589383314
Node 118, 251.12583256434772
Node 55, 146.61812838482595
Node 42, 123.78127256651315
Node 69, 155.258034485195
Node 474, 3172.6472829007557
Node 131, 300.88431174210814
Node 410, 2619.8866942073114
Node 148, 525.2856480378608
Node 99, 218.58640937200008
Node 32, 112.35952439371525
