Node, generations
Node 1075, 14482.462732170787
Node 204, 470.01776657936625
Node 39, 207.10229787049758
Node 456, 3716.173131754674
Node 228, 566.332288125336
Node 75, 227.97311150520227
Node 71, 226.4177706005462
Node 422, 3195.7662346384336
Node 175, 391.0451897141484
Node 154, 341.0264282309607
Node 226, 556.877782548349
Node 123, 272.4605992564235
Node 216, 515.7708940775866
Node 159, 353.88495353816245
Node 35, 206.1782144405072
Node 145, 318.26753067992377
Node 138, 309.43120618966833
Node 208, 493.4010979338613
Node 156, 344.50222580289454
