node_generations, branch_length
0.0, 5124.430263709295
1736.0631460002094, 3388.3671177090855
1031.7647138036941, 704.2984321965153
472.439773030726, 559.3249407729681
0.0, 472.439773030726
442.977752305308, 29.462020725417972
266.0975928126813, 176.88015949262672
0.0, 266.0975928126813
0.0, 266.0975928126813
280.7988084016979, 162.1789439036101
0.0, 280.7988084016979
0.0, 280.7988084016979
867.5809357244548, 164.18377807923935
446.0540495809303, 421.52688614352445
332.94554960073634, 113.10849998019398
208.7162434891414, 124.22930611159495
0.0, 208.7162434891414
0.0, 208.7162434891414
239.09448518626326, 93.85106441447309
0.0, 239.09448518626326
226.30722521456678, 12.787259971696471
0.0, 226.30722521456678
0.0, 226.30722521456678
440.44691942376284, 5.607130157167489
0.0, 440.44691942376284
0.0, 440.44691942376284
806.5494558806888, 61.031479843765965
203.7467974608854, 602.8026584198034
0.0, 203.7467974608854
0.0, 203.7467974608854
401.9075641203633, 404.6418917603255
0.0, 401.9075641203633
0.0, 401.9075641203633
1118.6073108811008, 617.4558351191085
0.0, 1118.6073108811008
742.285696942161, 376.3216139389398
0.0, 742.285696942161
0.0, 742.285696942161
