Node, generations
Node 3245, 41497.486028266365
Node 1809, 8806.741026221445
Node 508, 386.3063303821237
Node 413, 271.093646784721
Node 377, 257.00832209340604
Node 88, 175.71692078890356
Node 496, 358.92723379110487
Node 382, 258.2938318665065
Node 428, 280.4082649988834
Node 387, 260.08696600863004
Node 244, 213.5973983632104
Node 1529, 6474.5221898005575
Node 311, 227.70354286693743
Node 295, 224.10738498553107
Node 1194, 4025.1339766701217
Node 542, 583.4326391064725
Node 588, 856.0523209133878
Node 277, 219.42085974274866
Node 342, 238.669084358439
Node 63, 42.07554528423071
Node 136, 202.56457847313825
Node 1810, 8811.88971076517
Node 985, 2899.834497037399
Node 431, 282.80910117916153
Node 352, 244.4718775476948
Node 192, 206.87459798411973
Node 111, 201.43065878898003
Node 68, 60.100524251621025
Node 66, 52.72994557146549
Node 297, 224.20919171292346
Node 355, 245.4162824499885
Node 200, 207.780622197997
Node 204, 207.93019073943194
Node 670, 1347.9844482395822
Node 436, 287.15328529280157
Node 368, 253.7471718736651
Node 146, 203.19603837186884
Node 424, 277.31777218433876
Node 463, 318.2728166744561
Node 373, 255.95281168261684
Node 361, 247.24564630392663
Node 348, 240.95717655667755
Node 126, 202.1403683637116
Node 313, 228.32648014303203
Node 1365, 5289.398052414441
Node 499, 360.9568880637697
Node 351, 243.047506152182
Node 287, 222.86773338940702
Node 450, 301.8429292933908
Node 67, 59.036086040778414
Node 1124, 3612.484656701272
Node 605, 942.6118361745115
Node 478, 336.3693606910686
Node 393, 262.66696413507395
Node 62, 38.28867995735424
Node 549, 633.7916719710021
Node 414, 271.95417356489565
Node 234, 211.739736187851
Node 330, 231.3499376135406
