Node, generations
Node 3576, 45191.73670042566
Node 1397, 1951.3205803506098
Node 1368, 1476.0810303352978
Node 1337, 1378.8999599343385
Node 1218, 1139.9378750485414
Node 1312, 1306.2355874959737
Node 1234, 1162.4627206900354
Node 1157, 1078.9940741266084
Node 1219, 1142.726334944072
Node 1112, 1052.7819822528486
Node 411, 743.1010436409382
Node 1205, 1120.1795836018794
Node 842, 1009.2637139544103
Node 1338, 1379.974215556774
Node 1311, 1303.2938614577467
Node 1241, 1169.1397987856344
Node 1117, 1055.824053977832
Node 856, 1010.4593562879899
Node 1111, 1052.7444493414687
Node 794, 1006.8395424451772
Node 1307, 1280.9425437125701
Node 883, 1011.9330819938048
Node 345, 650.8441456318611
Node 1226, 1148.4428118950793
Node 1002, 1025.8077292426794
Node 289, 565.2998640581377
Node 1003, 1026.2874539235145
Node 1839, 6687.985740562369
Node 1356, 1429.5522693823175
Node 1244, 1173.321432412685
Node 1165, 1087.3509206803437
Node 873, 1011.5066578126782
Node 1056, 1036.5954734021882
Node 177, 398.4055052371209
Node 1200, 1116.0102037543788
Node 1098, 1049.7504620868147
Node 1089, 1046.2117270737283
Node 827, 1008.4667560605373
Node 682, 1002.1911372814767
Node 1077, 1043.199434650939
Node 1102, 1050.4865214428132
Node 997, 1025.385131048003
Node 1409, 2070.348577648717
Node 1288, 1246.8592767141058
Node 233, 471.23894943857493
Node 1232, 1157.9361477046507
Node 1083, 1044.7400412151312
Node 1068, 1040.5836092821771
Node 123, 280.9343012473276
Node 1328, 1353.6733082109129
Node 995, 1025.0946718769194
Node 81, 151.71395587692243
Node 923, 1017.0963566484764
Node 1319, 1324.949767920237
Node 1242, 1172.200890139203
Node 1192, 1110.7289373622564
Node 924, 1017.5219522111131
Node 428, 779.2957303795479
Node 62, 25.200632089901855
