Node, generations
Node 2785, 29571.598699071597
Node 1663, 1188.9552575181256
Node 1182, 1007.4945531962502
Node 1637, 1147.5165875784317
Node 1550, 1071.5716985895206
Node 1144, 1006.1531508432755
Node 1155, 1006.459784929751
Node 943, 1000.885882883817
Node 455, 599.546990291296
Node 1622, 1123.3351167270644
Node 1560, 1076.6000971630497
Node 1475, 1044.1067125169304
Node 1422, 1030.471999664137
Node 1337, 1017.1821346505674
Node 762, 877.6882811879653
Node 303, 435.0697835007853
Node 1516, 1057.5341064971565
Node 1457, 1038.713348414473
Node 123, 148.24135338048953
Node 1964, 5523.947046885561
Node 1666, 1193.667958546009
Node 1427, 1031.5472518179738
Node 928, 1000.7124317002513
Node 1662, 1185.7920390640372
Node 1553, 1073.5316538337884
Node 1478, 1044.3843637636944
Node 1181, 1007.4687681746394
Node 936, 1000.8256697081346
Node 925, 1000.6123804695702
Node 682, 803.2522831237052
Node 1339, 1017.3846262836314
Node 1629, 1128.4678044741754
Node 918, 1000.4975119127317
Node 1619, 1120.1097889114403
Node 1364, 1020.9542013603367
Node 1212, 1008.8665465625103
Node 890, 999.817481129224
Node 166, 243.00448028666756
Node 1508, 1053.5442556392404
Node 1471, 1042.155016689145
Node 265, 379.68267191946904
Node 1810, 1711.5531548745396
Node 1781, 1532.8314829568794
Node 1658, 1181.6545630907144
Node 1591, 1097.9943805855203
Node 1373, 1021.9731393490033
Node 726, 843.8995541086572
Node 427, 574.8530317976907
Node 126, 154.69659629745803
Node 1012, 1002.0502151338137
Node 1603, 1108.1914504943027
Node 1497, 1050.5017549891427
Node 1193, 1007.9503297216735
Node 222, 329.3278355050286
Node 1454, 1037.6499947629425
Node 168, 245.47226482984283
Node 1679, 1222.0423783796307
Node 1479, 1044.387278168206
Node 718, 838.1194342667976
Node 80, 1.569592213755217
Node 1670, 1202.2299639854882
Node 1409, 1027.8961659791278
Node 1793, 1592.5265669478918
Node 1655, 1174.158179303133
Node 1556, 1075.9918431992555
Node 331, 462.4887824889289
Node 127, 156.90118410080217
Node 1374, 1022.070748012156
Node 1611, 1114.480323367469
Node 1747, 1403.4730355064517
Node 1720, 1322.1714342366886
Node 1630, 1129.977950581914
Node 1697, 1262.4574672234241
Node 1573, 1085.9794640040948
Node 97, 82.95457494887265
Node 1186, 1007.719870473232
Node 784, 903.4866817668272
Node 1721, 1323.5773305911168
Node 1266, 1011.2790393895734
