Node, generations
Node 2349, 45123.77032681877
Node 870, 1341.258649456683
Node 1530, 13981.489137808772
Node 950, 1740.2387291156906
Node 831, 1260.6134870136307
Node 758, 1123.398073880838
Node 894, 1403.2190136053655
Node 873, 1344.5541778197921
Node 767, 1131.4143424804251
Node 1249, 8126.419879061625
Node 907, 1446.0759038842355
Node 278, 928.2049388929179
Node 802, 1185.2659623374777
Node 664, 1065.032840959116
Node 1093, 5191.910542320555
Node 901, 1433.1681083280355
Node 635, 1054.490155926802
Node 599, 1037.91049314104
Node 533, 1019.9150465144795
Node 40, 7.276117868700671
Node 896, 1408.9050336514981
Node 655, 1061.8013494636066
Node 607, 1040.2278336414545
Node 596, 1036.4154128140647
Node 562, 1027.2161284175422
Node 178, 717.9286486869427
Node 307, 1000.0190633456241
Node 911, 1457.6183350441422
Node 790, 1169.2309142459653
Node 190, 742.8415440384789
Node 52, 186.47109006488068
Node 797, 1175.0616494525555
Node 671, 1068.0716536993823
Node 519, 1017.6649202358249
Node 227, 812.3355053877576
Node 725, 1098.347204267884
Node 583, 1032.549515142495
Node 315, 1000.2074006856334
Node 480, 1012.3665473288967
