node_generations, branch_length
2607.526285027813, 11062.504379309179
2083.2304088512296, 524.2958761765835
0.0, 2083.2304088512296
983.0882211702801, 1100.1421876809495
0.0, 983.0882211702801
0.0, 983.0882211702801
2449.842432376322, 157.68385265149118
2166.557718573663, 283.2847138026591
2017.9406399809895, 148.61707859267335
0.0, 2017.9406399809895
1557.46760427869, 460.4730357022995
0.0, 1557.46760427869
0.0, 1557.46760427869
2120.0878152926384, 46.46990328102447
0.0, 2120.0878152926384
0.0, 2120.0878152926384
2432.486942741286, 17.355489635036065
2021.251420694879, 411.2355220464069
0.0, 2021.251420694879
0.0, 2021.251420694879
2238.992045257689, 193.49489748359701
1127.6522241307118, 1111.339821126977
0.0, 1127.6522241307118
0.0, 1127.6522241307118
2135.4505564374062, 103.54148882028267
0.0, 2135.4505564374062
2007.5302873308876, 127.92026910651862
0.0, 2007.5302873308876
0.0, 2007.5302873308876
3537.536216304014, 10132.49444803298
2195.5192827184314, 1342.0169335855826
0.0, 2195.5192827184314
2143.6927315270923, 51.82655119133915
0.0, 2143.6927315270923
2092.9780856412813, 50.714645885811024
0.0, 2092.9780856412813
16.925443550519965, 2076.0526420907613
0.0, 16.925443550519965
0.0, 16.925443550519965
3394.56521556318, 142.97100074083392
0.0, 3394.56521556318
2620.231330503969, 774.3338850592113
2477.66576391047, 142.56556659349872
2070.31137710982, 407.35438680065
2047.4228883221883, 22.888488787631786
1624.0820836142213, 423.340804707967
0.0, 1624.0820836142213
1165.5291322493554, 458.552951364866
0.0, 1165.5291322493554
0.0, 1165.5291322493554
2011.9024679000597, 35.52042042212861
607.4942645484856, 1404.4082033515742
0.0, 607.4942645484856
0.0, 607.4942645484856
789.7687137332742, 1222.1337541667854
0.0, 789.7687137332742
0.0, 789.7687137332742
2066.162519608495, 4.148857501324983
274.3372576269774, 1791.8252619815178
0.0, 274.3372576269774
0.0, 274.3372576269774
613.8749235825353, 1452.2875960259598
0.0, 613.8749235825353
0.0, 613.8749235825353
2087.305010296181, 390.360753614289
0.0, 2087.305010296181
147.7724943327129, 1939.532515963468
0.0, 147.7724943327129
0.0, 147.7724943327129
2537.1789739397836, 83.05235656418517
1209.1580908175802, 1328.0208831222035
0.0, 1209.1580908175802
995.7550470312418, 213.40304378633834
0.0, 995.7550470312418
0.0, 995.7550470312418
2146.774111305772, 390.4048626340118
0.0, 2146.774111305772
0.0, 2146.774111305772
