Node, generations
Node 2190, 40514.76092571675
Node 209, 1074.5269880386145
Node 1190, 12707.848345330945
Node 769, 6917.510898182211
Node 158, 337.28569232094566
Node 81, 168.02730844690754
Node 134, 271.674683594592
Node 59, 137.12314993744533
Node 33, 110.7017506810171
Node 663, 5758.133011229112
Node 116, 245.00537516991434
Node 111, 234.0123515029879
Node 72, 156.7674966360797
Node 110, 230.53110386153935
Node 592, 5042.408750561004
Node 95, 186.84471321336497
Node 51, 128.58222271343166
Node 76, 159.56280411757643
Node 113, 235.54554936999483
