Node, generations
Node 2196, 63929.63937045313
Node 549, 1821.714586383678
Node 269, 1045.6922653121533
Node 433, 1294.3804368530518
Node 223, 1028.2141844689588
Node 1725, 31855.46493444595
Node 377, 1156.3619289932965
Node 361, 1128.8226977166958
Node 272, 1047.0766603094235
Node 351, 1108.5833471740432
Node 319, 1078.0776300761747
Node 579, 2392.919582465038
Node 378, 1159.745881621929
Node 367, 1133.2062467778921
Node 169, 1010.3224834896732
Node 484, 1503.5744810240785
Node 308, 1069.5565584824417
Node 439, 1316.6421005337863
Node 303, 1066.1461975691982
