node_generations, branch_length
704.8920604575062, 2008.231633142367
0.0, 704.8920604575062
213.462428485568, 491.4296319719382
0.0, 213.462428485568
0.0, 213.462428485568
1096.106357052638, 1617.0173365472351
718.3214307403821, 377.78492631225595
219.19664728923715, 499.12478345114494
0.0, 219.19664728923715
0.0, 219.19664728923715
414.8391607359091, 303.482270004473
216.0948566372742, 198.7443040986349
0.0, 216.0948566372742
0.0, 216.0948566372742
231.1824043452672, 183.6567563906419
0.0, 231.1824043452672
0.0, 231.1824043452672
1007.0532178198785, 89.05313923275958
352.8273436426422, 654.2258741772363
0.0, 352.8273436426422
292.81104756178166, 60.01629608086051
0.0, 292.81104756178166
230.82074971626395, 61.990297845517716
0.0, 230.82074971626395
219.6945255370049, 11.126224179259054
0.0, 219.6945255370049
0.0, 219.6945255370049
712.0030038051511, 295.0502140147273
231.63713878540526, 480.3658650197459
0.0, 231.63713878540526
201.90206654994574, 29.735072235459512
0.0, 201.90206654994574
0.0, 201.90206654994574
635.0173566239923, 76.98564718115881
542.712825728336, 92.30453089565628
0.0, 542.712825728336
449.23610547447385, 93.4767202538622
0.0, 449.23610547447385
326.3021524693661, 122.93395300510775
0.0, 326.3021524693661
290.4170472519795, 35.88510521738658
249.36857511307488, 41.04847213890463
0.0, 249.36857511307488
219.7680228218358, 29.60055229123907
0.0, 219.7680228218358
0.0, 219.7680228218358
267.0239893390894, 23.39305791289013
0.0, 267.0239893390894
234.06211513340293, 32.961874205686456
0.0, 234.06211513340293
217.74805194332222, 16.314063190080702
0.0, 217.74805194332222
0.0, 217.74805194332222
586.3996213666268, 48.61773525736555
298.03773197688867, 288.3618893897381
0.0, 298.03773197688867
0.0, 298.03773197688867
417.00501256875873, 169.39460879786805
328.54496736278924, 88.4600452059695
276.6733397413934, 51.87162762139582
0.0, 276.6733397413934
203.25753473494697, 73.41580500644645
0.0, 203.25753473494697
0.0, 203.25753473494697
308.7087769574465, 19.836190405342734
214.35230200929243, 94.35647494815407
0.0, 214.35230200929243
0.0, 214.35230200929243
266.229616711298, 42.479160246148524
0.0, 266.229616711298
254.74258033584562, 11.487036375452362
0.0, 254.74258033584562
0.0, 254.74258033584562
393.7881863194529, 23.216826249305825
0.0, 393.7881863194529
272.0612496933726, 121.72693662608032
0.0, 272.0612496933726
0.0, 272.0612496933726
