node_generations, branch_length
1043.5323899943126, 19478.303396176918
0.0, 1043.5323899943126
1043.2103487655565, 0.3220412287560066
0.0, 1043.2103487655565
458.1103169303213, 585.1000318352353
0.0, 458.1103169303213
0.0, 458.1103169303213
14229.299079621413, 6292.536706549819
1615.399291170597, 12613.899788450815
1030.0356202132455, 585.3636709573516
0.0, 1030.0356202132455
0.0, 1030.0356202132455
1104.526709375767, 510.87258179483
0.0, 1104.526709375767
0.0, 1104.526709375767
5042.239786571455, 9187.059293049959
0.0, 5042.239786571455
2068.7784848207853, 2973.4613017506695
1061.1216915448638, 1007.6567932759215
0.0, 1061.1216915448638
0.0, 1061.1216915448638
1865.794908008632, 202.98357681215316
0.0, 1865.794908008632
1626.9569538504786, 238.83795415815348
1232.011269806192, 394.9456840442865
0.0, 1232.011269806192
1070.077782798005, 161.93348700818706
0.0, 1070.077782798005
1019.2454897016272, 50.83229309637784
628.3547152907257, 390.8907744109015
0.0, 628.3547152907257
0.0, 628.3547152907257
1001.7802585725823, 17.465231129044923
0.0, 1001.7802585725823
0.0, 1001.7802585725823
1416.9423630984186, 210.01459075206003
0.0, 1416.9423630984186
0.0, 1416.9423630984186
