Node, generations
Node 3939, 38041.345953634045
Node 100, 97.18376488856568
Node 2606, 10254.180188920578
Node 2285, 7507.7470798668655
Node 1085, 1787.110632796345
Node 858, 1246.3503354112352
Node 417, 175.6619198225966
Node 759, 1043.7380066098083
Node 365, 144.86843137136498
Node 287, 122.69682449152909
Node 178, 106.55317181423467
Node 258, 117.97840205243733
Node 233, 113.0787988583283
Node 1004, 1609.7452489263246
Node 591, 615.7579834539405
Node 280, 121.96077757353659
Node 793, 1101.2507048829868
Node 323, 132.10291413035992
Node 214, 110.92235167139157
Node 222, 111.73244295007721
Node 221, 111.72556526459186
Node 785, 1091.5247553810505
Node 398, 166.19070891388716
Node 308, 127.99712249728279
Node 408, 169.60062898848108
Node 180, 106.58378035436215
Node 1461, 3134.800621050889
Node 129, 101.82942418915005
Node 105, 100.31073961441598
Node 2496, 9182.872230116565
Node 2140, 6573.278013595316
Node 1191, 2133.1792201205744
Node 808, 1133.4929055769446
Node 238, 113.79627496193552
Node 774, 1074.4449132446678
Node 1079, 1777.3257952573802
Node 926, 1411.8218672000792
Node 1824, 4790.662900605828
Node 392, 158.50834197594068
Node 367, 145.27738890662275
Node 277, 121.2459284587018
Node 270, 120.01574389485202
Node 219, 111.37901523152465
Node 346, 137.64640442054906
Node 960, 1492.6352264227758
Node 253, 117.40010704010186
Node 177, 106.44641244694922
Node 445, 194.88603958398767
Node 439, 189.27818916023537
Node 366, 144.87072657591176
Node 362, 143.05849110636143
Node 292, 124.45548395328967
Node 322, 132.0380583229468
Node 2241, 7270.010929626049
Node 594, 628.2686585446411
Node 2225, 7143.097813484346
Node 1084, 1782.3764199445197
Node 472, 303.75351185281755
Node 215, 111.02986638563883
Node 169, 105.78684676778248
Node 450, 198.3496089261669
Node 379, 152.3116763820484
Node 302, 125.97010970888613
Node 185, 106.83109357011482
Node 986, 1561.1366053519778
Node 108, 100.64340182911124
Node 842, 1207.4970830437226
Node 419, 177.11545542470625
Node 290, 123.61383317909788
Node 89, 54.5261614380993
Node 289, 123.22159532385231
Node 358, 141.7572029435601
Node 230, 112.47832746854885
Node 191, 107.90853542384582
Node 708, 931.4668031270495
Node 1447, 3087.3295540163003
Node 281, 122.01570516970042
Node 94, 75.16981517507827
Node 399, 166.21972624036653
