node_generations, branch_length
13757.727936783433, 29614.170697827
3482.2790340977726, 10275.44890268566
1162.7532592856965, 2319.525774812076
332.94554960073634, 829.8077096849602
208.7162434891414, 124.22930611159495
0.0, 208.7162434891414
0.0, 208.7162434891414
239.09448518626326, 93.85106441447309
0.0, 239.09448518626326
226.30722521456678, 12.787259971696471
0.0, 226.30722521456678
0.0, 226.30722521456678
404.3838396375924, 758.369419648104
0.0, 404.3838396375924
0.0, 404.3838396375924
2959.1108836965404, 523.1681504012322
203.7467974608854, 2755.364086235655
0.0, 203.7467974608854
0.0, 203.7467974608854
1364.8325020308787, 1594.2783816656618
0.0, 1364.8325020308787
266.0975928126813, 1098.7349092181973
0.0, 266.0975928126813
0.0, 266.0975928126813
4440.457098270535, 9317.270838512897
0.0, 4440.457098270535
1190.3440614737942, 3250.113036796741
0.0, 1190.3440614737942
280.7988084016979, 909.5452530720963
0.0, 280.7988084016979
0.0, 280.7988084016979
27452.27276323613, 15919.625871374305
0.0, 27452.27276323613
3045.948342429247, 24406.324420806883
0.0, 3045.948342429247
445.0480234334958, 2600.900318995751
0.0, 445.0480234334958
0.0, 445.0480234334958
