Node, generations
Node 2913, 28486.841184111698
Node 1728, 8272.189581496843
Node 1382, 5401.738667476854
Node 777, 1816.8224977162274
Node 162, 62.66684322106024
Node 1076, 3420.716945425237
Node 430, 234.12520841701425
Node 428, 230.97837879130827
Node 344, 130.99849892581864
Node 268, 90.87084736585022
Node 233, 76.21016399515726
Node 161, 62.16592377162393
Node 143, 59.31583920705869
Node 413, 212.67182787540474
Node 351, 136.40388756601445
Node 404, 201.20854555725157
Node 84, 50.075702249539894
Node 841, 2145.7507830816007
Node 513, 632.9423929410905
Node 198, 68.63989539677182
Node 227, 74.32099491643937
Node 216, 72.31361251040792
Node 524, 670.1352088956701
Node 519, 652.5622182729387
Node 409, 205.73908832575728
Node 418, 215.84402369286917
Node 330, 118.71870614427743
Node 210, 70.31171790261192
Node 179, 65.49196292519821
Node 203, 69.14877704543078
Node 122, 55.132955199533306
Node 393, 182.32434978328845
Node 338, 127.34515598783112
Node 282, 98.24677557997379
Node 1582, 6983.930802460076
Node 556, 815.5627867652295
Node 438, 245.03437593294214
Node 371, 158.09726722698815
Node 224, 73.36231536169635
Node 403, 199.11114280375836
Node 916, 2548.9911885986744
Node 332, 121.16769546854364
Node 240, 79.61724381387748
Node 204, 69.22292105940443
Node 130, 56.333301291528386
Node 115, 53.9289533921205
Node 1774, 8643.98983430876
Node 921, 2561.7398174819455
Node 343, 130.64097361208667
Node 277, 95.41643160973844
Node 449, 306.52069961152296
Node 391, 181.05592140970768
Node 281, 98.14975359476226
Node 82, 47.1378735196298
Node 278, 95.7621317664889
Node 317, 114.88051188994754
Node 265, 90.20831425497113
Node 138, 57.75933792550968
Node 1118, 3603.4961459976826
Node 503, 590.5644995954207
Node 396, 189.86432554740716
Node 274, 92.48911048398757
Node 170, 63.73927860719514
Node 95, 51.257867515586334
Node 785, 1843.1702387093962
Node 504, 598.2069324143886
Node 306, 109.00070095118136
Node 244, 80.18111586542243
Node 177, 65.37912576723464
Node 148, 60.200932336953784
Node 98, 52.088517939052835
Node 297, 106.37135248679562
Node 280, 97.40250910219109
Node 169, 63.593838848265484
Node 266, 90.56991312629
Node 337, 127.05926157998805
Node 176, 64.95887980563234
Node 173, 64.64973792590038
Node 194, 67.53895145529681
