Node, generations
Node 1411, 45940.655319735815
Node 485, 1494.2722571628283
Node 463, 1392.5774759400708
Node 350, 1130.0461456998628
Node 606, 3220.2225200497505
Node 488, 1504.1463179066156
Node 201, 1016.2752444960254
Node 293, 1059.8960712107723
Node 568, 2113.4391357899503
Node 471, 1408.4950986897613
Node 246, 1028.8337612380471
Node 453, 1349.4343797628335
Node 184, 1011.8369943463678
Node 30, 273.7877792610324
Node 446, 1330.010528002908
Node 410, 1254.2617309934647
Node 403, 1237.4651294921143
Node 513, 1639.2779449997952
Node 371, 1168.444266416629
