node_generations, branch_length
5791.702321732973, 92778.76128747435
1162.866148825584, 4628.8361729073895
464.99331247092914, 697.872836354655
0.0, 464.99331247092914
112.07256455880281, 352.92074791212633
0.0, 112.07256455880281
100.92926888311459, 11.143295675688222
0.0, 100.92926888311459
0.0, 100.92926888311459
650.1243694413618, 512.7417793842224
0.0, 650.1243694413618
304.5887544281405, 345.5356150132213
0.0, 304.5887544281405
0.0, 304.5887544281405
2936.0423053753148, 2855.6600163576586
0.0, 2936.0423053753148
134.68794496571198, 2801.3543604096026
0.0, 134.68794496571198
113.95371918189275, 20.734225783819227
0.0, 113.95371918189275
0.0, 113.95371918189275
20002.248184485743, 78568.21542472158
848.0926987025712, 19154.155485783172
135.37275274885502, 712.7199459537162
0.0, 135.37275274885502
0.0, 135.37275274885502
664.2811800526968, 183.81151864987442
0.0, 664.2811800526968
0.0, 664.2811800526968
19725.67386275132, 276.5743217344243
3550.169240594047, 16175.504622157272
0.0, 3550.169240594047
3434.3665427567616, 115.80269783728545
1695.3509193682312, 1739.0156233885305
140.66144842648472, 1554.6894709417465
0.0, 140.66144842648472
0.0, 140.66144842648472
1537.9253450715364, 157.42557429669478
0.0, 1537.9253450715364
835.9038467432393, 702.0214983282971
0.0, 835.9038467432393
511.9737794394802, 323.93006730375913
0.0, 511.9737794394802
0.0, 511.9737794394802
1774.981707559305, 1659.3848351974566
147.9384611288746, 1627.0432464304304
0.0, 147.9384611288746
103.26013678348588, 44.67832434538872
0.0, 103.26013678348588
0.0, 103.26013678348588
364.8636437619255, 1410.1180637973796
0.0, 364.8636437619255
0.0, 364.8636437619255
9860.148486108868, 9865.52537664245
1249.295856259288, 8610.85262984958
0.0, 1249.295856259288
0.0, 1249.295856259288
8490.710312931615, 1369.4381731772537
103.97427624403703, 8386.736036687578
0.0, 103.97427624403703
0.0, 103.97427624403703
1285.894860765586, 7204.815452166029
144.48329959854524, 1141.4115611670406
0.0, 144.48329959854524
106.54963689992081, 37.93366269862443
0.0, 106.54963689992081
0.0, 106.54963689992081
167.64989810364298, 1118.244962661943
135.40944822370417, 32.24044987993881
0.0, 135.40944822370417
125.27605818637724, 10.133390037326933
0.0, 125.27605818637724
117.93609762266792, 7.339960563709326
0.0, 117.93609762266792
0.0, 117.93609762266792
143.16148338162287, 24.48841472202011
0.0, 143.16148338162287
0.0, 143.16148338162287
