node_generations, branch_length
0.0, 59911.46370462768
8217.288792474437, 51694.17491215324
0.0, 8217.288792474437
7731.7426536247995, 485.5461388496378
3188.5713667451328, 4543.171286879667
1834.7398909792196, 1353.8314757659132
0.0, 1834.7398909792196
1658.0930422608374, 176.64684871838222
0.0, 1658.0930422608374
234.83333744283132, 1423.259704818006
202.8570119354214, 31.97632550740991
0.0, 202.8570119354214
201.08950420432222, 1.7675077310991867
0.0, 201.08950420432222
0.0, 201.08950420432222
231.85266542502154, 2.9806720178097805
0.0, 231.85266542502154
200.3419334093087, 31.510732015712847
0.0, 200.3419334093087
0.0, 200.3419334093087
2185.414664083312, 1003.1567026618209
0.0, 2185.414664083312
1594.0959951858442, 591.3186688974677
0.0, 1594.0959951858442
377.12172028550486, 1216.9742749003394
0.0, 377.12172028550486
350.9709474776274, 26.150772807877445
0.0, 350.9709474776274
0.0, 350.9709474776274
4902.280938398496, 2829.4617152263036
383.36601666767285, 4518.914921730823
282.2628021268255, 101.10321454084738
0.0, 282.2628021268255
206.95458389399218, 75.3082182328333
0.0, 206.95458389399218
0.0, 206.95458389399218
311.4966579008449, 71.86935876682793
261.50945202793173, 49.987205872913194
210.3592030927515, 51.15024893518023
0.0, 210.3592030927515
0.0, 210.3592030927515
252.94751413301515, 8.561937894916582
0.0, 252.94751413301515
240.9186110767712, 12.028903056243934
0.0, 240.9186110767712
207.51170358229086, 33.40690749448035
0.0, 207.51170358229086
0.0, 207.51170358229086
287.971523060888, 23.525134839956934
0.0, 287.971523060888
284.64782160362006, 3.32370145726793
0.0, 284.64782160362006
228.1956488612947, 56.45217274232536
0.0, 228.1956488612947
203.47371385014856, 24.721935011146144
0.0, 203.47371385014856
0.0, 203.47371385014856
1639.47098177333, 3262.809956625166
320.37386865971894, 1319.0971131136112
0.0, 320.37386865971894
293.19774308811844, 27.176125571600494
0.0, 293.19774308811844
223.4498931995181, 69.74784988860034
0.0, 223.4498931995181
0.0, 223.4498931995181
1111.4655596476282, 528.0054221257019
0.0, 1111.4655596476282
636.8130684514056, 474.6524911962226
0.0, 636.8130684514056
265.50396511003044, 371.30910334137513
0.0, 265.50396511003044
228.54939205969947, 36.954573050330964
202.51232704204756, 26.037065017651912
0.0, 202.51232704204756
0.0, 202.51232704204756
215.98466795618512, 12.56472410351435
0.0, 215.98466795618512
0.0, 215.98466795618512
