Node, generations
Node 2339, 25936.403614168754
Node 1889, 2175.4943864528277
Node 1487, 1052.8922887634988
Node 1375, 1027.3850185012243
Node 1015, 1002.5441378816046
Node 970, 1001.6064674850035
Node 836, 958.6567192504983
Node 1865, 1987.5464406932454
Node 1751, 1321.2553170046408
Node 1627, 1141.7410134296128
Node 518, 644.2963363554682
Node 1337, 1021.7167510057154
Node 80, 2.851040196932479
Node 236, 332.8113268076707
Node 1733, 1276.5098508233123
Node 1780, 1439.015923210444
Node 1597, 1117.8052109564983
Node 1126, 1005.7084238348075
Node 389, 503.58686514608786
Node 1772, 1402.783631723101
Node 86, 48.145451118225715
Node 1745, 1307.0900034653146
Node 1643, 1161.5338758324024
Node 1209, 1009.5891106869302
Node 1737, 1291.4075363172658
Node 1712, 1239.9050354780193
Node 1427, 1036.875726230006
Node 506, 629.2880705647864
Node 1422, 1035.6097111906672
Node 237, 335.05068220782886
Node 542, 664.7567989179215
Node 1653, 1172.1836397529962
Node 90, 69.31094487692745
Node 1460, 1043.2401742095176
Node 1197, 1009.0696187302899
Node 1154, 1006.8819274165286
Node 1369, 1026.2749511192314
Node 1255, 1012.1729333688905
Node 1262, 1012.5729330216442
Node 401, 514.9106695136496
Node 1724, 1264.2095395273848
Node 1362, 1025.0101276611692
Node 628, 760.9428349005927
Node 1341, 1022.3121996445101
Node 289, 394.5649673318274
Node 102, 93.25378834554681
Node 352, 467.17330972521376
Node 125, 135.8135190444956
Node 1691, 1211.2559002476062
Node 1676, 1196.7095250379043
Node 1551, 1084.182687102463
Node 1409, 1033.8214138252813
Node 92, 75.0014037280496
Node 1685, 1206.6113751601783
Node 1526, 1068.1727103775436
Node 1518, 1064.3287770278412
Node 773, 905.7356949644649
Node 1364, 1025.3522509744018
Node 100, 88.07174216581615
Node 1658, 1177.0147814387506
Node 99, 86.35653570620269
Node 1543, 1078.6218677713819
Node 1428, 1036.9213478929632
Node 89, 64.7636043283195
Node 1338, 1021.8381162762219
Node 88, 63.60395610107404
Node 1952, 3347.021937904955
Node 1399, 1031.6457634221383
Node 367, 481.8724268015519
Node 1087, 1004.4996769481858
Node 979, 1001.8799310960784
Node 1915, 2549.736377942779
Node 1612, 1127.116621719873
Node 1683, 1202.6364760883612
Node 82, 22.663199726718787
Node 1447, 1040.7586787137766
Node 154, 211.53474028831096
Node 1358, 1024.0823609770398
Node 357, 471.149692652809
