Node, generations
Node 2638, 36525.87519496624
Node 1413, 1466.9175692462823
Node 86, 151.1401063547679
Node 1346, 1301.290433154527
Node 1213, 1118.7408278854768
Node 1283, 1199.2234881381264
Node 1228, 1133.7856688058469
Node 1029, 1028.1016404850293
Node 93, 170.78604500855727
Node 1211, 1115.7257036917806
Node 1060, 1037.1848470144837
Node 808, 1005.951630901552
Node 328, 630.1425522036768
Node 1200, 1106.144427731021
Node 787, 1005.0286442381511
Node 1156, 1075.0646055694726
Node 1114, 1055.766140911889
Node 2316, 22286.429089104426
Node 1423, 1520.1831204195576
Node 1159, 1078.2065748493535
Node 1090, 1046.2569069986541
Node 1039, 1031.058518484846
Node 1540, 3841.2724091677355
Node 1425, 1536.2358064807704
Node 1338, 1275.1059511705444
Node 663, 1000.7631254267508
Node 443, 769.5906371250859
Node 346, 654.111881951178
Node 1049, 1033.3617401851025
Node 148, 314.79634150886363
Node 1405, 1451.0704792699169
Node 1285, 1199.9659042598744
Node 1202, 1107.6278545887278
Node 172, 389.1363815350576
Node 1214, 1118.8573860679367
Node 1150, 1073.2270556165481
Node 1158, 1075.8830918499325
Node 1112, 1053.6863780823273
Node 471, 797.9637765747077
Node 1353, 1324.4162344337497
Node 1297, 1211.5301049961809
Node 1189, 1097.4608067403185
Node 60, 11.652276963624631
Node 204, 446.0633195704927
Node 1305, 1222.7512739355657
Node 1257, 1163.765367218746
Node 1241, 1143.980299614627
Node 1092, 1046.5441913059005
Node 87, 152.85883821767823
Node 981, 1020.0217803359118
Node 1454, 1701.5074802317808
Node 979, 1019.8089641356888
Node 388, 715.9400881949911
Node 1187, 1095.7641621246264
Node 1050, 1033.8547773069179
Node 818, 1006.3321160804578
Node 1052, 1034.2210071302604
Node 991, 1021.1308974466932
Node 397, 725.649091227157
