node_generations, branch_length
1278.7722381808865, 5904.490489915873
0.0, 1278.7722381808865
1229.5189195219125, 49.25331865897397
0.0, 1229.5189195219125
1026.1967199477854, 203.32219957412713
0.0, 1026.1967199477854
0.0, 1026.1967199477854
2063.5626012284965, 5119.7001268682625
1602.8481803565326, 460.71442087196397
1356.6140792315325, 246.23410112500005
0.0, 1356.6140792315325
1310.5754108001984, 46.038668431334145
0.0, 1310.5754108001984
515.9619597639927, 794.6134510362057
0.0, 515.9619597639927
0.0, 515.9619597639927
1373.3394313107956, 229.50874904573698
0.0, 1373.3394313107956
1352.0497607396371, 21.289670571158467
1008.0397480692344, 344.0100126704027
0.0, 1008.0397480692344
0.0, 1008.0397480692344
1147.663328122766, 204.38643261687116
605.9016638830814, 541.7616642396846
0.0, 605.9016638830814
0.0, 605.9016638830814
1071.462834518223, 76.200493604543
0.0, 1071.462834518223
0.0, 1071.462834518223
2043.9754861126155, 19.587115115881033
1217.7334353795275, 826.242050733088
0.0, 1217.7334353795275
0.0, 1217.7334353795275
1419.5642973572901, 624.4111887553254
0.0, 1419.5642973572901
1077.8007771982918, 341.7635201589983
0.0, 1077.8007771982918
0.0, 1077.8007771982918
