Node, generations
Node 929, 19831.1742492877
Node 374, 1642.8172709578212
Node 45, 214.99945983699655
Node 250, 742.9203462623794
Node 57, 222.46637260128782
Node 159, 382.32882935182715
Node 394, 1927.8675780269023
Node 300, 1017.1994413114757
Node 225, 611.0006101756866
Node 109, 278.84317871221714
Node 52, 217.9072593783639
Node 179, 448.39857533862335
Node 37, 209.93560852836433
Node 293, 976.1940830297708
Node 345, 1358.1648585194175
Node 267, 840.4138003836894
Node 162, 392.1399523506687
Node 258, 802.6115086798643
Node 167, 411.4931921086284
