node_generations, branch_length
5875.0599896014655, 5932.619166271378
0.0, 5875.0599896014655
5522.520147688037, 352.539841913429
321.82109624406746, 5200.699051443969
0.0, 321.82109624406746
234.18048147288317, 87.64061477118429
0.0, 234.18048147288317
0.0, 234.18048147288317
4354.919487251397, 1167.6006604366394
323.992581977061, 4030.926905274336
0.0, 323.992581977061
257.4906432420152, 66.50193873504577
0.0, 257.4906432420152
190.2352175584388, 67.25542568357642
0.0, 190.2352175584388
0.0, 190.2352175584388
2249.771781320022, 2105.147705931375
0.0, 2249.771781320022
2145.214338501116, 104.55744281890611
0.0, 2145.214338501116
1137.5068603186494, 1007.7074781824665
0.0, 1137.5068603186494
262.43317732274414, 875.0736829959053
0.0, 262.43317732274414
0.0, 262.43317732274414
7860.427555306922, 3947.2516005659218
2576.2122166866393, 5284.215338620283
240.17547467065495, 2336.036742015984
221.35453586621915, 18.820938804435798
0.0, 221.35453586621915
0.0, 221.35453586621915
234.6420228310833, 5.533451839571654
0.0, 234.6420228310833
0.0, 234.6420228310833
2354.455588721872, 221.75662796476718
353.9124014871042, 2000.5431872347679
214.29246356968676, 139.61993791741745
0.0, 214.29246356968676
0.0, 214.29246356968676
311.0786181701148, 42.83378331698941
0.0, 311.0786181701148
262.5517582320895, 48.52685993802527
0.0, 262.5517582320895
222.3423034678607, 40.20945476422884
0.0, 222.3423034678607
0.0, 222.3423034678607
658.1074084646712, 1696.348180257201
0.0, 658.1074084646712
271.5807376432004, 386.52667082147076
0.0, 271.5807376432004
256.1055880487056, 15.47514959449478
0.0, 256.1055880487056
0.0, 256.1055880487056
5241.964356249698, 2618.4631990572243
315.1055024667902, 4926.858853782907
272.0283991825808, 43.077103284209386
0.0, 272.0283991825808
0.0, 272.0283991825808
275.4460351842367, 39.65946728255352
223.39959416436454, 52.046441019872134
0.0, 223.39959416436454
206.43874280658935, 16.960851357775198
0.0, 206.43874280658935
65.22051535258228, 141.21822745400706
0.0, 65.22051535258228
0.0, 65.22051535258228
272.5892859629128, 2.8567492213238665
0.0, 272.5892859629128
239.67862947029352, 32.910656492619296
0.0, 239.67862947029352
217.0269084317247, 22.65172103856881
0.0, 217.0269084317247
0.0, 217.0269084317247
1475.4169976078529, 3766.5473586418448
0.0, 1475.4169976078529
220.20150258572883, 1255.215495022124
0.0, 220.20150258572883
0.0, 220.20150258572883
