Node, generations
Node 914, 21264.058429356104
Node 457, 1459.3490722936335
Node 413, 1316.6316767916105
Node 347, 1180.4710828438408
Node 253, 1054.3776606729054
Node 213, 1027.7177347337204
Node 648, 3699.8264942234305
Node 559, 2151.0166639665035
Node 397, 1276.1916413590823
Node 260, 1061.2730062107996
Node 102, 1000.9146745867781
Node 477, 1546.7899818914248
Node 435, 1380.7633449459436
Node 91, 956.4296471055857
Node 82, 900.1547970832884
Node 366, 1225.5902276278177
Node 174, 1017.4655656219057
Node 20, 3.411868847663601
Node 245, 1044.434612719281
