Node, generations
Node 2022, 57570.67807333701
Node 1000, 1621.6125209076656
Node 915, 1009.7030558801025
Node 818, 745.941247596162
Node 738, 616.7828823003865
Node 674, 576.0128277869143
Node 568, 528.736037992923
Node 783, 670.8457906223225
Node 602, 539.3051782645931
Node 145, 334.35995171404676
Node 703, 591.4349771223469
Node 901, 958.5614872720305
Node 341, 504.4000318924939
Node 895, 939.877178724846
Node 649, 563.8287814216169
Node 137, 318.0668019349843
Node 70, 112.00342433841165
Node 606, 540.00480377963
Node 203, 458.03682128639934
Node 125, 291.90154191946823
Node 891, 934.6642677908159
Node 676, 576.6791259464109
Node 748, 626.2607338508483
Node 212, 477.0195898419445
Node 127, 295.97180132842317
Node 921, 1028.7026960840924
Node 399, 507.5055593697486
Node 912, 1002.2034775268062
Node 774, 658.6329306308428
Node 299, 502.4824122949803
Node 702, 590.3888835915917
Node 631, 553.9691134930647
Node 664, 570.3200499162039
Node 414, 508.6239177326798
Node 618, 547.283118075329
Node 297, 502.36307719856677
Node 851, 827.7928837017672
Node 621, 548.6197133491944
Node 534, 521.8381154820797
Node 68, 104.1525173350458
Node 617, 546.7997387097381
Node 1037, 2073.780050713945
Node 786, 675.9812098896757
Node 679, 578.4345249924268
Node 755, 634.1593551170116
Node 1028, 1918.7961005175123
Node 689, 583.1004079263497
Node 259, 501.2093877869394
Node 466, 512.8264921808959
Node 1002, 1637.7404824774665
Node 481, 514.5281580183125
Node 946, 1139.1088112854936
Node 799, 694.9522173198551
Node 694, 586.924036246854
Node 525, 520.3554949558088
Node 816, 731.1469050223124
Node 768, 649.2503973342302
Node 439, 510.9107995124327
Node 167, 380.7848364657584
