Node, generations
Node 761, 15808.482325304105
Node 756, 15515.11880008913
Node 418, 1228.799786422417
Node 396, 1185.8869901974915
Node 312, 1078.071024196119
Node 43, 462.4517563647577
Node 38, 424.11386000302934
Node 611, 2904.032685041257
Node 514, 1643.2964408724874
Node 520, 1707.963981408217
Node 347, 1122.7421462478198
Node 341, 1114.434868913262
Node 255, 1040.2753690697477
Node 314, 1079.0284065354263
Node 20, 7.889229403194394
Node 467, 1372.4318159165532
Node 434, 1254.589060323174
Node 465, 1370.1963110144306
Node 414, 1217.9145147831848
