node_generations, branch_length
2462.1839155677785, 1472.280582148835
1887.9708141963852, 574.2131013713933
1141.215365344242, 746.7554488521432
0.0, 1141.215365344242
0.0, 1141.215365344242
1427.9302051159548, 460.0406090804304
0.0, 1427.9302051159548
1262.8639232304567, 165.06628188549803
0.0, 1262.8639232304567
0.0, 1262.8639232304567
2404.4597784560883, 57.7241371116902
0.0, 2404.4597784560883
2379.109239808641, 25.350538647447138
2204.1356517659833, 174.97358804265787
0.0, 2204.1356517659833
2115.6498227406805, 88.48582902530279
0.0, 2115.6498227406805
2109.7338272688794, 5.915995471801125
2040.4557565855473, 69.27807068333209
0.0, 2040.4557565855473
0.0, 2040.4557565855473
2078.9508364057483, 30.78299086313109
0.0, 2078.9508364057483
2016.2181739279151, 62.73266247783317
0.0, 2016.2181739279151
1003.3779842207738, 1012.8401897071413
0.0, 1003.3779842207738
0.0, 1003.3779842207738
2348.741031179106, 30.368208629535275
2182.8603820431513, 165.88064913595463
2045.7020952654225, 137.1582867777288
0.0, 2045.7020952654225
1500.4629828519185, 545.239112413504
0.0, 1500.4629828519185
0.0, 1500.4629828519185
2146.2290029398914, 36.63137910325986
0.0, 2146.2290029398914
2124.4117470586875, 21.81725588120389
0.0, 2124.4117470586875
2005.1421739390628, 119.26957311962474
0.0, 2005.1421739390628
0.0, 2005.1421739390628
2274.652173534913, 74.08885764419301
2071.2671492988293, 203.3850242360836
0.0, 2071.2671492988293
0.0, 2071.2671492988293
2223.8262388822013, 50.82593465271157
0.0, 2223.8262388822013
2136.0221377968332, 87.80410108536807
2014.3105587353436, 121.7115790614896
802.9576481139999, 1211.3529106213437
0.0, 802.9576481139999
273.9989743441834, 528.9586737698164
0.0, 273.9989743441834
0.0, 273.9989743441834
937.4887421652496, 1076.8218165700941
0.0, 937.4887421652496
0.0, 937.4887421652496
2043.1400346199487, 92.88210317688458
0.0, 2043.1400346199487
1067.0398269991688, 976.1002076207799
0.0, 1067.0398269991688
0.0, 1067.0398269991688
2723.1099647272017, 1211.3545329894118
2483.6877105871936, 239.42225414000814
0.0, 2483.6877105871936
2150.6111926663543, 333.07651792083925
0.0, 2150.6111926663543
1650.3483407999768, 500.26285186637756
0.0, 1650.3483407999768
0.0, 1650.3483407999768
2564.7943386264824, 158.31562610071933
2031.6868283902757, 533.1075102362067
0.0, 2031.6868283902757
0.0, 2031.6868283902757
2183.8222719827418, 380.9720666437406
0.0, 2183.8222719827418
0.0, 2183.8222719827418
