Node, generations
Node 2887, 24582.372906084966
Node 592, 991.5471636683184
Node 140, 57.81697147441067
Node 2338, 13878.639876303045
Node 1690, 7101.392140842369
Node 448, 234.7196820580586
Node 86, 50.00087076164898
Node 402, 179.1139504331526
Node 278, 92.46856335787311
Node 264, 85.60633279070322
Node 250, 81.25448940590437
Node 130, 55.94721361976264
Node 390, 164.15991055368343
Node 313, 110.74552789744236
Node 133, 56.263708676864134
Node 105, 52.60430672134852
Node 1643, 6727.670502062365
Node 765, 1645.0915732408107
Node 391, 166.36749107835257
Node 363, 143.8738736129678
Node 106, 52.641360788023086
Node 442, 224.03205139613573
Node 209, 69.05183045690045
Node 195, 66.50418424473378
Node 349, 135.19803323639775
Node 127, 55.77952103327759
Node 2243, 12916.296242710265
Node 1200, 3652.202297974019
Node 342, 131.54030621073713
Node 125, 55.673556917611094
Node 398, 172.20484334556434
Node 327, 121.47947216319264
Node 190, 65.80553330116084
Node 371, 150.7987311066661
Node 339, 128.69562989417827
Node 80, 5.983188378300434
Node 332, 126.10787858274799
Node 288, 96.43785244446035
Node 286, 95.8231947011433
Node 124, 54.93722092556766
Node 268, 86.56000048358825
Node 194, 66.33717559879986
Node 123, 54.6684902047737
Node 365, 146.2509421008031
Node 164, 61.332401221819865
Node 1402, 4991.446007931497
Node 462, 314.40306841072066
Node 152, 59.662220748516916
Node 453, 239.6288883752953
Node 306, 106.77672877826761
Node 245, 79.58830674674299
Node 92, 51.02245600934666
Node 184, 64.82212096145587
Node 102, 52.45972649568563
Node 331, 125.34508066829092
Node 292, 98.19557154185375
Node 1288, 4217.853700502954
Node 647, 1195.5414837467056
Node 229, 76.88789845234675
Node 87, 50.084517973145296
Node 273, 88.20194299422812
Node 157, 60.696300357539755
Node 154, 60.109278810967744
Node 81, 7.48858940291655
Node 210, 69.1163200711783
Node 180, 63.638332589638985
Node 189, 65.69688004078225
Node 830, 1919.5620213846228
Node 159, 60.88403014651693
Node 571, 909.0174895057836
Node 254, 81.8344272747992
Node 251, 81.32370475239226
Node 122, 54.44411856561945
Node 97, 52.06002840545371
Node 246, 79.75600115329867
Node 179, 63.578955551302265
Node 360, 143.19447003182117
Node 270, 87.34950281703941
Node 300, 103.31789496154049
