Node, generations
Node 1453, 32316.660244558592
Node 524, 394.18281372603496
Node 430, 288.6422045890431
Node 288, 223.02394712081804
Node 265, 218.08824280471813
Node 446, 299.6205217546073
Node 388, 260.4756099299863
Node 285, 222.1787629026105
Node 1339, 25412.94101330772
Node 687, 995.9340089837784
Node 372, 251.33877207266318
Node 550, 432.57416869044886
Node 485, 336.1255916552157
Node 105, 200.30706591790153
Node 539, 419.5578121126587
Node 256, 216.543138259971
Node 200, 209.56931578426364
Node 357, 247.56084197787385
Node 703, 1077.0839233351574
Node 627, 627.7376289534571
Node 552, 443.2287831158568
Node 459, 310.6489295649078
Node 189, 208.03803757670235
Node 385, 259.56094383583013
Node 363, 249.03741677090025
Node 334, 237.3571558890652
Node 330, 236.07766302942514
Node 316, 231.70042407997738
Node 284, 221.78528353761152
Node 557, 452.28705043293553
Node 517, 376.86942354427737
Node 500, 351.4604829804578
Node 103, 200.28482786645918
Node 68, 94.26770753291032
Node 697, 1056.8736369908029
Node 642, 700.417525333157
Node 591, 534.4187429670608
Node 565, 468.4269117243642
Node 338, 239.53724038235345
Node 194, 208.77490877448818
Node 67, 87.12513711892545
Node 620, 612.837333064503
Node 383, 258.2431929650486
Node 531, 405.2334804131423
Node 471, 325.0967117386573
Node 332, 236.54295343580387
Node 404, 266.6494437860148
Node 298, 224.52764619008101
Node 530, 401.30784357216066
Node 217, 210.67278590737698
Node 150, 204.044873363338
Node 518, 380.6026549568953
Node 369, 250.7911331593539
Node 310, 229.8991435902089
Node 296, 224.2577470667851
Node 62, 70.068638342418
Node 412, 270.86642462637514
Node 374, 251.53948775216054
Node 83, 163.0406659751423
