Node, generations
Node 2207, 28740.764590818162
Node 1395, 11292.354954945535
Node 633, 4144.09450229652
Node 595, 3871.655140705205
Node 176, 952.0615556941142
Node 58, 148.0396279435676
Node 26, 107.04245752896398
Node 161, 828.156258547805
Node 628, 4096.574523577648
Node 117, 439.816290180457
Node 71, 163.8027670976411
Node 1252, 9595.554702280846
Node 46, 124.70882972097522
Node 99, 214.8101326708898
Node 83, 191.87325936864798
Node 1923, 20886.821041605257
Node 79, 188.10365349506822
Node 57, 145.93279551373433
Node 24, 106.19538428523992
