Node, generations
Node 1634, 7929.32247174443
Node 1156, 1108.8717168659246
Node 1119, 1074.6277594098444
Node 1078, 1056.058823720559
Node 1473, 2105.7153433104736
Node 1317, 1380.5757256912252
Node 1288, 1301.6881929985957
Node 1205, 1159.370793166621
Node 1114, 1072.0593889642776
Node 995, 1030.4860456511603
Node 555, 928.06472170256
Node 1314, 1369.3515553613092
Node 1172, 1120.5363887085525
Node 985, 1029.19900926132
Node 882, 1014.7074818662461
Node 61, 20.219566877043047
Node 984, 1029.119227790271
Node 291, 569.529462055629
Node 69, 91.22248452452827
Node 954, 1022.8978012725947
Node 710, 1003.5486542910455
Node 1313, 1367.3468808724272
Node 1122, 1075.8609585377105
Node 987, 1029.4931320577514
Node 292, 574.0398598483357
Node 1090, 1061.5332061797396
Node 1194, 1145.5918476866568
Node 1149, 1101.6395559727696
Node 1426, 1817.06527809018
Node 1357, 1531.4852936228174
Node 1186, 1137.7979954474401
Node 1118, 1073.8939899424438
Node 1084, 1059.8513791438522
Node 1282, 1296.438691587931
Node 1264, 1256.7628077839693
Node 1148, 1101.5395755005595
Node 1138, 1089.4124943640368
Node 1276, 1282.666033502743
Node 1116, 1073.0385566430853
Node 168, 360.826758803394
Node 60, 19.582859125514105
Node 89, 171.85412212314668
Node 1209, 1161.827710472057
Node 1054, 1046.5997233075977
Node 727, 1004.4185179227491
Node 1411, 1734.9693875018684
Node 1127, 1079.614085047835
Node 1104, 1067.2311372616057
Node 1052, 1045.8789150913447
Node 1064, 1051.0639322080206
Node 807, 1008.5568799603923
Node 74, 114.92848496547123
Node 1298, 1320.1622455659005
Node 310, 597.9349313940914
Node 1229, 1186.5421653937394
Node 1137, 1088.4974845723448
Node 90, 172.38505595287157
Node 553, 927.8181073881448
Node 91, 177.35339225533744
