Node, generations
Node 1435, 16896.18622794642
Node 1072, 2456.3288376835935
Node 1059, 2181.827475986519
Node 884, 1258.2487450402555
Node 695, 1057.3762136749056
Node 1001, 1716.6014561768695
Node 929, 1387.2576923261092
Node 943, 1450.3535109188656
Node 703, 1060.316209124492
Node 881, 1246.13132732311
Node 830, 1175.2468543783577
Node 790, 1127.789413549306
Node 72, 269.7669966215395
Node 666, 1044.2226481975513
Node 595, 1024.8596922291265
Node 1372, 14174.504663688105
Node 867, 1227.628010245715
Node 769, 1109.8118693967572
Node 510, 1012.4336896571754
Node 741, 1088.082981391782
Node 667, 1044.3777083774494
Node 825, 1165.2883585580375
Node 540, 1016.2468858347622
Node 997, 1704.027447067264
Node 886, 1263.0684926008928
Node 826, 1169.1183341112712
Node 777, 1115.9406723377178
Node 803, 1138.0534430870746
Node 750, 1090.464183743239
Node 835, 1180.660452603617
Node 823, 1164.3467927568295
Node 625, 1031.2042719393628
Node 736, 1082.8991288094996
Node 927, 1384.424634728231
Node 378, 1001.9963958233602
Node 813, 1152.9020003875632
Node 612, 1027.16883399097
Node 52, 136.74456843138884
Node 652, 1039.2536779939178
