Node, generations
Node 2216, 18575.378235193115
Node 2088, 16911.156562405435
Node 560, 1903.3062302822782
Node 322, 577.4534619639131
Node 162, 151.09759158030153
Node 146, 140.19749992592915
Node 94, 115.40554509812544
Node 40, 32.72121934473928
Node 231, 225.14863912284437
Node 349, 725.9092954591805
Node 171, 154.1780961896408
Node 134, 134.1447756295804
Node 58, 103.28346834606451
Node 300, 338.3427186094923
Node 88, 111.97921324955428
Node 57, 103.26228853240978
Node 983, 4195.823077043845
Node 153, 147.75741831470023
Node 102, 118.39482507377059
Node 127, 131.07037267969974
Node 114, 123.68951011057632
Node 457, 1371.8939321576722
Node 437, 1220.6811282169867
Node 138, 136.73571367954824
Node 2194, 18310.41226802565
Node 317, 539.8581602841311
Node 291, 323.00704469758546
Node 222, 214.778105082005
Node 91, 112.92066770198369
Node 800, 3136.6977561092626
Node 292, 323.5923116993989
Node 212, 199.957682501568
Node 77, 109.88743183318097
Node 494, 1595.0590575252647
Node 225, 218.54810296632306
Node 86, 111.32053776160821
Node 192, 175.82947695396402
Node 96, 115.95810001017338
Node 238, 233.59412622108758
