node_generations, branch_length
1480.8269945055672, 37102.17803128509
1202.7721918968796, 278.0548026086876
1007.2929632237887, 195.47922867309092
0.0, 1007.2929632237887
1004.7954737504683, 2.4974894733203428
0.0, 1004.7954737504683
0.0, 1004.7954737504683
1156.739025719878, 46.033166177001476
1056.8135554623934, 99.92547025748468
0.0, 1056.8135554623934
0.0, 1056.8135554623934
1100.0866334888196, 56.65239223105846
0.0, 1100.0866334888196
334.4897273089997, 765.5969061798199
0.0, 334.4897273089997
0.0, 334.4897273089997
1300.6882999182803, 180.13869458728686
1098.3656891399412, 202.32261077833914
0.0, 1098.3656891399412
0.0, 1098.3656891399412
1256.8199373987457, 43.868362519534685
0.0, 1256.8199373987457
1224.905671963947, 31.914265434798608
1039.7843434428646, 185.12132852108243
0.0, 1039.7843434428646
0.0, 1039.7843434428646
1050.0114203719647, 174.8942515919823
0.0, 1050.0114203719647
1041.0249492529804, 8.986471118984355
0.0, 1041.0249492529804
1015.5933850645721, 25.431564188408288
0.0, 1015.5933850645721
5.938104536910623, 1009.6552805276615
0.0, 5.938104536910623
0.0, 5.938104536910623
2091.1252106609218, 36491.87981512973
1280.4589205987118, 810.66629006221
1117.221006457298, 163.23791414141374
0.0, 1117.221006457298
1052.141054638362, 65.07995181893602
0.0, 1052.141054638362
1012.29669060255, 39.844364035811964
0.0, 1012.29669060255
1003.0625168413324, 9.234173761217676
0.0, 1003.0625168413324
8.004692864670611, 995.0578239766618
0.0, 8.004692864670611
0.0, 8.004692864670611
1169.372439632893, 111.08648096581874
0.0, 1169.372439632893
1162.4003581075888, 6.972081525304247
0.0, 1162.4003581075888
1023.5382023827051, 138.86215572488368
0.0, 1023.5382023827051
0.0, 1023.5382023827051
1392.3158098271924, 698.8094008337293
1028.6285404480925, 363.6872693790999
0.0, 1028.6285404480925
0.0, 1028.6285404480925
1266.3205785556322, 125.99523127156021
793.9576438270867, 472.3629347285455
0.0, 793.9576438270867
763.1691242066339, 30.788519620452803
0.0, 763.1691242066339
317.21367520198925, 445.95544900464466
0.0, 317.21367520198925
0.0, 317.21367520198925
1126.8567734469036, 139.4638051087286
1009.2903362983232, 117.56643714858046
0.0, 1009.2903362983232
0.0, 1009.2903362983232
1103.6390794058705, 23.217694041033155
72.53002615658056, 1031.10905324929
0.0, 72.53002615658056
0.0, 72.53002615658056
1028.3597235142793, 75.2793558915912
0.0, 1028.3597235142793
0.0, 1028.3597235142793
