node_generations, branch_length
1538.4566590135025, 19534.221793600605
1074.3983372634514, 464.05832175005116
0.0, 1074.3983372634514
0.0, 1074.3983372634514
1448.6502885678847, 89.80637044561786
0.0, 1448.6502885678847
1188.5839626359075, 260.0663259319772
0.0, 1188.5839626359075
1014.9600077283992, 173.62395490750828
0.0, 1014.9600077283992
0.0, 1014.9600077283992
9986.172570368717, 11086.505882245392
3297.926245972585, 6688.246324396132
0.0, 3297.926245972585
1313.8755967996872, 1984.050649172898
1046.5918790061926, 267.2837177934946
1007.197178172905, 39.39470083328763
0.0, 1007.197178172905
0.0, 1007.197178172905
1039.1338744398552, 7.458004566337422
0.0, 1039.1338744398552
1006.0274481403353, 33.10642629951985
0.0, 1006.0274481403353
597.447979902179, 408.5794682381563
0.0, 597.447979902179
0.0, 597.447979902179
1071.8150039572824, 242.06059284240473
1052.8400463814341, 18.974957575848293
0.0, 1052.8400463814341
0.0, 1052.8400463814341
1053.942287454372, 17.872716502910407
0.0, 1053.942287454372
1022.2042664205312, 31.738021033840823
0.0, 1022.2042664205312
0.0, 1022.2042664205312
4319.951497655183, 5666.221072713534
1006.0848434591595, 3313.8666541960233
0.0, 1006.0848434591595
60.262014020580445, 945.8228294385791
0.0, 60.262014020580445
0.0, 60.262014020580445
1459.621611571305, 2860.3298860838777
908.2748503339941, 551.346761237311
0.0, 908.2748503339941
0.0, 908.2748503339941
1369.2475247501004, 90.37408682120463
1236.4233731346346, 132.82415161546578
0.0, 1236.4233731346346
1089.4404455234067, 146.98292761122798
0.0, 1089.4404455234067
1047.2186012292239, 42.2218442941828
1013.9980995102264, 33.22050171899741
0.0, 1013.9980995102264
0.0, 1013.9980995102264
1044.8434791778923, 2.375122051331573
0.0, 1044.8434791778923
0.0, 1044.8434791778923
1302.0616894667685, 67.18583528333193
1059.2350035958732, 242.8266858708953
0.0, 1059.2350035958732
1055.0878695540164, 4.147134041856816
0.0, 1055.0878695540164
0.0, 1055.0878695540164
1178.2582863934429, 123.80340307332563
1022.6249791253888, 155.63330726805407
0.0, 1022.6249791253888
0.0, 1022.6249791253888
1107.8233686276822, 70.4349177657607
0.0, 1107.8233686276822
1070.7366806702832, 37.08668795739891
34.120716211387936, 1036.6159644588954
0.0, 34.120716211387936
0.0, 34.120716211387936
1001.0420899529325, 69.6945907173507
0.0, 1001.0420899529325
597.7489388752889, 403.29315107764364
0.0, 597.7489388752889
0.0, 597.7489388752889
