Node, generations
Node 746, 9089.427357941924
Node 727, 8321.921979775203
Node 499, 1698.119941793699
Node 279, 1059.6567778441581
Node 30, 347.88098662213037
Node 252, 1039.6916704074413
Node 22, 192.64129363549543
Node 148, 1007.1894285028382
Node 57, 623.6367354489213
Node 496, 1683.4721135784087
Node 297, 1072.82430932548
Node 296, 1070.7540984315222
Node 650, 6214.425972094581
Node 398, 1244.33657042613
Node 437, 1337.3548199134598
Node 308, 1083.2014101260902
Node 431, 1319.769363873143
Node 341, 1126.740624487539
Node 328, 1105.1179727438014
