Node, generations
Node 3255, 11779.345476786904
Node 2915, 2436.4446056287106
Node 2742, 2109.447417978674
Node 2726, 2094.4939458943513
Node 2562, 2028.1849513043333
Node 1612, 1584.296689349104
Node 2436, 2012.8367661374145
Node 1617, 1589.9170040454126
Node 1455, 1450.2311364102325
Node 1161, 1212.9505500275889
Node 849, 930.1428583334948
Node 2725, 2093.302124715353
Node 2523, 2022.0377722886765
Node 2705, 2085.617994954113
Node 2613, 2042.585801048867
Node 2842, 2248.577193021398
Node 2799, 2177.5296518180435
Node 2694, 2079.292135132213
Node 1404, 1405.0739777919584
Node 240, 336.22242976435456
Node 3034, 3011.4684196035205
Node 3006, 2796.4226581803778
Node 2359, 2008.1805223712167
Node 97, 110.41189853060848
Node 2826, 2229.272068280031
Node 2751, 2114.7218372095404
Node 2450, 2014.152800145686
Node 2708, 2087.2920005674264
Node 1573, 1552.3258920532157
Node 2629, 2047.3969123422182
Node 1147, 1199.9318145387324
Node 584, 705.5720707437947
Node 1001, 1065.6251085072186
Node 175, 244.46985275171832
Node 139, 184.0827765578957
Node 3012, 2851.6202773890013
Node 2893, 2367.828002988847
Node 2157, 2001.1527429982991
Node 94, 101.62539785648883
Node 2866, 2297.8030834353012
Node 2852, 2275.634160688515
Node 746, 851.5431698132396
Node 2600, 2039.7914916327284
Node 1692, 1676.1730258298685
Node 2495, 2018.2591208489368
Node 2914, 2436.4325171614814
Node 2776, 2145.7282287403045
Node 1700, 1681.9179354143864
Node 80, 3.6085933067851466
Node 2680, 2070.177490703812
Node 694, 805.7448018088132
Node 2554, 2027.1970499204524
Node 458, 594.2097661828961
Node 131, 176.10951210432592
Node 2384, 2009.3328880333406
Node 88, 72.86087071762472
Node 2902, 2394.008664524116
Node 2763, 2126.9046526052853
Node 790, 883.7998135483344
Node 607, 725.1880034539746
Node 940, 1015.2411443235675
Node 2899, 2387.2847092615757
Node 2512, 2020.3011705895021
Node 1278, 1310.947844566241
Node 2688, 2074.4859963831427
Node 2275, 2004.3966398271407
Node 520, 656.7268381204586
Node 261, 355.9392923671637
Node 2257, 2003.946394724412
Node 1878, 1832.6475855859894
Node 1622, 1594.816455769727
Node 850, 930.7702510616748
Node 733, 841.5739840620506
Node 208, 282.0206572294814
Node 405, 539.72309799833
Node 2439, 2013.3566621662794
Node 1280, 1311.4289029792706
Node 966, 1036.7888012889684
Node 557, 688.257187648233
