Node, generations
Node 2482, 19275.4854991816
Node 1949, 3238.332105827289
Node 1786, 1389.1245916003363
Node 1734, 1278.7589476159997
Node 1660, 1148.7540163159722
Node 167, 271.4076207885031
Node 91, 81.68882578093688
Node 1645, 1140.1977521419176
Node 1611, 1112.9234597844907
Node 1664, 1158.3901122582436
Node 1047, 1003.2212265386081
Node 1477, 1047.053697419372
Node 290, 450.1066968806416
Node 1408, 1029.0222049788279
Node 85, 60.59042162496705
Node 1749, 1304.713293949614
Node 1402, 1028.2737691202708
Node 1360, 1023.1738488269699
Node 84, 59.13980705238353
Node 101, 101.86838535245984
Node 1671, 1176.7795532146217
Node 1532, 1070.11287447564
Node 1331, 1020.2187460636808
Node 352, 509.42914102572905
Node 944, 1001.1382524534313
Node 1668, 1170.6962965297769
Node 1325, 1019.5723601741809
Node 1001, 1002.1616348621154
Node 283, 438.57690147798996
Node 1849, 1674.228377363531
Node 1703, 1229.9160066685474
Node 1224, 1010.2859630219207
Node 1161, 1007.0469557928453
Node 1639, 1137.045621631639
Node 1151, 1006.7566783340675
Node 425, 574.9792182441868
Node 204, 324.7633505260961
Node 154, 253.94235338188543
Node 1813, 1487.7810796084552
Node 1542, 1074.7512393254358
Node 1287, 1015.1144948802887
Node 97, 94.77712003925446
Node 1739, 1287.9430414015835
Node 1578, 1087.4476459548075
Node 1260, 1012.9840228333101
Node 957, 1001.3774273467866
Node 620, 763.5082502520663
Node 1397, 1027.7165054476156
Node 345, 498.6476772180655
Node 111, 143.69531634983346
Node 663, 808.511146291283
Node 1633, 1130.090569150775
Node 2312, 14144.148222672648
Node 1587, 1097.3241235145804
Node 1210, 1009.5948046545211
Node 1565, 1081.4785706719358
Node 722, 863.2004945247412
Node 414, 565.8751027789538
Node 541, 691.2997856711428
Node 1858, 1740.6881080446017
Node 1821, 1515.7857928069197
Node 1785, 1387.0456056634923
Node 1601, 1105.366405386484
Node 1429, 1034.5928373751603
Node 1303, 1017.1794616481113
Node 1503, 1058.0367712189848
Node 1788, 1395.070438763747
Node 1843, 1630.6996582649508
Node 1756, 1322.4233761632272
Node 1488, 1052.7592600257683
Node 1384, 1026.4756234369386
Node 1344, 1021.5311322601294
Node 1335, 1020.4688920974237
Node 380, 531.9616940990111
Node 634, 780.985730182612
Node 1547, 1075.709183529424
Node 1430, 1034.6872892445892
Node 1137, 1006.1521140537749
Node 1040, 1003.0370744827387
