node_generations, branch_length
404.1466433363976, 23151.04307815244
213.11579754971535, 191.03084578668222
0.0, 213.11579754971535
0.0, 213.11579754971535
235.6900942287331, 168.45654910766447
0.0, 235.6900942287331
220.70835999424173, 14.98173423449137
0.0, 220.70835999424173
0.0, 220.70835999424173
7575.95948637387, 15979.230235114966
1049.7223655249045, 6526.237120848966
288.6635681541019, 761.0587973708026
0.0, 288.6635681541019
223.48636428437317, 65.17720386972871
0.0, 223.48636428437317
209.40349368607104, 14.082870598302122
0.0, 209.40349368607104
208.35859987728676, 1.0448938087842805
0.0, 208.35859987728676
0.0, 208.35859987728676
298.1344932310876, 751.5878722938169
0.0, 298.1344932310876
270.9007600404148, 27.233733190672808
0.0, 270.9007600404148
234.04302012679432, 36.85773991362049
0.0, 234.04302012679432
0.0, 234.04302012679432
4254.395502215946, 3321.563984157924
566.4175764326341, 3687.977925783312
0.0, 566.4175764326341
323.5025892270597, 242.9149872055744
219.12142668700508, 104.38116254005459
0.0, 219.12142668700508
0.0, 219.12142668700508
304.03720295118546, 19.46538627587421
0.0, 304.03720295118546
0.0, 304.03720295118546
4208.0098745660825, 46.385627649863636
623.6274575852133, 3584.3824169808695
382.62500507740003, 241.00245250781325
0.0, 382.62500507740003
288.90550066679384, 93.71950441060619
0.0, 288.90550066679384
0.0, 288.90550066679384
533.58134194352, 90.04611564169329
0.0, 533.58134194352
208.7412315282317, 324.8401104152883
0.0, 208.7412315282317
0.0, 208.7412315282317
4205.406751845432, 2.60312272065039
1668.2689018941926, 2537.1378499512393
969.3212762158875, 698.9476256783051
0.0, 969.3212762158875
304.3752298692629, 664.9460463466246
0.0, 304.3752298692629
223.26158176507798, 81.11364810418493
0.0, 223.26158176507798
0.0, 223.26158176507798
1204.8667739384905, 463.4021279557021
205.15145543178858, 999.7153185067019
0.0, 205.15145543178858
0.0, 205.15145543178858
304.172138353156, 900.6946355853345
230.75978963153366, 73.41234872162235
0.0, 230.75978963153366
0.0, 230.75978963153366
247.8668303533338, 56.30530799982222
0.0, 247.8668303533338
0.0, 247.8668303533338
2452.4709512301415, 1752.9358006152906
260.49877419712055, 2191.972177033021
0.0, 260.49877419712055
228.2084458990755, 32.29032829804504
0.0, 228.2084458990755
0.0, 228.2084458990755
1292.4221105317415, 1160.0488406984
0.0, 1292.4221105317415
0.0, 1292.4221105317415
