node_generations, branch_length
11971.743242849143, 37968.08205377333
139.25809350376645, 11832.485149345377
0.0, 139.25809350376645
0.0, 139.25809350376645
6449.971771021323, 5521.77147182782
0.0, 6449.971771021323
249.52311233164554, 6200.448658689677
0.0, 249.52311233164554
113.2246004781774, 136.29851185346814
0.0, 113.2246004781774
0.0, 113.2246004781774
14867.929483659425, 35071.89581296305
0.0, 14867.929483659425
14086.101036307124, 781.8284473523017
2115.422644404763, 11970.67839190236
1152.5152565249386, 962.9073878798245
230.2694083124106, 922.245848212528
0.0, 230.2694083124106
175.55583968719745, 54.713568625213156
104.88910588772073, 70.66673379947672
0.0, 104.88910588772073
0.0, 104.88910588772073
168.1539490471488, 7.401890640048634
0.0, 168.1539490471488
0.0, 168.1539490471488
905.9725411906302, 246.54271533430847
103.62065940821819, 802.351881782412
0.0, 103.62065940821819
102.12136180729469, 1.499297600923498
0.0, 102.12136180729469
0.0, 102.12136180729469
147.47033965098197, 758.5022015396482
0.0, 147.47033965098197
0.0, 147.47033965098197
1822.6365381382109, 292.7861062665522
151.45191840841977, 1671.1846197297912
113.56168720841035, 37.890231200009424
0.0, 113.56168720841035
0.0, 113.56168720841035
128.13418079901044, 23.317737609409335
0.0, 128.13418079901044
0.0, 128.13418079901044
295.82046706447284, 1526.816071073738
0.0, 295.82046706447284
165.7356748299793, 130.08479223449353
0.0, 165.7356748299793
160.18706064101397, 5.548614188965331
0.0, 160.18706064101397
103.5989442380526, 56.588116402961376
0.0, 103.5989442380526
0.0, 103.5989442380526
11173.139882592935, 2912.961153714188
5300.58084868783, 5872.559033905105
225.57924435519703, 5075.001604332633
0.0, 225.57924435519703
0.0, 225.57924435519703
4626.324498877841, 674.2563498099898
240.89905032990222, 4385.425448547939
113.24748984283231, 127.65156048706991
0.0, 113.24748984283231
0.0, 113.24748984283231
143.8716127268279, 97.02743760307433
0.0, 143.8716127268279
0.0, 143.8716127268279
1046.7056016975102, 3579.6188971803304
0.0, 1046.7056016975102
210.91765547684378, 835.7879462206665
0.0, 210.91765547684378
175.30442803773823, 35.61322743910554
124.77873695355858, 50.525691084179655
0.0, 124.77873695355858
0.0, 124.77873695355858
126.501754696047, 48.80267334169123
0.0, 126.501754696047
0.0, 126.501754696047
7972.900572004204, 3200.2393105887313
0.0, 7972.900572004204
0.0, 7972.900572004204
