Node, generations
Node 1017, 12265.456257380423
Node 720, 1105.9941725165052
Node 662, 791.5646532817051
Node 609, 591.0869984880569
Node 482, 330.0767682178712
Node 393, 258.75149886238785
Node 352, 240.04557291016806
Node 76, 101.9982508585728
Node 122, 201.5757841238978
Node 400, 262.9291925147599
Node 162, 205.06867802497715
Node 128, 202.0727998364781
Node 598, 560.0333424790064
Node 588, 533.7384289129297
Node 328, 233.23209927352485
Node 65, 39.68778164958799
Node 540, 411.564843526086
Node 326, 232.00425787987265
Node 354, 240.1311249131925
Node 797, 1887.024363992533
Node 647, 738.4718694996488
Node 625, 651.0939552160904
Node 555, 444.595713409095
Node 402, 264.3649939818116
Node 178, 206.14826420298448
Node 517, 372.45798727565926
Node 134, 202.80122349467223
Node 340, 235.77658884429255
Node 642, 710.8146288127621
Node 68, 71.2764476981387
Node 63, 35.01854402772861
Node 492, 340.6933322029929
Node 682, 890.486510799388
Node 606, 578.972962006359
Node 107, 200.71098551323743
Node 397, 261.1327287816989
Node 377, 250.39581479099758
Node 213, 209.68572076578025
Node 378, 250.43138118764335
Node 267, 217.23980016671695
Node 146, 203.8697467767692
Node 344, 237.15700392020685
Node 620, 636.5356041643779
Node 501, 349.677684308403
Node 431, 286.03334503138854
Node 282, 218.82294118033198
Node 235, 212.83577908532828
Node 217, 210.57376535528473
Node 280, 218.7593107053881
Node 318, 230.23297279087254
Node 308, 228.20970785526532
Node 69, 72.70211618813866
Node 564, 466.61654592290535
Node 508, 356.64747141336517
Node 112, 200.93189028109435
Node 72, 79.95866475824019
Node 546, 425.23684091926674
Node 524, 384.67191918413164
Node 60, 8.848505927995761
