node_generations, branch_length
1505.2676169856486, 4578.123773239259
1117.1613048566537, 388.1063121289949
0.0, 1117.1613048566537
1083.8575357697803, 33.303769086873444
0.0, 1083.8575357697803
0.0, 1083.8575357697803
1202.0597215874734, 303.2078953981752
0.0, 1202.0597215874734
1194.6417084726268, 7.418013114846644
0.0, 1194.6417084726268
1008.7076302077079, 185.93407826491887
0.0, 1008.7076302077079
0.0, 1008.7076302077079
2240.766462891786, 3842.624927333122
1246.2637418140812, 994.5027210777048
77.14742932862968, 1169.1163124854515
0.0, 77.14742932862968
0.0, 77.14742932862968
1237.5945405761888, 8.669201237892366
981.9404078849997, 255.65413269118915
0.0, 981.9404078849997
0.0, 981.9404078849997
1144.0775325286886, 93.51700804750021
0.0, 1144.0775325286886
0.0, 1144.0775325286886
1848.6438564294808, 392.12260646230516
1214.7626081084438, 633.881248321037
0.0, 1214.7626081084438
0.0, 1214.7626081084438
1524.0677912624385, 324.5760651670423
1143.3170968797635, 380.75069438267496
0.0, 1143.3170968797635
0.0, 1143.3170968797635
1229.4445775403146, 294.62321372212386
0.0, 1229.4445775403146
1021.4845206381544, 207.9600569021602
0.0, 1021.4845206381544
0.0, 1021.4845206381544
