Node, generations
Node 2073, 29738.276122787476
Node 794, 610.3667510449808
Node 511, 249.99594046417965
Node 473, 237.18674303226283
Node 221, 203.67912248673363
Node 353, 212.97081309989292
Node 475, 237.45711633774977
Node 462, 234.99022322757574
Node 761, 528.1714041848654
Node 650, 345.2573295428407
Node 268, 206.23269273829902
Node 541, 267.04062115261627
Node 398, 221.50785993357067
Node 116, 159.82467803437646
Node 708, 432.2087625438851
Node 552, 271.9875911655259
Node 328, 210.94976941629588
Node 606, 310.74050996593684
Node 129, 187.46571576950174
Node 108, 134.07898224624722
Node 2064, 29488.128507658603
Node 739, 482.39686518834566
Node 520, 254.98549881249764
Node 669, 368.00368403742647
Node 86, 55.4850029281329
Node 940, 2158.470785940811
Node 326, 210.92310933927226
Node 861, 871.5413376470094
Node 856, 858.2372346257632
Node 841, 770.7866280217643
Node 518, 252.78172898359085
Node 496, 243.46444217949573
Node 176, 201.65079023452398
Node 750, 500.82928347815323
Node 528, 261.4949202991663
Node 522, 255.36698696222282
Node 497, 243.74071940892352
Node 523, 256.2548579407598
Node 747, 493.66188351891105
Node 725, 457.34701964553744
Node 698, 414.19197166446327
Node 621, 319.583720680684
Node 456, 233.3605300626874
Node 851, 835.825356903388
Node 459, 234.74963967116665
Node 444, 230.65840762021725
Node 427, 226.75527436839437
Node 356, 213.39011687523077
Node 303, 208.37326041429915
Node 846, 793.4874149315997
Node 713, 439.45190476151123
Node 680, 380.2745467047244
Node 395, 220.92565400837012
Node 379, 217.19879097791957
Node 586, 296.62027203638814
Node 582, 294.4843655156313
Node 484, 240.13461053457846
Node 241, 204.70370151659597
Node 437, 229.2953925198631
Node 501, 245.5732797902266
Node 700, 414.2906645104791
Node 578, 291.63597211109874
Node 214, 203.1927578259307
Node 469, 236.7400825261886
Node 84, 52.472798753158564
Node 383, 218.14743417400743
Node 335, 211.35916772321738
Node 283, 207.2922884573897
Node 585, 295.8437729034879
Node 722, 455.8709226869044
Node 581, 293.2134997868487
Node 378, 216.81283878930049
Node 579, 291.7666903535312
Node 499, 244.77073795220394
Node 492, 240.89674901423075
Node 482, 239.23494347540696
Node 551, 271.2806899669205
Node 683, 392.3187424769732
Node 280, 207.15263871903812
