node_generations, branch_length
270.6017133401764, 81722.86968860145
0.0, 270.6017133401764
253.47424124497914, 17.12747209519725
0.0, 253.47424124497914
0.0, 253.47424124497914
32013.27830144381, 49980.19310049782
0.0, 32013.27830144381
17440.814355132006, 14572.463946311804
203.6669913778131, 17237.147363754193
0.0, 203.6669913778131
172.39604231006385, 31.270949067749257
0.0, 172.39604231006385
0.0, 172.39604231006385
9211.999125254255, 8228.815229877751
157.63308059849655, 9054.366044655759
0.0, 157.63308059849655
0.0, 157.63308059849655
7776.927522731021, 1435.071602523234
293.78215562080095, 7483.14536711022
0.0, 293.78215562080095
240.68616336647491, 53.095992254326035
0.0, 240.68616336647491
171.01812988241812, 69.66803348405679
0.0, 171.01812988241812
123.78863507342918, 47.229494808988946
0.0, 123.78863507342918
0.0, 123.78863507342918
3163.110169888144, 4613.817352842877
0.0, 3163.110169888144
1053.7393958192895, 2109.370774068854
0.0, 1053.7393958192895
618.5516781000498, 435.1877177192397
130.72294941078584, 487.8287286892639
0.0, 130.72294941078584
0.0, 130.72294941078584
191.21876590084347, 427.33291219920636
0.0, 191.21876590084347
0.0, 191.21876590084347
