node_generations, branch_length
686.1761184044424, 19253.343966880155
267.36000625397594, 418.81611215046644
0.0, 267.36000625397594
0.0, 267.36000625397594
313.4370024865093, 372.7391159179331
0.0, 313.4370024865093
0.0, 313.4370024865093
11204.277880450965, 8735.24220483363
1179.2921046265687, 10024.985775824396
231.72969408933383, 947.5624105372349
0.0, 231.72969408933383
209.71408233760587, 22.01561175172796
0.0, 209.71408233760587
0.0, 209.71408233760587
366.40029709308476, 812.891807533484
224.10167254306523, 142.29862455001953
0.0, 224.10167254306523
0.0, 224.10167254306523
249.36134554042846, 117.0389515526563
0.0, 249.36134554042846
236.65979100950054, 12.701554530927922
0.0, 236.65979100950054
235.49501193518344, 1.1647790743170958
0.0, 235.49501193518344
77.92685723053792, 157.5681547046455
0.0, 77.92685723053792
0.0, 77.92685723053792
5735.290407791271, 5468.9874726596945
1177.7948653325323, 4557.495542458739
0.0, 1177.7948653325323
277.90077357463963, 899.8940917578926
0.0, 277.90077357463963
222.47001842794648, 55.430755146693144
0.0, 222.47001842794648
0.0, 222.47001842794648
3047.4426164130286, 2687.847791378242
0.0, 3047.4426164130286
0.0, 3047.4426164130286
