Node, generations
Node 4005, 82929.49382233982
Node 2085, 10877.888783187027
Node 457, 302.60829177628216
Node 301, 228.47614898351574
Node 420, 281.48676293973614
Node 1551, 5955.225930500772
Node 464, 313.39120427548215
Node 443, 296.1317090519896
Node 231, 212.23706710874112
Node 294, 226.10005024388695
Node 1095, 3226.7746475226354
Node 498, 353.98842382267554
Node 310, 231.30192248357594
Node 479, 324.4828050510985
Node 342, 244.8685066911913
Node 382, 258.9379828096114
Node 229, 212.06401435265292
Node 371, 252.05582135952528
Node 327, 240.63408803280416
Node 313, 232.75204366461915
Node 189, 207.52183916832735
Node 513, 381.7840331930252
Node 3556, 46551.95454341002
Node 1668, 6756.259931109101
Node 900, 2377.768424480386
Node 265, 217.49969230251912
Node 380, 258.29004786035364
Node 278, 220.49571008775385
Node 72, 100.07151598954333
Node 340, 244.50238210398152
Node 317, 234.05191184377884
Node 291, 225.41895907072276
Node 209, 210.0111895493175
Node 60, 16.016931639468066
Node 2630, 18878.662164421432
Node 901, 2383.9311111079537
Node 211, 210.3522662015974
Node 169, 205.2915377381049
Node 492, 346.98091790320393
Node 356, 246.9172940625099
Node 279, 220.8828432980195
Node 306, 230.23292426373706
Node 168, 205.14033452166794
Node 466, 315.00515672177784
Node 2548, 17320.840085585805
Node 566, 788.1156592690891
Node 489, 342.36595825921813
Node 129, 202.03836295881646
Node 468, 317.30974559031944
Node 433, 290.85993152755174
Node 448, 298.7147541852542
Node 708, 1443.2450335198089
Node 195, 208.4026604262636
Node 373, 254.0159927152797
Node 296, 226.18259336289543
Node 247, 214.73413678189127
Node 185, 207.0979589533585
Node 174, 206.00786258171132
Node 62, 25.86734169386744
