Node, generations
Node 2275, 21216.615781939017
Node 1394, 1914.2745803102998
Node 1345, 1589.815634767821
Node 1134, 1099.0495222685583
Node 112, 247.46629712334686
Node 155, 337.8314241113776
Node 62, 22.567616506619608
Node 1275, 1308.6222589505433
Node 1102, 1082.1008596587676
Node 531, 931.1950182140469
Node 996, 1035.4786111288915
Node 420, 779.6078227532573
Node 1249, 1249.952540422455
Node 978, 1032.062589809354
Node 1207, 1175.1693602854673
Node 492, 871.2957045274646
Node 1124, 1094.0430762338535
Node 1017, 1041.0092259368212
Node 1842, 11423.784026665073
Node 1334, 1513.2477919062553
Node 1250, 1252.3610315405456
Node 147, 324.2854660126409
Node 1193, 1158.0911362092795
Node 1046, 1051.7609604452139
Node 886, 1017.48994297119
Node 602, 1000.6114928648332
Node 472, 839.7320134048653
Node 953, 1027.1276464074006
Node 708, 1004.7536882652777
Node 460, 823.623015009304
Node 164, 346.0633964277443
Node 60, 5.918913877693179
Node 924, 1023.0144668997655
Node 256, 509.94770850621865
Node 861, 1015.4118544129718
Node 640, 1001.7838487075694
Node 1117, 1089.095887614071
Node 338, 642.1042984315528
Node 215, 439.3669529346068
Node 887, 1017.6000506340656
Node 868, 1016.0373269714776
Node 1362, 1658.8345031574472
Node 1242, 1232.368032599054
Node 966, 1029.2677547471578
Node 532, 931.5765442749839
Node 1284, 1329.3722488653216
Node 1012, 1040.1732217488343
Node 780, 1009.1067147726723
Node 61, 6.484250242051484
Node 388, 708.9139263902168
Node 1233, 1215.7894560799748
Node 976, 1031.3645130396683
Node 864, 1015.4878421182805
Node 853, 1014.5017891676299
Node 594, 1000.3644058780046
Node 781, 1009.1202616401486
Node 906, 1020.7919131934257
Node 205, 419.2618582542104
Node 72, 114.87649789128072
