Node, generations
Node 1766, 41218.54264939698
Node 452, 1411.9147270837527
Node 225, 1026.7900468826133
Node 335, 1134.9571809367637
Node 161, 1011.5051932791953
Node 22, 172.2264070630185
Node 288, 1067.6370273930247
Node 730, 7518.239969069165
Node 259, 1044.873395010256
Node 246, 1034.5223979912312
Node 467, 1498.6047931413727
Node 450, 1408.2795861931418
Node 200, 1021.4809764341147
Node 326, 1120.9167380305812
Node 295, 1074.2326425523574
Node 58, 679.3919786926489
Node 91, 968.1351098097119
Node 299, 1079.2837157948243
Node 172, 1013.8566117196357
