Node, generations
Node 3461, 67302.04153948948
Node 1262, 5872.952007026491
Node 706, 2144.815937675412
Node 336, 193.71771457562608
Node 303, 170.90736389711182
Node 282, 157.10602526647526
Node 207, 126.17675929363938
Node 300, 168.63157628146493
Node 377, 246.22918991972531
Node 304, 173.23658268178144
Node 190, 120.48571954889978
Node 346, 204.6148729200071
Node 326, 190.7878958119327
Node 237, 137.41958127712337
Node 1172, 5219.687129524296
Node 331, 192.25508781982862
Node 220, 130.39087185079654
Node 114, 105.07600323472533
Node 242, 139.76049530693595
Node 209, 127.17805509469356
Node 216, 128.84710852691768
Node 990, 3882.2979476367987
Node 668, 1906.762396025918
Node 391, 263.669586477381
Node 187, 119.44800870232906
Node 174, 117.28594546234145
Node 80, 101.57624913194559
Node 530, 1123.6309270597567
Node 251, 144.6659806347741
Node 272, 151.6695484240746
Node 867, 3152.515401241268
Node 444, 403.028700499392
Node 398, 272.68816503542246
Node 95, 103.51600520428434
Node 231, 136.25246132543214
Node 164, 114.65440338669977
Node 409, 292.7078181105549
Node 334, 193.04432904406187
Node 236, 137.39728540954894
Node 324, 189.87222906264265
Node 287, 159.5462154973949
Node 147, 111.1763566942531
Node 84, 101.79686887284211
Node 83, 101.76845019914896
Node 480, 766.4065772738013
Node 285, 159.02009600276543
Node 121, 105.71715210139384
Node 428, 314.7435213166692
Node 302, 170.53822603540746
Node 277, 154.3401546360652
Node 62, 47.56886785388293
Node 261, 146.5457207835885
Node 135, 108.1339649602353
Node 407, 291.6316538568992
Node 373, 233.70992084722158
Node 375, 239.52122482779916
Node 65, 71.19682341508961
Node 2633, 27826.190169462454
Node 293, 162.72887829459813
