node_generations, branch_length
0.0, 5650.542876262959
4851.970890876931, 798.5719853860282
1850.1072425843931, 3001.8636482925376
1177.7948653325323, 672.3123772518609
0.0, 1177.7948653325323
277.90077357463963, 899.8940917578926
0.0, 277.90077357463963
222.47001842794648, 55.430755146693144
0.0, 222.47001842794648
0.0, 222.47001842794648
1179.2921046265687, 670.8151379578244
231.72969408933383, 947.5624105372349
0.0, 231.72969408933383
209.71408233760587, 22.01561175172796
0.0, 209.71408233760587
0.0, 209.71408233760587
366.40029709308476, 812.891807533484
224.10167254306523, 142.29862455001953
0.0, 224.10167254306523
0.0, 224.10167254306523
249.36134554042846, 117.0389515526563
0.0, 249.36134554042846
236.65979100950054, 12.701554530927922
0.0, 236.65979100950054
235.49501193518344, 1.1647790743170958
0.0, 235.49501193518344
77.92685723053792, 157.5681547046455
0.0, 77.92685723053792
0.0, 77.92685723053792
4021.2460670448586, 830.7248238320722
0.0, 4021.2460670448586
686.1761184044424, 3335.0699486404164
267.36000625397594, 418.81611215046644
0.0, 267.36000625397594
0.0, 267.36000625397594
313.4370024865093, 372.7391159179331
0.0, 313.4370024865093
0.0, 313.4370024865093
