node_generations, branch_length
0.0, 40765.40351214447
5087.23791129153, 35678.16560085294
1392.6599443552814, 3694.5779669362482
0.0, 1392.6599443552814
1345.5773553399881, 47.08258901529325
0.0, 1345.5773553399881
1233.08365801234, 112.49369732764808
0.0, 1233.08365801234
0.0, 1233.08365801234
1960.373931993737, 3126.863979297793
1040.6782884079223, 919.6956435858147
0.0, 1040.6782884079223
0.0, 1040.6782884079223
1315.355704964236, 645.0182270295008
0.0, 1315.355704964236
1314.2089814415308, 1.1467235227053152
1110.735543612903, 203.47343782862777
0.0, 1110.735543612903
1040.5008852400367, 70.2346583728663
0.0, 1040.5008852400367
0.0, 1040.5008852400367
1266.8842213684113, 47.32476007311948
0.0, 1266.8842213684113
1212.3993591809078, 54.484862187503495
0.0, 1212.3993591809078
1180.6768249542276, 31.72253422668018
458.590708021612, 722.0861169326156
0.0, 458.590708021612
0.0, 458.590708021612
1171.616847956304, 9.05997699792374
1043.628384204692, 127.98846375161179
0.0, 1043.628384204692
0.0, 1043.628384204692
1076.8357832771972, 94.78106467910675
0.0, 1076.8357832771972
324.74932581247026, 752.0864574647269
0.0, 324.74932581247026
0.0, 324.74932581247026
