node_generations, branch_length
4138.143257163297, 71762.11721459628
133.98175663533826, 4004.1615005279587
130.62311995603105, 3.35863667930721
56.79609355441021, 73.82702640162083
0.0, 56.79609355441021
0.0, 56.79609355441021
102.56823918776064, 28.054880768270408
0.0, 102.56823918776064
0.0, 102.56823918776064
131.29233473053506, 2.689421904803197
0.0, 131.29233473053506
0.0, 131.29233473053506
136.26194436560817, 4001.8813127976887
0.0, 136.26194436560817
87.88069229568201, 48.38125206992616
0.0, 87.88069229568201
0.0, 87.88069229568201
9284.5622911121, 66615.69818064747
3954.399980315161, 5330.16231079694
105.89580740853816, 3848.504172906623
0.0, 105.89580740853816
0.0, 105.89580740853816
3539.7495071250364, 414.65047319012456
1383.9003777993341, 2155.849129325702
0.0, 1383.9003777993341
0.0, 1383.9003777993341
1428.7132130976797, 2111.0362940273567
0.0, 1428.7132130976797
210.6872871602254, 1218.0259259374543
0.0, 210.6872871602254
113.73144176172396, 96.95584539850144
0.0, 113.73144176172396
0.0, 113.73144176172396
5309.356784118391, 3975.2055069937096
0.0, 5309.356784118391
1998.407715366417, 3310.949068751974
0.0, 1998.407715366417
0.0, 1998.407715366417
