Node, generations
Node 698, 12064.256282217017
Node 309, 1179.5656391331863
Node 202, 535.8934454873515
Node 266, 895.9361162351955
Node 232, 683.8721718232067
Node 99, 260.5828368550764
Node 217, 597.8692343186557
Node 185, 459.020154917873
Node 138, 330.1438301244861
Node 118, 298.66740211691763
Node 121, 304.6315132272237
Node 248, 746.2056077566031
Node 177, 438.4766552811176
Node 95, 258.6047574841059
Node 212, 583.5735181966344
Node 113, 292.8886127026012
Node 441, 5588.413373854334
Node 297, 1089.3937386174478
Node 163, 402.74923395436525
