Node, generations
Node 975, 1845.838420009692
Node 899, 1395.710928709027
Node 479, 1013.3284513285527
Node 698, 1086.1760743937973
Node 682, 1079.6879363437977
Node 653, 1065.704541676806
Node 953, 1689.7785124946204
Node 907, 1419.075329580444
Node 626, 1049.4420251220436
Node 555, 1025.622929531184
Node 535, 1021.2454249844153
Node 811, 1195.226376001658
Node 616, 1045.0613681582283
Node 421, 1008.0400633488013
Node 408, 1006.7411621461997
Node 581, 1031.6839246982206
Node 949, 1635.8141720873036
Node 823, 1213.7737173310707
Node 688, 1082.2155873537608
Node 679, 1079.2559143886147
Node 628, 1049.8088994079396
Node 779, 1158.1169340761844
Node 675, 1078.1340325450958
Node 752, 1124.6474552208313
Node 735, 1109.7287487163214
Node 420, 1007.9726402955595
Node 258, 918.4458882563696
Node 913, 1478.8983773761279
Node 815, 1206.6830937395969
Node 778, 1153.7529915629125
Node 633, 1052.6205318948673
Node 589, 1034.0418900508623
Node 98, 490.70634814494997
Node 58, 294.10266928448647
Node 897, 1385.837693189288
Node 629, 1049.9065734771607
Node 502, 1015.9329585205976
Node 812, 1201.5536636323661
Node 791, 1173.0810200078884
