node_generations, branch_length
993.4271480590705, 24361.448910334344
303.0128202009482, 690.4143278581223
0.0, 303.0128202009482
302.52044752988104, 0.4923726710671872
0.0, 302.52044752988104
243.1474604538662, 59.37298707601485
0.0, 243.1474604538662
0.0, 243.1474604538662
636.050526218372, 357.3766218406985
373.6525458527329, 262.39798036563917
257.9555417843299, 115.69700406840298
212.70178764722635, 45.253754137103556
0.0, 212.70178764722635
0.0, 212.70178764722635
230.6450206443083, 27.31052114002162
0.0, 230.6450206443083
0.0, 230.6450206443083
304.2393168405899, 69.413229012143
260.605460745872, 43.633856094717885
0.0, 260.605460745872
0.0, 260.605460745872
278.8851326592057, 25.3541841813842
0.0, 278.8851326592057
227.0788462890043, 51.80628637020138
0.0, 227.0788462890043
212.18682431246518, 14.892021976539127
0.0, 212.18682431246518
0.0, 212.18682431246518
504.53609782604696, 131.5144283923251
201.969290340116, 302.56680748593095
0.0, 201.969290340116
0.0, 201.969290340116
268.50357405109264, 236.0325237749543
0.0, 268.50357405109264
103.52553584983596, 164.97803820125668
0.0, 103.52553584983596
0.0, 103.52553584983596
1968.3304827653694, 23386.545575628043
521.3509793484403, 1446.9795034169292
103.61879247092232, 417.732186877518
0.0, 103.61879247092232
0.0, 103.61879247092232
236.69895698734675, 284.6520223610936
0.0, 236.69895698734675
0.0, 236.69895698734675
1693.831681035013, 274.4988017303565
441.29793880281494, 1252.533742232198
203.15150664500774, 238.1464321578072
0.0, 203.15150664500774
0.0, 203.15150664500774
376.3784883252029, 64.91945047761203
254.70992678215143, 121.66856154305148
0.0, 254.70992678215143
0.0, 254.70992678215143
335.0339587455343, 41.34452957966863
0.0, 335.0339587455343
316.07374880986225, 18.960209935672026
0.0, 316.07374880986225
216.80585196190495, 99.2678968479573
0.0, 216.80585196190495
0.0, 216.80585196190495
726.491351468761, 967.340329566252
345.2067150921726, 381.28463637658837
0.0, 345.2067150921726
213.53790412834394, 131.66881096382866
0.0, 213.53790412834394
0.0, 213.53790412834394
658.1090202810595, 68.38233118770142
0.0, 658.1090202810595
385.7494916757953, 272.35952860526425
202.5772762430079, 183.1722154327874
0.0, 202.5772762430079
0.0, 202.5772762430079
237.02727760958265, 148.72221406621264
0.0, 237.02727760958265
215.93238550115794, 21.094892108424716
0.0, 215.93238550115794
0.0, 215.93238550115794
