Node, generations
Node 463, 1979.6048668767826
Node 461, 1926.872007856689
Node 434, 1453.8116408457413
Node 405, 1226.9563992890098
Node 169, 548.2654188756143
Node 389, 1117.1127933652754
Node 272, 659.9540267416006
Node 185, 561.5204416377942
Node 369, 1006.8937487670182
Node 137, 528.1172718507194
Node 423, 1359.8726761999787
Node 291, 695.4073394446996
Node 244, 614.6583317234288
Node 29, 289.7150582543978
Node 180, 556.4273105030665
Node 380, 1061.8912318210544
Node 325, 796.8020968405503
Node 336, 827.9972493687351
Node 188, 563.5687208083098
