Node, generations
Node 3117, 22344.84456883513
Node 2227, 9369.961757002122
Node 1530, 4453.859117203995
Node 853, 1645.235087401584
Node 286, 157.78686286301763
Node 100, 102.97696656107819
Node 174, 115.30126023498613
Node 151, 109.97114145253086
Node 922, 1856.2365775614921
Node 275, 152.8858832159366
Node 233, 135.823749532459
Node 2108, 8252.317371174448
Node 717, 1233.6765525757796
Node 282, 156.65094471715312
Node 121, 106.10540266210626
Node 67, 68.35608664694081
Node 155, 110.32656325976214
Node 340, 198.51769937397756
Node 241, 137.5310628533436
Node 276, 152.94363783431362
Node 1566, 4660.397231712982
Node 1245, 3092.589451702764
Node 419, 409.46229730905986
Node 413, 385.5142607013653
Node 350, 204.31888214678378
Node 188, 117.78743562600134
Node 202, 121.94358316592425
Node 65, 55.86346018448376
Node 760, 1375.0063458042553
Node 662, 1103.3741581329557
Node 431, 463.368583147851
Node 299, 164.0659724434679
Node 377, 228.5857948954315
Node 115, 105.1870374003011
Node 109, 104.07323209814983
Node 317, 180.15221942798036
Node 172, 114.9313580894222
Node 206, 123.24629761435226
Node 1309, 3298.8314243639584
Node 956, 1970.129958378142
Node 407, 356.7482248438699
Node 244, 138.00643194623552
Node 195, 119.65752767006228
Node 1024, 2195.6986028735528
Node 461, 585.8129133458933
Node 163, 112.06431319088475
Node 141, 108.02685201515261
Node 79, 100.65671613862763
Node 160, 111.17409754017586
Node 2255, 9675.091411584704
Node 469, 600.4677831504329
Node 152, 110.10184868926792
Node 1486, 4208.398745083241
Node 297, 163.15819825968583
Node 178, 116.35739778359623
Node 409, 361.16863016627025
Node 374, 223.95856923131944
Node 223, 129.47458473055653
Node 120, 105.53551018058207
