node_generations, branch_length
1381.2467089496665, 11270.612491667403
0.0, 1381.2467089496665
1228.9893415161198, 152.25736743354673
365.7332815442351, 863.2560599718847
0.0, 365.7332815442351
208.79127579558565, 156.94200574864948
0.0, 208.79127579558565
202.53851402426523, 6.252761771320422
0.0, 202.53851402426523
0.0, 202.53851402426523
471.889349456024, 757.0999920600958
0.0, 471.889349456024
443.5500841998091, 28.3392652562149
47.47355205492646, 396.0765321448826
0.0, 47.47355205492646
0.0, 47.47355205492646
303.4333388474126, 140.1167453523965
0.0, 303.4333388474126
200.7189746734175, 102.71436417399508
0.0, 200.7189746734175
0.0, 200.7189746734175
1488.2097606649668, 11163.649439952103
1180.9404149278303, 307.2693457371365
229.17445415582313, 951.7659607720071
0.0, 229.17445415582313
0.0, 229.17445415582313
359.4395464300675, 821.5008684977628
284.62833260841626, 74.81121382165122
0.0, 284.62833260841626
46.53804537637445, 238.09028723204182
0.0, 46.53804537637445
7.55152185121487, 38.986523525159576
0.0, 7.55152185121487
0.0, 7.55152185121487
357.9373428460506, 1.5022035840168542
0.0, 357.9373428460506
0.0, 357.9373428460506
1430.3814998224454, 57.82826084252133
628.7699372593207, 801.6115625631247
0.0, 628.7699372593207
316.5446417687469, 312.22529549057384
0.0, 316.5446417687469
234.85571014815318, 81.6889316205937
0.0, 234.85571014815318
0.0, 234.85571014815318
983.516317016663, 446.8651828057824
418.98012804751744, 564.5361889691455
0.0, 418.98012804751744
269.3135683687132, 149.66655967880422
0.0, 269.3135683687132
0.0, 269.3135683687132
815.227576810661, 168.288740206002
355.4262525656609, 459.80132424500016
0.0, 355.4262525656609
262.1954311178502, 93.23082144781068
0.0, 262.1954311178502
0.0, 262.1954311178502
533.9270724652532, 281.30050434540783
0.0, 533.9270724652532
336.79847257022277, 197.12859989503045
0.0, 336.79847257022277
294.7746197027513, 42.023852867471476
269.1970129005285, 25.577606802222817
200.78083313237718, 68.4161797681513
0.0, 200.78083313237718
0.0, 200.78083313237718
238.90737347908205, 30.289639421446424
205.21064117541283, 33.69673230366922
0.0, 205.21064117541283
0.0, 205.21064117541283
217.01991171883478, 21.887461760247277
0.0, 217.01991171883478
210.70850150245835, 6.31141021637643
0.0, 210.70850150245835
0.0, 210.70850150245835
282.11228926564195, 12.662330437109347
0.0, 282.11228926564195
0.0, 282.11228926564195
