Node, generations
Node 3982, 64143.29728903343
Node 451, 235.40834057022178
Node 304, 209.34335249248997
Node 2888, 20518.88596496742
Node 1533, 4746.528820496224
Node 548, 276.0161206770066
Node 515, 260.29608234926894
Node 485, 245.55744126641505
Node 277, 206.74414536396375
Node 499, 251.7456419588109
Node 900, 1545.1864102168538
Node 527, 265.3731310014604
Node 401, 224.74658281182008
Node 288, 207.67084453450215
Node 533, 267.49352081965304
Node 330, 212.79338811593553
Node 523, 262.50073191830904
Node 81, 29.549161573669398
Node 2825, 19046.162337410155
Node 696, 581.8297219335664
Node 480, 243.5053724786664
Node 666, 383.54327767585704
Node 268, 206.29633642920157
Node 242, 204.65492684119286
Node 1986, 8094.829358717645
Node 889, 1495.8809476517988
Node 393, 223.81777925589228
Node 845, 1276.9017393608099
Node 573, 292.74842287193246
Node 455, 236.5079105124359
Node 437, 231.9566962401371
Node 453, 235.8683418934371
Node 217, 203.39135124748972
Node 360, 217.59482709494492
Node 317, 210.52106836556845
Node 233, 204.24966520241088
Node 671, 391.6095790083413
Node 615, 331.4098362449046
Node 394, 223.82799744295184
Node 645, 359.18904490136384
Node 436, 231.696538225845
Node 636, 349.9729442376626
Node 422, 229.43339279407948
Node 584, 301.250929789948
Node 488, 246.2428099851297
Node 370, 219.61795397139252
Node 240, 204.64942288776547
Node 378, 221.13408968912506
Node 108, 145.64305290645774
Node 490, 247.41813823163795
Node 469, 239.7678047515084
Node 445, 234.10112327423548
Node 345, 215.3857030382806
Node 1497, 4541.774503782349
Node 763, 868.1164541699553
Node 1175, 2646.7946947855257
Node 728, 738.8344953979558
Node 586, 301.6284245179207
Node 361, 217.68047217840476
Node 813, 1141.6102241919057
Node 500, 253.21044151936863
Node 408, 226.30087443141895
Node 487, 245.9423252430257
Node 80, 2.5244538326541783
Node 376, 220.9503378816601
Node 168, 201.06085180805863
Node 604, 320.70006049328913
Node 498, 250.58275478967366
Node 120, 171.07001600263894
Node 110, 147.70499286682232
Node 558, 282.67645827926503
Node 543, 274.1564859006886
Node 205, 203.1725794619278
Node 200, 202.8812014908308
Node 438, 232.07448271418838
Node 145, 200.35422523179034
Node 332, 213.1660701777785
Node 313, 210.3048608366077
Node 93, 99.463140594965
