Node, generations
Node 801, 3332.6867156521985
Node 690, 968.0164299222595
Node 602, 577.7358394248752
Node 544, 435.79319142736153
Node 347, 239.9660878306205
Node 558, 460.9241253630267
Node 208, 209.3718653701207
Node 555, 455.3600815416602
Node 331, 234.74995599473425
Node 207, 209.1820142027256
Node 63, 49.7768601860516
Node 259, 216.62708031411537
Node 62, 29.502167435633897
Node 531, 392.6201949514163
Node 417, 269.1757519336769
Node 349, 240.5373015371381
Node 295, 224.08965621320482
Node 627, 676.5609278466954
Node 492, 340.6263542994197
Node 60, 9.609473365458008
Node 738, 1293.0429026997979
Node 660, 786.532006358195
Node 411, 263.06419263330935
Node 313, 230.26162962588938
Node 67, 69.38392801608325
Node 381, 252.73250990744776
Node 319, 231.40913269308146
Node 480, 325.00001032972375
Node 446, 290.87412716668274
Node 731, 1242.1025888532602
Node 517, 378.08562860446915
Node 513, 369.16300955737836
Node 376, 250.29890829265796
Node 252, 215.4367373036179
Node 290, 222.7268073462014
Node 261, 216.69768065495873
Node 473, 317.06588111686665
Node 721, 1156.4472649989177
Node 611, 601.3001692265472
Node 571, 481.18112184805983
Node 447, 291.67064546928333
Node 397, 258.3112993680686
Node 229, 212.0818290717382
Node 120, 201.35600826259616
Node 328, 233.35329713190868
Node 239, 213.93249280291164
Node 407, 260.95796918658226
Node 170, 205.75688764683315
Node 83, 145.90876239062095
Node 389, 255.9557804289948
Node 157, 204.01552047676574
Node 697, 993.3201717572359
Node 155, 203.85354144935644
Node 541, 420.7142446701585
Node 350, 240.65429866689934
Node 452, 298.86715285930796
Node 141, 202.5603480614427
Node 355, 242.01965636764206
Node 317, 231.08872491777691
