Node, generations
Node 1794, 26539.950527180703
Node 1009, 8636.626115410294
Node 290, 296.91841993175734
Node 286, 289.9544119521774
Node 135, 209.8503967496328
Node 41, 41.72903012643518
Node 281, 282.4991381119375
Node 656, 3789.8186789921465
Node 453, 713.2711464661462
Node 309, 324.11736004919163
Node 302, 312.92722077122863
Node 259, 266.5838374538275
Node 621, 3369.86673115423
Node 381, 477.01069192993475
Node 226, 242.4011510771677
Node 378, 465.0376534245257
Node 133, 209.6834090628983
Node 345, 393.4731622138584
Node 219, 239.62540237960792
Node 57, 200.02244760209882
Node 340, 382.5156332890985
Node 183, 223.8316617085508
Node 156, 214.86654840013188
Node 310, 325.2988759208392
Node 463, 795.5405414089724
Node 284, 288.12061601960295
Node 150, 212.85219304491125
Node 317, 337.0061333540885
Node 214, 236.9514967546813
Node 1273, 13101.964914389597
Node 423, 592.0159085613651
Node 387, 490.9451602460165
Node 262, 267.48488530464647
Node 406, 545.226077067355
Node 141, 211.43191880501888
Node 321, 339.4712841295618
Node 296, 303.3938470614791
Node 237, 249.6962489951152
Node 174, 220.38062072262574
