node_generations, branch_length
3957.9918377222616, 11317.055359404692
0.0, 3957.9918377222616
3194.5882791283416, 763.40355859392
146.21193886566786, 3048.3763402626737
0.0, 146.21193886566786
0.0, 146.21193886566786
2540.585388056404, 654.0028910719375
772.8727202897117, 1767.7126677666924
98.21578444711817, 674.6569358425935
0.0, 98.21578444711817
0.0, 98.21578444711817
241.3907487347216, 531.4819715549901
0.0, 241.3907487347216
0.0, 241.3907487347216
1250.3107702882228, 1290.2746177681813
0.0, 1250.3107702882228
754.7842468143825, 495.52652347384026
238.95735859792492, 515.8268882164576
0.0, 238.95735859792492
129.71710007162224, 109.24025852630268
0.0, 129.71710007162224
0.0, 129.71710007162224
250.872206508511, 503.9120403058715
0.0, 250.872206508511
246.90909872794958, 3.9631077805614154
165.69786518344026, 81.21123354450933
106.24351203891698, 59.45435314452328
0.0, 106.24351203891698
0.0, 106.24351203891698
109.19465315523779, 56.50321202820247
0.0, 109.19465315523779
0.0, 109.19465315523779
219.33174923087108, 27.5773494970785
0.0, 219.33174923087108
204.10976532746412, 15.221983903406965
0.0, 204.10976532746412
0.0, 204.10976532746412
11709.69722860658, 3565.349968520375
165.93948748494034, 11543.757741121639
0.0, 165.93948748494034
0.0, 165.93948748494034
4202.1565939882075, 7507.540634618372
2575.6168681088334, 1626.5397258793741
2013.37211040208, 562.2447577067535
0.0, 2013.37211040208
105.44450999392392, 1907.927600408156
0.0, 105.44450999392392
0.0, 105.44450999392392
2514.7553090239117, 60.86155908492174
216.79890295253682, 2297.9564060713747
0.0, 216.79890295253682
0.0, 216.79890295253682
1056.7243848725839, 1458.0309241513278
223.3757184341923, 833.3486664383915
190.13248060619142, 33.24323782800087
128.2101355932814, 61.92234501291003
0.0, 128.2101355932814
0.0, 128.2101355932814
165.37691102199986, 24.755569584191562
0.0, 165.37691102199986
0.0, 165.37691102199986
210.30775624947057, 13.067962184721722
0.0, 210.30775624947057
143.26538872283004, 67.04236752664053
0.0, 143.26538872283004
0.0, 143.26538872283004
237.44405918261842, 819.2803256899655
170.0393551233428, 67.40470405927562
0.0, 170.0393551233428
105.91674935373395, 64.12260576960885
0.0, 105.91674935373395
0.0, 105.91674935373395
190.31912589326006, 47.12493328935835
0.0, 190.31912589326006
0.0, 190.31912589326006
3678.552104019846, 523.6044899683616
0.0, 3678.552104019846
0.0, 3678.552104019846
