node_generations, branch_length
10734.541759672902, 2963.303756514444
198.30280626595862, 10536.238953406944
0.0, 198.30280626595862
105.42487495695738, 92.87793130900124
0.0, 105.42487495695738
100.95811304560085, 4.466761911356528
0.0, 100.95811304560085
100.54782654044037, 0.41028650516048515
0.0, 100.54782654044037
0.0, 100.54782654044037
268.1320873237773, 10466.409672349126
0.0, 268.1320873237773
106.85795736662116, 161.2741299571561
0.0, 106.85795736662116
0.0, 106.85795736662116
10925.920132960253, 2771.9253832270933
4879.065323771201, 6046.854809189052
108.07843280112216, 4770.986890970079
0.0, 108.07843280112216
0.0, 108.07843280112216
1566.57422071837, 3312.491103052831
0.0, 1566.57422071837
161.52028792800698, 1405.053932790363
115.33896374173851, 46.18132418626847
0.0, 115.33896374173851
102.52087734698353, 12.818086394754985
0.0, 102.52087734698353
0.0, 102.52087734698353
135.33265488677262, 26.187633041234363
0.0, 135.33265488677262
0.0, 135.33265488677262
9161.35260118777, 1764.5675317724836
2092.6764977088264, 7068.676103478943
183.9577639177398, 1908.7187337910866
158.6240736768377, 25.333690240902115
0.0, 158.6240736768377
123.62303972447872, 35.00103395235898
0.0, 123.62303972447872
0.0, 123.62303972447872
171.72109500823555, 12.23666890950426
0.0, 171.72109500823555
0.0, 171.72109500823555
260.1014883185447, 1832.5750093902818
252.81606865019796, 7.285419668346719
0.0, 252.81606865019796
103.28225214623312, 149.53381650396483
0.0, 103.28225214623312
0.0, 103.28225214623312
253.91728851254183, 6.184199806002852
0.0, 253.91728851254183
113.01515769597756, 140.90213081656427
0.0, 113.01515769597756
0.0, 113.01515769597756
3496.900998370232, 5664.451602817537
146.9439415442733, 3349.9570568259587
0.0, 146.9439415442733
0.0, 146.9439415442733
636.8694330311893, 2860.031565339043
142.38302641495278, 494.4864066162365
0.0, 142.38302641495278
0.0, 142.38302641495278
262.9365772959324, 373.93285573525685
166.6596953124716, 96.27688198346081
0.0, 166.6596953124716
121.53809922753373, 45.12159608493786
0.0, 121.53809922753373
0.0, 121.53809922753373
225.8027837251471, 37.133793570785315
106.9964069654843, 118.8063767596628
0.0, 106.9964069654843
105.60980528201385, 1.3866016834704453
0.0, 105.60980528201385
73.6773187704554, 31.93248651155845
0.0, 73.6773187704554
0.0, 73.6773187704554
225.6011006116358, 0.20168311351130797
0.0, 225.6011006116358
0.0, 225.6011006116358
