Node, generations
Node 2113, 60373.769028426344
Node 291, 1050.2850263074733
Node 1137, 14336.807756703112
Node 381, 1130.235158550751
Node 1085, 12880.14579351447
Node 575, 1885.7444607194598
Node 447, 1234.8177814850842
Node 27, 263.48967777198294
Node 471, 1304.2169087007967
Node 32, 380.07976159082637
Node 200, 1014.9176742675957
Node 875, 8348.79141430205
Node 461, 1265.9846096747813
Node 311, 1067.56661958706
Node 370, 1114.8362767698914
Node 554, 1671.8042929437988
Node 449, 1242.2807843230892
Node 340, 1090.1209558675414
Node 474, 1310.675546827301
