Node, generations
Node 686, 5611.37427808442
Node 532, 1658.8559751810963
Node 531, 1655.5989558685994
Node 626, 2627.350673934885
Node 595, 2307.9133651534785
Node 365, 1137.0917924847809
Node 556, 1770.5917033144594
Node 485, 1446.5419175210525
Node 417, 1224.3299752880343
Node 52, 617.4611188093016
Node 411, 1215.3715233482214
Node 141, 1004.5439062072329
Node 477, 1420.8437115796485
Node 466, 1378.0684160046146
Node 364, 1136.2536817454643
Node 226, 1026.7086677427628
Node 78, 783.4328667988972
Node 545, 1725.6225340364654
Node 114, 1000.7594226659772
