Node, generations
Node 2608, 51006.23502254711
Node 779, 5411.325049618516
Node 613, 4194.981884222185
Node 245, 1484.2036692583242
Node 77, 189.04967889133465
Node 103, 229.5117260841998
Node 405, 2742.430384647577
Node 1395, 12510.55356070072
Node 149, 546.8546543313306
Node 108, 236.2307631155616
Node 53, 155.1952894280752
Node 96, 216.78244290262677
Node 133, 312.22532627687565
Node 712, 4857.279111799255
Node 132, 309.92566798423593
Node 115, 261.25345641498745
Node 42, 136.9954084306656
Node 20, 100.06234518472957
Node 84, 198.65203844194613
