Node, generations
Node 784, 9719.250426408249
Node 452, 812.4996604319036
Node 175, 236.3817965640283
Node 159, 227.41470251051868
Node 111, 213.14183326211122
Node 481, 1052.5638007656894
Node 219, 257.9385173689911
Node 152, 225.47077705491617
Node 478, 1034.8904150016451
Node 40, 1.569152395764064
Node 457, 850.8087217385096
Node 437, 732.6580894899037
Node 265, 300.26205853677374
Node 220, 259.1611672114879
Node 358, 468.45774413749956
Node 228, 266.032508305369
Node 171, 233.8637258442831
Node 451, 804.0127628223318
Node 367, 499.3004938199606
Node 225, 262.5090878028408
Node 197, 247.6997112425162
Node 419, 662.6351457372986
Node 309, 346.8010723238757
Node 297, 330.60183771191765
Node 148, 223.53666016821742
Node 292, 326.8096920613378
Node 383, 537.1521540286282
Node 343, 426.10299763362457
Node 312, 353.138199220856
Node 206, 252.95763623835782
Node 187, 240.87114815792927
Node 42, 31.552876478875138
Node 290, 324.8131027985847
Node 270, 307.207603860816
Node 371, 510.0252773985486
Node 224, 262.38720894972903
Node 302, 336.2269368225707
Node 158, 227.17500623335795
Node 59, 202.4109987693397
