Node, generations
Node 580, 10457.89772487021
Node 133, 350.2258077870202
Node 108, 296.4142796181409
Node 99, 285.0637781976464
Node 129, 339.54883477855327
Node 317, 1783.6163107440168
Node 309, 1398.970207679864
Node 162, 405.5896263437177
Node 37, 209.76127654170108
Node 315, 1733.2235237283237
Node 249, 808.3514099425356
Node 244, 795.8454832354224
Node 93, 278.38330692930117
Node 85, 266.309166677159
Node 241, 782.5753390509078
Node 81, 262.6975779389425
Node 294, 1212.419484446892
Node 49, 218.37289225237063
Node 31, 202.7444385712634
