Node, generations
Node 1852, 9328.509115072833
Node 1389, 5212.444787802051
Node 594, 961.829505520375
Node 164, 60.62807273159178
Node 526, 687.5391455544521
Node 423, 201.2970092556261
Node 280, 94.58035677114364
Node 122, 53.81201067190212
Node 406, 186.17050053097978
Node 185, 65.56144183396745
Node 434, 212.67574549581516
Node 148, 58.272269091214596
Node 308, 108.63805282629417
Node 273, 90.15223688045208
Node 112, 52.30562530942077
Node 302, 105.120099806191
Node 278, 93.47593753055635
Node 263, 87.0145602629391
Node 171, 61.43673479093071
Node 963, 2676.6819376841604
Node 217, 71.79544476268846
Node 187, 65.61883547590173
Node 753, 1649.0461953893196
Node 385, 165.01681668850898
Node 268, 88.8018006363732
Node 328, 123.6652564848071
Node 290, 99.39863062965885
Node 93, 50.83832324649071
Node 82, 27.22123847522486
Node 158, 59.41959094653221
Node 491, 482.5808901810675
Node 121, 53.72320152919405
Node 457, 239.95749772137242
Node 431, 209.84222601287007
Node 104, 51.57122139475928
Node 1778, 8483.781383951138
Node 784, 1765.3364471880584
Node 115, 52.92356782346714
Node 669, 1317.801723185727
Node 433, 212.18595775463575
Node 536, 732.5816887909393
Node 284, 95.73097929211528
Node 162, 60.30044785341088
Node 144, 57.583448126010346
Node 321, 118.3291063612249
Node 1168, 3812.7924032750725
Node 442, 220.44681299811324
Node 315, 115.90640175639567
Node 230, 74.87055775002155
Node 223, 73.05177933436214
Node 210, 69.92540134331284
Node 149, 58.637934661828204
Node 236, 76.24227037559542
Node 132, 55.2145054075144
Node 343, 136.6725139267298
Node 277, 92.9808618740439
Node 199, 67.7777785694458
Node 209, 69.73441721417005
Node 205, 68.94711087676505
Node 137, 56.35563771424194
Node 298, 103.84972694565614
Node 248, 81.57497238547118
Node 288, 97.63546234858148
Node 250, 81.74760964800154
Node 672, 1342.9507316550953
Node 521, 678.8906505982319
Node 437, 214.4009202667026
Node 259, 86.58785438062914
Node 198, 67.73690038703579
Node 192, 66.4943780051917
Node 117, 53.23640912496857
Node 80, 16.98901329515165
Node 436, 213.98135677181125
Node 212, 70.58145410720228
Node 439, 218.85004295610767
Node 358, 148.9414939435712
Node 173, 62.105843502048
Node 234, 75.78875106096275
Node 167, 60.75400256239255
