Node, generations
Node 2698, 31259.463966692834
Node 531, 1644.7757396732375
Node 258, 285.8169865599344
Node 205, 243.985654272596
Node 175, 227.04330692562462
Node 210, 246.95565252992606
Node 174, 225.2238655377673
Node 172, 224.50226415916518
Node 197, 238.61477079695
Node 522, 1602.81084200125
Node 300, 335.376888464873
Node 238, 264.4467661287559
Node 132, 213.73856953521258
Node 1827, 12476.16330758682
Node 1070, 4942.082696223722
Node 841, 3449.9975263777123
Node 186, 233.49477836787003
Node 153, 218.38405339119421
Node 161, 221.34506080915722
Node 50, 169.25995482394873
Node 239, 264.5596855056821
Node 906, 3902.414980706606
Node 340, 424.96927405382775
Node 214, 248.8609806775638
Node 1635, 9983.607848034198
Node 574, 1824.1555076504283
Node 312, 344.57996151817036
Node 305, 338.8912024776265
Node 1181, 5735.677164854697
Node 324, 372.61853626793686
Node 191, 236.088341214543
Node 553, 1715.9338753610443
Node 308, 343.05908560195746
Node 220, 252.49138967685377
Node 122, 210.4483272560789
Node 114, 208.94679731624763
Node 183, 232.23695023856845
Node 160, 221.18461584605123
Node 78, 203.02158967859816
