Node, generations
Node 1938, 70266.14303815766
Node 479, 730.3301100210782
Node 389, 440.86013336081976
Node 110, 208.44166472474657
Node 478, 729.3991408776699
Node 453, 621.4769096179199
Node 294, 302.30402880586115
Node 267, 275.4496189033059
Node 216, 248.00329931978612
Node 128, 211.10921619684353
Node 242, 262.1293206835521
Node 224, 252.56363441644254
Node 477, 717.8950905932561
Node 250, 268.80054802766585
Node 452, 621.4701131355797
Node 372, 416.9697497102693
Node 343, 363.89660519934404
Node 808, 9110.147848816987
Node 252, 269.42398792808416
Node 41, 50.39607847205996
Node 530, 997.54284313127
Node 481, 739.9176908304946
Node 344, 364.39021042386867
Node 164, 220.68792538208646
Node 253, 269.75096944517816
Node 237, 259.25287246718455
Node 54, 200.61373574243495
Node 457, 636.062465555188
Node 333, 344.33429257371955
Node 296, 303.38350712272944
Node 241, 261.5970752273658
Node 83, 204.82212466037882
Node 116, 209.00952976595872
Node 351, 376.65394938355513
Node 235, 258.2702454189423
Node 186, 230.88946078440526
Node 298, 306.3114155346388
Node 254, 269.9229612826493
Node 182, 227.96377497196306
