Node, generations
Node 1485, 46815.65500800268
Node 757, 2814.716778851186
Node 696, 2495.9359467144377
Node 511, 2069.0472139157937
Node 20, 22.84005700152264
Node 282, 2003.6883749604376
Node 60, 696.7348766251288
Node 557, 2109.9747525018424
Node 514, 2071.5068676352917
Node 290, 2004.4041061032835
Node 175, 1581.9369768522313
Node 104, 1044.7618109315827
Node 343, 2011.4845207805342
Node 213, 1786.827345470778
Node 120, 1123.227059399641
Node 726, 2621.6367379175877
Node 582, 2136.423287322419
Node 821, 3500.8875426242575
Node 30, 284.1702475799978
