Node, generations
Node 3405, 20182.463564112008
Node 498, 605.1535868082533
Node 2972, 3276.3202629121774
Node 2634, 2087.14289090347
Node 1242, 1337.9274566391753
Node 604, 715.9040766290002
Node 2617, 2078.449758986135
Node 269, 376.69554649945627
Node 88, 48.91614029764028
Node 497, 605.0500051469286
Node 2910, 2775.8979811262343
Node 2854, 2489.943570082508
Node 2522, 2038.5065495310587
Node 328, 437.3795080845358
Node 112, 133.12089856305144
Node 2746, 2207.042866238154
Node 2666, 2106.766880775756
Node 2524, 2038.6156062439557
Node 2633, 2087.014739750785
Node 463, 570.2349979043332
Node 80, 3.6799015777073043
Node 2330, 2012.7894016960295
Node 279, 385.6690545728334
Node 489, 599.0435578179739
Node 2727, 2174.9835676060147
Node 2701, 2134.315020204196
Node 2368, 2016.4132967801143
Node 2873, 2586.3561674846255
Node 2741, 2195.543483674092
Node 235, 325.26347406823874
Node 2672, 2111.477345331727
Node 2630, 2085.2844115773023
Node 2266, 2009.1652329301137
Node 436, 545.108022874628
Node 2871, 2572.425056844254
Node 2751, 2220.994897806285
Node 2584, 2061.674364199437
Node 627, 743.912801817917
Node 89, 51.50740430522464
Node 2526, 2038.889752233507
Node 218, 313.55987173335393
Node 2213, 2006.5735620730918
Node 2855, 2491.099741656929
Node 2738, 2189.9059995368198
Node 2496, 2032.7640233552875
Node 1693, 1724.6798876908388
Node 203, 285.6345063852012
Node 427, 537.3545509518272
Node 245, 339.22664678170025
Node 2675, 2112.1302762626306
Node 2638, 2088.0489570659106
Node 2583, 2061.219620066604
Node 2299, 2011.381457890489
Node 378, 491.6354459128185
Node 2215, 2006.677353859417
Node 285, 389.071398929497
Node 92, 73.00070801647819
Node 391, 504.0617123680897
Node 143, 194.7757252020791
Node 215, 310.5978578871337
Node 2465, 2027.911741634713
Node 234, 324.7555916866901
Node 2294, 2011.0088282057113
Node 1929, 1962.3312710228784
Node 1028, 1133.5839409767038
Node 1279, 1371.0344602878904
Node 320, 423.3512225978469
Node 2819, 2373.5535185237445
Node 934, 1044.8973778790535
Node 389, 503.27578054385435
Node 2797, 2301.4181411199143
Node 2599, 2070.2539605835314
Node 2426, 2023.583776311778
Node 108, 121.78913254655879
Node 105, 113.32665212720325
Node 2678, 2113.885858626072
Node 1649, 1689.5042029793353
Node 2649, 2094.478706032375
Node 1819, 1838.6276306549935
