Node, generations
Node 2013, 18598.110145203937
Node 1537, 4086.525640568673
Node 1338, 1351.9438012293986
Node 1065, 1042.808881319597
Node 1229, 1172.2940211837824
Node 1007, 1028.2513479172628
Node 927, 1015.1844174303197
Node 508, 876.7657792405437
Node 60, 10.14262426200542
Node 1227, 1168.9052968056837
Node 1180, 1108.8078553232765
Node 754, 1005.1001768361514
Node 66, 61.01872838810627
Node 1077, 1048.3547288811428
Node 1205, 1132.736075647889
Node 1100, 1059.1980214605605
Node 942, 1016.2758374877095
Node 1097, 1057.8812063266987
Node 400, 733.234327726372
Node 124, 266.8325253627879
Node 62, 36.82379672437688
Node 1024, 1032.639801123828
Node 1158, 1094.9176634732678
Node 829, 1008.010677415417
Node 971, 1020.9339431809873
Node 1438, 1861.265190550606
Node 1256, 1206.5492583106309
Node 953, 1018.1194364329581
Node 1162, 1098.7193646162063
Node 883, 1011.4632012718806
Node 1277, 1238.1140814768848
Node 853, 1009.507818180674
Node 770, 1005.5860103472546
Node 1934, 15787.50889136095
Node 1304, 1263.533964656928
Node 1014, 1031.1063650564338
Node 998, 1026.8702166082978
Node 936, 1015.8528262331614
Node 134, 285.73455147956105
Node 523, 893.8297584152765
Node 1210, 1136.2384377158703
Node 1131, 1075.7918962816768
Node 507, 876.566213271493
Node 1533, 3831.1730369862767
Node 1220, 1154.1196457438125
Node 380, 706.0668068308898
Node 1289, 1249.5079948890716
Node 1121, 1067.9758130218595
Node 882, 1011.2516818426798
Node 1047, 1038.155157398725
Node 620, 1000.28075941398
Node 63, 40.08899598072406
Node 1224, 1163.4712370836135
Node 1183, 1112.3444852663004
Node 1142, 1083.4867111402316
Node 428, 772.5029127523352
Node 196, 411.33224963858794
Node 841, 1008.5807120485937
Node 772, 1005.6493315710454
