Node, generations
Node 2861, 41759.69906207134
Node 1282, 7624.532033725161
Node 387, 1886.244191241673
Node 130, 585.2252481922947
Node 490, 2341.853032743898
Node 39, 125.02810098854702
Node 35, 119.01173145864936
Node 1345, 8262.99162688878
Node 1026, 5569.205175998672
Node 277, 1396.3661319692926
Node 54, 142.5088795784765
Node 350, 1705.59018850567
Node 290, 1467.9233018508432
Node 104, 446.9021739995606
Node 30, 113.059185969104
Node 93, 378.39668415969885
Node 64, 150.07923923485885
Node 48, 133.11342341981654
Node 28, 111.64679251250489
