Node, generations
Node 2420, 23320.53487765211
Node 1521, 1047.5871149144841
Node 1499, 1041.3715111249105
Node 1914, 2098.1589802510266
Node 1877, 1839.429418623115
Node 1747, 1244.1511865173215
Node 1702, 1174.76892953637
Node 1809, 1412.6811109549765
Node 1651, 1123.2364886420241
Node 719, 856.4328501783201
Node 1541, 1054.180487749401
Node 1303, 1013.2943180102378
Node 1094, 1003.9900580718604
Node 810, 929.5814944590853
Node 1808, 1409.1600274249806
Node 1703, 1175.9594861007897
Node 1563, 1061.218176174998
Node 1544, 1055.4815289700068
Node 1106, 1004.3927484156686
Node 347, 504.4734779237082
Node 194, 298.65765699432967
Node 1377, 1021.0789482119186
Node 1613, 1089.9908768694415
Node 99, 94.35360625443126
Node 147, 218.78263608487953
Node 1888, 1917.9443549060693
Node 1709, 1179.4308952470208
Node 1580, 1074.5759410342616
Node 1375, 1020.9478511016275
Node 1881, 1864.0919951039655
Node 1825, 1491.7583694415052
Node 1697, 1167.5848639574829
Node 1624, 1101.615006320144
Node 219, 335.38820259200304
Node 1696, 1166.8166215840733
Node 611, 755.4975681668496
Node 83, 44.55555874253585
Node 1611, 1089.281635935002
Node 571, 710.6352784092875
Node 377, 523.2725061976691
Node 144, 214.67679014421918
Node 1865, 1751.7343866326094
Node 1270, 1010.6913399537582
Node 1842, 1598.3191476298068
Node 1605, 1087.2140463476453
Node 1467, 1035.3980168488279
Node 1530, 1050.714726386294
Node 1434, 1029.333435278325
Node 1333, 1015.727231811485
Node 428, 576.3924589656255
Node 1259, 1010.0382755846723
Node 471, 607.6875628431392
Node 89, 72.42077057942379
Node 1491, 1040.1780665653407
Node 1281, 1011.4433401897577
Node 1357, 1018.1401989947602
Node 422, 565.1409326039831
Node 275, 421.4801678106493
Node 82, 34.200036289843084
Node 1800, 1387.6940838941352
Node 1671, 1138.6945310116546
Node 131, 195.14902419568654
Node 1610, 1089.1764014142254
Node 1260, 1010.0495636897169
Node 276, 421.6349628206683
Node 1431, 1029.0355957991087
Node 1680, 1145.7594486598493
Node 1634, 1107.225417178347
Node 1599, 1084.514992013174
Node 1075, 1003.1898238818957
Node 171, 256.00972540717066
Node 539, 675.1057013629452
Node 1583, 1075.893655191401
Node 1578, 1073.6154088922988
Node 1665, 1132.772166696381
Node 87, 65.28073874574181
Node 1496, 1040.6079896886408
Node 1093, 1003.9564784698892
Node 165, 252.19681942160656
