Node, generations
Node 2514, 3665.7302524991555
Node 2438, 2919.0217342947503
Node 1753, 2008.1076084588485
Node 1415, 1875.2209254342877
Node 60, 13.567687699291492
Node 887, 1280.67161194212
Node 764, 1137.1586352088839
Node 2234, 2205.801902160477
Node 2142, 2091.7873342377634
Node 301, 587.0326302232174
Node 72, 103.73007379274048
Node 2064, 2055.8266581972666
Node 2024, 2040.9177010412102
Node 1317, 1751.8788313674415
Node 2162, 2106.3254651896973
Node 2097, 2066.591105600873
Node 1693, 2004.7214468824216
Node 2161, 2100.4443221156307
Node 2131, 2086.5496694682756
Node 2448, 2995.124470837374
Node 2362, 2551.9060624444974
Node 2224, 2184.585655280729
Node 1005, 1407.6605007073194
Node 738, 1091.9360462928378
Node 1940, 2025.6138370930205
Node 1851, 2014.124232790684
Node 730, 1080.479744503283
Node 625, 967.934456213684
Node 2265, 2264.832485283579
Node 2133, 2087.0394833597334
Node 2078, 2060.5778414590677
Node 372, 680.6238892619517
Node 192, 380.2738889946177
Node 937, 1328.9168009320365
Node 2254, 2246.6248261322744
Node 2180, 2121.1161467599395
Node 1670, 2003.6697983519045
Node 2166, 2107.6255375964956
Node 1881, 2016.9650188593992
Node 588, 927.9672486382101
Node 307, 598.8942824495778
Node 2194, 2135.798871789674
Node 2084, 2061.520332575718
Node 132, 278.1632329664491
Node 99, 220.72796627495245
Node 2385, 2670.572532094277
Node 2319, 2410.775163174581
Node 1213, 1638.565549659337
Node 754, 1125.6183229339742
Node 2376, 2620.7206373967842
Node 2117, 2075.1445995190807
Node 718, 1075.3665745344983
Node 138, 285.1214072010374
Node 643, 988.3051155801759
Node 2351, 2510.3200145576216
Node 1936, 2024.7705603987827
Node 668, 1011.402526687358
Node 1255, 1688.5643054765173
Node 658, 1005.3673773454191
