node_generations, branch_length
7990.07628617423, 20122.655636251904
0.0, 7990.07628617423
466.95925612226057, 7523.117030051969
0.0, 466.95925612226057
0.0, 466.95925612226057
9552.114148816556, 18560.617773609578
5696.094223036902, 3856.019925779654
168.75226350233135, 5527.34195953457
0.0, 168.75226350233135
164.90356863663663, 3.8486948656947106
0.0, 164.90356863663663
153.45789243817816, 11.445676198458472
0.0, 153.45789243817816
104.31280278399353, 49.14508965418463
0.0, 104.31280278399353
103.74855883636201, 0.5642439476315246
0.0, 103.74855883636201
0.0, 103.74855883636201
4254.692403321768, 1441.4018197151336
0.0, 4254.692403321768
2111.0624266791388, 2143.6299766426296
168.2968874934931, 1942.7655391856456
0.0, 168.2968874934931
141.5167890648534, 26.78009842863969
117.87975724372595, 23.637031821127465
0.0, 117.87975724372595
0.0, 117.87975724372595
140.66122053443996, 0.8555685304134499
0.0, 140.66122053443996
0.0, 140.66122053443996
1779.040759497375, 332.02166718176386
110.29633031386965, 1668.7444291835052
0.0, 110.29633031386965
0.0, 110.29633031386965
369.96348707064226, 1409.0772724267326
109.64725934148358, 260.3162277291587
0.0, 109.64725934148358
5.029483155960601, 104.61777618552297
0.0, 5.029483155960601
0.0, 5.029483155960601
181.28315667985405, 188.6803303907882
0.0, 181.28315667985405
135.29053770749653, 45.99261897235752
0.0, 135.29053770749653
110.54302382234776, 24.747513885148763
0.0, 110.54302382234776
0.0, 110.54302382234776
7056.637131094978, 2495.477017721578
2605.675671591138, 4450.96145950384
262.2879934216412, 2343.3876781694967
0.0, 262.2879934216412
237.39145103924025, 24.896542382400952
0.0, 237.39145103924025
144.1379480003928, 93.25350303884744
107.00483319542863, 37.13311480496418
0.0, 107.00483319542863
0.0, 107.00483319542863
112.71775015962976, 31.420197840763052
0.0, 112.71775015962976
0.0, 112.71775015962976
1354.792476456356, 1250.8831951347818
148.09686247972405, 1206.695613976632
0.0, 148.09686247972405
0.0, 148.09686247972405
185.23585977840926, 1169.5566166779467
0.0, 185.23585977840926
136.0968610824689, 49.13899869594036
0.0, 136.0968610824689
0.0, 136.0968610824689
6847.887275457851, 208.74985563712744
518.6294305101595, 6329.257844947691
0.0, 518.6294305101595
110.70329150727397, 407.9261390028855
0.0, 110.70329150727397
0.0, 110.70329150727397
5496.807300306236, 1351.0799751516142
0.0, 5496.807300306236
0.0, 5496.807300306236
