Node, generations
Node 1698, 12630.44798881879
Node 783, 4030.1779060294693
Node 320, 1639.0383805997596
Node 145, 757.0451352100425
Node 51, 125.16129432570615
Node 85, 306.62534413064907
Node 43, 116.88301851110964
Node 75, 206.20397015986273
Node 60, 132.63189487706651
Node 35, 114.950196548315
Node 155, 821.9846308958788
Node 46, 123.4424708757651
Node 37, 115.3998021861866
Node 999, 5328.200038572134
Node 331, 1681.201099777182
Node 307, 1589.5678632745419
Node 53, 125.52970445360593
Node 969, 5117.038729750996
Node 527, 2609.2872837416294
