node_generations, branch_length
1088.1207084806554, 16835.293198172236
0.0, 1088.1207084806554
725.7296113799867, 362.3910971006686
244.8038921665371, 480.9257192134496
0.0, 244.8038921665371
0.0, 244.8038921665371
592.4196101066559, 133.31000127333084
398.5729466184573, 193.8466634881986
0.0, 398.5729466184573
0.0, 398.5729466184573
586.0472725324698, 6.372337574186076
502.6322176273996, 83.41505490507024
0.0, 502.6322176273996
200.6403001210053, 301.9919175063943
0.0, 200.6403001210053
0.0, 200.6403001210053
565.0484965949365, 20.99877593753331
0.0, 565.0484965949365
302.7454667840285, 262.303029810908
213.47950039149788, 89.26596639253063
0.0, 213.47950039149788
0.0, 213.47950039149788
244.70045340985814, 58.04501337417037
0.0, 244.70045340985814
209.04587564393054, 35.6545777659276
0.0, 209.04587564393054
203.86013844994008, 5.185737193990462
0.0, 203.86013844994008
0.0, 203.86013844994008
1278.5701304778233, 16644.84377617507
423.35285759733665, 855.2172728804867
0.0, 423.35285759733665
264.7869727743951, 158.56588482294154
242.73265370984598, 22.054319064549134
0.0, 242.73265370984598
218.32185470750207, 24.410799002343907
0.0, 218.32185470750207
0.0, 218.32185470750207
244.55330645246224, 20.233666321932873
0.0, 244.55330645246224
0.0, 244.55330645246224
976.7001281865379, 301.87000229128546
0.0, 976.7001281865379
905.7114016696588, 70.98872651687907
297.819552071896, 607.8918495977628
0.0, 297.819552071896
269.109167740906, 28.710384330989996
0.0, 269.109167740906
0.0, 269.109167740906
795.3849521406767, 110.32644952898215
395.5858925206995, 399.7990596199772
0.0, 395.5858925206995
303.59654947912315, 91.98934304157632
215.59451852016488, 88.00203095895827
0.0, 215.59451852016488
0.0, 215.59451852016488
268.46923422263296, 35.12731525649019
0.0, 268.46923422263296
0.0, 268.46923422263296
682.7713910270045, 112.61356111367218
0.0, 682.7713910270045
544.6619756957999, 138.10941533120456
292.51161682950476, 252.15035886629516
0.0, 292.51161682950476
261.5979258369002, 30.913690992604586
0.0, 261.5979258369002
236.88477591310266, 24.713149923797516
0.0, 236.88477591310266
224.26966528082278, 12.61511063227988
0.0, 224.26966528082278
0.0, 224.26966528082278
475.2637184518016, 69.39825724399833
248.0160032897192, 227.2477151620824
0.0, 248.0160032897192
0.0, 248.0160032897192
353.5458675985925, 121.71785085320909
0.0, 353.5458675985925
0.0, 353.5458675985925
