Node, generations
Node 3165, 65846.60102484154
Node 1723, 11273.605035208591
Node 992, 2380.3574650277515
Node 763, 442.86837382758887
Node 584, 259.4120768353942
Node 410, 218.0787690020112
Node 773, 483.6411102354663
Node 675, 324.641219391154
Node 593, 264.8148659382031
Node 405, 217.12399664001373
Node 167, 201.49649971068652
Node 185, 202.20576761200138
Node 997, 2502.8422779685466
Node 932, 1775.2370924462004
Node 732, 394.5001279750512
Node 484, 229.50998736700308
Node 694, 343.806946225748
Node 596, 266.0209880647845
Node 424, 220.55949396254786
Node 274, 206.71237807545725
Node 570, 255.24031146514108
Node 82, 28.410445980956602
Node 454, 224.77344490090508
Node 319, 209.70826831448423
Node 436, 222.66626409326267
Node 247, 205.40293898029472
Node 755, 428.9365311301594
Node 700, 350.18426225755707
Node 659, 309.92435239945064
Node 419, 219.3305521542004
Node 586, 260.0795409595282
Node 223, 204.00067480270513
Node 538, 243.80172018575672
Node 404, 216.65623157107345
Node 83, 48.15982293575925
Node 681, 329.1071295613565
Node 457, 224.9367652142803
Node 393, 215.81169214480792
Node 429, 221.30959076214748
Node 711, 369.8566267674458
Node 514, 236.97240843233243
Node 279, 206.89886522313134
Node 2037, 16740.064280146442
Node 863, 757.698405818207
Node 802, 554.9176356692806
Node 653, 304.677428025753
Node 646, 301.90511195758336
Node 122, 172.97969629495554
Node 547, 248.55303180793558
Node 367, 213.39768072326115
Node 248, 205.4358727785946
Node 196, 202.62477987103352
Node 482, 228.98687863543626
Node 158, 201.20402095569435
Node 677, 327.40501955230707
Node 540, 244.92794977652485
Node 113, 147.22801737421085
Node 126, 184.06071187495442
Node 805, 564.9825811118207
Node 615, 276.4915395277981
Node 249, 205.46273432428555
Node 1286, 5556.378890043468
Node 948, 1956.258965030805
Node 771, 477.2588997518143
Node 837, 668.2896826986749
Node 683, 331.13128811109516
Node 537, 243.55736642112396
Node 187, 202.24336529319984
Node 120, 164.98966466681208
Node 80, 2.694184020222487
Node 205, 203.08663003911434
Node 572, 255.4518985896707
Node 81, 25.598562437016884
Node 315, 209.57081478548974
Node 1142, 4084.241069914714
Node 575, 256.1286254202848
Node 372, 213.7836627454273
Node 349, 211.93314407551114
Node 692, 342.2479519158648
