Node, generations
Node 2266, 21303.24719456086
Node 1319, 7279.033095327955
Node 219, 391.4225073830057
Node 94, 80.23118428625936
Node 785, 3502.4156439303015
Node 209, 293.2063462438832
Node 95, 81.01627969153324
Node 169, 172.00526307039098
Node 132, 122.9096249188555
Node 160, 155.1942312716567
Node 46, 55.070013367915664
Node 1558, 9986.781133055994
Node 850, 3938.3570705969914
Node 667, 2763.648968007447
Node 374, 1240.1136881022337
Node 275, 788.9349998914001
Node 180, 191.10604323323267
Node 166, 164.27758293613556
Node 79, 71.42313321922178
Node 42, 51.99070955903843
Node 106, 92.8763091190979
Node 495, 1854.8201476795255
Node 115, 104.21015533557703
Node 199, 224.1971777434842
Node 1287, 7035.6104352404645
Node 768, 3396.8778107151065
Node 366, 1217.5799415405913
Node 143, 136.00881711166605
Node 92, 79.54763982729888
Node 111, 98.28509774161462
Node 73, 69.75893903408026
Node 900, 4272.250271647765
Node 390, 1313.4234839906378
Node 171, 176.53966176143038
Node 128, 117.79742884221304
Node 105, 92.46233640125668
Node 210, 295.23338299741596
Node 119, 106.9726140069324
Node 71, 67.49592693303488
