Node, generations
Node 2559, 40918.04395074108
Node 146, 530.4711012913011
Node 74, 155.25101037790057
Node 75, 156.85266395086398
Node 37, 114.53995166287314
Node 1089, 8269.487570621024
Node 624, 3997.672829342286
Node 150, 576.004960242846
Node 21, 94.22840612658715
Node 97, 190.60770022386018
Node 52, 133.49808990004829
Node 344, 2098.849596778336
Node 163, 758.841910952933
Node 72, 152.7987682660808
Node 168, 790.2446846325008
Node 107, 205.58244823381355
Node 133, 305.2369115453959
Node 905, 6348.232402195841
Node 468, 3095.051625826364
