Node, generations
Node 2386, 12211.47132232826
Node 1983, 3198.45119201653
Node 1664, 1130.1265295589992
Node 1353, 1019.7756321999866
Node 916, 1000.1639545688313
Node 588, 698.9483242164079
Node 1954, 2283.669531084624
Node 1858, 1607.9000525099077
Node 1559, 1064.583954702674
Node 161, 233.38311477610486
Node 1290, 1013.0159185857921
Node 2131, 6850.93440408822
Node 1843, 1554.7396846463866
Node 1791, 1347.8767099887086
Node 1565, 1067.578802990364
Node 1620, 1102.2907008812276
Node 783, 886.8897033291668
Node 2032, 4640.6053371177995
Node 1839, 1524.4080032941129
Node 211, 313.0309297062631
Node 1830, 1488.2298710761181
Node 1658, 1125.8631399289015
Node 1123, 1005.3171793788498
Node 88, 71.27839197708606
Node 1363, 1020.6767313371473
Node 286, 399.53273955073956
Node 578, 692.5695579846155
Node 80, 3.6140685595333433
Node 1867, 1634.0491229600482
Node 1842, 1541.185037941848
Node 1528, 1052.3838238129272
Node 1066, 1003.6055479138325
Node 1481, 1041.8530139950306
Node 465, 591.5063943758768
Node 126, 173.50112141553547
Node 303, 416.8842368206174
Node 1744, 1237.4914841961704
Node 1385, 1023.6229776436228
Node 1512, 1048.317432222359
Node 1184, 1007.5685222377939
Node 704, 811.8243904079112
Node 394, 514.3850788514598
Node 1863, 1622.861191808917
Node 1625, 1104.0128601982333
Node 541, 660.7042335378392
Node 1423, 1029.9577934168706
Node 859, 963.23457961229
Node 1737, 1223.718638503899
Node 1583, 1075.7073503622628
Node 440, 560.7595778765084
Node 127, 174.4241966506278
Node 1396, 1024.6856904529714
Node 158, 230.2050394673043
Node 756, 861.373934903011
Node 1729, 1211.0261818807776
Node 1623, 1103.0088131003092
Node 1367, 1021.6419794071919
Node 108, 125.35460296214643
Node 285, 396.26029417883694
Node 1454, 1036.8215345775534
Node 329, 444.2587808781803
Node 1372, 1022.186548758101
Node 503, 629.24550961168
Node 537, 656.3802821338005
Node 283, 395.6793778997471
Node 1725, 1205.000161810011
Node 1680, 1151.5688858178503
Node 523, 647.171313300695
Node 1445, 1034.9006930889711
Node 978, 1001.4551216789257
Node 154, 216.9453994852873
Node 1417, 1027.8464228650478
Node 85, 57.29069970327144
Node 1707, 1175.7389806357137
Node 1246, 1010.535166732526
Node 1628, 1105.1747106916678
Node 1460, 1037.7575731193413
Node 1575, 1072.3037711019838
Node 94, 104.6323882860641
