node_generations, branch_length
1289.1399310981058, 23426.438241222837
0.0, 1289.1399310981058
1095.3923149920047, 193.74761610610108
0.0, 1095.3923149920047
1005.6605014003476, 89.7318135916571
0.0, 1005.6605014003476
0.0, 1005.6605014003476
1760.9615827548246, 22954.616589566118
1125.280256129044, 635.6813266257807
0.0, 1125.280256129044
1006.3286755408329, 118.95158058821096
0.0, 1006.3286755408329
0.0, 1006.3286755408329
1675.7575538006931, 85.20402895413145
1474.6102994536573, 201.14725434703587
0.0, 1474.6102994536573
1120.418254360266, 354.19204509339124
0.0, 1120.418254360266
1091.9922360521696, 28.426018308096445
41.567102038450365, 1050.4251340137191
0.0, 41.567102038450365
0.0, 41.567102038450365
1080.802917536948, 11.189318515221657
0.0, 1080.802917536948
1041.6566461439795, 39.1462713929684
0.0, 1041.6566461439795
1039.8902065998152, 1.7664395441643137
0.0, 1039.8902065998152
1024.4864035609596, 15.403803038855585
0.0, 1024.4864035609596
315.9535090978914, 708.5328944630683
0.0, 315.9535090978914
0.0, 315.9535090978914
1553.3317745526506, 122.42577924804255
0.0, 1553.3317745526506
1050.8878829787852, 502.44389157386536
0.0, 1050.8878829787852
0.0, 1050.8878829787852
