Node, generations
Node 2866, 28729.46120534591
Node 1959, 3726.364107992067
Node 1762, 1310.811201711987
Node 1301, 1015.3877722815162
Node 1279, 1013.6563165912638
Node 1744, 1258.4846388484473
Node 1619, 1093.1961869376971
Node 1547, 1058.9306286176554
Node 1735, 1233.2903829740676
Node 1590, 1076.0949702179767
Node 1571, 1069.2246514952806
Node 1442, 1034.6197685349211
Node 1352, 1020.5973883079607
Node 565, 684.7412050450899
Node 1554, 1061.0412939722669
Node 1183, 1007.7291542524117
Node 1463, 1038.8010318921538
Node 821, 916.0730486334621
Node 1364, 1021.6448901533421
Node 916, 1000.1621384031581
Node 989, 1001.5858349025251
Node 1641, 1113.1943298183573
Node 1466, 1040.4850269931567
Node 1307, 1016.5585703859774
Node 1322, 1017.7183694539485
Node 738, 840.1079129089807
Node 1893, 1886.7303223023014
Node 1720, 1207.2290218821163
Node 1665, 1129.3465072961576
Node 1628, 1102.9454024878628
Node 1206, 1008.5044193479526
Node 1222, 1009.8419634333524
Node 343, 477.7541821540356
Node 562, 681.9329340092986
Node 1649, 1117.6446721233804
Node 1822, 1514.3906551585726
Node 1691, 1173.2938180660046
Node 764, 857.0429137979557
Node 285, 409.9265682376135
Node 1246, 1011.1959590138275
Node 1803, 1437.610832408212
Node 1444, 1035.0186155771319
Node 80, 6.491070942408166
Node 1654, 1123.6238781584393
Node 696, 804.8841722558512
Node 2291, 11286.475307409264
Node 1729, 1221.0750000910814
Node 1644, 1116.4784801251653
Node 1635, 1110.5662659236534
Node 1493, 1043.9026196723
Node 1445, 1035.2943981886149
Node 582, 698.4801865268154
Node 650, 765.9714719837383
Node 358, 498.9264276067913
Node 1550, 1059.3839095747585
Node 686, 793.0789499207907
Node 1542, 1057.8711326690327
Node 1722, 1210.8198990163567
Node 1658, 1124.4529853374897
Node 1527, 1052.3317422456396
Node 1043, 1003.0013774501771
Node 982, 1001.4712543504302
Node 759, 855.3184131996098
Node 517, 645.9299747425575
Node 82, 42.24955864272565
Node 495, 630.0577059673535
Node 1621, 1094.6632980122295
Node 1481, 1042.6673818757038
Node 568, 686.9068301330398
Node 310, 440.6966797261567
Node 426, 568.2671259701306
Node 1752, 1279.2515677803347
Node 1420, 1029.934815868853
Node 1062, 1003.5435073659473
Node 1730, 1222.2232431035193
Node 1315, 1017.2793230291917
Node 175, 287.93967135016237
Node 96, 140.4919632932107
Node 1676, 1144.2281994575717
