node_generations, branch_length
7521.499239212663, 53942.63481716937
314.48377751560565, 7207.015461697058
0.0, 314.48377751560565
222.95474125024148, 91.52903626536417
0.0, 222.95474125024148
0.0, 222.95474125024148
385.4399088055752, 7136.059330407088
0.0, 385.4399088055752
335.9014623981886, 49.53844640738663
0.0, 335.9014623981886
225.3655061992, 110.53595619898857
0.0, 225.3655061992
0.0, 225.3655061992
20426.836006765756, 41037.29804961628
360.6284803893109, 20066.207526376445
0.0, 360.6284803893109
0.0, 360.6284803893109
13971.175469125674, 6455.660537640082
2923.0727874506347, 11048.102681675038
298.0442266288242, 2625.0285608218105
0.0, 298.0442266288242
0.0, 298.0442266288242
2480.5831925540806, 442.4895948965541
982.0544185227327, 1498.528774031348
0.0, 982.0544185227327
359.49280181604064, 622.5616167066921
0.0, 359.49280181604064
0.0, 359.49280181604064
1621.647040416355, 858.9361521377257
245.65385238208663, 1375.9931880342683
0.0, 245.65385238208663
0.0, 245.65385238208663
265.0942305128384, 1356.5528099035164
0.0, 265.0942305128384
0.0, 265.0942305128384
9228.112076184592, 4743.0633929410815
0.0, 9228.112076184592
0.0, 9228.112076184592
