Node, generations
Node 2570, 30404.357728238367
Node 1862, 1996.6636614806916
Node 1662, 1227.131667611611
Node 1355, 1022.8209648274436
Node 465, 580.9459021719871
Node 489, 609.3191871524332
Node 323, 455.8977887117273
Node 1612, 1148.641493542499
Node 1233, 1011.592831990997
Node 1592, 1116.8378104539322
Node 1564, 1100.4440797459058
Node 331, 461.3446900130514
Node 861, 982.8019148530673
Node 544, 678.1698942352414
Node 1847, 1881.958897901471
Node 483, 600.8136242740466
Node 1650, 1211.1996642690394
Node 1457, 1046.2896113767247
Node 1378, 1024.600643656392
Node 515, 644.2928248392185
Node 1623, 1157.417271439982
Node 1012, 1002.5809229473026
Node 1581, 1107.76840078923
Node 1445, 1040.6758840576929
Node 1311, 1017.3752081294864
Node 1429, 1033.2607333168523
Node 103, 137.68501163373082
Node 1417, 1030.7168142372109
Node 1335, 1020.4217981262298
Node 1944, 2822.050168693733
Node 1806, 1641.6354897001977
Node 1635, 1189.739293699248
Node 1430, 1033.300062917126
Node 692, 811.1060757924058
Node 385, 507.21365619218983
Node 1577, 1106.6644199734226
Node 748, 873.6187109231716
Node 1533, 1078.4557795421713
Node 1413, 1029.8952922555745
Node 1344, 1021.8574494452959
Node 1108, 1005.4720259619082
Node 1645, 1208.186427584334
Node 1537, 1080.466900282361
Node 333, 464.3348523933689
Node 1434, 1033.6000128132248
Node 265, 393.2259766155072
Node 554, 689.9229150053134
Node 1900, 2306.3073290698326
Node 1716, 1323.32082293769
Node 129, 184.63197148692268
Node 1852, 1903.215810540231
Node 1793, 1572.9912505135956
Node 1497, 1060.6546960967025
Node 138, 204.084619606355
Node 1733, 1383.008686342435
Node 1511, 1066.56666518239
Node 1284, 1015.2342929014815
Node 1427, 1032.8548147869492
Node 1368, 1023.7104749910638
Node 1111, 1005.686638101117
Node 785, 910.3676272087841
Node 1288, 1015.6434764539696
Node 1682, 1252.9429857176613
Node 254, 378.8177662454492
Node 1824, 1776.3377468181084
Node 1637, 1190.790905219932
Node 1371, 1023.801287638768
Node 1354, 1022.7250566018761
Node 1169, 1008.0588766376034
Node 99, 117.6692757142419
Node 1337, 1020.6563911304447
Node 978, 1001.9156958207843
Node 631, 753.2200054876749
Node 1785, 1552.14071089248
Node 1540, 1082.0405262643342
Node 1200, 1009.6639211938843
Node 279, 403.6728239879051
Node 1730, 1372.8404077758046
Node 1403, 1028.027802258
