node_generations, branch_length
7862.239264488865, 57431.92756221973
1093.5747186085148, 6768.6645458803505
0.0, 1093.5747186085148
1079.5164014498332, 14.058317158681575
913.1187134024377, 166.3976880473955
0.0, 913.1187134024377
70.71600586663769, 842.4027075358
0.0, 70.71600586663769
0.0, 70.71600586663769
1043.2125475968655, 36.30385385296768
0.0, 1043.2125475968655
0.0, 1043.2125475968655
1432.6491651798558, 6429.590099309009
0.0, 1432.6491651798558
1275.3364853019411, 157.31267987791466
0.0, 1275.3364853019411
1172.0562787112476, 103.28020659069352
1105.0273373751477, 67.02894133609993
0.0, 1105.0273373751477
1004.788963007377, 100.23837436777069
0.0, 1004.788963007377
81.07413974068703, 923.71482326669
0.0, 81.07413974068703
0.0, 81.07413974068703
1155.878340645756, 16.177938065491617
1083.2458300055432, 72.63251064021279
0.0, 1083.2458300055432
1079.1374453162807, 4.108384689262493
0.0, 1079.1374453162807
693.8681902395538, 385.26925507672695
0.0, 693.8681902395538
0.0, 693.8681902395538
1125.3230745928777, 30.555266052878324
6.058028816275542, 1119.2650457766022
0.0, 6.058028816275542
0.0, 6.058028816275542
1057.6132211485956, 67.70985344428209
0.0, 1057.6132211485956
0.0, 1057.6132211485956
17791.290490325086, 47502.87633638352
1022.5934690324596, 16768.697021292624
0.0, 1022.5934690324596
0.0, 1022.5934690324596
5653.48033419077, 12137.810156134316
1379.2194938941961, 4274.260840296574
1160.4728114209825, 218.7466824732137
374.6229504465386, 785.8498609744438
0.0, 374.6229504465386
0.0, 374.6229504465386
1081.7867180565763, 78.68609336440613
0.0, 1081.7867180565763
1011.1209719959402, 70.66574606063614
0.0, 1011.1209719959402
279.6372651012629, 731.4837068946772
0.0, 279.6372651012629
0.0, 279.6372651012629
1311.2511828559059, 67.96831103829027
890.9694640977498, 420.2817187581561
0.0, 890.9694640977498
0.0, 890.9694640977498
1159.0763316224545, 152.17485123345136
0.0, 1159.0763316224545
1050.3941968603926, 108.68213476206188
0.0, 1050.3941968603926
1045.913769948639, 4.480426911753739
1031.0661051343106, 14.847664814328255
0.0, 1031.0661051343106
238.77603237935134, 792.2900727549593
0.0, 238.77603237935134
0.0, 238.77603237935134
1037.9659997961578, 7.947770152481098
0.0, 1037.9659997961578
0.0, 1037.9659997961578
1728.0582230033822, 3925.4221111873876
0.0, 1728.0582230033822
1298.7479097446144, 429.3103132587678
0.0, 1298.7479097446144
0.0, 1298.7479097446144
