Node, generations
Node 1652, 8535.253221359744
Node 1179, 1082.8154926238913
Node 1131, 1060.9045538525083
Node 1502, 2111.959666774967
Node 1484, 1939.2289204252677
Node 1474, 1871.1131006331948
Node 1417, 1542.8350737497785
Node 1206, 1104.6911515787858
Node 1152, 1072.4893027153826
Node 763, 1005.2097231007318
Node 478, 839.9679554053191
Node 337, 640.4398196773694
Node 800, 1006.8778402621721
Node 1187, 1087.383188269294
Node 886, 1012.0520183743547
Node 1326, 1272.7600794053417
Node 1316, 1256.639762187739
Node 1500, 2096.4867146152137
Node 1441, 1662.9694189652248
Node 1005, 1025.597047704081
Node 839, 1008.846210475876
Node 61, 39.728881037009614
Node 662, 1001.4763545498574
Node 120, 282.6505711681167
Node 1453, 1725.056253093719
Node 1259, 1170.028223207377
Node 1195, 1094.7318413807034
Node 950, 1017.648311148318
Node 873, 1011.2164528195281
Node 397, 729.1099748073499
Node 68, 110.34220716483723
Node 1011, 1026.8833348814167
Node 1422, 1567.5054818441802
Node 1351, 1320.7566879057918
Node 1263, 1178.7528172609768
Node 1067, 1039.1169969893306
Node 1036, 1032.358376506846
Node 409, 746.2406973205524
Node 1416, 1538.6061942475683
Node 904, 1012.9012019721802
Node 891, 1012.2180420441206
Node 103, 247.54216904983946
Node 818, 1007.6675667983476
Node 1282, 1200.2963258326427
Node 1180, 1082.9321040931945
Node 1044, 1033.6306824725511
Node 215, 470.4413865844229
Node 949, 1017.6356366601291
Node 809, 1007.1864341601988
Node 65, 80.59127248198054
Node 862, 1010.5229249369534
Node 1153, 1072.5963959527894
Node 1092, 1045.1767590416182
Node 1217, 1114.5879436813386
Node 216, 470.9391515348581
Node 92, 209.16086698136684
Node 1157, 1073.5676734949698
Node 535, 924.9288979533369
Node 984, 1022.31363755314
