Node, generations
Node 1861, 3186.774219816751
Node 1721, 1699.962787012326
Node 356, 506.5697614859114
Node 345, 492.18229815837987
Node 1859, 3152.3409373576224
Node 1679, 1477.378659179341
Node 952, 1002.335383828389
Node 302, 445.0530242890364
Node 300, 439.0162276984594
Node 275, 398.5060877794986
Node 1626, 1322.1401569872567
Node 1520, 1125.3361803421985
Node 1498, 1101.6258140323669
Node 1339, 1033.1988577618256
Node 517, 690.8930500537625
Node 91, 60.36992919511601
Node 1313, 1027.6981393169274
Node 1397, 1048.4842388354439
Node 996, 1003.6472652980362
Node 1323, 1029.5749617186787
Node 80, 0.8469547014001428
Node 84, 32.90393832709149
Node 1588, 1245.3031104143492
Node 456, 616.6205516694833
Node 1563, 1194.1611764636957
Node 196, 292.7354679172794
Node 153, 243.7863753937172
Node 1824, 2627.021482298857
Node 1665, 1445.083756949565
Node 769, 943.9609933695758
Node 693, 869.0523713816133
Node 203, 300.4137800850996
Node 530, 709.4958663627239
Node 1614, 1301.2442987444033
Node 1598, 1274.6617579711403
Node 1424, 1059.7247655676983
Node 472, 635.5650431300492
Node 1552, 1169.8038092429474
Node 97, 83.9469828928976
Node 1511, 1117.4895605266179
Node 1248, 1017.5328889551538
Node 427, 584.0152577085765
Node 1475, 1086.2119753917452
Node 1393, 1047.4016867436217
Node 817, 990.7258149172156
Node 87, 49.26559816850269
Node 1170, 1010.8587353684687
Node 1456, 1073.873392789968
Node 811, 985.5642198932825
Node 645, 822.1279633000483
Node 1420, 1058.1241487321538
Node 83, 26.083042825474287
Node 1609, 1298.6797802210046
Node 1474, 1086.1229819839252
Node 102, 96.88651976157944
Node 82, 20.506508490084883
Node 90, 58.361500948635694
Node 1097, 1007.0356602148463
Node 81, 15.965025897091685
Node 1580, 1225.583180660543
Node 1492, 1098.8746691868835
Node 167, 256.8177200134148
Node 1763, 1933.6647869329618
Node 1536, 1147.3404337081215
Node 1478, 1088.9565767342692
Node 1392, 1046.8139029367094
Node 1349, 1036.3249416684507
Node 108, 119.5493230386779
Node 1611, 1299.3935880559477
Node 1490, 1097.632509063297
Node 1333, 1031.7818308721996
Node 1325, 1031.0098852923106
Node 1413, 1051.9399222843185
Node 1320, 1029.2288099315256
Node 1029, 1004.5672626267275
Node 1316, 1028.5209502681246
Node 1497, 1101.075257502474
Node 768, 943.3048772176206
Node 1096, 1007.0145469817589
