node_generations, branch_length
1753.477069170324, 4078.332082184247
1257.6723844099158, 495.80468476040824
1041.922253288784, 215.75013112113174
0.0, 1041.922253288784
1006.3705079015158, 35.551745387268284
0.0, 1006.3705079015158
0.0, 1006.3705079015158
1045.494537406904, 212.17784700301172
0.0, 1045.494537406904
0.0, 1045.494537406904
1307.4391634906663, 446.0379056796578
0.0, 1307.4391634906663
1272.449406728523, 34.989756762143315
0.0, 1272.449406728523
1211.2271460047623, 61.222260723760655
0.0, 1211.2271460047623
1200.85175195066, 10.375394054102344
0.0, 1200.85175195066
1018.5688486667322, 182.2829032839278
0.0, 1018.5688486667322
607.8608879816427, 410.70796068508946
0.0, 607.8608879816427
0.0, 607.8608879816427
4869.488135911862, 962.3210154427097
1144.3252268795165, 3725.162909032345
0.0, 1144.3252268795165
0.0, 1144.3252268795165
1352.963824129621, 3516.524311782241
1132.3349458768769, 220.62887825274402
1004.8413258163775, 127.49362006049932
0.0, 1004.8413258163775
0.0, 1004.8413258163775
1114.9298561769344, 17.405089699942437
0.0, 1114.9298561769344
0.0, 1114.9298561769344
1255.587241798741, 97.37658233087996
0.0, 1255.587241798741
0.0, 1255.587241798741
