Node, generations
Node 3797, 29479.16841820501
Node 2866, 12201.175946860627
Node 2273, 6853.009702783976
Node 889, 1271.429520023136
Node 256, 143.51451065877316
Node 67, 55.82496948491358
Node 1851, 4362.944406511477
Node 1424, 2678.260837802992
Node 216, 131.39929052645763
Node 114, 106.16992217950488
Node 182, 120.80609943178986
Node 164, 117.0451145948452
Node 227, 135.85525783125962
Node 211, 129.2713064411029
Node 1673, 3542.3491678025143
Node 1199, 2056.367768359808
Node 247, 141.2639983912009
Node 112, 106.07025880108584
Node 826, 1157.6533532334772
Node 474, 571.5892901289908
Node 172, 119.43229703687518
Node 110, 105.96556701365493
Node 61, 38.196336703747754
Node 206, 127.32836206088271
Node 635, 815.9136301578199
Node 276, 174.26156295099074
Node 244, 140.5900292357138
Node 2591, 9198.622924841511
Node 710, 942.5014845566598
Node 148, 112.69057369565448
Node 1039, 1596.817075968403
Node 838, 1189.3992709987795
Node 419, 473.0652897378103
Node 136, 110.59612972339923
Node 166, 117.28907526172857
Node 990, 1478.5189034280024
Node 157, 115.71881509725475
Node 3097, 15150.351427972642
Node 264, 146.59024755252517
Node 126, 108.63605334101469
Node 1644, 3433.63713583431
Node 760, 1041.5677145150692
Node 226, 135.43579670094093
Node 353, 340.3096491290784
Node 253, 142.6132680028935
Node 1166, 1947.6240556251635
Node 296, 223.56397365395728
Node 248, 141.5319868399946
Node 120, 106.91550285624864
Node 163, 116.95425145530874
Node 133, 109.92372145447378
Node 1083, 1687.2865053314658
Node 615, 791.1326223987872
Node 285, 196.8698783329474
Node 269, 149.3045972791272
Node 74, 100.90342474354959
Node 1032, 1583.8980997184158
Node 911, 1303.1171936084897
Node 501, 621.5290394629766
