Node, generations
Node 1251, 12518.64789159204
Node 906, 1529.8831530127097
Node 808, 1157.0062687405837
Node 216, 728.2169737143035
Node 841, 1251.5475288020245
Node 562, 1019.8902803156828
Node 92, 336.41166732138674
Node 43, 86.71991096053175
Node 550, 1017.8512191333997
Node 720, 1067.579620984748
Node 520, 1013.3903205016359
Node 1126, 7282.037798395277
Node 816, 1175.4893163460083
Node 54, 157.06874581162762
Node 674, 1046.9112191610056
Node 88, 326.4935214605786
Node 1020, 2339.2754956352983
Node 810, 1161.8968719627553
Node 691, 1054.2034770235396
Node 213, 705.9720180800421
Node 930, 1649.7601238248667
Node 672, 1046.2827118729938
Node 643, 1034.0412021202937
Node 59, 185.02262555968665
Node 926, 1629.4424735724274
Node 857, 1315.3982196788645
Node 732, 1073.0255671124987
Node 747, 1085.7161415147873
Node 241, 795.7163740664903
Node 71, 221.650527520939
Node 198, 669.344467092526
Node 663, 1043.0436303405345
Node 890, 1458.638107739674
Node 790, 1131.641747149458
Node 591, 1025.3168970339127
Node 497, 1010.0283175863665
Node 63, 208.27340937187194
Node 771, 1109.3424147897067
Node 473, 1008.464664054354
