Node, generations
Node 1481, 2277.7399652152258
Node 1447, 1903.4109395504374
Node 1357, 1444.2885337427751
Node 916, 1015.8620256479818
Node 639, 1001.1823886304242
Node 389, 752.4702687923342
Node 735, 1004.7526492349349
Node 1191, 1114.984027101275
Node 1110, 1065.084540933771
Node 1430, 1757.79618757496
Node 1287, 1244.9927162755446
Node 1249, 1173.1002730856492
Node 1248, 1170.237951234587
Node 890, 1013.5477705383566
Node 880, 1012.9929566091516
Node 175, 394.65995573609536
Node 1190, 1112.8120130916432
Node 247, 527.1523196891752
Node 107, 254.04353288459512
Node 237, 508.67376881165745
Node 1284, 1241.9727680001054
Node 1117, 1070.519088212785
Node 887, 1013.3483319386884
Node 1258, 1180.9679994531298
Node 1152, 1093.4374393725896
Node 1046, 1039.0931562169617
Node 1039, 1037.1950043407257
Node 1422, 1734.2711256103803
Node 1233, 1153.3287142071224
Node 252, 539.7856416223561
Node 1381, 1520.6886554060436
Node 1180, 1106.7077372430492
Node 1177, 1106.223692685231
Node 1111, 1065.479034110151
Node 1124, 1076.179645206706
Node 121, 283.2437909311232
Node 705, 1003.6173750101384
Node 1375, 1505.135018580596
Node 1290, 1247.828183869239
Node 1181, 1107.8309704328742
Node 1137, 1082.5112083943382
Node 975, 1023.2391327915209
Node 578, 986.0288519725119
Node 447, 825.1884872534102
Node 431, 796.7481540975157
Node 62, 35.28737688584958
Node 1022, 1032.6405115248733
Node 613, 1000.5345775505094
Node 888, 1013.4214534205347
Node 60, 0.9562153962086279
Node 1454, 2000.7644147618105
Node 1403, 1603.5320177214953
Node 1229, 1148.7156718519639
Node 234, 497.80579626123944
Node 1109, 1063.5153681967734
Node 1394, 1560.2259139291655
Node 74, 106.90638091008726
Node 1095, 1055.8510419429758
Node 104, 233.57234781339895
