node_generations, branch_length
1558.654407995486, 57818.845086823065
1022.998560142045, 535.6558478534411
0.0, 1022.998560142045
837.0585884383996, 185.93997170364537
0.0, 837.0585884383996
0.0, 837.0585884383996
1177.4698159994969, 381.1845919959892
0.0, 1177.4698159994969
1096.771208605437, 80.69860739405976
0.0, 1096.771208605437
1005.3462953970131, 91.42491320842396
0.0, 1005.3462953970131
0.0, 1005.3462953970131
1843.4011123114185, 57534.09838250713
1185.7651382257889, 657.6359740856296
1063.5431768488206, 122.22196137696824
0.0, 1063.5431768488206
0.0, 1063.5431768488206
1082.897466591834, 102.86767163395484
0.0, 1082.897466591834
1019.6809169003192, 63.21654969151484
0.0, 1019.6809169003192
0.0, 1019.6809169003192
1692.9520528121968, 150.44905949922168
0.0, 1692.9520528121968
1686.8888249162155, 6.063227895981299
1051.7973489666251, 635.0914759495904
0.0, 1051.7973489666251
0.0, 1051.7973489666251
1603.0414247721362, 83.8474001440793
0.0, 1603.0414247721362
1203.0515927359927, 399.9898320361435
0.0, 1203.0515927359927
1081.4297040446047, 121.621888691388
0.0, 1081.4297040446047
1071.713246008127, 9.716458036477661
0.0, 1071.713246008127
0.0, 1071.713246008127
