Node, generations
Node 1546, 25921.761172734306
Node 430, 3702.458988657907
Node 262, 799.7867954748907
Node 227, 573.1534987986629
Node 155, 338.418430282877
Node 38, 205.06577750004513
Node 219, 530.8397505864996
Node 41, 206.00302610694274
Node 22, 107.73044828081541
Node 687, 7408.251716985131
Node 165, 358.32194696878906
Node 164, 355.2050948357848
Node 683, 7372.08424682329
Node 173, 380.5505903583096
Node 232, 596.9501847858885
Node 218, 525.7202686421613
Node 194, 448.3091584572522
Node 59, 217.010187269442
Node 58, 216.90773359832681
