Node, generations
Node 4321, 62891.29638848241
Node 2353, 8911.28683348074
Node 301, 127.35473415358845
Node 120, 101.35592812004789
Node 999, 1652.030419799437
Node 397, 169.33241745586867
Node 3705, 31920.063042246245
Node 2262, 8177.228646774896
Node 260, 117.04758332743144
Node 582, 601.0298536114628
Node 374, 157.05913766574636
Node 278, 120.09716923012506
Node 98, 100.08954031186065
Node 425, 183.99492791242244
Node 2994, 16513.390992878187
Node 1612, 3804.1386924979342
Node 416, 178.8786894844094
Node 220, 109.74370943467179
Node 412, 176.75950263303852
Node 376, 157.5864230526204
Node 209, 108.62040587361437
Node 235, 111.80263621597281
Node 166, 104.76486150297724
Node 401, 170.91283293053598
Node 326, 135.65666302141076
Node 332, 138.4386430248603
Node 176, 105.62618133928912
Node 841, 1233.8274555841322
Node 727, 954.7902679410719
Node 378, 158.48246819065537
Node 446, 199.96212353627996
Node 117, 101.31556187860558
Node 80, 31.138492670381716
Node 2363, 8980.30539618374
Node 482, 344.1549277070013
Node 337, 140.27355747088976
Node 158, 103.92185746443461
Node 1569, 3585.28983670533
Node 1371, 2808.8297582781424
Node 519, 440.2219186225299
Node 216, 109.49731773172766
Node 506, 410.67715720235736
Node 380, 158.71773517376525
Node 254, 115.9826421209001
Node 472, 301.6949689087921
Node 1356, 2711.7554227539194
Node 632, 701.2791215827416
Node 424, 183.11032930083874
Node 387, 164.21503108124153
Node 280, 120.25237548378817
Node 85, 49.488812060748046
Node 595, 646.9968459582152
Node 299, 126.71232934912886
Node 277, 119.98182520517706
Node 144, 102.66902635051223
Node 427, 187.5204850730397
Node 139, 102.56069099637551
Node 737, 972.4903922256742
Node 451, 222.08194503046707
Node 271, 118.73063629528872
Node 450, 207.7683072889439
Node 405, 172.64113938005107
Node 449, 207.72037156302076
Node 420, 181.12379446225336
Node 454, 230.93529760579338
Node 198, 107.64763015731178
Node 363, 152.6282790445221
Node 250, 114.70238338427592
Node 1401, 2935.136534614061
Node 1149, 2065.5492702988995
Node 501, 404.7200139206288
Node 538, 497.1347881654204
Node 440, 196.2698864991327
Node 266, 117.87869487798324
Node 152, 103.37596177600452
Node 414, 177.95621297452897
Node 147, 103.05203778308035
Node 512, 426.14949708309473
Node 392, 166.44371590641447
