node_generations, branch_length
1583.8932795116264, 16730.612269683355
0.0, 1583.8932795116264
0.0, 1583.8932795116264
10621.293700720531, 7693.2118484744515
533.9381148662563, 10087.355585854275
373.95935896757504, 159.9787558986813
219.14717176728888, 154.81218720028616
0.0, 219.14717176728888
0.0, 219.14717176728888
334.51984734454766, 39.439511623027386
0.0, 334.51984734454766
218.57327662026364, 115.94657072428402
0.0, 218.57327662026364
0.0, 218.57327662026364
433.83346354033296, 100.10465132592338
0.0, 433.83346354033296
228.11899494424821, 205.71446859608474
0.0, 228.11899494424821
0.0, 228.11899494424821
6195.431533793202, 4425.862166927329
495.3397801266983, 5700.091753666504
0.0, 495.3397801266983
288.7720102727634, 206.56776985393492
0.0, 288.7720102727634
245.66052382741194, 43.11148644535146
0.0, 245.66052382741194
0.0, 245.66052382741194
1517.3026969322673, 4678.128836860935
0.0, 1517.3026969322673
551.4765328289116, 965.8261641033557
203.3904993816415, 348.0860334472701
0.0, 203.3904993816415
0.0, 203.3904993816415
461.1055612081729, 90.37097162073866
0.0, 461.1055612081729
244.23035965321745, 216.87520155495545
0.0, 244.23035965321745
0.0, 244.23035965321745
