Node, generations
Node 1441, 5484.164395224257
Node 1312, 1405.8075692266373
Node 1130, 721.398382788744
Node 1073, 645.6906112008869
Node 873, 538.0328004351957
Node 1123, 715.6419772773968
Node 696, 512.0992267724184
Node 1004, 593.8561129285665
Node 953, 566.6492318247323
Node 744, 516.2456136124325
Node 488, 503.0476817525763
Node 760, 518.1000968780365
Node 741, 515.9615920572178
Node 1294, 1277.5741851152961
Node 1234, 1022.0766455013414
Node 134, 219.4776496462049
Node 1175, 834.1426846235171
Node 888, 540.8685191955134
Node 1118, 704.1665463700682
Node 770, 519.0331879347631
Node 252, 385.6208822752715
Node 1041, 617.8182963846897
Node 732, 514.9547061589357
Node 605, 507.2011513637875
Node 1246, 1057.367676975275
Node 1071, 641.2849801457654
Node 1017, 599.8353580311567
Node 731, 514.9213206085103
Node 1025, 606.6361802500119
Node 911, 548.7164838532757
Node 757, 517.8573945990414
Node 715, 513.3060580035539
Node 477, 502.78444511117164
Node 992, 587.8025825307845
Node 716, 513.4324028613394
Node 80, 13.457074107038881
Node 542, 504.484711707152
Node 1159, 789.4919159374549
Node 1078, 653.767111333904
Node 807, 524.6730919671745
Node 735, 515.4365395865365
Node 1366, 1951.1293765125386
Node 1261, 1131.8009877285176
Node 969, 577.2518951300148
Node 900, 544.348616503586
Node 805, 524.5094030226136
Node 662, 509.8655504277347
Node 603, 507.16758856148016
Node 116, 157.67702230590746
Node 565, 505.42927694837465
Node 81, 16.11619496852913
Node 309, 449.42656536246034
Node 222, 351.6116705054293
Node 1217, 960.2274639206207
Node 964, 574.9516680574377
Node 240, 372.9834779633788
Node 929, 554.2622119212346
Node 912, 549.0616896929721
Node 389, 500.56202751628405
Node 104, 115.55949122212222
Node 1166, 807.6310378914739
Node 1016, 599.4290914642798
Node 688, 511.57605361808857
Node 292, 432.00547421450403
Node 1117, 703.9807331263409
Node 1049, 625.7113606165433
Node 973, 578.0598997032665
Node 928, 553.4527918727828
Node 939, 558.7027806486929
Node 1279, 1221.7510918545445
Node 861, 534.7055118090592
Node 921, 551.5268235159915
Node 877, 538.8343392858827
Node 875, 538.3197473160554
Node 599, 506.8470481311601
Node 265, 395.35823547182775
Node 117, 160.9096285343612
Node 867, 536.1951845151785
Node 787, 520.7439353703835
