Node, generations
Node 1825, 15844.058437662192
Node 815, 568.4291298404996
Node 713, 373.81104883866203
Node 674, 326.97398110923615
Node 575, 261.33986148665144
Node 126, 169.7562006819427
Node 509, 240.06230310355494
Node 1805, 15549.863145913956
Node 1673, 12836.384430044873
Node 853, 778.9819809372633
Node 751, 429.8759103050046
Node 744, 415.94211109505875
Node 394, 217.2079312041843
Node 199, 202.29107983564597
Node 811, 561.6797494399165
Node 762, 447.19240917172857
Node 573, 260.3251142046751
Node 485, 233.05426212473793
Node 415, 219.70516650277082
Node 480, 231.18645993851075
Node 518, 241.1720081673661
Node 496, 236.59868411832372
Node 357, 211.87513198283162
Node 726, 385.82814023955524
Node 574, 260.92153385469527
Node 343, 210.88485692540334
Node 704, 357.4673603007138
Node 637, 296.97464934703873
Node 659, 311.57958151542465
Node 547, 251.38288252687707
Node 306, 207.59823607119148
Node 213, 203.12349047319051
Node 313, 208.15587909084536
Node 779, 485.9714728166494
Node 285, 206.5540557018355
Node 180, 201.6490415740569
Node 425, 221.17422784283
Node 80, 33.90987620524752
Node 336, 210.0504596468906
Node 1327, 7389.5493835287025
Node 691, 342.9749273093507
Node 577, 262.6205498499392
Node 119, 157.76355385059782
Node 618, 284.0954632885141
Node 519, 241.26820357598044
Node 375, 213.90736479910174
Node 214, 203.12398097356214
Node 978, 2679.837109657553
Node 765, 450.23554361511896
Node 562, 256.8742898084074
Node 229, 203.7204448925156
Node 535, 248.36244882156876
Node 113, 139.95896717604742
Node 503, 239.15546196878242
Node 481, 231.26256194172436
Node 748, 422.4021527976602
Node 644, 300.95561332354384
Node 601, 276.32835193632405
Node 399, 218.1865488136516
Node 670, 323.58475883111316
Node 552, 253.4782704982401
Node 351, 211.34700880492463
Node 142, 198.14056064086546
Node 664, 321.39198174528457
Node 443, 224.3424236797335
Node 156, 200.54570364253541
Node 654, 306.3570354641594
Node 538, 248.58444349461163
Node 479, 230.30559961864236
Node 289, 206.82017217460645
Node 486, 233.2087614749719
Node 468, 228.5287300073375
Node 93, 81.22635688861679
Node 382, 215.52380440498678
Node 267, 205.64788251989108
Node 210, 202.9354312746248
Node 773, 466.38743929306025
Node 622, 287.5197677267691
Node 94, 82.24080561581357
