node_generations, branch_length
4491.67891928743, 36505.061053992285
1316.7421818883136, 3174.9367373991167
0.0, 1316.7421818883136
1010.7210654772695, 306.0211164110441
0.0, 1010.7210654772695
0.0, 1010.7210654772695
1566.7605417708492, 2924.918377516581
1235.9633049762335, 330.7972367946156
0.0, 1235.9633049762335
1034.4220756607074, 201.54122931552615
190.77329220266432, 843.648783458043
0.0, 190.77329220266432
0.0, 190.77329220266432
1019.2711549262874, 15.15092073441997
0.0, 1019.2711549262874
0.0, 1019.2711549262874
1249.0812605397396, 317.6792812311096
0.0, 1249.0812605397396
1044.4724951895616, 204.60876535017792
0.0, 1044.4724951895616
1031.6240398580137, 12.848455331547939
0.0, 1031.6240398580137
1007.5331339085928, 24.090905949420858
0.0, 1007.5331339085928
1003.5544481936631, 3.978685714929725
0.0, 1003.5544481936631
626.473335005762, 377.0811131879011
0.0, 626.473335005762
124.76320557919624, 501.7101294265658
0.0, 124.76320557919624
0.0, 124.76320557919624
33067.789253673385, 7928.950719606328
1013.0223277643411, 32054.766925909043
0.0, 1013.0223277643411
0.0, 1013.0223277643411
14288.151843717877, 18779.63740995551
1159.830321416592, 13128.321522301285
1089.1819143416521, 70.64840707493977
0.0, 1089.1819143416521
1052.9982125603915, 36.18370178126065
0.0, 1052.9982125603915
1020.041834860104, 32.956377700287476
0.0, 1020.041834860104
0.0, 1020.041834860104
1154.2921781518369, 5.5381432647550355
0.0, 1154.2921781518369
1150.832207245331, 3.459970906505987
0.0, 1150.832207245331
1122.2102971792426, 28.621910066088276
0.0, 1122.2102971792426
713.7551152314503, 408.4551819477923
0.0, 713.7551152314503
0.0, 713.7551152314503
2354.6751230885952, 11933.476720629282
1034.348724003492, 1320.3263990851033
0.0, 1034.348724003492
0.0, 1034.348724003492
1781.820140325788, 572.8549827628071
1026.6841848457773, 755.1359554800108
0.0, 1026.6841848457773
0.0, 1026.6841848457773
1622.9210090687814, 158.89913125700673
1030.642116376839, 592.2788926919422
0.0, 1030.642116376839
1004.5368991892766, 26.105217187562516
0.0, 1004.5368991892766
0.0, 1004.5368991892766
1251.5531981160004, 371.3678109527809
0.0, 1251.5531981160004
1245.0223134847552, 6.5308846312452715
0.0, 1245.0223134847552
1079.6784392151037, 165.34387426965145
0.0, 1079.6784392151037
1030.720608249203, 48.95783096590071
0.0, 1030.720608249203
1000.6486953954955, 30.071912853707545
0.0, 1000.6486953954955
0.0, 1000.6486953954955
