Node, generations
Node 2204, 25135.935345061756
Node 527, 1018.7965483584818
Node 113, 433.1619427191252
Node 46, 108.44796188299588
Node 1239, 6232.485519525263
Node 1160, 5225.180134288435
Node 791, 1181.43860353266
Node 749, 1102.0639961808533
Node 603, 1032.4014129765014
Node 786, 1163.8259696696352
Node 695, 1071.310101397214
Node 757, 1105.0720593294554
Node 692, 1069.5626869540677
Node 1027, 3742.0719709806094
Node 868, 1403.5376314302732
Node 720, 1083.3133243142192
Node 789, 1173.4879128610905
Node 379, 1003.4890511532187
Node 1019, 3687.4755418490604
Node 1212, 5885.966552797516
Node 706, 1075.7249059002709
Node 605, 1033.0915223804166
Node 1176, 5386.5090378478235
Node 846, 1303.9279748915162
Node 729, 1089.6371335114382
Node 752, 1103.1592055216877
Node 556, 1023.9504972514337
Node 405, 1005.1587136292775
Node 485, 1012.7156468210883
Node 428, 1006.6912617233818
Node 83, 332.5857616814822
Node 42, 59.29020423891077
Node 736, 1093.9234231196624
Node 650, 1047.8541837323971
Node 399, 1004.6137655592003
Node 493, 1013.5802499055895
Node 1144, 4995.568050194498
Node 629, 1040.7057945038803
Node 89, 352.17961728051915
