node_generations, branch_length
9216.178943254072, 56650.37297908352
2687.788646427454, 6528.3902968266175
340.4946055157194, 2347.2940409117346
0.0, 340.4946055157194
254.14462778113565, 86.34997773458375
0.0, 254.14462778113565
0.0, 254.14462778113565
407.6250582335152, 2280.1635881939387
219.3756866732571, 188.24937156025808
0.0, 219.3756866732571
205.3177302959095, 14.05795637734758
0.0, 205.3177302959095
200.9921781957744, 4.325552100135127
0.0, 200.9921781957744
0.0, 200.9921781957744
221.85678982946175, 185.76826840405343
0.0, 221.85678982946175
0.0, 221.85678982946175
4825.845423497142, 4390.3335197569295
282.421294306577, 4543.4241291905655
0.0, 282.421294306577
217.47332202383186, 64.94797228274516
0.0, 217.47332202383186
0.0, 217.47332202383186
3495.6926967762847, 1330.1527267208576
215.8105909609941, 3279.8821058152907
0.0, 215.8105909609941
203.05718717316964, 12.753403787824453
0.0, 203.05718717316964
0.0, 203.05718717316964
275.4922894312011, 3220.2004073450835
0.0, 275.4922894312011
247.76604842251842, 27.72624100868265
0.0, 247.76604842251842
237.28713504535241, 10.478913377166009
0.0, 237.28713504535241
225.21722663256872, 12.06990841278369
0.0, 225.21722663256872
0.0, 225.21722663256872
15144.963987912808, 50721.58793442478
0.0, 15144.963987912808
5521.91146555757, 9623.052522355238
1330.5360291663974, 4191.375436391173
246.95721136492847, 1083.5788178014689
0.0, 246.95721136492847
214.0311346698182, 32.92607669511028
0.0, 214.0311346698182
201.64368039417351, 12.387454275644671
0.0, 201.64368039417351
0.0, 201.64368039417351
262.04231362451674, 1068.4937155418806
235.02808636722938, 27.01422725728736
0.0, 235.02808636722938
0.0, 235.02808636722938
256.54000162066734, 5.502312003849397
0.0, 256.54000162066734
212.04664345402884, 44.4933581666385
0.0, 212.04664345402884
0.0, 212.04664345402884
2572.6165921792326, 2949.294873378338
1173.3378086206553, 1399.2787835585773
0.0, 1173.3378086206553
398.33096004063367, 775.0068485800216
0.0, 398.33096004063367
311.3395254833255, 86.9914345573082
0.0, 311.3395254833255
0.0, 311.3395254833255
2113.0946004046496, 459.52199177458306
225.86965279241613, 1887.2249476122333
0.0, 225.86965279241613
0.0, 225.86965279241613
392.76298049570624, 1720.3316199089434
264.601268385184, 128.16171211052222
0.0, 264.601268385184
0.0, 264.601268385184
299.08832914350086, 93.67465135220539
0.0, 299.08832914350086
0.0, 299.08832914350086
