node_generations, branch_length
791.3848051668707, 17362.8337782275
525.0652833320108, 266.31952183485987
245.5000310365639, 279.56525229544695
0.0, 245.5000310365639
0.0, 245.5000310365639
378.0384310064198, 147.02685232559105
0.0, 378.0384310064198
375.1656544310563, 2.8727765753635026
64.13032926075275, 311.0353251703035
0.0, 64.13032926075275
0.0, 64.13032926075275
363.63664028183047, 11.529014149225816
216.55602381303845, 147.08061646879202
0.0, 216.55602381303845
0.0, 216.55602381303845
324.1595072321528, 39.47713304967766
305.011328609302, 19.14817862285082
0.0, 305.011328609302
0.0, 305.011328609302
321.6210021511386, 2.5385050810141934
0.0, 321.6210021511386
205.59586979353207, 116.02513235760654
0.0, 205.59586979353207
0.0, 205.59586979353207
675.2601104553137, 116.12469471155703
300.75929488660586, 374.5008155687078
207.34634050770575, 93.41295437890011
0.0, 207.34634050770575
0.0, 207.34634050770575
214.77822562192463, 85.98106926468122
0.0, 214.77822562192463
209.03762315005588, 5.740602471868755
0.0, 209.03762315005588
0.0, 209.03762315005588
505.7365916751072, 169.52351878020647
0.0, 505.7365916751072
441.8218252209984, 63.914766454108815
275.9924437613839, 165.82938145961447
0.0, 275.9924437613839
220.88013701767926, 55.112306743704664
0.0, 220.88013701767926
0.0, 220.88013701767926
285.48988255854783, 156.33194266245056
0.0, 285.48988255854783
0.0, 285.48988255854783
6949.371509675662, 11204.84707371871
1012.8128896893414, 5936.558619986321
221.61384079302664, 791.1990488963148
0.0, 221.61384079302664
203.98138756221763, 17.632453230809006
0.0, 203.98138756221763
0.0, 203.98138756221763
383.0205303783309, 629.7923593110106
288.9163394971292, 94.1041908812017
0.0, 288.9163394971292
0.0, 288.9163394971292
309.4342423133927, 73.58628806493817
0.0, 309.4342423133927
0.0, 309.4342423133927
4127.287230771557, 2822.0842789041053
281.8598075559131, 3845.427423215644
0.0, 281.8598075559131
0.0, 281.8598075559131
2205.516663914423, 1921.7705668571339
258.3842142400083, 1947.1324496744148
0.0, 258.3842142400083
220.97642337957924, 37.40779086042906
0.0, 220.97642337957924
0.0, 220.97642337957924
350.32918144306274, 1855.1874824713605
0.0, 350.32918144306274
263.98942695066455, 86.33975449239819
0.0, 263.98942695066455
232.75508705722888, 31.234339893435674
0.0, 232.75508705722888
91.5781116170022, 141.17697544022667
0.0, 91.5781116170022
0.0, 91.5781116170022
