Node, generations
Node 2808, 37234.68218289417
Node 1128, 5754.7390966173525
Node 543, 1826.3397606381334
Node 249, 227.40429883320996
Node 242, 220.98049470939415
Node 176, 157.9555786227147
Node 45, 100.46068193235845
Node 306, 339.7690212753142
Node 159, 144.40969001135707
Node 158, 143.07744366560067
Node 64, 104.94355238198658
Node 131, 128.42527586684383
Node 264, 257.1982960899838
Node 167, 148.36275473712743
Node 629, 2258.4538927687327
Node 128, 128.00864786067325
Node 501, 1614.5852088949257
Node 238, 213.46295935997847
Node 195, 171.9053515847025
Node 114, 122.25200369163738
Node 58, 102.91721663683775
Node 208, 183.8429612787914
Node 289, 305.3321208020027
Node 224, 197.43435827381748
Node 2344, 22621.828626876817
Node 873, 3853.201383531367
Node 48, 100.95640189482633
Node 850, 3695.5391982077385
Node 148, 137.0631015818875
Node 137, 129.72506108124554
Node 1577, 9812.801472885041
Node 151, 140.47692994724267
Node 1370, 7780.970607256353
Node 302, 336.7499293909794
Node 300, 333.7852260547661
Node 94, 113.47357415692709
Node 522, 1736.66001589431
Node 89, 112.30205926840196
Node 308, 341.3107457904102
