node_generations, branch_length
4390.096170671016, 38938.949542116396
2193.2730486487185, 2196.8231220222974
199.8069493835226, 1993.466099265196
0.0, 199.8069493835226
153.89593605510615, 45.91101332841646
0.0, 153.89593605510615
145.56189965886702, 8.334036396239128
109.22600955521949, 36.33589010364753
0.0, 109.22600955521949
107.72492851620919, 1.5010810390103018
0.0, 107.72492851620919
0.0, 107.72492851620919
139.85844923960758, 5.70345041925944
0.0, 139.85844923960758
116.45486022228857, 23.403589017319007
0.0, 116.45486022228857
0.0, 116.45486022228857
1272.297946172627, 920.9751024760915
107.58821938785786, 1164.7097267847691
0.0, 107.58821938785786
0.0, 107.58821938785786
164.1805621019215, 1108.1173840707056
118.91512402523274, 45.26543807668877
0.0, 118.91512402523274
101.28854672581495, 17.62657729941779
0.0, 101.28854672581495
0.0, 101.28854672581495
151.91172649322831, 12.268835608693195
0.0, 151.91172649322831
0.0, 151.91172649322831
4198.832547571749, 191.26362309926662
1136.4548444429374, 3062.377703128812
142.50009669003921, 993.9547477528982
0.0, 142.50009669003921
119.59783769267374, 22.90225899736548
0.0, 119.59783769267374
0.0, 119.59783769267374
1135.3881488757982, 1.066695567139277
0.0, 1135.3881488757982
0.0, 1135.3881488757982
3953.4074467422206, 245.42510082952867
0.0, 3953.4074467422206
0.0, 3953.4074467422206
13328.881977942743, 30000.163734844667
5567.583422232915, 7761.298555709828
1394.384779305289, 4173.198642927626
63.58117744306266, 1330.8036018622263
0.0, 63.58117744306266
0.0, 63.58117744306266
178.56717230027223, 1215.8176070050167
146.96289896441422, 31.60427333585801
0.0, 146.96289896441422
0.0, 146.96289896441422
166.75427010899924, 11.812902191272997
0.0, 166.75427010899924
144.1420523291694, 22.612217779829848
0.0, 144.1420523291694
0.0, 144.1420523291694
1859.7691368571163, 3707.8142853757986
0.0, 1859.7691368571163
766.6056283860607, 1093.1635084710556
0.0, 766.6056283860607
188.28606663906726, 578.3195617469935
0.0, 188.28606663906726
114.56023354171566, 73.7258330973516
0.0, 114.56023354171566
104.2642198240155, 10.296013717700163
0.0, 104.2642198240155
0.0, 104.2642198240155
8850.870674669837, 4478.011303272906
0.0, 8850.870674669837
3018.6323553763755, 5832.238319293461
0.0, 3018.6323553763755
122.32194325829674, 2896.3104121180786
0.0, 122.32194325829674
106.17925100370194, 16.142692254594806
0.0, 106.17925100370194
0.0, 106.17925100370194
