node_generations, branch_length
1216.0514405770552, 11843.303131208095
838.847222380887, 377.2042181961682
0.0, 838.847222380887
760.7681373291814, 78.07908505170565
0.0, 760.7681373291814
542.0872273520694, 218.68090997711204
0.0, 542.0872273520694
0.0, 542.0872273520694
1100.5313890779853, 115.52005149906995
0.0, 1100.5313890779853
1009.555823296281, 90.97556578170429
0.0, 1009.555823296281
574.4449318301668, 435.11089146611425
0.0, 574.4449318301668
558.4854068045687, 15.959525025598055
508.14141041583105, 50.34399638873765
0.0, 508.14141041583105
502.12824467015884, 6.013165745672211
0.0, 502.12824467015884
0.0, 502.12824467015884
528.9041213101333, 29.581285494435406
0.0, 528.9041213101333
521.8456675105892, 7.058453799544054
0.0, 521.8456675105892
508.6505341917999, 13.195133318789317
0.0, 508.6505341917999
0.0, 508.6505341917999
4692.447748745345, 8366.906823039804
0.0, 4692.447748745345
887.3883884853243, 3805.0593602600206
0.0, 887.3883884853243
694.3510431093662, 193.03734537595813
531.3662414468783, 162.98480166248783
0.0, 531.3662414468783
0.0, 531.3662414468783
672.7578813584281, 21.593161750938066
0.0, 672.7578813584281
0.0, 672.7578813584281
