Node, generations
Node 2117, 23367.630412794377
Node 1397, 1696.396601749342
Node 1061, 1044.5864094499404
Node 818, 1008.75674391807
Node 146, 319.709102452607
Node 1292, 1262.1626110428408
Node 1225, 1156.8884208368693
Node 237, 503.10517909532376
Node 1201, 1125.4281527652684
Node 1621, 7851.314656632122
Node 1334, 1375.8371366764704
Node 1127, 1069.29313619634
Node 948, 1020.9900853129558
Node 1069, 1047.4644812810068
Node 117, 251.16834251611064
Node 1298, 1274.1650837041154
Node 1147, 1076.4200705418145
Node 609, 1001.1996887090993
Node 65, 64.33135654631306
Node 1139, 1073.8087951339712
Node 1234, 1167.0636693876647
Node 1210, 1137.2553945606662
Node 1206, 1132.4125915963846
Node 1176, 1099.0203642441993
Node 79, 113.1820598024994
Node 1040, 1038.048160787673
Node 339, 679.8451700957596
Node 1387, 1642.5397608547476
Node 1221, 1153.7895354841883
Node 1196, 1121.8287503740576
Node 1035, 1037.3443625234477
Node 983, 1027.1361911927174
Node 978, 1026.1555115391368
Node 1099, 1057.9344804266627
Node 112, 240.40624134614163
Node 1024, 1035.177027624574
Node 993, 1028.4995562700985
Node 87, 143.2487920290823
Node 1214, 1140.326848229516
Node 1313, 1311.9577389912677
Node 1235, 1168.610756255482
Node 846, 1010.6346859027972
Node 125, 274.6694792292566
Node 1272, 1222.6204598417878
Node 1270, 1221.0557908802475
Node 1252, 1192.3094072839988
Node 1230, 1165.1672632400969
Node 342, 684.669087771425
Node 161, 345.23876713864524
Node 251, 523.3140413254638
Node 761, 1006.2529472912871
Node 1268, 1217.4121785346258
Node 1165, 1088.236690711381
Node 921, 1017.4570948343436
Node 227, 493.05498098825274
Node 66, 65.45467127203791
Node 1129, 1069.8661976319988
Node 365, 728.1157813677589
Node 337, 674.5282843940166
