node_generations, branch_length
4368.808565505343, 43078.46770445284
214.99945983699655, 4153.809105668346
0.0, 214.99945983699655
0.0, 214.99945983699655
742.9203462623794, 3625.8882192429633
222.46637260128782, 520.4539736610916
0.0, 222.46637260128782
0.0, 222.46637260128782
382.32882935182715, 360.5915169105523
0.0, 382.32882935182715
0.0, 382.32882935182715
15833.197346981033, 31614.078922977154
1017.1994413114757, 14815.997905669557
611.0006101756866, 406.1988311357891
278.84317871221714, 332.15743146346944
0.0, 278.84317871221714
217.9072593783639, 60.935919333853235
0.0, 217.9072593783639
0.0, 217.9072593783639
448.39857533862335, 162.60203483706323
0.0, 448.39857533862335
209.93560852836433, 238.46296681025902
0.0, 209.93560852836433
0.0, 209.93560852836433
976.1940830297708, 41.005358281704844
0.0, 976.1940830297708
0.0, 976.1940830297708
1358.1648585194175, 14475.032488461615
0.0, 1358.1648585194175
840.4138003836894, 517.7510581357282
392.1399523506687, 448.27384803302067
0.0, 392.1399523506687
0.0, 392.1399523506687
802.6115086798643, 37.80229170382506
0.0, 802.6115086798643
411.4931921086284, 391.1183165712359
0.0, 411.4931921086284
0.0, 411.4931921086284
