Node, generations
Node 2885, 26134.195113927453
Node 1466, 5593.003095470937
Node 623, 954.6135396736361
Node 236, 213.62588565902604
Node 215, 211.48874637179935
Node 477, 320.6011273066463
Node 414, 271.1207916323623
Node 295, 224.78677603373063
Node 108, 201.46406613729798
Node 311, 228.08873857178054
Node 155, 204.6388410762118
Node 2733, 21963.999832110705
Node 1325, 4745.770989854312
Node 863, 2209.1817466015937
Node 435, 282.4448066193921
Node 245, 214.0568697631246
Node 491, 331.398320477607
Node 482, 325.032280521719
Node 337, 236.33482634296666
Node 240, 213.94025862044717
Node 190, 208.10088477295628
Node 320, 231.44315289856956
Node 60, 13.239386121365923
Node 385, 253.78497749561524
Node 1021, 2964.221012125452
Node 573, 646.2424052419263
Node 446, 289.60666586482165
Node 62, 36.44326105914081
Node 536, 392.9163955506523
Node 449, 291.04857917476596
Node 297, 224.95004531965657
Node 1820, 8635.716531038473
Node 829, 2048.1951855758775
Node 500, 340.39210721762834
Node 492, 334.1034474857483
Node 300, 225.69489118019519
Node 163, 205.2398335590605
Node 67, 84.79498947764455
Node 512, 351.7180699310949
Node 275, 219.52868374986465
Node 194, 208.43272282106352
Node 506, 346.07437671955034
Node 261, 217.20263607740623
Node 1675, 7279.693002849071
Node 775, 1765.7337801931028
Node 213, 210.65133527446403
Node 1043, 3103.2822386563707
Node 456, 295.9311365208118
Node 450, 291.66023947131913
Node 212, 210.58223114479904
Node 198, 208.9756047546577
Node 132, 202.98056877244065
Node 144, 203.97993574290956
Node 412, 270.6962171970283
Node 140, 203.56185543506407
Node 375, 248.8993581961063
Node 232, 213.12587549981714
Node 498, 338.4324055134351
Node 413, 270.88119183349767
