Node, generations
Node 1284, 11780.095822424208
Node 936, 1631.8904644005675
Node 714, 1083.0939488712038
Node 586, 1026.2579623760594
Node 366, 1002.7570031703498
Node 831, 1201.744217306571
Node 818, 1180.087621855126
Node 782, 1132.8713078915475
Node 606, 1030.0171319546746
Node 581, 1024.0588006316627
Node 803, 1163.55960803989
Node 747, 1101.1495544522934
Node 795, 1148.4477702640468
Node 150, 564.2542127689451
Node 745, 1098.7482397942395
Node 540, 1015.9761352206604
Node 189, 694.7450608665531
Node 70, 264.68712375141934
Node 627, 1038.352689972551
Node 1099, 5379.987000797349
Node 956, 1750.0026951987968
Node 821, 1183.9682778380052
Node 817, 1179.650701848257
Node 291, 950.634462039883
Node 675, 1058.4947886620766
Node 928, 1578.4619435327177
Node 784, 1133.8839355950472
Node 505, 1012.5081898448643
Node 690, 1066.433173631086
Node 1052, 2590.4328843965845
Node 755, 1107.526443983517
Node 598, 1028.4944858387253
Node 445, 1007.5728440474041
Node 427, 1006.3834824409591
Node 54, 161.56024742050803
Node 766, 1119.479013815679
Node 723, 1090.6374361239796
Node 322, 1000.4550444584369
Node 59, 199.03353838623644
