Node, generations
Node 1905, 2781.8788793148055
Node 1835, 1906.017408716921
Node 1472, 1054.5678592195327
Node 1440, 1044.1181135384275
Node 1330, 1021.7721188676867
Node 186, 259.85081276128165
Node 1391, 1031.579383611436
Node 1303, 1018.2414024123666
Node 97, 89.42528635339106
Node 1722, 1336.8079201275004
Node 1683, 1254.9355585700337
Node 1304, 1018.2511292074674
Node 1660, 1203.1275303562543
Node 1491, 1063.8381816174697
Node 1158, 1008.3997970557963
Node 457, 591.2019547519425
Node 138, 192.14652343525754
Node 1387, 1031.159803852411
Node 1327, 1020.656600008209
Node 1239, 1013.0970308535507
Node 486, 615.3754334608838
Node 237, 319.29984660564475
Node 1180, 1009.4632651268234
Node 415, 555.0071406272002
Node 101, 99.50835067833083
Node 80, 2.7057031563488874
Node 1174, 1009.2871471108176
Node 1584, 1126.8884132672006
Node 598, 705.207720829653
Node 119, 145.4353075916024
Node 1506, 1069.6451704745293
Node 857, 969.4597917707428
Node 577, 692.2946258333162
Node 1122, 1006.6182566038473
Node 311, 436.2432015351254
Node 108, 126.94063442259855
Node 1698, 1279.9221336506807
Node 1680, 1250.9245235453814
Node 1240, 1013.1762454378859
Node 1574, 1117.8300355093938
Node 945, 1001.266223605148
Node 1876, 2410.881079960726
Node 1737, 1372.743327427626
Node 1735, 1369.3967137394468
Node 1586, 1127.568398318344
Node 1410, 1037.1628213532465
Node 1191, 1009.6926301369136
Node 105, 115.53438191792854
Node 159, 215.56760758746896
Node 1573, 1115.6028960630092
Node 1464, 1052.0420029714821
Node 1283, 1016.13117064789
Node 1384, 1030.5120888370225
Node 1295, 1017.255984329219
Node 1673, 1235.3346567769388
Node 455, 587.5566162172289
Node 1623, 1154.3023061535512
Node 1324, 1020.480202032606
Node 211, 296.51979085874746
Node 208, 292.67719119025236
Node 1761, 1443.403149972582
Node 1429, 1041.8040262685213
Node 262, 363.42998592210193
Node 1757, 1429.372561453268
Node 1630, 1160.755509058445
Node 1380, 1030.0047522846562
Node 84, 41.40561617818231
Node 1604, 1145.4805000648587
Node 1431, 1042.2011688464916
Node 1371, 1028.9747670412182
Node 88, 48.74220756146575
Node 1532, 1087.4683788230727
Node 1309, 1018.6386459484694
Node 1484, 1060.8330770258574
Node 1298, 1017.6044610764953
Node 657, 768.8784593330813
Node 1647, 1186.3332612141046
Node 1522, 1080.5806648422458
Node 1372, 1029.1352572193969
