Node, generations
Node 1578, 3075.928224820596
Node 1461, 1673.077788134535
Node 1374, 1360.7962024350225
Node 155, 323.70276864194153
Node 1377, 1367.5474132615325
Node 999, 1021.1126959698406
Node 1332, 1273.6120764559348
Node 1053, 1031.248456527431
Node 229, 468.49585256389474
Node 154, 316.48776535070925
Node 1213, 1094.0518456381353
Node 1076, 1037.3723580315652
Node 318, 627.1899127370089
Node 967, 1016.8402609757558
Node 801, 1005.7575092222179
Node 1098, 1042.442216115489
Node 1516, 1993.9049681389324
Node 1423, 1496.4301104380768
Node 1282, 1165.0018966420002
Node 108, 222.880635152108
Node 1233, 1114.1109982936343
Node 1145, 1055.131794876633
Node 667, 1001.3892938902
Node 1134, 1052.1828349647014
Node 1051, 1030.9509989028898
Node 132, 267.63614844446306
Node 1152, 1057.0971358642853
Node 307, 611.2992288331443
Node 1097, 1042.2130715759124
Node 1308, 1221.5858944716947
Node 119, 246.032951342239
Node 917, 1012.7867949146557
Node 85, 148.02432743943112
Node 1496, 1864.47683532053
Node 1249, 1123.9942355604794
Node 1037, 1027.5980345522757
Node 749, 1003.8116670724663
Node 1478, 1758.3345321670017
Node 1360, 1323.8439869659405
Node 1222, 1102.7218154399832
Node 1153, 1057.802744271183
Node 1103, 1044.1355055793238
Node 1121, 1049.1530149571684
Node 1313, 1238.9812588466482
Node 1252, 1128.6807059266607
Node 766, 1004.4542924131024
Node 1261, 1140.8931262395654
Node 86, 148.99594064878403
Node 1031, 1026.1434929536865
Node 150, 305.0669113201704
Node 1388, 1394.142341871885
Node 1267, 1147.3951449204437
Node 1111, 1046.9473304095895
Node 80, 142.24459837245004
Node 1286, 1170.8789903334953
Node 310, 614.4450961697572
Node 1235, 1114.2344007930647
Node 137, 280.2560197757163
Node 673, 1001.4570185824621
