node_generations, branch_length
992.5134792947774, 3644.7753751737228
0.0, 992.5134792947774
594.9998413201465, 397.5136379746309
0.0, 594.9998413201465
344.2664368805539, 250.73340443959262
0.0, 344.2664368805539
326.82316981252404, 17.443267068029854
0.0, 326.82316981252404
0.0, 326.82316981252404
1269.7766725580323, 3367.512181910468
470.2801868183999, 799.4964857396324
0.0, 470.2801868183999
223.67463669375115, 246.60555012464874
0.0, 223.67463669375115
0.0, 223.67463669375115
803.6706682555645, 466.1060043024678
493.9323265630986, 309.73834169246584
346.82570845334646, 147.10661810975216
0.0, 346.82570845334646
0.0, 346.82570845334646
395.0964393901862, 98.83588717291241
255.61861820913188, 139.47782118105434
0.0, 255.61861820913188
228.32522893858606, 27.293389270545816
0.0, 228.32522893858606
0.0, 228.32522893858606
385.11424320785926, 9.982196182326959
0.0, 385.11424320785926
323.0362610186006, 62.07798218925865
0.0, 323.0362610186006
0.0, 323.0362610186006
722.5959794398416, 81.07468881572288
0.0, 722.5959794398416
310.8666545041365, 411.7293249357051
0.0, 310.8666545041365
247.19685222317156, 63.669802280964916
0.0, 247.19685222317156
0.0, 247.19685222317156
