Node, generations
Node 1373, 12816.359633370863
Node 867, 1225.7615351501559
Node 229, 790.6306720327692
Node 1114, 2819.1715360560406
Node 1035, 1823.3157163509452
Node 1014, 1708.4342423530059
Node 760, 1080.6409688293006
Node 626, 1028.1424777416014
Node 566, 1017.0458961492517
Node 292, 920.2168192187946
Node 263, 874.4655711794741
Node 526, 1011.4484296835915
Node 521, 1010.8007213926742
Node 633, 1029.5259443715174
Node 852, 1198.228857353896
Node 285, 912.9998178340775
Node 751, 1078.0155615336655
Node 651, 1034.6886436623975
Node 86, 329.0266002118545
Node 699, 1051.6000513785516
Node 1017, 1717.5832346994896
Node 862, 1215.7515069059498
Node 822, 1148.3422044854442
Node 192, 667.8004047517999
Node 935, 1368.488389810115
Node 818, 1137.3751795705089
Node 704, 1053.6220848201851
Node 112, 428.4483759213369
Node 150, 549.7489178156239
Node 909, 1294.3282380366727
Node 1077, 2158.066018241635
Node 1068, 2095.0405213056342
Node 979, 1550.5750841145582
Node 872, 1229.1176367334394
Node 89, 337.261679500868
Node 939, 1372.631956151242
Node 925, 1345.989333672298
Node 518, 1010.5886554863815
Node 177, 623.7684284285887
