Node, generations
Node 2260, 38282.66798120943
Node 1371, 13139.967538360379
Node 674, 4983.423430093519
Node 71, 230.90720378872513
Node 1364, 12920.006051101791
Node 884, 7122.195507366205
Node 157, 367.3621443257078
Node 144, 341.88851346029384
Node 72, 231.34397730235673
Node 133, 309.7111107828046
Node 131, 307.35623309747393
Node 70, 230.86962623606476
Node 27, 201.77169073258392
Node 59, 222.93902056871792
Node 49, 211.72397138385404
Node 506, 3658.0876946399726
Node 58, 220.92302964857558
Node 126, 296.63269138932804
Node 118, 284.1165168674307
