node_generations, branch_length
161.12539870379788, 34218.765530276505
0.0, 161.12539870379788
0.0, 161.12539870379788
22772.358919654194, 11607.53200932611
8559.64060522734, 14212.718314426855
296.77833188230437, 8262.862273345036
0.0, 296.77833188230437
158.17864095453487, 138.5996909277695
0.0, 158.17864095453487
133.4202663745197, 24.758374580015158
0.0, 133.4202663745197
0.0, 133.4202663745197
8113.202837903514, 446.43776732382594
246.12095133605564, 7867.081886567458
0.0, 246.12095133605564
0.0, 246.12095133605564
3043.601139875504, 5069.601698028009
156.63765347926744, 2886.9634863962365
0.0, 156.63765347926744
0.0, 156.63765347926744
2153.279571362359, 890.3215685131449
174.12899827244502, 1979.1505730899141
0.0, 174.12899827244502
0.0, 174.12899827244502
210.21216561089875, 1943.0674057514602
0.0, 210.21216561089875
186.27015164918677, 23.94201396171198
0.0, 186.27015164918677
109.6152248986435, 76.65492675054327
0.0, 109.6152248986435
0.0, 109.6152248986435
9917.64527340608, 12854.713646248114
1908.6044687501535, 8009.040804655927
202.10237288324316, 1706.5020958669104
0.0, 202.10237288324316
183.52019761667688, 18.58217526656628
0.0, 183.52019761667688
129.16443472659964, 54.355762890077244
0.0, 129.16443472659964
0.0, 129.16443472659964
878.6121291923181, 1029.9923395578353
111.85261864874364, 766.7595105435745
0.0, 111.85261864874364
100.9378991954102, 10.914719453333447
0.0, 100.9378991954102
0.0, 100.9378991954102
126.48231513029292, 752.1298140620252
0.0, 126.48231513029292
107.2984444705777, 19.18387065971521
0.0, 107.2984444705777
38.85762925511539, 68.44081521546232
0.0, 38.85762925511539
0.0, 38.85762925511539
4150.653516024923, 5766.991757381157
0.0, 4150.653516024923
3243.096825095253, 907.5566909296704
2368.393584784779, 874.703240310474
0.0, 2368.393584784779
0.0, 2368.393584784779
2604.292807720121, 638.8040173751319
246.5119371813203, 2357.7808705388006
191.30012047340475, 55.211816707915546
0.0, 191.30012047340475
187.65000165708287, 3.6501188163218785
0.0, 187.65000165708287
0.0, 187.65000165708287
202.93018476229636, 43.58175241902393
0.0, 202.93018476229636
111.37701045484313, 91.55317430745323
0.0, 111.37701045484313
0.0, 111.37701045484313
292.3074979388713, 2311.9853097812497
0.0, 292.3074979388713
273.1622726616961, 19.1452252771752
0.0, 273.1622726616961
140.8898405052858, 132.27243215641028
0.0, 140.8898405052858
0.0, 140.8898405052858
