Node, generations
Node 1706, 138194.45410787707
Node 360, 926.7392305834655
Node 289, 730.0152600147139
Node 196, 570.0256044651655
Node 204, 580.1787984922752
Node 336, 844.5714308966453
Node 269, 686.606422180811
Node 89, 511.0048823140379
Node 237, 622.1229798148277
Node 180, 558.7693297571861
Node 578, 5828.566581395591
Node 319, 785.0941904029615
Node 229, 610.9726796768916
Node 218, 596.6975257354856
Node 91, 511.4625346838268
Node 249, 641.9633509447243
Node 526, 2360.9813171913884
Node 430, 1265.8782913204745
Node 308, 765.345208153965
