Node, generations
Node 1841, 26638.965609545143
Node 712, 4129.759340795342
Node 689, 3863.333373525338
Node 373, 1128.8558914845587
Node 319, 1080.7621061963414
Node 472, 1331.3101086666145
Node 422, 1208.8968363704464
Node 897, 6671.831883253586
Node 423, 1214.2527945648333
Node 408, 1189.417010233047
Node 369, 1121.388527983251
Node 250, 1041.7485218842303
Node 708, 4093.31650443878
Node 459, 1293.5423167991376
Node 189, 1013.4748784311846
Node 390, 1159.7773237286465
Node 326, 1088.5055234094514
Node 550, 2150.5154491111016
Node 239, 1034.359488600385
