node_generations, branch_length
0.0, 6624.900834699328
4319.25588531613, 2305.644949383198
0.0, 4319.25588531613
3766.2083158814203, 553.0475694347097
321.6271970749868, 3444.5811188064336
0.0, 321.6271970749868
118.57350340677246, 203.05369366821432
0.0, 118.57350340677246
30.450242100033613, 88.12326130673884
0.0, 30.450242100033613
27.3662280270999, 3.084014072933712
0.0, 27.3662280270999
16.734194578193037, 10.632033448906864
0.0, 16.734194578193037
12.785282393720266, 3.9489121844727713
0.0, 12.785282393720266
0.0, 12.785282393720266
3179.5127874063655, 586.6955284750547
0.0, 3179.5127874063655
3077.049057805226, 102.46372960113968
0.0, 3077.049057805226
1675.0170762521145, 1402.0319815531113
100.30654151801635, 1574.7105347340982
0.0, 100.30654151801635
0.0, 100.30654151801635
1383.5501019280593, 291.4669743240552
8.54973864185788, 1375.0003632862015
0.0, 8.54973864185788
0.0, 8.54973864185788
573.6750663482337, 809.8750355798256
101.75816271101218, 471.91690363722154
0.0, 101.75816271101218
0.0, 101.75816271101218
161.60652475615552, 412.0685415920782
0.0, 161.60652475615552
61.9069153762734, 99.69960937988212
0.0, 61.9069153762734
0.0, 61.9069153762734
