Node, generations
Node 1831, 77706.93247549143
Node 456, 598.7440516674208
Node 40, 1.2871033706507942
Node 155, 501.81028956457806
Node 747, 1722.2237538829033
Node 627, 916.0456620401706
Node 213, 508.91795701358757
Node 550, 703.8667401545458
Node 445, 586.9010164085422
Node 370, 536.9044838204925
Node 450, 592.692342674472
Node 725, 1469.0652688614095
Node 633, 937.0442733725558
Node 476, 615.7012680172069
Node 325, 526.1158001348584
Node 457, 598.7497902640081
Node 429, 578.3779020587735
Node 99, 410.7900358166429
Node 491, 626.3069424288784
Node 336, 528.7567192699526
Node 84, 373.5075478220118
Node 473, 612.2358341186479
Node 368, 536.5310162279352
Node 692, 1245.0890921288744
Node 657, 1028.650044484132
Node 496, 629.4372488878317
Node 437, 581.8253426498037
Node 322, 525.6407318570156
Node 628, 917.0285980885074
Node 449, 591.2203794409655
Node 425, 572.7172787543967
Node 47, 135.16193273524786
Node 411, 559.6390315912598
Node 354, 533.666931124953
Node 369, 536.7117921668171
Node 440, 583.3639661344266
Node 553, 706.8559539870201
Node 395, 549.0242840705183
Node 459, 599.207192614168
