node_generations, branch_length
1532.3538986920305, 14626.245127960628
0.0, 1532.3538986920305
1058.1764189409623, 474.1774797510682
0.0, 1058.1764189409623
1035.0072885907596, 23.16913035020275
0.0, 1035.0072885907596
1034.7045663201736, 0.3027222705859458
0.0, 1034.7045663201736
0.0, 1034.7045663201736
8152.276570873545, 8006.322455779114
1671.0490644354256, 6481.227506438119
0.0, 1671.0490644354256
1205.5482394381477, 465.50082499727796
0.0, 1205.5482394381477
1112.1816942733872, 93.36654516476051
0.0, 1112.1816942733872
0.0, 1112.1816942733872
2025.9260192926583, 6126.3505515808865
1264.2150172716101, 761.7110020210482
1014.1119427938055, 250.10307447780463
0.0, 1014.1119427938055
0.0, 1014.1119427938055
1149.1110638072475, 115.10395346436258
0.0, 1149.1110638072475
1121.882362664223, 27.228701143024637
0.0, 1121.882362664223
0.0, 1121.882362664223
1712.7566556222255, 313.16936367043286
1049.638009529832, 663.1186460923934
0.0, 1049.638009529832
0.0, 1049.638009529832
1089.866009960463, 622.8906456617624
0.0, 1089.866009960463
1060.0328726339499, 29.833137326513224
0.0, 1060.0328726339499
225.11043738147677, 834.9224352524731
0.0, 225.11043738147677
0.0, 225.11043738147677
