node_generations, branch_length
2502.7294304029547, 13554.07346815146
0.0, 2502.7294304029547
2145.0852920166362, 357.64413838631845
0.0, 2145.0852920166362
1744.8731327253142, 400.212159291322
1032.015183155657, 712.8579495696572
0.0, 1032.015183155657
0.0, 1032.015183155657
1423.1169859973434, 321.7561467279709
0.0, 1423.1169859973434
1231.2437465229973, 191.87323947434606
0.0, 1231.2437465229973
1089.6416931491067, 141.6020533738906
0.0, 1089.6416931491067
1041.3674196011636, 48.27427354794304
0.0, 1041.3674196011636
0.0, 1041.3674196011636
2964.776907305874, 13092.025991248542
1503.8513754887344, 1460.9255318171395
1005.2237851112252, 498.62759037750925
0.0, 1005.2237851112252
0.0, 1005.2237851112252
1344.0396686866504, 159.81170680208402
0.0, 1344.0396686866504
0.0, 1344.0396686866504
1687.7737908751951, 1277.0031164306788
0.0, 1687.7737908751951
1384.8347435250548, 302.9390473501403
1038.3026952650266, 346.5320482600282
0.0, 1038.3026952650266
330.1535544703746, 708.149140794652
0.0, 330.1535544703746
0.0, 330.1535544703746
1069.6813856206818, 315.153357904373
0.0, 1069.6813856206818
1001.5812558252022, 68.10012979547957
0.0, 1001.5812558252022
0.0, 1001.5812558252022
