Node, generations
Node 3879, 159222.0464833408
Node 2116, 12349.608679617046
Node 125, 127.70251690640676
Node 1406, 5776.695770444472
Node 172, 155.95838614022654
Node 821, 2536.180489029939
Node 580, 1639.0774105278917
Node 58, 103.92220392172528
Node 60, 104.4017152644743
Node 601, 1708.9434733372034
Node 176, 159.32781145464162
Node 93, 115.03754195756476
Node 47, 94.70592937239704
Node 57, 103.91214576431821
Node 133, 129.8978635241637
Node 2202, 13746.085796606229
Node 1158, 4216.52695900008
Node 244, 249.0968733489411
Node 168, 150.298152155635
Node 91, 114.46375976326387
Node 1051, 3620.8501660536153
Node 137, 132.6826839331249
Node 981, 3285.6764238492765
Node 327, 665.0707545684668
Node 916, 2965.519478519132
Node 40, 13.830553213675481
Node 534, 1460.868888318598
Node 141, 134.37345652056774
Node 100, 117.14924380693549
Node 43, 52.29269226456737
Node 171, 154.65574035323866
Node 134, 131.25215791913422
Node 1795, 8624.405866145298
Node 881, 2812.3154116719866
Node 386, 858.9768853496995
Node 227, 226.3046834585603
Node 199, 186.840843558508
Node 173, 156.84981381081693
Node 623, 1768.7870409976713
