node_generations, branch_length
4381.135101505133, 39811.53700062098
1133.2711689801897, 3247.8639325249433
1017.231618617642, 116.03955036254774
0.0, 1017.231618617642
751.7564221719467, 265.47519644569525
0.0, 751.7564221719467
0.0, 751.7564221719467
1128.8910910985353, 4.380077881654415
0.0, 1128.8910910985353
1115.3555525392887, 13.535538559246561
0.0, 1115.3555525392887
1086.1760061536477, 29.17954638564106
0.0, 1086.1760061536477
118.53947478042602, 967.6365313732217
0.0, 118.53947478042602
0.0, 118.53947478042602
1268.1247933406557, 3113.0103081644775
1019.6080265428612, 248.5167667977945
97.25009437779208, 922.3579321650692
0.0, 97.25009437779208
0.0, 97.25009437779208
1010.9757994910609, 8.632227051800328
0.0, 1010.9757994910609
0.0, 1010.9757994910609
1147.6492921216188, 120.47550121903691
897.6158706436217, 250.03342147799708
0.0, 897.6158706436217
0.0, 897.6158706436217
1033.6950114845108, 113.95428063710801
0.0, 1033.6950114845108
0.0, 1033.6950114845108
23389.551413545683, 20803.120688580428
1993.7369972101208, 21395.81441633556
1008.8136212114649, 984.9233759986558
0.0, 1008.8136212114649
0.0, 1008.8136212114649
1145.434051042061, 848.3029461680599
0.0, 1145.434051042061
1005.7339305305138, 139.70012051154708
0.0, 1005.7339305305138
1000.8215034156469, 4.912427114866887
0.0, 1000.8215034156469
539.4980026930948, 461.3235007225521
0.0, 539.4980026930948
0.0, 539.4980026930948
3425.5439301601623, 19964.00748338552
1176.5381900657212, 2249.005740094441
0.0, 1176.5381900657212
1090.4698325764045, 86.06835748931667
0.0, 1090.4698325764045
0.0, 1090.4698325764045
1636.4175088033128, 1789.1264213568495
0.0, 1636.4175088033128
1528.3551263280876, 108.06238247522515
1161.431636709163, 366.9234896189246
0.0, 1161.431636709163
1133.9269827106602, 27.504653998502818
0.0, 1133.9269827106602
1061.4344941294974, 72.49248858116289
509.8274786317432, 551.6070154977542
0.0, 509.8274786317432
293.8957798499813, 215.9316987817619
0.0, 293.8957798499813
0.0, 293.8957798499813
1023.3974763070912, 38.03701782240614
0.0, 1023.3974763070912
0.0, 1023.3974763070912
1405.5386075862743, 122.8165187418133
0.0, 1405.5386075862743
1287.9527820198005, 117.58582556647389
1026.5573149794743, 261.39546704032614
0.0, 1026.5573149794743
0.0, 1026.5573149794743
1227.1552443146495, 60.797537705150944
0.0, 1227.1552443146495
1138.9972814915163, 88.15796282313318
0.0, 1138.9972814915163
0.0, 1138.9972814915163
