node_generations, branch_length
0.0, 10106.199924022718
2383.72494004182, 7722.474983980897
1345.2156262546814, 1038.5093137871386
0.0, 1345.2156262546814
1132.481652241459, 212.73397401322245
1074.6459727567412, 57.83567948471773
0.0, 1074.6459727567412
1023.2141130724585, 51.4318596842827
0.0, 1023.2141130724585
0.0, 1023.2141130724585
1104.312870685606, 28.168781555853002
0.0, 1104.312870685606
1025.0371668485443, 79.27570383706166
0.0, 1025.0371668485443
0.0, 1025.0371668485443
2206.810349828394, 176.91459021342598
1737.4714216931047, 469.3389281352893
0.0, 1737.4714216931047
1349.8731448974602, 387.59827679564455
0.0, 1349.8731448974602
282.1366000059613, 1067.7365448914989
0.0, 282.1366000059613
0.0, 282.1366000059613
1980.855528101826, 225.95482172656807
0.0, 1980.855528101826
1301.4928717843043, 679.3626563175217
1009.8665223791028, 291.6263494052015
0.0, 1009.8665223791028
586.3626485131066, 423.5038738659962
0.0, 586.3626485131066
0.0, 586.3626485131066
1295.2064953651247, 6.286376419179533
0.0, 1295.2064953651247
1125.6612840091382, 169.54521135598657
0.0, 1125.6612840091382
1039.5983917624196, 86.06289224671855
0.0, 1039.5983917624196
0.0, 1039.5983917624196
