Node, generations
Node 3006, 29542.69534761494
Node 2008, 11044.542952650161
Node 130, 112.56353661378601
Node 1032, 4270.854393857468
Node 124, 100.32834930265896
Node 103, 77.09864147443842
Node 119, 97.35681876648965
Node 42, 12.917059970337709
Node 109, 85.83387887052031
Node 49, 21.042615884862442
Node 153, 144.04908581284363
Node 87, 59.604733924681334
Node 59, 33.893616189244696
Node 46, 17.96813909831642
Node 40, 3.2577991309287766
Node 140, 126.24113244883873
Node 98, 73.36521869541343
Node 66, 41.947325275291576
Node 44, 14.973406917587997
Node 84, 57.299861264522704
Node 2725, 22299.337803753016
Node 1036, 4283.926580959504
Node 190, 492.87850723643595
Node 772, 3140.8732723143394
Node 67, 42.92615211239211
Node 142, 126.7566554088065
Node 116, 93.87198056737829
Node 115, 92.8035460045648
Node 52, 23.63276156801632
Node 2307, 14734.00951131955
Node 2052, 11550.806289400003
Node 600, 2663.3451733368515
Node 45, 16.353852814501963
Node 75, 48.868239207590065
Node 893, 3609.867156786643
Node 560, 2563.862057569758
Node 330, 2067.251255438382
Node 70, 44.42333815594418
Node 123, 100.00599205904118
