Node, generations
Node 2120, 37300.16198614891
Node 722, 5731.028278835596
Node 86, 198.39224392477658
Node 69, 141.2882572588597
Node 84, 192.10478761493215
Node 22, 56.159676510196114
Node 101, 229.18132570938403
Node 1503, 18440.943360909456
Node 1075, 10276.885867979061
Node 507, 3937.5674193783343
Node 98, 222.52434509013233
Node 66, 137.1535405807578
Node 23, 57.363926706720015
Node 114, 400.773416406768
Node 798, 6574.802574874248
Node 67, 137.15604513959798
Node 271, 1932.2594361839008
Node 29, 77.04647805509491
Node 75, 161.19215967252433
