Node, generations
Node 1850, 11807.679155872844
Node 1266, 5875.0599896014655
Node 1230, 5522.520147688037
Node 294, 321.82109624406746
Node 193, 234.18048147288317
Node 1043, 4354.919487251397
Node 297, 323.992581977061
Node 239, 257.4906432420152
Node 54, 190.2352175584388
Node 659, 2249.771781320022
Node 637, 2145.214338501116
Node 440, 1137.5068603186494
Node 245, 262.43317732274414
Node 1501, 7860.427555306922
Node 721, 2576.2122166866393
Node 206, 240.17547467065495
Node 162, 221.35453586621915
Node 195, 234.6420228310833
Node 679, 2354.455588721872
Node 316, 353.9124014871042
Node 136, 214.29246356968676
Node 285, 311.0786181701148
Node 246, 262.5517582320895
Node 167, 222.3423034678607
Node 367, 658.1074084646712
Node 254, 271.5807376432004
Node 233, 256.1055880487056
Node 1197, 5241.964356249698
Node 287, 315.1055024667902
Node 255, 272.0283991825808
Node 259, 275.4460351842367
Node 170, 223.39959416436454
Node 92, 206.43874280658935
Node 43, 65.22051535258228
Node 256, 272.5892859629128
Node 205, 239.67862947029352
Node 151, 217.0269084317247
Node 501, 1475.4169976078529
Node 159, 220.20150258572883
