Node, generations
Node 3610, 60988.50539332988
Node 1681, 7495.218601269482
Node 405, 496.3092064957536
Node 104, 104.15345098888281
Node 875, 2527.884189491828
Node 340, 205.03618233467466
Node 294, 172.13022398779344
Node 88, 102.56024106913523
Node 236, 132.6225617865251
Node 227, 129.93618961609423
Node 214, 125.59183801069986
Node 789, 2197.0792936644334
Node 702, 1808.6268553963203
Node 267, 151.85121400534302
Node 155, 112.00920746072681
Node 118, 106.17610845575308
Node 192, 119.29891382283256
Node 555, 1209.2994624948976
Node 246, 137.7126329279241
Node 112, 105.07317408571855
Node 216, 126.07295080629439
Node 145, 110.14872915624842
Node 160, 112.67634008938386
Node 74, 100.87429771817507
Node 252, 143.40191874095802
Node 770, 2083.071303151693
Node 418, 557.5065142358567
Node 128, 108.02459740672128
Node 253, 143.47524436621939
Node 111, 104.87708510923002
Node 587, 1330.7972137566708
Node 356, 219.86813384181565
Node 283, 156.83936790451568
Node 175, 116.35862245660003
Node 179, 116.72566446028706
Node 572, 1286.100378394468
Node 2815, 26130.470321724057
Node 2405, 16789.900940543226
Node 621, 1484.0393241990332
Node 291, 168.08175961090433
Node 60, 17.854031102813654
Node 277, 154.55111633985254
Node 547, 1170.9396031057433
Node 366, 235.32117225661915
Node 254, 143.4915470026906
Node 190, 119.13329793915555
Node 268, 151.98665505891768
Node 198, 120.77250968007863
Node 196, 120.38372674977806
Node 141, 109.37495132519692
Node 255, 143.74201807870875
Node 385, 402.15950557554385
Node 2257, 14402.39154852172
Node 296, 172.64202981583693
Node 87, 102.54607331387415
Node 579, 1304.3039189880105
Node 359, 224.69832679472378
Node 332, 199.56611766241835
Node 81, 101.60244814276913
