node_generations, branch_length
2485.0778535774352, 49993.29477284012
0.0, 2485.0778535774352
299.72566478217414, 2185.352188795261
0.0, 299.72566478217414
249.52664954176447, 50.199015240409665
0.0, 249.52664954176447
191.3033371860379, 58.22331235572656
103.4203335599329, 87.88300362610501
0.0, 103.4203335599329
0.0, 103.4203335599329
189.9200075802757, 1.3833296057622135
0.0, 189.9200075802757
121.37593429826602, 68.54407328200968
0.0, 121.37593429826602
120.65230070611734, 0.7236335921486727
0.0, 120.65230070611734
0.0, 120.65230070611734
25808.848975616962, 26669.523650800595
7695.948640528408, 18112.900335088554
0.0, 7695.948640528408
3800.9377095550335, 3895.0109309733743
0.0, 3800.9377095550335
1778.8113393047852, 2022.1263702502483
81.89422789173118, 1696.917111413054
0.0, 81.89422789173118
0.0, 81.89422789173118
623.4447520624011, 1155.366587242384
0.0, 623.4447520624011
0.0, 623.4447520624011
9798.226691303904, 16010.622284313058
297.23463240326237, 9500.992058900641
0.0, 297.23463240326237
118.78705071795673, 178.44758168530564
0.0, 118.78705071795673
0.0, 118.78705071795673
1287.58119583849, 8510.645495465415
0.0, 1287.58119583849
0.0, 1287.58119583849
