Node, generations
Node 2922, 29609.885497948228
Node 1114, 4237.015665574981
Node 980, 3499.8319296644286
Node 128, 107.80415419203113
Node 393, 316.85543616783696
Node 366, 220.21004635597822
Node 315, 174.68600266743726
Node 219, 131.10736155716884
Node 164, 114.42319349693626
Node 120, 106.68694462334334
Node 111, 105.49347443285839
Node 80, 101.88761294772532
Node 347, 196.2366168874574
Node 302, 167.19144501729065
Node 77, 101.44908826761042
Node 244, 139.85244117877738
Node 104, 104.69815396319784
Node 70, 100.66908837918861
Node 1049, 3799.1056909919575
Node 380, 235.93125075965798
Node 355, 208.3735845455648
Node 293, 161.4736264902517
Node 373, 231.9440821099072
Node 199, 125.06770843242761
Node 350, 199.32867187936884
Node 168, 114.8779760887074
Node 329, 180.81308772480935
Node 408, 463.164406100212
Node 357, 211.0128138293299
Node 371, 227.68559508948573
Node 2140, 13919.744865745084
Node 1490, 6687.93422308262
Node 160, 113.94718335563593
Node 1696, 8627.237624297326
Node 192, 121.68022876858825
Node 176, 116.64686581727116
Node 72, 100.78197622168058
Node 1053, 3843.3383771264535
Node 367, 223.6566107053835
Node 324, 178.28813954298795
Node 127, 107.66027759353321
Node 243, 138.93580578927003
Node 236, 137.2041017231139
Node 135, 108.72053481546038
Node 332, 184.1484908854009
Node 800, 2431.3030246291155
Node 422, 572.890220360205
Node 518, 1060.9073087214706
Node 421, 572.5620015840342
Node 364, 216.56286459634148
Node 319, 176.63647912071406
Node 286, 158.94482332448533
Node 206, 126.78255662846078
Node 264, 149.5346635630903
Node 247, 141.6240838474233
Node 148, 111.19646130326522
Node 100, 104.30746660696394
Node 465, 818.8979623910765
Node 297, 165.00459783167773
