Node, generations
Node 1204, 10812.480196263446
Node 722, 4695.523087101608
Node 382, 1211.6357060694222
Node 212, 1023.040155827388
Node 210, 1021.7161342389365
Node 713, 4536.96028098064
Node 461, 1521.9661778737684
Node 116, 1001.5306565148729
Node 203, 1018.7191048680241
Node 704, 4438.698506545706
Node 319, 1114.0665391340303
Node 508, 2441.400062835448
Node 318, 1110.172011585366
Node 31, 296.15624984689725
Node 257, 1053.2657381823983
Node 129, 1002.9769763325748
Node 411, 1293.958172333379
Node 99, 978.151252771851
Node 236, 1035.8648316184958
