node_generations, branch_length
876.6001169097493, 30975.211057033157
221.7729656223225, 654.8271512874269
193.39653293317673, 28.37643268914576
176.16820043379215, 17.228332499384578
0.0, 176.16820043379215
0.0, 176.16820043379215
186.37764554846154, 7.018887384715185
0.0, 186.37764554846154
0.0, 186.37764554846154
208.7241272712381, 13.048838351084385
0.0, 208.7241272712381
149.74985665522902, 58.97427061600908
0.0, 149.74985665522902
104.28400805024145, 45.46584860498757
0.0, 104.28400805024145
74.33685168873022, 29.947156361511233
0.0, 74.33685168873022
0.0, 74.33685168873022
316.3539601343014, 560.2461567754478
0.0, 316.3539601343014
194.7574864497405, 121.59647368456092
0.0, 194.7574864497405
176.27590561597097, 18.481580833769527
0.0, 176.27590561597097
0.0, 176.27590561597097
9626.402886940212, 22225.408287002698
194.5409920265362, 9431.861894913676
0.0, 194.5409920265362
0.0, 194.5409920265362
6277.613745533774, 3348.789141406438
0.0, 6277.613745533774
340.3358864153512, 5937.277859118422
155.62115846868429, 184.7147279466669
0.0, 155.62115846868429
0.0, 155.62115846868429
171.4995921389213, 168.8362942764299
0.0, 171.4995921389213
0.0, 171.4995921389213
