Node, generations
Node 3373, 24641.2133277157
Node 1784, 1411.7843087774174
Node 1494, 1049.3560507120978
Node 1487, 1047.1211819231942
Node 1468, 1040.7370525586582
Node 1460, 1039.6197199830974
Node 675, 832.344569561331
Node 175, 256.4527979202758
Node 1288, 1014.7838036788445
Node 1256, 1012.7789820554701
Node 1238, 1011.3383553520299
Node 1597, 1108.2371050655752
Node 1451, 1036.5282530543109
Node 2510, 8845.741830564863
Node 2226, 5873.382947952111
Node 1717, 1247.4528474197496
Node 153, 216.9139973133864
Node 884, 1000.1493835135273
Node 131, 174.5820656338689
Node 126, 169.19882848853953
Node 81, 24.170521297862788
Node 2145, 4968.339264408876
Node 1799, 1452.2332047787913
Node 320, 469.6638388185896
Node 1566, 1080.7133500228397
Node 500, 665.8917777653448
Node 2136, 4899.517505302479
Node 1629, 1130.95561257838
Node 1105, 1005.5848508949185
Node 1807, 1465.6317977992035
Node 1567, 1080.9788810776388
Node 1110, 1005.7608930901733
Node 1497, 1051.328229006695
Node 1482, 1045.6613138257005
Node 1360, 1021.1220457775544
Node 1344, 1019.5073783043033
Node 1489, 1047.7409146364912
Node 1107, 1005.6747936218145
Node 97, 100.9449163691957
Node 279, 420.86519425602245
Node 109, 135.46983010120735
Node 1789, 1427.985767673241
Node 1603, 1113.0677419897027
Node 1431, 1032.4392215445657
Node 616, 767.4638506020099
Node 518, 686.3951515038416
Node 1311, 1016.4011581572111
Node 86, 69.19071303297217
Node 314, 463.9087350823615
Node 235, 359.13832528431755
Node 1590, 1104.0202357428543
Node 1507, 1055.6417988980024
Node 1305, 1015.9564345344716
Node 1636, 1136.0899474434939
Node 1534, 1065.787307664809
Node 1372, 1022.4168529786026
Node 1594, 1106.0186447273366
Node 942, 1001.3587584479471
Node 1548, 1073.2954260889412
Node 2449, 8267.589401707537
Node 1716, 1244.9115157584472
Node 150, 215.42068051293188
Node 1465, 1040.118763323131
Node 209, 319.1833414522082
Node 1727, 1269.9725219658812
Node 1539, 1067.4256781646436
Node 1410, 1029.0957819926498
Node 1580, 1097.4723612504276
Node 1422, 1030.5881613168574
Node 1329, 1017.6344328515556
Node 1313, 1016.548970470162
Node 124, 164.2767566671903
Node 846, 981.9988834208959
Node 225, 347.4209958148515
Node 1406, 1027.8476328973818
Node 772, 909.65647617551
Node 714, 863.0977214623863
Node 301, 446.4694302956964
Node 1475, 1042.959850906996
