Node, generations
Node 3063, 28497.909668265216
Node 2336, 12647.552488510724
Node 1000, 1021.4633394467918
Node 257, 504.17571491673704
Node 70, 98.11223362776077
Node 1763, 5391.5342709904535
Node 1428, 1480.5794435713387
Node 1319, 1193.1011081451454
Node 886, 1011.0660188542837
Node 809, 1007.1756533710546
Node 1292, 1163.7305087805707
Node 1182, 1081.18673652163
Node 1170, 1073.5180164139397
Node 1003, 1022.0191737710575
Node 949, 1015.4460520629812
Node 129, 274.9063922527624
Node 1678, 4418.946304829038
Node 1415, 1446.081148148877
Node 1089, 1038.938170351168
Node 936, 1013.9359730783567
Node 276, 531.0798254221054
Node 981, 1018.6541761000672
Node 916, 1012.6707304891049
Node 538, 903.1665703420825
Node 64, 68.35386670232968
Node 727, 1003.5430710604008
Node 97, 205.28096918906868
Node 1377, 1280.8692262439197
Node 707, 1002.6271946053374
Node 1230, 1110.439084797785
Node 933, 1013.773808536898
Node 649, 1001.0672891079514
Node 205, 433.6278090139142
Node 283, 541.5002578726036
Node 1432, 1501.2655177513782
Node 217, 457.9817268389074
Node 1315, 1191.1337202215711
Node 3060, 28384.670660627722
Node 1414, 1437.4972119961888
Node 119, 245.21184175128798
Node 1338, 1216.2905374525262
Node 1264, 1141.5982425999923
Node 1265, 1142.4768456350796
Node 1491, 2511.705076651244
Node 1383, 1299.8447386273428
Node 1162, 1068.7780438489863
Node 642, 1000.8580235019949
Node 1065, 1034.078124287706
Node 84, 162.51638694260976
Node 1164, 1070.2422671851232
Node 965, 1016.8359170214457
Node 1413, 1435.8370709834494
Node 71, 109.26702374957222
Node 1361, 1245.6556261069866
Node 1275, 1151.0850098665574
Node 89, 177.714957313965
Node 1330, 1205.3068778778797
Node 1280, 1154.7087383272476
Node 455, 773.7623312143819
