Node, generations
Node 3110, 49160.65390430811
Node 1708, 1367.9718991965026
Node 1654, 1220.6927149343412
Node 1459, 1049.9642270436839
Node 356, 492.76467129583506
Node 1576, 1115.3551956680792
Node 1375, 1026.8453113157227
Node 237, 345.2889931796868
Node 436, 582.1269442892617
Node 1480, 1056.5559346908467
Node 1452, 1047.4717348698623
Node 1655, 1220.899760265631
Node 1556, 1100.8220423513137
Node 1419, 1036.148198862341
Node 1431, 1039.6259809548944
Node 579, 736.4101971353183
Node 1648, 1208.2895579654833
Node 1448, 1045.1015827701412
Node 1219, 1010.8529362948871
Node 123, 186.44688456539572
Node 1054, 1003.8429417906871
Node 1001, 1002.270987098647
Node 495, 646.6513044509758
Node 723, 859.3502067727767
Node 1410, 1034.1765181836984
Node 108, 150.19776036108448
Node 1642, 1202.9110674894957
Node 1628, 1176.3507768554623
Node 1597, 1134.717545099061
Node 1414, 1034.9461736160908
Node 166, 255.2958423692464
Node 673, 809.7125757614805
Node 1637, 1186.6706868561243
Node 120, 185.38960558277265
Node 1569, 1111.1907456680676
Node 1509, 1065.4193806368355
Node 1364, 1025.5604758035463
Node 1114, 1006.2193704867993
Node 1823, 1931.658456696349
Node 1775, 1578.1164273837387
Node 1712, 1373.3359041381993
Node 542, 704.6324338377344
Node 1590, 1126.6021040681678
Node 80, 12.734253304739365
Node 1506, 1064.263268951988
Node 1339, 1022.47679255401
Node 874, 982.9970594408885
Node 331, 465.3560015210712
Node 224, 332.2108073004652
Node 1155, 1007.49345200589
Node 896, 998.0382705927365
Node 172, 268.2918706557588
Node 1504, 1063.7513198027655
Node 1376, 1027.0331702631902
Node 1734, 1437.4204092328964
Node 1661, 1238.2027564345883
Node 1606, 1141.1450668160044
Node 360, 500.5553769882102
Node 1402, 1032.6353631869554
Node 82, 56.840309755107974
Node 1353, 1024.2758706884056
Node 140, 220.23138039773636
Node 97, 123.25576328483427
Node 1675, 1272.8920274031098
Node 1514, 1067.4564130949202
Node 87, 89.46269924021401
Node 1458, 1049.7334898614085
Node 1446, 1044.0790229734537
Node 619, 767.6577396650749
Node 299, 426.0445996643416
Node 1335, 1022.1005730803945
Node 1568, 1111.092253399976
Node 1180, 1008.5260460100413
Node 611, 759.8737686314968
Node 1803, 1766.877088098959
Node 629, 779.2594667648589
Node 957, 1001.4515301174964
Node 92, 104.85549851046086
Node 81, 20.959542026082957
