Node, generations
Node 2595, 19361.064919629174
Node 391, 185.5882447062434
Node 338, 133.9375850203922
Node 275, 97.00336311376078
Node 89, 51.29961204722653
Node 341, 135.30925068511934
Node 229, 79.48513516774467
Node 330, 127.61801132759084
Node 239, 83.1679952367151
Node 1835, 8591.847644303198
Node 1101, 3327.1807015017075
Node 835, 2083.5346482137834
Node 331, 127.7454310516055
Node 237, 81.62498385811014
Node 355, 151.27461297319405
Node 318, 119.90012928138462
Node 145, 57.586194121382384
Node 139, 56.8092931185956
Node 342, 138.14650600594763
Node 262, 89.30625124400358
Node 228, 78.73651842802234
Node 166, 63.50777075551434
Node 339, 134.4442559733155
Node 1074, 3176.68233943423
Node 377, 168.57933837003114
Node 898, 2386.9184031096697
Node 436, 308.5681720397538
Node 380, 170.78333100272522
Node 375, 166.7297607535834
Node 255, 87.61341246420857
Node 231, 80.35770977038204
Node 174, 64.8299885885699
Node 273, 95.56038338396353
Node 206, 72.0875478025709
Node 88, 50.922367673835446
Node 422, 225.20562073654403
Node 397, 190.06372961140156
Node 315, 119.41059747173853
Node 179, 66.38479999757004
Node 313, 118.61702246345966
Node 269, 91.81247403948059
Node 203, 71.71185977107976
Node 407, 205.06971550976755
Node 291, 107.87144799836291
Node 1409, 5223.649676436321
Node 135, 56.27898210895663
Node 1013, 2878.9188092359536
Node 663, 1367.838788238194
Node 481, 537.5496542786152
Node 268, 91.06204502980061
Node 322, 122.63599604522246
Node 217, 74.44962008928474
Node 184, 67.43533745367101
Node 568, 1006.9382837286063
Node 408, 205.15903470150576
Node 287, 104.84484793010037
Node 170, 63.89419894146004
Node 218, 74.59076386974924
Node 134, 56.21766516407989
Node 505, 726.0970197372437
Node 454, 423.3021447854074
Node 131, 55.678886703453585
Node 459, 453.1340558037775
Node 801, 1968.7298561100008
Node 160, 61.93196715871749
Node 626, 1225.6109780595043
Node 307, 116.98848839750356
Node 264, 89.71081197727597
Node 183, 67.2127336935677
Node 340, 135.30808205438922
Node 149, 58.940034454560134
Node 305, 116.5798935247469
Node 141, 56.95947953111161
Node 296, 109.50291989418827
Node 266, 90.39231085184817
Node 168, 63.71654882311002
Node 186, 67.82143413677488
Node 117, 54.60044887860565
Node 98, 52.75170441409833
