node_generations, branch_length
3494.565019968882, 9294.000881404465
108.1498483885749, 3386.4151715803073
0.0, 108.1498483885749
107.59416446835421, 0.5556839202206874
0.0, 107.59416446835421
0.0, 107.59416446835421
164.91945608132315, 3329.645563887559
0.0, 164.91945608132315
0.0, 164.91945608132315
11684.9522574204, 1103.6136439529473
0.0, 11684.9522574204
10305.873081897655, 1379.0791755227456
5077.024990261272, 5228.848091636382
475.8107126029752, 4601.214277658297
222.79681230366472, 253.01390029931045
0.0, 222.79681230366472
130.48603018676033, 92.31078211690439
0.0, 130.48603018676033
0.0, 130.48603018676033
418.8980579224886, 56.91265468048658
0.0, 418.8980579224886
187.50650678152488, 231.3915511409637
0.0, 187.50650678152488
0.0, 187.50650678152488
2213.206565234758, 2863.8184250265144
0.0, 2213.206565234758
208.2266687733731, 2004.9798964613847
0.0, 208.2266687733731
0.0, 208.2266687733731
6298.687220268517, 4007.1858616291374
0.0, 6298.687220268517
5938.835940888325, 359.85127938019195
0.0, 5938.835940888325
2612.4859817775173, 3326.349959110808
0.0, 2612.4859817775173
128.63415096776544, 2483.851830809752
0.0, 128.63415096776544
0.0, 128.63415096776544
