Node, generations
Node 3529, 80093.85036344304
Node 1920, 12255.02401359253
Node 330, 197.81432493090074
Node 209, 127.8760309815837
Node 307, 176.3871297592015
Node 254, 147.65588276297365
Node 187, 121.40227804794945
Node 170, 116.61938632703793
Node 63, 72.34941746104809
Node 192, 122.202726326729
Node 1084, 4351.820475572136
Node 1022, 3930.87237970805
Node 430, 325.0627767135878
Node 428, 322.91951650303
Node 252, 146.94543377773297
Node 435, 328.0464148038684
Node 309, 177.3347402559626
Node 267, 155.30571430196426
Node 384, 242.54971446502825
Node 216, 129.93489258036536
Node 2639, 26841.484619237617
Node 1779, 10499.100519057354
Node 82, 101.19520369426547
Node 1194, 5212.307298663583
Node 416, 291.69425778514835
Node 317, 186.07825014548618
Node 449, 357.90010617411326
Node 405, 276.7288062986838
Node 232, 137.8675366082122
Node 370, 231.42017589731466
Node 284, 163.06085060988374
Node 228, 135.9291937375311
Node 221, 132.2010267114767
Node 60, 43.34355947127974
Node 122, 108.1032326708054
Node 2258, 18400.742718590966
Node 171, 116.77104557336172
Node 1211, 5317.534487398723
Node 478, 704.5717531171488
Node 278, 158.6981014167819
Node 250, 144.9964513680335
Node 201, 124.78735169120237
Node 303, 174.80159425373515
Node 289, 167.25958457955667
Node 788, 2479.9552018066174
Node 450, 361.9746708320976
Node 420, 299.59407155963913
Node 439, 340.42345418003714
Node 358, 222.54896373502854
Node 320, 189.02612263826134
Node 174, 117.39977693179942
Node 93, 102.63584280317805
Node 411, 284.2518404996295
Node 166, 116.03939466032074
Node 130, 108.9403640019853
Node 80, 101.10166916508736
Node 592, 1399.1487605634923
Node 238, 142.4795783066331
Node 226, 134.37714414280194
