Node, generations
Node 1648, 39916.876984327064
Node 441, 663.2136208168997
Node 288, 291.87173913259517
Node 42, 94.61633158834121
Node 274, 282.8111207237924
Node 43, 121.15923098816785
Node 434, 622.993179953069
Node 405, 525.83348369025
Node 307, 321.4441789473322
Node 225, 253.88827345564525
Node 370, 447.2269302343739
Node 253, 267.45325837176455
Node 248, 265.791091747126
Node 227, 255.86854716896872
Node 254, 267.79925541634714
Node 620, 1702.6292193718675
Node 485, 807.1640601821155
Node 315, 334.2421516561971
Node 308, 322.73441924198283
Node 558, 1229.3014563294096
Node 421, 575.0290050955932
Node 324, 348.37132260022787
Node 301, 313.9056601850438
Node 77, 204.14944972374462
Node 151, 220.82638570132053
Node 413, 544.8370336079726
Node 362, 420.7372460283467
Node 316, 335.8692603281755
Node 357, 408.75742334957874
Node 303, 318.23095118025776
Node 546, 1123.9969733427376
Node 306, 320.51743057212724
Node 264, 274.73265284662125
Node 483, 800.1695769421975
Node 464, 749.2282068302403
Node 171, 226.28224077787976
Node 350, 402.31896715820983
Node 138, 216.43977646343535
Node 74, 203.71590942892055
