Node, generations
Node 2374, 41449.11413634627
Node 1259, 1224.2377677612192
Node 1023, 626.1184458636247
Node 912, 553.5770994751298
Node 869, 538.8917339279307
Node 714, 513.292799282078
Node 652, 508.58483322128023
Node 965, 582.9014720564661
Node 382, 500.2945367043716
Node 82, 40.65407676983878
Node 904, 549.8974837608458
Node 577, 505.7006448415297
Node 477, 502.5415638153961
Node 410, 500.94324652305033
Node 1216, 1035.2441745244594
Node 1065, 667.7894948165158
Node 1015, 617.5822369818136
Node 836, 530.754697548302
Node 914, 553.7221534816587
Node 608, 506.564585670514
Node 843, 533.5064769601271
Node 821, 527.2599601933128
Node 783, 521.7766260882596
Node 751, 517.7589354575437
Node 273, 391.7718308299447
Node 802, 524.2341784998397
Node 97, 102.19248511513922
Node 1098, 714.5212157901387
Node 974, 586.5216724276406
Node 693, 511.6261599282553
Node 190, 279.8514277970436
Node 870, 538.8964448551063
Node 241, 347.21030082912836
Node 1409, 3556.0393885305975
Node 865, 537.8903237554734
Node 1275, 1312.3904115659661
Node 1091, 703.9490380335158
Node 186, 270.32474654842537
Node 1033, 631.2705617450329
Node 913, 553.5910597826662
Node 500, 503.0960164300472
Node 234, 341.9052525185502
Node 176, 252.17694101810457
Node 992, 599.0881155047641
Node 456, 501.99601311246437
Node 1177, 914.7615756972921
Node 1101, 716.8062272419911
Node 935, 566.8430577822169
Node 112, 133.91718653616078
Node 83, 48.8111488844863
Node 1173, 902.5167189946093
Node 1054, 655.0895729964735
Node 675, 510.36790645471046
Node 289, 407.74001814521233
Node 1161, 875.6003598266831
Node 1001, 606.8495877702413
Node 980, 591.0628506926435
Node 905, 550.3350802372377
Node 115, 140.33862664031753
Node 1142, 812.1294332977566
Node 689, 511.35470964495596
Node 568, 505.42008918547583
Node 90, 71.20157310941798
Node 1043, 641.3043867225209
Node 893, 548.5395994013222
Node 1028, 628.844800128874
Node 922, 558.089899795513
Node 856, 535.4494379625075
Node 759, 519.332958602652
Node 713, 513.2494472932333
Node 1008, 612.8998825100762
Node 951, 574.1230747374159
Node 1005, 609.0693229591634
Node 997, 601.1505407290402
Node 970, 583.866890916888
Node 233, 341.54153740230134
Node 900, 549.477471925445
Node 518, 503.62119405001357
Node 100, 111.03839115644409
