Node, generations
Node 3566, 18181.237714646166
Node 1058, 1281.8688075015712
Node 855, 943.4579202665836
Node 296, 121.3893931279219
Node 174, 104.9847412767042
Node 98, 100.25195404209444
Node 646, 594.0665246993922
Node 117, 100.87923132447708
Node 359, 135.16796879462228
Node 331, 128.18866963190845
Node 83, 40.683138739552575
Node 328, 127.74989304621343
Node 3300, 13754.23357191214
Node 2893, 9627.22594790169
Node 207, 108.03886004306057
Node 118, 100.90086184999554
Node 1936, 3827.835222922575
Node 1446, 2162.4202245608694
Node 886, 989.7327378786172
Node 532, 387.0223046824029
Node 395, 147.78495172906565
Node 163, 104.13686188704409
Node 319, 125.60576996015041
Node 151, 103.28422891854737
Node 447, 249.83320005693665
Node 194, 106.83295462765253
Node 400, 149.18490433026975
Node 281, 119.0732213583971
Node 292, 120.63310533959923
Node 1003, 1188.9184320556587
Node 459, 280.8573683557542
Node 401, 149.34323696806948
Node 1495, 2275.4404202672217
Node 823, 904.5989990405922
Node 449, 251.94437723690044
Node 276, 118.47007478683967
Node 1202, 1558.2752709568538
Node 531, 385.4481369032562
Node 404, 152.70984110470334
Node 479, 316.1876753761695
Node 744, 762.2513947036225
Node 731, 740.1318050557973
Node 124, 101.03084456043527
Node 3083, 11451.2499201107
Node 2089, 4450.26320959696
Node 1631, 2717.6138357797317
Node 486, 325.1848153816617
Node 136, 101.68949920481593
Node 255, 115.35792340150292
Node 1472, 2223.11035511369
Node 231, 111.8837830743846
Node 1100, 1352.1083493033655
Node 158, 103.71310644438783
Node 355, 133.93821477644673
Node 1987, 4028.4164613836842
Node 1849, 3482.8508790151727
Node 1744, 3093.961577246072
Node 1235, 1612.6525599935715
Node 792, 855.6388293409402
Node 317, 125.47014747582936
Node 211, 108.30877035023371
Node 681, 647.0323777057092
Node 1534, 2392.289986241808
Node 795, 860.3166984733032
Node 369, 137.11731347357517
Node 734, 747.4687473904994
Node 418, 202.6583760997349
Node 483, 323.987215826147
Node 390, 145.86467765513393
Node 381, 141.58564096916186
Node 415, 197.19210805876781
Node 1360, 1911.3273537368789
Node 1085, 1326.0538748601282
Node 384, 144.30888636519157
Node 295, 121.04213425537033
Node 1891, 3644.5984932045644
Node 1565, 2460.763274750258
Node 2164, 4781.0388621674165
Node 152, 103.34494699587593
