node_generations, branch_length
0.0, 13009.251743925808
2244.1700620209504, 10765.081681904858
106.33268057234554, 2137.837381448605
0.0, 106.33268057234554
0.0, 106.33268057234554
1648.9418189010157, 595.2282431199346
1106.3555375918047, 542.586281309211
1008.9581076481804, 97.39742994362427
0.0, 1008.9581076481804
0.0, 1008.9581076481804
1078.7073104180895, 27.648227173715213
0.0, 1078.7073104180895
0.0, 1078.7073104180895
1601.4139408987185, 47.52787800229726
1283.2910897767877, 318.1228511219308
1065.9798168360728, 217.31127294071484
0.0, 1065.9798168360728
0.0, 1065.9798168360728
1187.6002926940316, 95.69079708275603
0.0, 1187.6002926940316
1063.5196303082937, 124.08066238573792
0.0, 1063.5196303082937
1013.0997754880052, 50.41985482028849
0.0, 1013.0997754880052
0.0, 1013.0997754880052
1338.9568165085414, 262.4571243901771
1142.4857684419385, 196.47104806660286
0.0, 1142.4857684419385
619.0283417668307, 523.4574266751077
0.0, 619.0283417668307
19.996834770217077, 599.0315069966136
0.0, 19.996834770217077
0.0, 19.996834770217077
1145.4712107974651, 193.48560571107623
0.0, 1145.4712107974651
1000.0414863520572, 145.42972444540794
0.0, 1000.0414863520572
0.0, 1000.0414863520572
