node_generations, branch_length
1237.2336293910078, 64861.647282216116
0.0, 1237.2336293910078
0.0, 1237.2336293910078
8564.187297391774, 57534.69361421534
2741.191797892084, 5822.99549949969
1853.8136692219946, 887.3781286700896
0.0, 1853.8136692219946
1728.2620032308164, 125.5516659911782
1216.652888332718, 511.60911489809837
0.0, 1216.652888332718
1096.097290080838, 120.55559825187993
0.0, 1096.097290080838
987.919353737667, 108.17793634317104
0.0, 987.919353737667
0.0, 987.919353737667
1353.7895307345234, 374.472472496293
1016.70127307227, 337.08825766225334
0.0, 1016.70127307227
1004.4482477994906, 12.253025272779496
425.3722533758038, 579.0759944236868
0.0, 425.3722533758038
236.2860295105002, 189.08622386530357
0.0, 236.2860295105002
0.0, 236.2860295105002
1003.9218739820882, 0.5263738174023729
0.0, 1003.9218739820882
0.0, 1003.9218739820882
1148.8375531047159, 204.95197762980752
1004.0673175313009, 144.770235573415
0.0, 1004.0673175313009
0.0, 1004.0673175313009
1010.0537372465183, 138.7838158581976
0.0, 1010.0537372465183
0.0, 1010.0537372465183
2590.5647910110033, 150.6270068810809
1212.2080843465633, 1378.35670666444
0.0, 1212.2080843465633
0.0, 1212.2080843465633
2023.7155527038708, 566.8492383071325
1263.4850942120001, 760.2304584918706
0.0, 1263.4850942120001
1089.235304536183, 174.24978967581706
0.0, 1089.235304536183
1042.8385872795607, 46.39671725662242
0.0, 1042.8385872795607
0.0, 1042.8385872795607
1376.3388413450684, 647.3767113588024
1009.5460946228776, 366.7927467221908
0.0, 1009.5460946228776
957.5377276060234, 52.00836701685421
0.0, 957.5377276060234
0.0, 957.5377276060234
1128.309134661781, 248.0297066832875
0.0, 1128.309134661781
1104.486063325859, 23.823071335921895
1077.7744903428563, 26.711572983002725
0.0, 1077.7744903428563
1051.1526496672816, 26.62184067557473
0.0, 1051.1526496672816
0.0, 1051.1526496672816
1092.0041635378016, 12.48189978805749
0.0, 1092.0041635378016
0.0, 1092.0041635378016
8224.025204432905, 340.16209295886983
728.165576047285, 7495.8596283856195
0.0, 728.165576047285
0.0, 728.165576047285
1338.4994026073523, 6885.525801825552
1030.3861561897756, 308.11324641757665
0.0, 1030.3861561897756
1006.1297222482503, 24.2564339415253
0.0, 1006.1297222482503
0.0, 1006.1297222482503
1151.4759099489047, 187.0234926584476
0.0, 1151.4759099489047
1143.6950617391851, 7.780848209719579
0.0, 1143.6950617391851
0.0, 1143.6950617391851
