Node, generations
Node 3957, 98389.69822828953
Node 1407, 5577.497578328204
Node 711, 2055.323661856339
Node 176, 158.50477058400574
Node 96, 114.0958302386175
Node 314, 561.4229145155904
Node 135, 131.59843015563783
Node 173, 154.80078148236672
Node 41, 25.76352505356059
Node 1354, 5152.664669054318
Node 512, 1310.3884793893433
Node 253, 352.42528156259726
Node 64, 103.34913182810166
Node 40, 3.5826199705160007
Node 307, 530.8779772170474
Node 298, 503.81983574911175
Node 98, 115.28770905617536
Node 77, 106.29845957421671
Node 297, 500.34578821661984
Node 295, 493.2120066157398
Node 149, 138.5031167546563
Node 226, 197.2595719539769
Node 601, 1570.6426425972716
Node 148, 138.4071164422964
Node 140, 135.90280190909732
Node 3470, 47991.07764228788
Node 1786, 8499.333820527943
Node 270, 431.3043555329551
Node 143, 136.86763842533034
Node 868, 2711.57020921652
Node 704, 2037.9304404842171
Node 276, 443.32412849165314
Node 533, 1362.7085219726746
Node 175, 158.4492835024265
Node 147, 137.58745769512703
Node 248, 322.44216575291966
Node 122, 125.22424386946086
Node 43, 83.08802090177792
Node 95, 113.50146990670859
