Node, generations
Node 3199, 32757.800272479617
Node 2002, 8676.921365767063
Node 1496, 3172.0021447847635
Node 1323, 1328.1066685954054
Node 1037, 1035.6475626443673
Node 62, 47.50619939754627
Node 629, 1000.523445563651
Node 1298, 1266.2063485737128
Node 72, 121.22003458915336
Node 1259, 1188.560536031489
Node 1080, 1051.9069762964923
Node 478, 840.4774364701731
Node 450, 804.337717453871
Node 1005, 1026.915159765769
Node 91, 182.0490961067212
Node 1253, 1177.6899901473553
Node 1011, 1028.4113857430868
Node 932, 1017.8791080338127
Node 847, 1010.038466228721
Node 89, 173.81485669060015
Node 1214, 1138.7417503336962
Node 1075, 1047.8133053485149
Node 1046, 1038.0724144226417
Node 87, 166.3060400587611
Node 279, 586.9748695029538
Node 1379, 1495.7354433202247
Node 1159, 1090.7447448456276
Node 1009, 1027.670132996883
Node 1146, 1083.711133036616
Node 900, 1013.826074146618
Node 101, 218.0610444582156
Node 287, 600.5876352411345
Node 1287, 1243.9656809612402
Node 781, 1006.5554268194079
Node 64, 68.24521220061031
Node 241, 494.77125648506274
Node 2606, 17891.122242673253
Node 1346, 1373.4006631530067
Node 1106, 1061.6955439973692
Node 1083, 1053.4403061728044
Node 1859, 7045.487237000551
Node 1256, 1184.9961548352412
Node 935, 1018.1749886690519
Node 1251, 1173.118867808574
Node 1247, 1170.936629949005
Node 1142, 1081.6214343366964
Node 718, 1003.6849513138245
Node 445, 799.4109724102658
Node 1221, 1145.1753630962469
Node 1197, 1121.3486453880266
Node 94, 193.74988377572413
Node 1211, 1134.7121274035717
Node 1342, 1364.114309127553
Node 329, 648.7734849087034
Node 1318, 1319.5022014268989
Node 1303, 1270.854080981143
Node 1302, 1269.4224367348866
Node 88, 168.25442769728048
Node 1113, 1065.1277992425728
