Node, generations
Node 1459, 26743.09326986928
Node 374, 1167.3245545423833
Node 317, 1086.802726977727
Node 1338, 22263.17107774111
Node 520, 1678.2140850550088
Node 460, 1386.157154126474
Node 221, 1027.427312605442
Node 358, 1137.5877886960584
Node 321, 1089.5130968304384
Node 560, 1953.2658470363735
Node 379, 1182.144991533304
Node 378, 1181.2776291504465
Node 298, 1071.7255652484855
Node 300, 1072.8200844576909
Node 279, 1057.5232393057868
Node 467, 1435.1482052503627
Node 402, 1220.8473723105483
Node 339, 1118.3760256774372
Node 423, 1265.4534410708038
