node_generations, branch_length
10193.96483373666, 7338.475147878038
1491.718143235262, 8702.246690501397
0.0, 1491.718143235262
209.64311403633067, 1282.0750291989314
195.34179178450802, 14.301322251822654
0.0, 195.34179178450802
0.0, 195.34179178450802
197.76508112864855, 11.878032907682126
0.0, 197.76508112864855
0.0, 197.76508112864855
8046.516397117423, 2147.4484366192364
104.97984310535747, 7941.536554012066
0.0, 104.97984310535747
0.0, 104.97984310535747
6350.473308207939, 1696.0430889094841
1207.8790395728188, 5142.594268635121
133.72907036817426, 1074.1499692046445
0.0, 133.72907036817426
129.6298004789501, 4.099269889224161
0.0, 129.6298004789501
0.0, 129.6298004789501
271.5128271802904, 936.3662123925284
156.37687552537932, 115.13595165491108
0.0, 156.37687552537932
103.35348935662172, 53.0233861687576
0.0, 103.35348935662172
0.0, 103.35348935662172
161.29163028462486, 110.22119689566554
0.0, 161.29163028462486
157.84173833605348, 3.449891948571377
0.0, 157.84173833605348
125.89938944339303, 31.942348892660448
0.0, 125.89938944339303
0.0, 125.89938944339303
1623.4961589968952, 4726.977149211044
133.59465974585814, 1489.9014992510372
0.0, 133.59465974585814
0.0, 133.59465974585814
164.7652611687933, 1458.730897828102
0.0, 164.7652611687933
137.1968785749629, 27.568382593830393
0.0, 137.1968785749629
134.11572321097736, 3.0811553639855447
0.0, 134.11572321097736
0.0, 134.11572321097736
14611.348592702272, 2921.091388912426
10002.340191344185, 4609.008401358087
198.70465494205516, 9803.63553640213
124.59139020215983, 74.11326473989533
0.0, 124.59139020215983
100.25791211288815, 24.33347808927168
0.0, 100.25791211288815
0.0, 100.25791211288815
146.84787946341282, 51.856775478642334
0.0, 146.84787946341282
0.0, 146.84787946341282
2027.5484659832266, 7974.7917253609585
0.0, 2027.5484659832266
858.6753817064646, 1168.873084276762
0.0, 858.6753817064646
171.0380391025891, 687.6373426038755
0.0, 171.0380391025891
133.50820060469877, 37.529838497890324
0.0, 133.50820060469877
104.4453666751382, 29.06283392956057
0.0, 104.4453666751382
0.0, 104.4453666751382
14118.096739389302, 493.2518533129696
0.0, 14118.096739389302
2506.7788198715475, 11611.317919517754
0.0, 2506.7788198715475
141.92940944529107, 2364.8494104262563
0.0, 141.92940944529107
141.10641612467955, 0.8229933206115163
0.0, 141.10641612467955
101.55712147470047, 39.54929464997909
0.0, 101.55712147470047
0.0, 101.55712147470047
