Node, generations
Node 800, 2782.9485462026546
Node 520, 631.6406000436534
Node 491, 599.5971857476752
Node 409, 548.1271856313928
Node 350, 529.9519285527819
Node 312, 521.0614850775152
Node 87, 332.79066800664464
Node 301, 518.6701357950403
Node 290, 515.9589196412891
Node 46, 143.02744346160685
Node 448, 569.5569087703295
Node 228, 507.8659220328827
Node 751, 1713.364048894816
Node 641, 890.5631303257125
Node 626, 827.7968532996596
Node 403, 546.1416198269119
Node 323, 522.7564923451625
Node 258, 510.86233498546164
Node 279, 514.3691013737587
Node 66, 246.11471167302946
Node 399, 544.0163408198205
Node 536, 656.5026588033679
Node 370, 533.9234134840708
Node 45, 140.80973155064868
Node 719, 1426.5588617926378
Node 555, 690.3253707307223
Node 214, 506.75942492468755
Node 534, 654.5435537315639
Node 269, 511.87711795628087
Node 644, 908.0892722923179
Node 515, 628.0105234869313
Node 452, 572.9609031356194
Node 473, 587.4911984386279
Node 560, 705.5077298391993
Node 250, 509.7933276797308
Node 558, 702.5819754610657
Node 521, 631.6927472066703
Node 461, 579.048094835655
Node 411, 549.347956452079
