Node, generations
Node 2223, 49666.57745831059
Node 668, 362.3657450210082
Node 237, 204.2236010473199
Node 1605, 19384.82029183167
Node 880, 1044.596869660359
Node 858, 866.5484491524061
Node 641, 339.77203438045314
Node 499, 240.35793462058066
Node 505, 241.94427504649082
Node 501, 240.42511050926788
Node 503, 240.59976060358906
Node 402, 220.62241287880045
Node 741, 484.0062877270875
Node 623, 319.37901059978526
Node 390, 218.82641011173635
Node 80, 6.120942787412409
Node 615, 314.4769357825248
Node 516, 246.43599076277806
Node 375, 217.10606410422383
Node 469, 232.15854938512027
Node 659, 356.3105024140382
Node 558, 267.5129731573606
Node 553, 266.4157195849853
Node 449, 227.05984090815747
Node 305, 208.6146276188436
Node 245, 204.68195684739453
Node 84, 43.29962263791225
Node 865, 937.5211338504623
Node 778, 562.6085018364025
Node 548, 263.828271214531
Node 534, 254.86954781348126
Node 154, 200.64962456542327
Node 703, 407.692197359376
Node 377, 217.4492128087354
Node 862, 919.5165319459496
Node 751, 493.01867043545195
Node 577, 279.6647841177315
Node 519, 249.28698467933773
Node 95, 106.50598751245388
Node 491, 239.13539188327746
Node 439, 225.57754205559237
Node 89, 77.32495319742897
Node 481, 236.92525594683272
Node 82, 25.575938373062804
Node 242, 204.53924465585862
Node 171, 201.78387055116173
Node 736, 467.51479329749867
Node 730, 456.0942414530725
Node 704, 408.8208715776767
Node 694, 387.7411276723962
Node 611, 308.42506518889894
Node 514, 244.8824983172902
Node 428, 224.0800157120372
Node 92, 100.14021540131206
Node 440, 225.6752611991483
Node 336, 211.93576177503607
Node 568, 274.1331699408839
Node 83, 37.63689903061885
Node 466, 231.18513191972144
Node 148, 200.3197384429576
Node 720, 437.9221532005256
Node 715, 429.750960384743
Node 451, 227.51178709401634
Node 292, 207.44683964650903
Node 679, 376.2752331181792
Node 578, 280.8568450664451
Node 313, 209.24205778519715
Node 338, 212.22535973277823
Node 310, 209.07776449350763
Node 307, 208.78143244308407
Node 662, 359.7530821013782
Node 427, 223.96249008176224
Node 400, 220.1567343181006
Node 619, 316.64176695508075
Node 178, 202.08947062124784
Node 793, 632.0418269617331
Node 674, 366.77076153835503
Node 502, 240.52782533444213
Node 404, 220.88069183395845
