Node, generations
Node 3153, 18732.990097353588
Node 2605, 9403.451401323004
Node 1673, 1136.4126888288538
Node 1204, 1008.0122069918334
Node 1645, 1112.7656298963927
Node 871, 950.7682129735824
Node 1244, 1010.3329988083615
Node 1889, 2108.5933274719514
Node 1614, 1090.9317133712213
Node 1545, 1056.883053062334
Node 352, 467.6473016887495
Node 1491, 1041.941827549417
Node 600, 694.971949972707
Node 150, 186.86668440461435
Node 83, 38.20417795006771
Node 1864, 1829.758074229543
Node 1805, 1361.0560291960117
Node 1714, 1175.9395865305505
Node 706, 808.885632818479
Node 1428, 1027.552796954151
Node 543, 647.3187663453523
Node 109, 120.04363546692929
Node 650, 735.9863806731914
Node 517, 620.6718607412265
Node 1717, 1179.1505160991983
Node 1559, 1062.0093877984605
Node 422, 528.643891203447
Node 1558, 1061.8369392162297
Node 1457, 1032.8021131465898
Node 1446, 1029.9902522039094
Node 818, 899.8418619252946
Node 1825, 1425.4219924456622
Node 1156, 1005.5957584342001
Node 1770, 1294.4976659282133
Node 1304, 1014.3441836749247
Node 560, 660.3976530310293
Node 84, 41.790532136982385
Node 1739, 1215.4025152113168
Node 1322, 1015.7031904184216
Node 1556, 1061.347429739525
Node 1504, 1044.3348397932957
Node 921, 993.296455342599
Node 112, 126.51995576949822
Node 2839, 12914.493197157046
Node 1744, 1225.7014015090397
Node 1602, 1084.434390704488
Node 1564, 1062.4765922442111
Node 1687, 1144.6250038897117
Node 1566, 1063.7005604324386
Node 1492, 1042.2877915174693
Node 1561, 1062.081938787442
Node 1234, 1009.7342608618757
Node 925, 996.6148074673446
Node 1662, 1124.2834829294711
Node 1658, 1121.8005161337346
Node 1460, 1033.522655450523
Node 1252, 1010.8066429601799
Node 686, 777.9674765632242
Node 1634, 1105.2518691545583
Node 1624, 1096.8055946278628
Node 210, 287.7958859760864
Node 85, 48.62150440773319
Node 1483, 1039.315061172236
Node 720, 816.3678658114659
Node 1419, 1025.8842903398122
Node 1351, 1018.440687983592
Node 1928, 2535.751365972807
Node 1629, 1100.4265712365418
Node 1516, 1048.2170685485091
Node 1132, 1004.9302949323967
Node 924, 994.5700243337111
Node 1395, 1022.9317986650371
Node 1858, 1742.9523657497812
Node 1507, 1045.034882403006
Node 1312, 1014.9847405235231
Node 285, 387.57278255379447
Node 82, 36.372965710588915
Node 80, 28.07388687359545
Node 1822, 1420.3834012365721
