Node, generations
Node 1070, 3304.083545318926
Node 978, 1314.305707128221
Node 848, 778.5290209855898
Node 650, 549.3828821854199
Node 813, 704.687951996599
Node 60, 15.231902773692504
Node 958, 1214.1400223150754
Node 874, 832.3353561431145
Node 526, 519.0650581253972
Node 735, 602.5776006201745
Node 945, 1151.0011842421159
Node 893, 895.4575976843672
Node 840, 760.2402135199663
Node 657, 552.2176859773242
Node 408, 507.0535001240746
Node 647, 548.246256048831
Node 586, 531.3966457514009
Node 554, 524.0034368216217
Node 226, 469.3562380912098
Node 118, 250.99574344594035
Node 814, 705.8820518470313
Node 920, 1014.9056035640872
Node 631, 542.6212500239228
Node 560, 524.4427457580254
Node 281, 501.28721795167434
Node 887, 885.0912627053729
Node 576, 529.2803683332941
Node 567, 526.1653935021112
Node 187, 407.6035390715214
Node 792, 663.7696644911866
Node 613, 535.6879656609077
Node 70, 102.16027697951166
Node 553, 523.628024066823
Node 466, 511.79031278542163
Node 67, 82.23539097392133
Node 762, 624.0803980397164
Node 643, 546.5123477281771
Node 725, 591.8854209576597
Node 704, 576.618589194698
Node 693, 570.7302696172258
Node 1042, 2194.068023592261
Node 606, 534.8865183774135
Node 505, 516.8080622364902
Node 124, 258.1474953830648
Node 385, 505.4552217287792
Node 237, 488.25444762424434
Node 937, 1097.2962520024937
Node 879, 854.6709947983915
Node 666, 555.0739284707635
Node 125, 261.0566612429185
Node 799, 680.1451864391317
Node 603, 534.219846714466
Node 662, 553.2575947762718
Node 889, 886.1980883895582
Node 796, 670.6008662794067
Node 794, 666.556338706868
Node 488, 514.0953921759731
Node 433, 509.0115370009939
Node 61, 44.248097854596374
