node_generations, branch_length
2407.8076734923575, 4903.088702550915
46.46084463388744, 2361.34682885847
0.0, 46.46084463388744
0.0, 46.46084463388744
2282.9842892676907, 124.82338422466682
0.0, 2282.9842892676907
2166.5794125307048, 116.4048767369859
466.6317255367114, 1699.9476869939933
0.0, 466.6317255367114
0.0, 466.6317255367114
2077.954437714024, 88.6249748166806
0.0, 2077.954437714024
1663.9428977835546, 414.01153993046955
0.0, 1663.9428977835546
0.0, 1663.9428977835546
3759.0011856658184, 3551.895190377454
2433.4179945218802, 1325.5831911439382
0.0, 2433.4179945218802
2280.4108782151616, 153.00711630671867
0.0, 2280.4108782151616
2178.0844373980362, 102.32644081712533
0.0, 2178.0844373980362
0.0, 2178.0844373980362
3433.116251470619, 325.88493419519955
2051.9354443931084, 1381.1808070775105
1130.3208494694647, 921.6145949236436
0.0, 1130.3208494694647
457.87084903342, 672.4500004360448
0.0, 457.87084903342
0.0, 457.87084903342
2050.0600757642155, 1.8753686288928293
0.0, 2050.0600757642155
710.0649774722526, 1339.995098291963
0.0, 710.0649774722526
0.0, 710.0649774722526
2219.1445992349327, 1213.9716522356862
0.0, 2219.1445992349327
0.0, 2219.1445992349327
