Node, generations
Node 3317, 32434.960647841363
Node 2133, 10097.505080277497
Node 631, 963.9376897587722
Node 241, 215.27116266234398
Node 481, 335.2804179797599
Node 185, 208.7162333398213
Node 1106, 2858.6617729485088
Node 559, 674.0561666613787
Node 231, 214.53819690863324
Node 539, 521.6546162477591
Node 350, 246.94849055397867
Node 68, 67.17135977209462
Node 101, 200.87751587362536
Node 530, 465.7866188755969
Node 227, 214.38263485153982
Node 447, 311.60803581434584
Node 243, 215.35887539241162
Node 379, 265.3596365709025
Node 268, 221.0671660453576
Node 261, 219.81109861878676
Node 192, 209.70562140315218
Node 69, 73.01500594690046
Node 1061, 2739.2803544137514
Node 397, 277.06619314844875
Node 109, 201.3995177527446
Node 459, 319.6190195241143
Node 446, 311.4814905880681
Node 3078, 25236.594204641573
Node 589, 802.9195871602054
Node 235, 214.8700437446257
Node 1799, 7168.692183594472
Node 1772, 6954.897386037029
Node 186, 208.71798416900327
Node 1535, 5194.823147053786
Node 523, 419.1262727378917
Node 418, 287.9347591048067
Node 416, 286.86686785253676
Node 259, 219.09005076646739
Node 389, 270.90692123471933
Node 323, 236.2795104000991
Node 61, 42.36461655182785
Node 309, 230.5662866901207
Node 307, 229.9254808213045
Node 305, 227.97063724726183
Node 630, 960.2636331725017
Node 419, 288.03510020746467
Node 234, 214.8517364162615
Node 198, 210.01676936766825
Node 96, 200.52950851711702
Node 60, 41.58737918331909
Node 353, 251.09103170560988
Node 527, 455.38892904725077
Node 431, 298.4644451163388
Node 115, 201.68571435375299
Node 67, 55.94384883373416
Node 308, 230.30888358274342
Node 478, 333.1876616475657
Node 452, 315.2342806735473
Node 382, 267.67569730916784
