Node, generations
Node 2658, 93474.22268594945
Node 1079, 1970.51777522164
Node 894, 1284.3714240784623
Node 816, 1149.6412420796344
Node 651, 1040.1888083173656
Node 207, 796.1959074472257
Node 625, 1032.249594377987
Node 875, 1238.7020912655905
Node 824, 1158.0899158564346
Node 660, 1043.291872093523
Node 646, 1039.099946066477
Node 551, 1018.6164757468501
Node 744, 1086.7529707291321
Node 233, 859.4950046100155
Node 858, 1211.1207196399448
Node 109, 477.7810417389832
Node 812, 1143.8003714281792
Node 330, 1001.0559459204607
Node 799, 1131.232541984631
Node 439, 1008.4782431673024
Node 97, 437.4201492655752
Node 722, 1071.241631046728
Node 617, 1029.817011841502
Node 540, 1016.8617947976094
Node 393, 1004.7388481775213
Node 969, 1466.5975592435223
Node 830, 1167.99857507466
Node 674, 1049.0222535217986
Node 601, 1025.7958974460605
Node 753, 1098.4824802041453
Node 743, 1086.7396302655382
Node 1607, 16128.613781071446
Node 1061, 1871.0882418556582
Node 1088, 2049.3383831679257
Node 944, 1401.2538848729494
Node 614, 1028.9459605559398
Node 545, 1017.5051506983302
Node 837, 1180.1067943189807
Node 727, 1073.7303330642387
