Node, generations
Node 841, 11809.917631159738
Node 591, 3431.920751900686
Node 472, 844.6802618657155
Node 348, 389.52271738244116
Node 111, 208.6417289767835
Node 71, 202.173061517091
Node 443, 631.4764181018754
Node 42, 73.97662731060011
Node 438, 608.055373440482
Node 433, 598.7780256503818
Node 374, 444.54430538799653
Node 212, 243.9036345617172
Node 167, 223.26012091286776
Node 124, 212.11081946073395
Node 262, 285.36228537001284
Node 229, 258.0875787083908
Node 485, 936.7931949790928
Node 441, 624.36784443706
Node 365, 431.64826086467576
Node 43, 82.5601008846926
Node 391, 473.95688820865513
Node 326, 363.03193155888493
Node 334, 371.21019864591165
Node 330, 365.52771136736015
Node 300, 324.90522301767675
Node 715, 7595.5759398358505
Node 164, 222.9930385193646
Node 40, 39.0237518877523
Node 130, 212.7984434630309
Node 122, 211.60547615344413
Node 542, 1408.7874933054584
Node 356, 405.6590483382056
Node 172, 225.2693834206011
Node 163, 222.65463352126767
Node 362, 423.99372350497003
Node 270, 292.08549858459224
Node 182, 229.01622340359017
Node 126, 212.58143590890887
Node 204, 239.39557058890355
