node_generations, branch_length
1478.0115070546003, 1761.7582800749296
0.0, 1478.0115070546003
0.0, 1478.0115070546003
2478.129405429174, 761.6403817003561
1812.3074751975141, 665.8219302316597
1088.9197392240674, 723.3877359734468
0.0, 1088.9197392240674
1082.9758547463946, 5.943884477672782
0.0, 1082.9758547463946
1024.6248533374414, 58.35100140895315
0.0, 1024.6248533374414
0.0, 1024.6248533374414
1692.30433082472, 120.00314437279417
1128.329623062297, 563.9747077624229
0.0, 1128.329623062297
0.0, 1128.329623062297
1653.4722538702686, 38.832076954451395
1537.2258758884102, 116.24637798185836
0.0, 1537.2258758884102
1320.0942870732, 217.1315888152103
0.0, 1320.0942870732
1137.7459767296598, 182.3483103435401
0.0, 1137.7459767296598
1111.884867940131, 25.86110878952877
0.0, 1111.884867940131
0.0, 1111.884867940131
1564.1056811513756, 89.36657271889294
0.0, 1564.1056811513756
1227.5882145786109, 336.51746657276476
0.0, 1227.5882145786109
0.0, 1227.5882145786109
2443.486856458517, 34.64254897065666
0.0, 2443.486856458517
1034.4754207327292, 1409.011435725788
0.0, 1034.4754207327292
557.2150508153634, 477.2603699173658
0.0, 557.2150508153634
0.0, 557.2150508153634
