node_generations, branch_length
6679.0276203501935, 2713.329581002811
4412.879293979818, 2266.148326370376
203.59979026048543, 4209.279503719332
0.0, 203.59979026048543
197.6004776994307, 5.999312561054722
0.0, 197.6004776994307
150.62991701656085, 46.97056068286986
0.0, 150.62991701656085
148.81371729531338, 1.8161997212474716
0.0, 148.81371729531338
0.0, 148.81371729531338
240.22831782453707, 4172.650976155281
187.82280565797893, 52.40551216655814
0.0, 187.82280565797893
109.24987533693998, 78.57293032103895
0.0, 109.24987533693998
0.0, 109.24987533693998
224.02135603019136, 16.206961794345716
0.0, 224.02135603019136
0.0, 224.02135603019136
5935.744755360005, 743.2828649901885
3144.9662162572904, 2790.7785391027146
0.0, 3144.9662162572904
1048.335469157652, 2096.6307470996385
224.8546044045077, 823.4808647531443
0.0, 224.8546044045077
134.06237261436755, 90.79223179014016
0.0, 134.06237261436755
0.0, 134.06237261436755
639.4115924466943, 408.92387671095764
74.2779969575674, 565.1335954891268
0.0, 74.2779969575674
0.0, 74.2779969575674
116.33679848283272, 523.0747939638616
0.0, 116.33679848283272
0.0, 116.33679848283272
5055.58594476293, 880.158810597075
0.0, 5055.58594476293
1393.9069091554402, 3661.67903560749
0.0, 1393.9069091554402
432.4036324127652, 961.503276742675
0.0, 432.4036324127652
172.0411296236363, 260.36250278912894
120.8458104987798, 51.195319124856496
0.0, 120.8458104987798
0.0, 120.8458104987798
122.92603907696085, 49.11509054667545
0.0, 122.92603907696085
121.0365213464367, 1.8895177305241475
0.0, 121.0365213464367
101.57431697952705, 19.462204366909646
0.0, 101.57431697952705
0.0, 101.57431697952705
7762.020447740709, 1630.336753612296
927.1481931096357, 6834.872254631073
0.0, 927.1481931096357
851.4460731388118, 75.7021199708239
158.67128293585412, 692.7747902029577
0.0, 158.67128293585412
115.04868754776872, 43.6225953880854
0.0, 115.04868754776872
0.0, 115.04868754776872
194.94589140720836, 656.5001817316034
0.0, 194.94589140720836
115.66129359756388, 79.28459780964448
0.0, 115.66129359756388
100.07672474512657, 15.584568852437314
0.0, 100.07672474512657
0.0, 100.07672474512657
3181.366370266479, 4580.65407747423
107.02853293346509, 3074.337837333014
0.0, 107.02853293346509
0.0, 107.02853293346509
2702.2619453234424, 479.1044249430365
0.0, 2702.2619453234424
167.8515442925627, 2534.4104010308797
0.0, 167.8515442925627
0.0, 167.8515442925627
