Node, generations
Node 1916, 6839.6875402179785
Node 1085, 2280.7053071919304
Node 377, 148.685523226577
Node 89, 63.588709402204564
Node 582, 649.3722022106274
Node 304, 123.56949701743976
Node 474, 222.10818207043383
Node 148, 102.4066560315826
Node 394, 156.69382963883706
Node 221, 107.99757256785087
Node 1710, 5544.909805779379
Node 1467, 4141.207173674993
Node 1246, 3021.9085843132502
Node 665, 935.1941854759975
Node 365, 143.13300181832443
Node 275, 115.58988673439852
Node 243, 110.34195072410837
Node 402, 161.91334517072195
Node 191, 105.17160401491577
Node 380, 150.85140431073646
Node 338, 133.28366943808413
Node 1051, 2153.8303187562615
Node 353, 138.2402931477321
Node 349, 137.63240675115844
Node 327, 130.47176443204526
Node 249, 111.04036581474948
Node 202, 106.39439953636415
Node 88, 55.96717102397673
Node 288, 118.68959022534204
Node 284, 118.21818352583607
Node 418, 172.09515826916206
Node 384, 153.86536319233565
Node 207, 106.73506533683548
Node 1454, 4106.885716194452
Node 1125, 2436.9522115190407
Node 450, 197.40401552066567
Node 401, 161.10205895127024
Node 279, 116.3836480293171
Node 213, 107.22638437612763
Node 111, 100.41810596629699
Node 435, 185.5123195167675
Node 244, 110.54989000865473
Node 235, 109.37860533427693
Node 203, 106.56787131195783
Node 262, 113.09175425012631
Node 1007, 2040.6905041905218
Node 174, 104.21067925941053
Node 579, 644.8634316617612
Node 87, 45.80258020800643
Node 1354, 3575.15316945721
Node 464, 211.5227674198574
Node 323, 129.4552284293023
Node 82, 16.368577491083617
Node 430, 181.5154565845693
Node 233, 109.20833816581076
Node 215, 107.47487275805375
Node 269, 114.85303101431099
Node 127, 101.21885765509202
Node 178, 104.66044713699945
Node 1651, 5143.076438905151
Node 1323, 3432.000293701301
Node 481, 229.47638413019305
Node 132, 101.52121716503153
Node 1541, 4501.342264616591
Node 493, 238.43499360142863
Node 222, 108.02272487327602
Node 479, 225.15571293509234
Node 324, 129.7663251687953
Node 247, 110.6490628690411
Node 232, 109.14959666118013
Node 92, 70.70831040680798
Node 186, 105.0429018471514
Node 424, 177.02324033286104
Node 97, 78.47450060072433
Node 348, 137.4841758017387
Node 1013, 2059.332667994479
Node 581, 648.8719781754629
Node 265, 113.15101560489485
Node 118, 100.82239511319928
