Node, generations
Node 1454, 24857.179548297867
Node 1003, 1852.101136450052
Node 845, 1209.2006409814235
Node 601, 1026.8558072169974
Node 109, 495.3309768243191
Node 45, 80.15176076611411
Node 881, 1281.171420240714
Node 752, 1102.6655735594456
Node 665, 1047.46020054768
Node 471, 1008.5091819198668
Node 351, 1001.7018263912624
Node 170, 685.8862973549731
Node 1109, 3486.14844678466
Node 981, 1679.7232528780542
Node 973, 1653.7058587692782
Node 599, 1025.8373673950468
Node 595, 1024.3497199405522
Node 951, 1525.2710730133165
Node 875, 1273.6120379311506
Node 870, 1258.5742307988542
Node 852, 1221.1044399969146
Node 713, 1073.9026829630197
Node 605, 1027.750982000837
Node 519, 1012.9319595779779
Node 801, 1139.6224946415127
Node 702, 1066.7749807714702
Node 726, 1080.2916071808295
Node 659, 1044.3050843248452
Node 591, 1023.7180104811748
Node 350, 1001.6393381457469
Node 57, 206.01019040237395
Node 697, 1064.2467496106347
Node 514, 1012.2319749846419
Node 888, 1306.6593733438958
Node 863, 1245.3557477916456
Node 748, 1098.986505094396
Node 1037, 2263.357482013106
Node 723, 1078.2707100165453
Node 455, 1007.4144736672496
