Node, generations
Node 2200, 25014.634501622197
Node 1114, 7287.37920555234
Node 183, 917.520665257115
Node 135, 679.2586762243224
Node 28, 110.32094226381749
Node 1312, 9386.3786173826
Node 953, 5782.460377115444
Node 863, 4974.555225307772
Node 528, 2753.3140144715803
Node 63, 165.43700700721203
Node 213, 1059.721966236656
Node 758, 4280.916345606862
Node 70, 173.16746966066745
Node 43, 133.70784436567953
Node 36, 126.87797663094386
Node 44, 134.67994301458498
Node 1040, 6601.474158741494
Node 107, 475.15311894545385
Node 161, 806.3027213680946
