Node, generations
Node 3541, 65226.44780143628
Node 1100, 3733.002816079556
Node 522, 944.3392536986222
Node 296, 110.93672958569856
Node 115, 53.61267554737661
Node 302, 117.34358508020627
Node 171, 64.28740742308958
Node 283, 102.55680238849682
Node 271, 95.15229435727493
Node 130, 55.38361600261789
Node 141, 57.829510133637534
Node 713, 1861.2426274337276
Node 356, 166.6637724760832
Node 285, 103.39071773669531
Node 517, 924.923703928482
Node 406, 247.30352870813152
Node 208, 72.81586307679717
Node 343, 155.18377174990758
Node 207, 72.75123028565608
Node 164, 62.99670867948721
Node 477, 730.8613356827217
Node 83, 50.027468394830244
Node 427, 467.5731753399891
Node 235, 83.24184773772711
Node 158, 61.425407620642645
Node 103, 51.64539169125717
Node 102, 51.511431627488314
Node 303, 117.40630130570163
Node 190, 68.4616241376357
Node 181, 66.29153818765694
Node 224, 78.59383255046181
Node 221, 77.71302665557825
Node 2266, 17297.625898906983
Node 563, 1147.8306347239086
Node 162, 62.968313126963984
Node 345, 157.36135289851617
Node 150, 59.89912672294132
Node 1545, 7067.524079089904
Node 176, 65.20314340758526
Node 1219, 4468.096541210787
Node 206, 72.55751706409329
Node 133, 55.65330417623958
Node 110, 52.5655776056348
Node 1217, 4443.1889721355
Node 782, 2239.210639125687
Node 394, 230.60783946409347
Node 238, 83.54844100232616
Node 178, 65.61076245154362
Node 104, 51.673517373724515
Node 320, 137.0649682641136
Node 265, 93.4126718508934
Node 175, 65.01925663445954
Node 170, 64.2043704872363
Node 418, 382.4393186777556
Node 371, 183.74124316634723
Node 254, 90.51283652159363
Node 94, 50.808118441265115
Node 360, 168.62421558305803
Node 267, 93.71716810750262
Node 183, 67.07176249868738
Node 109, 52.55498386161216
Node 145, 58.70392375774864
Node 80, 1.785158388967259
Node 192, 68.7414550549057
Node 177, 65.51641476647639
Node 185, 67.6903703874658
Node 81, 4.532596185013147
Node 332, 149.48649979860784
Node 1128, 3861.8644813221877
Node 419, 395.7222125660834
Node 379, 203.2253768879221
Node 313, 132.3533829471246
Node 241, 85.15601406197754
Node 436, 538.2172536816706
Node 249, 87.35444002568588
Node 382, 206.17841179665967
Node 363, 174.2746734199126
Node 118, 54.318904958274445
Node 123, 54.67778181844898
