node_generations, branch_length
20304.992030266276, 14697.203311183493
5424.471170018467, 14880.520860247809
361.96091915538597, 5062.510250863081
0.0, 361.96091915538597
301.84667362890707, 60.114245526478896
215.6550021037671, 86.19167152513998
0.0, 215.6550021037671
210.15538373455152, 5.499618369215568
0.0, 210.15538373455152
209.24596373303896, 0.909420001512558
0.0, 209.24596373303896
0.0, 209.24596373303896
248.65784462581252, 53.188829003094554
0.0, 248.65784462581252
209.62853624115345, 39.02930838465906
0.0, 209.62853624115345
0.0, 209.62853624115345
4417.663225614621, 1006.8079444038458
0.0, 4417.663225614621
655.4368385599229, 3762.2263870546985
0.0, 655.4368385599229
452.1460509838606, 203.29078757606226
308.88805847062366, 143.25799251323696
207.0296126017228, 101.85844586890087
0.0, 207.0296126017228
0.0, 207.0296126017228
252.718252952244, 56.16980551837966
0.0, 252.718252952244
0.0, 252.718252952244
322.9917886228656, 129.154262360995
201.87719520520523, 121.11459341766039
0.0, 201.87719520520523
0.0, 201.87719520520523
263.1840706786406, 59.80771794422503
0.0, 263.1840706786406
0.0, 263.1840706786406
5962.857645124877, 14342.134385141399
262.1490407248541, 5700.708604400023
0.0, 262.1490407248541
208.1449382491397, 54.004102475714404
0.0, 208.1449382491397
0.0, 208.1449382491397
2148.1994933901246, 3814.6581517347527
240.38014537928277, 1907.8193480108418
0.0, 240.38014537928277
211.1067230306622, 29.273422348620556
0.0, 211.1067230306622
0.0, 211.1067230306622
374.89039246693164, 1773.309100923193
0.0, 374.89039246693164
335.3088656546043, 39.581526812327354
0.0, 335.3088656546043
0.0, 335.3088656546043
28149.030947173207, 6853.164394276562
229.95297091185654, 27919.07797626135
0.0, 229.95297091185654
204.24675568651125, 25.70621522534529
0.0, 204.24675568651125
0.0, 204.24675568651125
7460.408803509548, 20688.62214366366
0.0, 7460.408803509548
2948.520811111153, 4511.887992398395
289.2529290882202, 2659.2678820229326
0.0, 289.2529290882202
284.88958353683074, 4.363345551389443
0.0, 284.88958353683074
282.4262903789115, 2.4632931579192245
207.4399875821266, 74.98630279678491
0.0, 207.4399875821266
0.0, 207.4399875821266
220.44390859476323, 61.98238178414829
0.0, 220.44390859476323
213.05622211082357, 7.38768648393966
0.0, 213.05622211082357
0.0, 213.05622211082357
367.3021842239004, 2581.2186268872524
0.0, 367.3021842239004
0.0, 367.3021842239004
