Node, generations
Node 1854, 17865.832914741426
Node 1440, 3135.198928573474
Node 1317, 1378.94729556193
Node 972, 573.7371695872922
Node 826, 528.8096280971391
Node 754, 518.7693628470257
Node 884, 544.4222496767235
Node 738, 517.2549258789822
Node 296, 420.4819265849296
Node 854, 536.4308633373231
Node 188, 269.3855996619728
Node 1316, 1373.7186498344038
Node 1242, 992.4972038804675
Node 159, 227.9517568985769
Node 1190, 836.388222120066
Node 1139, 749.0801226905425
Node 839, 533.007083826209
Node 545, 505.4937820928974
Node 1072, 651.9511938646586
Node 1027, 606.7040276403308
Node 906, 550.688919389746
Node 829, 529.6665194623936
Node 1155, 774.436230843429
Node 316, 441.239488839232
Node 261, 368.8009068991667
Node 995, 583.8176203332064
Node 771, 521.1078382918646
Node 101, 92.31845505815613
Node 938, 561.03951970207
Node 895, 547.5311196802514
Node 849, 534.7854691264705
Node 625, 509.09003119275275
Node 249, 361.96306812161305
Node 432, 501.3322540362604
Node 937, 559.4634278925514
Node 1245, 1013.6711066251538
Node 1164, 787.9537435366184
Node 1118, 714.5928297722969
Node 974, 574.0250569022471
Node 840, 533.0458119074077
Node 1097, 678.3404478123904
Node 1059, 636.5865000793758
Node 1132, 728.889057502528
Node 871, 540.4951373670474
Node 809, 525.7721496459318
Node 1043, 618.8753037438738
Node 102, 96.39719418062265
Node 836, 532.3279016719249
Node 800, 524.772876660786
Node 1195, 846.9322062737529
Node 1148, 761.5570228443408
Node 1071, 651.7687124751781
Node 977, 575.6264133301825
Node 574, 506.58631041541736
Node 438, 501.49400264356666
Node 248, 361.2289590889203
Node 327, 455.07296159079254
Node 95, 80.56994980060003
Node 1079, 656.0117995321374
Node 959, 569.4312528663877
Node 805, 525.3343714219287
Node 947, 564.3795442042559
Node 505, 503.848326708333
Node 1186, 819.7979269272146
Node 1159, 782.3113784827418
Node 943, 563.2942925579474
Node 553, 505.81415866813285
Node 1171, 796.8554915439813
Node 743, 517.9081370679685
Node 615, 508.40640891154817
Node 1347, 1566.2034045454202
Node 795, 524.2396744601954
Node 1103, 683.3327685108709
Node 858, 537.3429756550045
Node 120, 148.83915750380453
Node 732, 516.4635456643678
Node 971, 573.5635461539191
Node 766, 520.8877068869318
Node 181, 262.35307811187295
