Node, generations
Node 2768, 84558.64432841945
Node 1145, 10570.01744131167
Node 223, 620.8560828067235
Node 162, 392.1399523506687
Node 688, 5085.166754068532
Node 167, 411.4931921086284
Node 1752, 23060.022274468833
Node 348, 2127.372582869364
Node 179, 448.39857533862335
Node 37, 209.93560852836433
Node 234, 852.1395771043858
Node 57, 222.46637260128782
Node 906, 7428.479907808063
Node 275, 1480.5399131914944
Node 109, 278.84317871221714
Node 52, 217.9072593783639
Node 159, 382.32882935182715
Node 629, 4496.943126840377
Node 45, 214.99945983699655
