Node, generations
Node 3486, 29886.9398571709
Node 1698, 1305.120416791382
Node 1630, 1164.4444334149466
Node 1530, 1078.6969020778527
Node 1431, 1042.353750262098
Node 1481, 1057.3019426903186
Node 1326, 1022.2520973876937
Node 131, 169.90668361255547
Node 104, 110.12327826070795
Node 829, 959.6517329034841
Node 112, 135.22510762054694
Node 1591, 1122.6271986269837
Node 1550, 1087.796205677059
Node 1507, 1068.807751819748
Node 1357, 1026.5034861653514
Node 623, 771.1669405609086
Node 262, 349.39805692546014
Node 258, 348.1479525683397
Node 616, 768.077708752098
Node 578, 728.6680254366582
Node 1052, 1003.8145232210167
Node 108, 126.2948317452566
Node 1547, 1086.383194177996
Node 650, 791.471004854663
Node 1648, 1190.1306591158918
Node 1432, 1042.5108241057371
Node 1423, 1038.8735072623315
Node 1271, 1014.8877050454207
Node 86, 59.95144132396951
Node 1241, 1012.6329932851977
Node 1240, 1012.5707744800583
Node 755, 897.2498772671132
Node 1213, 1010.4186251935113
Node 472, 610.022712627319
Node 1595, 1125.3097506087875
Node 917, 1000.7048978574891
Node 225, 315.4324991147157
Node 450, 582.6511028263795
Node 1421, 1038.4809076492802
Node 1053, 1003.8147140234752
Node 233, 325.99884069655474
Node 3016, 18052.624302405475
Node 2174, 6053.086656333921
Node 1619, 1154.9041609737537
Node 484, 623.6494769242563
Node 1533, 1079.0851239981857
Node 1453, 1048.2701569115397
Node 1686, 1280.834505206965
Node 1685, 1278.5746316426673
Node 166, 238.8363870609942
Node 1628, 1161.2124130666984
Node 1590, 1122.4097255212948
Node 1486, 1060.6887233435775
Node 1562, 1094.259904123923
Node 1047, 1003.7140944911949
Node 921, 1000.8190321203535
Node 437, 567.1396824960392
Node 1518, 1074.299449342295
Node 252, 343.29232139917855
Node 1229, 1011.206472514461
Node 200, 288.8810363517934
Node 811, 945.8875665427287
Node 797, 937.692818360336
Node 1611, 1144.619636353524
Node 1552, 1088.7083994855557
Node 101, 100.71498629164363
Node 2869, 15314.966216275032
Node 2347, 7794.7740895078205
Node 1652, 1201.4106114939611
Node 1404, 1034.3307628587293
Node 1704, 1315.4907530378737
Node 1545, 1084.8808289030087
Node 1408, 1035.060553340772
Node 407, 523.7816272185172
Node 1538, 1081.099184141036
Node 85, 57.93212889649074
Node 1620, 1155.0567962450384
Node 1600, 1130.515669556788
Node 1502, 1067.1660136668008
