Node, generations
Node 2311, 11423.279496327817
Node 1326, 1319.8680207818597
Node 1287, 1248.1140960727344
Node 1033, 1036.8877210516375
Node 1273, 1223.6371356735417
Node 757, 1005.4159731361405
Node 508, 880.9369637962106
Node 1161, 1091.9694422953341
Node 1305, 1283.0267153393831
Node 1252, 1195.4684111353633
Node 60, 34.269629273662076
Node 1163, 1095.9345920111327
Node 790, 1006.9171502967048
Node 1160, 1091.2584234638637
Node 2168, 9500.43009757549
Node 1075, 1051.4111136857582
Node 2163, 9394.72079177895
Node 1193, 1118.705759635041
Node 1085, 1054.7404413999643
Node 458, 818.2338651097176
Node 667, 1002.3466605266738
Node 68, 107.35389227967461
Node 1536, 3224.61062318601
Node 1257, 1202.147204568347
Node 1128, 1075.3514841456624
Node 1109, 1065.783482795071
Node 1411, 2112.7437259731787
Node 1339, 1351.7347925645981
Node 927, 1017.4423895212377
Node 851, 1010.2074752433905
Node 1262, 1207.0257127281548
Node 1080, 1052.654877382094
Node 1226, 1162.8826162236292
Node 1092, 1058.7957927123682
Node 206, 426.8711421298914
Node 975, 1025.487449041765
Node 182, 379.8855969724493
Node 1367, 1437.0508154791073
Node 1175, 1105.1549831686427
Node 325, 614.3066401559124
Node 61, 55.43420154936704
Node 1136, 1080.2285625684885
Node 782, 1006.6556854834221
Node 1344, 1359.2461210083252
Node 1008, 1031.6520713765688
Node 1337, 1346.2782040693992
Node 1318, 1307.3535125472715
Node 1060, 1045.1480319676389
Node 1057, 1043.7278904338282
Node 195, 404.79537427381706
Node 1258, 1203.6186203501322
Node 1093, 1059.1072249358979
Node 947, 1020.2893735191833
Node 931, 1017.9700975746134
Node 750, 1005.0151775833968
Node 188, 392.34771563395356
Node 1022, 1034.7065217231395
Node 969, 1024.714053900578
Node 71, 131.74794696166086
