Node, generations
Node 1033, 14985.005580673072
Node 464, 787.6829387964095
Node 285, 301.9147247041348
Node 419, 611.7426630624835
Node 340, 392.68353041900406
Node 193, 235.8918448341019
Node 192, 235.86072244048134
Node 309, 337.10388568508955
Node 201, 240.130367396606
Node 289, 308.5331708381941
Node 88, 205.44981118361557
Node 42, 80.33584352759806
Node 368, 433.77308637640425
Node 254, 272.3266558969875
Node 166, 225.5762241180307
Node 355, 416.9697931576022
Node 1017, 14519.397758226609
Node 430, 650.2628716137193
Node 421, 616.9258682469292
Node 282, 298.46972711121697
Node 255, 274.8834752181735
Node 73, 202.41279817804747
Node 50, 129.48546825610705
Node 252, 272.26852422639985
Node 191, 235.70783222588247
Node 51, 132.72846280166848
Node 362, 424.28269178227555
Node 268, 284.04450965213704
Node 230, 258.6840546966021
Node 224, 254.85180022072845
Node 545, 1331.476459928575
Node 347, 404.5080258270488
Node 314, 341.27013278737735
Node 484, 895.187120066125
Node 226, 255.22445514498472
Node 195, 236.87586367128415
Node 107, 209.009801067497
Node 80, 204.30388529293404
Node 164, 224.30991785874298
