node_generations, branch_length
5541.093919368094, 13170.5780127156
340.92989571596183, 5200.1640236521325
0.0, 340.92989571596183
113.26009070007514, 227.6698050158867
0.0, 113.26009070007514
0.0, 113.26009070007514
3338.6927854831424, 2202.401133884952
0.0, 3338.6927854831424
2266.5835234096094, 1072.109262073533
119.5606817578652, 2147.0228416517443
0.0, 119.5606817578652
0.0, 119.5606817578652
302.04965406300454, 1964.533869346605
154.11844881148664, 147.9312052515179
0.0, 154.11844881148664
148.37012497263746, 5.748323838849188
0.0, 148.37012497263746
124.1480025286029, 24.222122444034554
0.0, 124.1480025286029
116.00747368512182, 8.140528843481079
0.0, 116.00747368512182
0.0, 116.00747368512182
180.04658094396197, 122.00307311904257
0.0, 180.04658094396197
173.98867386438812, 6.057907079573852
0.0, 173.98867386438812
138.3501372474557, 35.63853661693241
0.0, 138.3501372474557
128.08396741442638, 10.266169833029323
0.0, 128.08396741442638
0.0, 128.08396741442638
7040.594437026674, 11671.07749505702
1963.7698898511615, 5076.824547175513
319.6978688573578, 1644.0720209938036
155.5799554128654, 164.1179134444924
0.0, 155.5799554128654
0.0, 155.5799554128654
216.8824022898399, 102.81546656751789
0.0, 216.8824022898399
0.0, 216.8824022898399
965.3656042681956, 998.4042855829658
0.0, 965.3656042681956
190.88496171891958, 774.480642549276
0.0, 190.88496171891958
151.33058890282786, 39.55437281609173
0.0, 151.33058890282786
0.0, 151.33058890282786
2284.5291326423444, 4756.06530438433
1415.877718281595, 868.6514143607494
129.44232546493183, 1286.4353928166631
0.0, 129.44232546493183
0.0, 129.44232546493183
305.98092856939974, 1109.8967897121952
0.0, 305.98092856939974
171.3069915844606, 134.67393698493913
0.0, 171.3069915844606
123.81447281080564, 47.492518773654965
0.0, 123.81447281080564
0.0, 123.81447281080564
2042.7222736331883, 241.80685900915614
116.78836413439257, 1925.9339094987956
0.0, 116.78836413439257
0.0, 116.78836413439257
268.68614844166643, 1774.036125191522
157.51730406719975, 111.16884437446669
0.0, 157.51730406719975
137.50491031147166, 20.012393755728084
0.0, 137.50491031147166
0.0, 137.50491031147166
222.84353797362508, 45.84261046804136
102.82906247066049, 120.01447550296459
0.0, 102.82906247066049
0.0, 102.82906247066049
125.74657762065057, 97.0969603529745
0.0, 125.74657762065057
5.31696457125592, 120.42961304939465
0.0, 5.31696457125592
0.0, 5.31696457125592
