Node, generations
Node 2196, 16810.858512506962
Node 1381, 1551.4089095562508
Node 1355, 1465.5709440687247
Node 1098, 1080.3946809114689
Node 702, 1004.7464926121859
Node 1077, 1067.356150641862
Node 1074, 1064.879513804384
Node 1008, 1039.5320501737729
Node 823, 1010.8935652679666
Node 1268, 1260.6543636461774
Node 940, 1025.8863827100056
Node 1204, 1167.0854050120881
Node 430, 850.8576946255125
Node 186, 433.43201464653436
Node 1131, 1101.1699383607586
Node 1376, 1530.8190569435917
Node 1335, 1409.015188199051
Node 1261, 1246.858327132165
Node 1138, 1106.6143958729112
Node 333, 688.4868571282399
Node 1151, 1113.3844011562367
Node 613, 1001.8337605548209
Node 1073, 1064.8335008838735
Node 509, 952.4687630181311
Node 1322, 1375.3675353809372
Node 1066, 1059.9865439034486
Node 475, 908.5459975063817
Node 951, 1027.177880390758
Node 845, 1012.8351516718267
Node 519, 966.438263638626
Node 249, 548.6762704049513
Node 104, 220.58555952264535
Node 1076, 1067.0251028271302
Node 94, 212.2832699169231
Node 846, 1012.9753679126152
Node 269, 579.7182924497505
Node 1364, 1488.557918432941
Node 1012, 1040.3281029541786
Node 819, 1010.7673603137541
Node 638, 1002.5234388660838
Node 1283, 1298.838289614943
Node 1186, 1139.1262830959442
Node 1102, 1082.07463207843
Node 874, 1017.150991144496
Node 1235, 1201.6479543282635
Node 1039, 1050.739221003135
Node 1064, 1059.5335891978375
Node 113, 245.19263584482627
Node 586, 1000.9986874008939
Node 2174, 16208.962643083863
Node 1395, 1615.238332742043
Node 1375, 1520.9746354086146
Node 1391, 1597.2632645967408
Node 964, 1029.2523643854338
Node 1549, 4269.772016571417
Node 641, 1002.5452693244274
Node 319, 669.5066976423409
Node 129, 295.7422831465263
Node 1018, 1043.0537187927605
