Node, generations
Node 2212, 33708.20182024895
Node 1940, 24927.701223210584
Node 683, 4303.795699190411
Node 439, 1343.677348579509
Node 426, 1299.062349953909
Node 413, 1264.2411383776791
Node 316, 1094.5516073299484
Node 419, 1288.106586207101
Node 238, 1034.4533744977157
Node 368, 1155.7122287538173
Node 433, 1320.5439948071541
Node 370, 1162.3110541332644
Node 1463, 14550.287378214576
Node 422, 1293.3654389750982
Node 438, 1339.178338233897
Node 311, 1084.1357973717302
Node 356, 1137.4584633414602
Node 281, 1052.183687306382
Node 321, 1099.214544686605
