Node, generations
Node 3501, 26560.221829974344
Node 3037, 15483.598144374531
Node 2567, 8890.565455413498
Node 1716, 1163.001366688926
Node 1642, 1097.983190397659
Node 1122, 1004.1214470456289
Node 956, 1000.4128949301888
Node 532, 664.965621304439
Node 1383, 1020.8615301404093
Node 1017, 1001.5354237199483
Node 1989, 3183.0993825877727
Node 1718, 1166.1157929846995
Node 1680, 1126.115238206544
Node 1530, 1054.1203546882043
Node 943, 1000.2061913531448
Node 217, 305.4865968666131
Node 585, 713.5095090040718
Node 137, 179.81102599758663
Node 1397, 1023.051449528993
Node 1005, 1001.184258293956
Node 1589, 1075.0396909554968
Node 376, 502.76858652678357
Node 729, 820.1173172750002
Node 1774, 1241.1066865767727
Node 1464, 1034.477728384261
Node 680, 777.7329963258571
Node 198, 281.1963127425419
Node 716, 805.8165605166942
Node 372, 499.4266934936534
Node 3050, 15754.62613184931
Node 1715, 1162.1270958522348
Node 1608, 1084.044126125965
Node 1136, 1004.5456914073804
Node 159, 227.2500214955011
Node 1663, 1112.743358964323
Node 1334, 1015.3677038792116
Node 1278, 1011.5558710650234
Node 1173, 1005.7607308945927
Node 775, 860.2320590303673
Node 924, 991.6439482900915
Node 1400, 1023.6728935041256
Node 1113, 1003.8848513379727
Node 1054, 1002.4171621670768
Node 711, 799.4641109718023
Node 190, 262.3786971338313
Node 174, 248.01493736012142
Node 348, 468.45767215292153
Node 2385, 6859.590230526739
Node 1801, 1286.2547613135487
Node 80, 12.34776001486071
Node 2336, 6354.35020165904
Node 1345, 1016.8031180110389
Node 2312, 6197.092398222175
Node 1674, 1121.863898228835
Node 1616, 1088.1696261403306
Node 1610, 1085.790551609756
Node 1580, 1071.4385538852691
Node 1485, 1037.5404489533153
Node 1265, 1010.6515192403714
Node 1822, 1357.3280034629354
Node 1614, 1086.9716458655262
Node 1795, 1275.496709316918
Node 1508, 1045.676250681733
Node 1750, 1206.2319008344457
Node 1672, 1119.2769824984387
Node 206, 295.2170473679966
Node 1437, 1028.6388353757259
Node 119, 150.73115608060408
Node 1746, 1201.7452160973655
Node 1619, 1089.4125823034713
Node 1138, 1004.5784261349909
Node 793, 871.7497333442882
Node 386, 516.5833266241358
Node 743, 832.6554206480778
Node 1554, 1063.307799620193
Node 1325, 1014.8520262681554
Node 1713, 1161.6644832927777
Node 1062, 1002.5653619158146
Node 535, 666.8067488132805
