Node, generations
Node 3298, 34020.14933997213
Node 297, 105.63064787989804
Node 222, 76.62935353052035
Node 203, 69.84150414404886
Node 2740, 19900.053351961207
Node 1212, 3614.551896739662
Node 531, 813.7714024357223
Node 201, 69.34960773049202
Node 177, 64.34225026845282
Node 84, 50.21439398418598
Node 381, 172.73294386302652
Node 339, 128.52329881157908
Node 233, 83.65364062209741
Node 366, 150.90317809708074
Node 316, 115.4025339093532
Node 300, 107.80412797419667
Node 236, 84.53562510933614
Node 150, 58.713425327596035
Node 115, 53.07506778289718
Node 92, 51.20063023365141
Node 1077, 2972.3393177591056
Node 583, 1017.0945413732949
Node 389, 185.82373617256232
Node 312, 113.37248657477033
Node 102, 52.212449810333254
Node 350, 136.6271341520304
Node 218, 75.20080127322888
Node 207, 71.63994940370216
Node 145, 58.35570175588593
Node 123, 53.870087604206944
Node 409, 213.1378006165138
Node 182, 65.6776692170701
Node 313, 113.45877906470092
Node 130, 55.373619956928536
Node 97, 51.65478611042529
Node 228, 79.56924636143764
Node 120, 53.55524688747747
Node 2100, 10549.098056695948
Node 1337, 4271.405690961926
Node 514, 776.5702662046335
Node 113, 53.03086080997218
Node 328, 121.42374546415428
Node 246, 85.7968608110465
Node 1011, 2650.7419378531044
Node 353, 140.981656750941
Node 119, 53.54543606633665
Node 829, 1875.9042649978178
Node 379, 172.0764521221176
Node 106, 52.55079030780461
Node 467, 477.8496284569644
Node 1724, 6979.940315083532
Node 368, 157.48082771008288
Node 230, 80.94269610943977
Node 321, 117.99068317193905
Node 308, 110.46230447024709
Node 285, 101.86769732145395
Node 319, 116.82716859824026
Node 110, 52.70044737021615
Node 280, 99.58881169234508
Node 161, 60.6073305120396
Node 1247, 3778.621905263084
Node 545, 871.2502962725948
Node 340, 128.83055061597565
Node 188, 66.65827348332688
Node 348, 135.19778000828728
Node 242, 85.19663848566306
Node 905, 2217.33507561748
Node 436, 261.328797258922
Node 349, 135.2398561057999
Node 311, 113.18852781889981
Node 238, 84.87645613799947
Node 80, 14.773427093460635
Node 274, 96.17689380620116
Node 178, 64.36911804343718
Node 138, 56.9745386296702
Node 183, 65.68602555149583
Node 125, 54.10696168877472
Node 343, 130.6578219359864
Node 453, 398.965303588121
