Node, generations
Node 3441, 77678.45945849351
Node 1725, 1323.1043898702515
Node 1428, 1043.0682009475292
Node 1718, 1308.6701394818404
Node 1648, 1189.4497990658115
Node 2360, 15825.516788849027
Node 1869, 3155.027760401431
Node 1788, 1588.8170608276214
Node 99, 87.71363514938052
Node 1759, 1444.7836432732852
Node 1542, 1091.8894274814195
Node 1408, 1036.5137139055719
Node 1155, 1008.352420753852
Node 278, 401.83264993522096
Node 178, 258.6124146644287
Node 175, 253.61880149394727
Node 886, 1000.3435038675073
Node 297, 426.4004592313657
Node 85, 32.45655241546285
Node 1517, 1075.2440073252355
Node 1756, 1441.1543275734352
Node 1620, 1153.4011127975302
Node 1413, 1037.2987372133903
Node 1209, 1011.2654816881924
Node 325, 460.110105124068
Node 1543, 1092.6047346367343
Node 338, 477.85445083206605
Node 1342, 1025.1170160824822
Node 504, 665.8831017894145
Node 304, 432.42288853920434
Node 1650, 1192.623187512018
Node 1302, 1019.8649081599023
Node 1136, 1007.2439908727824
Node 83, 20.911796724367026
Node 1562, 1103.9307280500698
Node 667, 820.1200114899781
Node 1556, 1101.1079424699763
Node 365, 509.7376246455562
Node 156, 222.57621715627565
Node 1818, 1720.9884620392224
Node 1551, 1096.1756417721388
Node 1318, 1021.4712117288385
Node 1158, 1008.3713405691791
Node 1386, 1032.2835971742866
Node 1174, 1009.4494215613328
Node 1666, 1207.6502354697548
Node 1631, 1161.6165559548535
Node 1195, 1010.4838554097431
Node 468, 616.066510488028
Node 172, 246.0116753921062
Node 1564, 1105.3534353120813
Node 122, 152.06800189896506
Node 804, 936.6102288494983
Node 82, 17.07003034918875
Node 1960, 5826.048603541839
Node 1742, 1381.1634716336698
Node 1629, 1160.0815677362834
Node 1343, 1025.1909688908183
Node 615, 769.2132399241467
Node 1627, 1157.8330174198288
Node 1529, 1081.4478367971044
Node 1508, 1071.5853548614455
Node 1483, 1060.5777069543553
Node 1144, 1007.520202067095
Node 513, 671.8636507505125
Node 1484, 1060.9566105815081
Node 1018, 1002.8516233068985
Node 100, 89.06009809822783
Node 80, 9.13062707920146
Node 1798, 1617.9095723516295
Node 1563, 1104.0609683527982
Node 1482, 1060.2561824764043
Node 1604, 1142.4631182002502
Node 1573, 1113.0509892819305
Node 1129, 1006.9124622673586
Node 188, 271.617994476681
Node 1141, 1007.3536407452734
Node 945, 1001.2600919155841
Node 81, 15.031860039797772
