Node, generations
Node 1543, 26518.98987370684
Node 864, 1282.8403573808762
Node 789, 1140.362906644834
Node 714, 1073.6726076662744
Node 224, 784.2256802664609
Node 43, 85.87742001475767
Node 747, 1097.1442117225981
Node 656, 1045.6492457677857
Node 655, 1045.4826355992031
Node 704, 1067.4509544668915
Node 817, 1192.4674515889672
Node 495, 1013.0287280530249
Node 759, 1110.4288911727917
Node 1087, 3260.89791931638
Node 905, 1364.2838601010837
Node 875, 1301.2378121154502
Node 804, 1169.0596723266315
Node 662, 1047.6324695771655
Node 227, 798.5857821771555
Node 47, 96.3573477578295
Node 776, 1124.1283054344785
Node 744, 1095.0319532712847
Node 685, 1058.920114132464
Node 994, 1905.1034409838621
Node 865, 1285.5136480405627
Node 55, 167.42007356283648
Node 822, 1198.2964447243426
Node 631, 1039.6726197849987
Node 222, 774.6965602478314
Node 63, 220.61847535922314
Node 773, 1120.934655723262
Node 672, 1052.2657914438196
Node 990, 1878.853097817398
Node 916, 1422.502496782755
Node 840, 1232.8334364503871
Node 579, 1028.027194429353
Node 847, 1245.1811756886757
Node 782, 1130.3654675655253
Node 84, 319.0671217175719
