Node, generations
Node 1226, 18355.872670245215
Node 490, 4380.628417731021
Node 265, 777.9274203646281
Node 260, 743.3642105673688
Node 231, 653.8864288438547
Node 172, 384.65685692143
Node 116, 272.82372152487227
Node 105, 266.1987897847105
Node 98, 256.89702215307284
Node 23, 120.9203725038774
Node 127, 294.32841741996464
Node 196, 489.4186329314969
Node 167, 371.47366327658045
Node 131, 296.6124669162293
Node 32, 203.65860168156752
Node 262, 752.0839977275411
Node 153, 353.95927613669505
Node 488, 4339.319618644055
Node 177, 411.38684728385783
