node_generations, branch_length
119.91596700691883, 52331.259990842926
0.0, 119.91596700691883
0.0, 119.91596700691883
15120.44014817131, 37330.73580967853
2691.6218050590155, 12428.818343112294
588.2738987169083, 2103.3479063421073
0.0, 588.2738987169083
153.60769483035574, 434.6662038865526
0.0, 153.60769483035574
10.594389321132539, 143.0133055092232
0.0, 10.594389321132539
0.0, 10.594389321132539
2514.806822115754, 176.81498294326138
128.6545200568364, 2386.152302058918
0.0, 128.6545200568364
0.0, 128.6545200568364
2511.6463999384127, 3.1604221773413883
572.2554965952061, 1939.3909033432067
504.4410971714783, 67.81439942372776
152.03973711549204, 352.4013600559863
0.0, 152.03973711549204
111.54570436537307, 40.494032750118976
0.0, 111.54570436537307
0.0, 111.54570436537307
202.7600522967015, 301.68104487477683
0.0, 202.7600522967015
145.49739936902083, 57.262652927680676
0.0, 145.49739936902083
116.07391958766685, 29.423479781353976
0.0, 116.07391958766685
0.0, 116.07391958766685
529.9937696894839, 42.261726905722185
0.0, 529.9937696894839
129.9359189032134, 400.0578507862705
0.0, 129.9359189032134
0.0, 129.9359189032134
967.0638525490655, 1544.5825473893474
187.60213409190902, 779.4617184571564
0.0, 187.60213409190902
148.0319301771456, 39.570203914763425
0.0, 148.0319301771456
0.0, 148.0319301771456
908.71898935472, 58.34486319434552
159.67222995631565, 749.0467593984043
0.0, 159.67222995631565
141.7282082061964, 17.944021750119248
0.0, 141.7282082061964
0.0, 141.7282082061964
482.5100134590862, 426.2089758956337
111.61645545071922, 370.893558008367
0.0, 111.61645545071922
0.0, 111.61645545071922
154.8456161032582, 327.664397355828
0.0, 154.8456161032582
0.0, 154.8456161032582
9106.143328498927, 6014.296819672383
4720.959789038306, 4385.183539460621
139.22155602335172, 4581.738233014954
0.0, 139.22155602335172
119.42467657860183, 19.79687944474989
0.0, 119.42467657860183
0.0, 119.42467657860183
3953.143072674293, 767.8167163640128
0.0, 3953.143072674293
305.19351740365715, 3647.9495552706358
0.0, 305.19351740365715
0.0, 305.19351740365715
7720.4199302995385, 1385.7233981993886
0.0, 7720.4199302995385
707.5642878026882, 7012.85564249685
0.0, 707.5642878026882
458.74777863779633, 248.8165091648919
142.29274660313723, 316.4550320346591
0.0, 142.29274660313723
0.0, 142.29274660313723
190.1868133010262, 268.5609653367701
0.0, 190.1868133010262
0.0, 190.1868133010262
