node_generations, branch_length
0.0, 13918.511767866685
8721.714245865809, 5196.797522000876
0.0, 8721.714245865809
7961.369059481277, 760.3451863845321
3781.8541266458556, 4179.514932835422
825.1425532646552, 2956.7115733812
0.0, 825.1425532646552
0.0, 825.1425532646552
3767.8858165723937, 13.968310073461907
341.08058258563085, 3426.8052339867627
0.0, 341.08058258563085
0.0, 341.08058258563085
379.58087496379704, 3388.3049416085964
0.0, 379.58087496379704
223.69693515952807, 155.88393980426898
0.0, 223.69693515952807
207.14887946553972, 16.548055693988346
0.0, 207.14887946553972
203.60198601560234, 3.546893449937386
0.0, 203.60198601560234
0.0, 203.60198601560234
4629.856255372503, 3331.5128041087737
429.93366159379417, 4199.922593778709
0.0, 429.93366159379417
0.0, 429.93366159379417
3499.203252064169, 1130.653003308334
0.0, 3499.203252064169
2516.147864160145, 983.055387904024
220.52667025775793, 2295.6211939023874
0.0, 220.52667025775793
0.0, 220.52667025775793
310.90562048481104, 2205.242243675334
228.09974812074174, 82.8058723640693
0.0, 228.09974812074174
0.0, 228.09974812074174
248.07189858397962, 62.83372190083142
0.0, 248.07189858397962
0.0, 248.07189858397962
