Node, generations
Node 2796, 61656.60871751375
Node 1435, 10586.654511652672
Node 446, 306.379827007716
Node 372, 256.17418570157326
Node 324, 236.28254424855822
Node 861, 3609.6986284722234
Node 500, 367.5006812355848
Node 348, 244.8460529674095
Node 85, 166.14735774500065
Node 385, 262.6601110262045
Node 161, 204.6657635510459
Node 97, 198.47112789679053
Node 201, 208.56338340226688
Node 821, 3186.6396785449547
Node 266, 219.11451669349833
Node 609, 633.2544092929624
Node 383, 261.3575891303922
Node 190, 207.02446889241645
Node 431, 293.11020967734777
Node 321, 235.34008542633634
Node 273, 221.35218852344133
Node 428, 291.08965429073123
Node 388, 264.42970356536466
Node 234, 213.07175795535431
Node 199, 208.05728271276692
Node 330, 238.25802609533918
Node 255, 216.84816992858737
Node 249, 216.0498679246662
Node 1567, 12609.187075167465
Node 564, 475.51212710287723
Node 479, 339.4541592821896
Node 357, 248.8003654075339
Node 66, 83.66211530119475
Node 61, 27.900597736722613
Node 400, 274.3861245853939
Node 283, 222.57242105749452
Node 489, 358.0866783843986
Node 260, 217.96849195818396
Node 159, 204.4419452921808
Node 152, 204.0207597831501
Node 359, 250.04318071766622
Node 346, 243.81170734269566
Node 863, 3611.7803428986645
Node 579, 526.4229635459506
Node 522, 402.1329553222691
Node 468, 325.7153908740128
Node 524, 403.5801785201911
Node 351, 246.39348548042696
Node 329, 238.0670630314829
Node 648, 786.0498519091066
Node 225, 211.72484462878296
Node 600, 600.7468517413172
Node 421, 287.62289866186313
Node 575, 517.560978021222
Node 306, 229.9896495670522
Node 193, 207.42003860017368
Node 387, 264.0474712275608
Node 353, 247.95596811321502
Node 316, 233.87824547454292
