Node, generations
Node 2780, 22479.92797619276
Node 1341, 1451.836324012519
Node 1199, 1166.370967371664
Node 1143, 1112.1304351546207
Node 784, 1008.809830162359
Node 731, 1005.9896864148876
Node 107, 236.10952970710048
Node 991, 1037.388738582338
Node 2000, 8651.296295157705
Node 1749, 5870.038786650899
Node 1617, 4424.65096678024
Node 1205, 1169.9034045543729
Node 1111, 1091.1368470964185
Node 61, 12.9274012201754
Node 1097, 1082.7609756311047
Node 71, 78.24597588384799
Node 835, 1012.7401707025895
Node 770, 1007.6627783106919
Node 1157, 1121.3958379002556
Node 491, 893.367373688131
Node 837, 1012.8099587384601
Node 1346, 1458.2857199887974
Node 1237, 1212.5802813783075
Node 1093, 1080.304269944867
Node 337, 698.4201107750364
Node 1216, 1186.9748854010188
Node 1156, 1119.8910539587766
Node 1075, 1068.3603134826997
Node 1215, 1186.2325192656385
Node 985, 1034.6894950676297
Node 1166, 1127.4663580565282
Node 1113, 1091.4789024867948
Node 165, 387.8139098876049
Node 940, 1025.3146895135237
Node 1151, 1116.009958839705
Node 1036, 1052.659401817894
Node 467, 868.9131321492489
Node 1085, 1075.688594485208
Node 703, 1004.6542536175773
Node 691, 1003.8197293018188
Node 423, 822.0048677688299
Node 1065, 1065.1449607070942
Node 1321, 1392.4968425773013
Node 1098, 1082.9350521253816
Node 1825, 6632.578910857757
Node 1224, 1197.8830355659325
Node 774, 1008.1219591166797
Node 1038, 1053.95126589626
Node 1483, 2971.263233756404
Node 1303, 1353.180641540519
Node 901, 1019.3697946270375
Node 850, 1013.7780498445715
Node 1171, 1132.4593637014161
Node 139, 329.53052144914835
Node 60, 5.082488093261913
Node 1340, 1448.6330615336053
Node 1264, 1257.2361538610573
Node 62, 30.804444387104407
Node 880, 1016.7572679515041
