Node, generations
Node 4347, 89291.33316289524
Node 1627, 1109.181663112866
Node 782, 884.7082153042053
Node 764, 868.2744533157021
Node 240, 376.93766317367107
Node 82, 32.089498877959954
Node 1376, 1021.3935615548296
Node 612, 745.7994506241811
Node 179, 285.87659980809735
Node 377, 540.6802569918416
Node 3538, 29697.317158524645
Node 2053, 3927.62009748424
Node 1836, 1802.4318038819263
Node 1796, 1381.3478986105326
Node 1585, 1083.8284341374706
Node 1380, 1021.9007103085248
Node 996, 1001.6338172922881
Node 128, 170.02816569814837
Node 1792, 1377.008108789724
Node 1752, 1275.5410050581995
Node 1541, 1054.8493256140018
Node 97, 98.77817967838543
Node 1751, 1273.4160472481155
Node 1641, 1122.983366674873
Node 1563, 1069.9691210281005
Node 86, 44.209375424209114
Node 1556, 1062.055531997134
Node 1508, 1046.898795942493
Node 237, 373.4202100220529
Node 1773, 1322.664539610378
Node 1603, 1095.3757184273156
Node 1026, 1002.4155398289738
Node 1697, 1182.7046984991123
Node 1655, 1137.684607909766
Node 1664, 1143.018599046125
Node 1197, 1008.1578493689692
Node 868, 960.9679865595651
Node 1580, 1079.3503339142887
Node 176, 283.4005274722152
Node 1401, 1024.8264967322557
Node 1257, 1011.2084984655546
Node 974, 1001.2524704067322
Node 1825, 1652.671856615383
Node 1800, 1399.2779115413898
Node 1774, 1325.43742833343
Node 1569, 1073.7015108008777
Node 1511, 1047.4304396367138
Node 1396, 1023.7126146683598
Node 300, 447.1240295579741
Node 89, 61.67548716637911
Node 1518, 1048.3887221674008
Node 1397, 1023.8501419731127
Node 802, 906.1250373859004
Node 1470, 1037.5678336966985
Node 312, 459.64685046017223
Node 1768, 1300.0085769609084
Node 1484, 1040.5466920519643
Node 997, 1001.6413062426652
Node 93, 78.57167537700965
Node 986, 1001.4001536572765
Node 1607, 1096.6131195436813
Node 1790, 1373.507074437565
Node 1619, 1104.478138959425
Node 1413, 1027.066483354396
Node 956, 1000.9447150124279
Node 1581, 1082.140540265061
Node 1776, 1335.1527005011546
Node 336, 490.8630217630574
Node 1746, 1256.488745557792
Node 1467, 1037.1364229752946
Node 396, 552.482199311945
Node 1536, 1054.1513566072356
Node 1802, 1409.625381635987
Node 1648, 1130.861686954298
Node 365, 526.2008446795325
Node 1538, 1054.1882585427277
Node 2245, 5912.41737680853
Node 1425, 1029.3700800822198
Node 1433, 1030.7384839550775
