node_generations, branch_length
6080.795039322457, 13324.871599944483
360.55269618305, 5720.242343139407
0.0, 360.55269618305
278.0603205137118, 82.49237566933817
0.0, 278.0603205137118
235.84094314780148, 42.21937736591033
0.0, 235.84094314780148
221.2641719077098, 14.576771240091688
0.0, 221.2641719077098
0.0, 221.2641719077098
2252.6559536365025, 3828.139085685955
0.0, 2252.6559536365025
0.0, 2252.6559536365025
18870.16094026927, 535.5056989976692
2978.0124100985927, 15892.148530170678
232.4767193063446, 2745.5356907922483
0.0, 232.4767193063446
0.0, 232.4767193063446
302.89825020203716, 2675.1141598965555
0.0, 302.89825020203716
0.0, 302.89825020203716
8986.90049003912, 9883.260450230151
377.74899607976334, 8609.151493959356
0.0, 377.74899607976334
359.7901828397642, 17.95881323999913
240.5419178838111, 119.24826495595312
0.0, 240.5419178838111
201.0992076553644, 39.442710228446686
0.0, 201.0992076553644
0.0, 201.0992076553644
251.1334657643687, 108.6567170753955
0.0, 251.1334657643687
0.0, 251.1334657643687
4130.920768512315, 4855.9797215268045
0.0, 4130.920768512315
287.36885777222784, 3843.551910740087
0.0, 287.36885777222784
0.0, 287.36885777222784
