Node, generations
Node 1487, 2816.376987264384
Node 1436, 2005.6142261298392
Node 1339, 1407.2741206146982
Node 1291, 1270.5565451407922
Node 1093, 1055.6650787143506
Node 869, 1012.7907331409268
Node 1061, 1045.4231496782866
Node 205, 447.56679687341466
Node 65, 76.59974410590425
Node 827, 1009.6003278350458
Node 1210, 1148.471170878028
Node 1009, 1032.7612492567275
Node 635, 1000.6325891921887
Node 231, 501.2548054962434
Node 1147, 1087.5588906820499
Node 153, 355.55393681418167
Node 1319, 1368.1423380456702
Node 357, 694.5878577797153
Node 135, 303.7028527015433
Node 1369, 1551.932677328813
Node 1178, 1112.034024370054
Node 319, 636.1338492562624
Node 341, 665.7240855219135
Node 125, 285.64576773940996
Node 1347, 1426.9442960042252
Node 1271, 1236.464082079206
Node 876, 1013.4985927708225
Node 342, 666.1408588121225
Node 340, 665.2133085859082
Node 1257, 1206.6827017208234
Node 1481, 2715.3245473839515
Node 1428, 1896.9911631883379
Node 1183, 1115.4719274389759
Node 1079, 1052.075020739839
Node 1167, 1101.0602467935253
Node 1108, 1064.0619986179504
Node 959, 1023.8311109339721
Node 954, 1022.7076526615232
Node 63, 68.97182209388487
Node 1149, 1088.8291750802614
Node 1033, 1038.6210625515685
Node 62, 50.4698475734009
Node 1345, 1424.2729195109907
Node 1077, 1051.8866583698418
Node 1051, 1043.3512144327592
Node 169, 391.46062424980823
Node 702, 1002.7083352666538
Node 1335, 1392.9280222714308
Node 907, 1016.5053637010247
Node 1317, 1364.7944373588266
Node 1247, 1189.243011897738
Node 1006, 1031.9345639282983
Node 935, 1019.5628928237833
Node 104, 216.14698633931783
Node 1193, 1128.2912404812882
Node 1111, 1065.1486966677385
Node 570, 958.7316250941041
Node 841, 1010.6610485695611
Node 1297, 1281.107087193347
