node_generations, branch_length
923.8608489158277, 1479.8842534134255
530.7111606395206, 393.1496882763071
0.0, 530.7111606395206
0.0, 530.7111606395206
850.0014124396173, 73.85943647621036
565.0821158806435, 284.91929655897377
520.9702747126915, 44.11184116795198
0.0, 520.9702747126915
511.4258664622622, 9.544408250429342
0.0, 511.4258664622622
0.0, 511.4258664622622
558.9083892116869, 6.173726668956647
0.0, 558.9083892116869
0.0, 558.9083892116869
751.1384584745762, 98.86295396504113
594.0964474068057, 157.04201106777043
0.0, 594.0964474068057
342.86342694763425, 251.23302045917148
0.0, 342.86342694763425
167.29915012967524, 175.564276817959
0.0, 167.29915012967524
0.0, 167.29915012967524
674.0580549796847, 77.08040349489147
0.0, 674.0580549796847
661.5907568176065, 12.467298162078237
0.0, 661.5907568176065
528.9792145494017, 132.61154226820474
0.0, 528.9792145494017
0.0, 528.9792145494017
2206.091674018292, 197.65342831096132
803.4763560069198, 1402.6153180113722
0.0, 803.4763560069198
737.5591314729061, 65.91722453401371
0.0, 737.5591314729061
697.5649824982412, 39.99414897466488
0.0, 697.5649824982412
691.1410763298552, 6.423906168385997
0.0, 691.1410763298552
544.5347990815085, 146.60627724834671
0.0, 544.5347990815085
0.0, 544.5347990815085
907.2682303026048, 1298.823443715687
807.6940610712539, 99.57416923135088
546.9017871218143, 260.7922739494396
0.0, 546.9017871218143
0.0, 546.9017871218143
682.0866798801185, 125.60738119113546
544.6246910798197, 137.46198880029874
0.0, 544.6246910798197
0.0, 544.6246910798197
603.524924530533, 78.5617553495855
513.7874095985377, 89.73751493199529
0.0, 513.7874095985377
494.6846551644653, 19.10275443407238
0.0, 494.6846551644653
0.0, 494.6846551644653
516.1138581280832, 87.41106640244982
0.0, 516.1138581280832
505.65749914505665, 10.456358983026519
0.0, 505.65749914505665
0.0, 505.65749914505665
810.8188545055052, 96.4493757970996
646.8444744033785, 163.9743801021267
0.0, 646.8444744033785
594.8019865345265, 52.04248786885205
0.0, 594.8019865345265
560.293574352362, 34.50841218216442
0.0, 560.293574352362
0.0, 560.293574352362
659.2581714468325, 151.56068305867268
595.7136722379709, 63.54449920886168
0.0, 595.7136722379709
517.4523058065248, 78.26136643144605
0.0, 517.4523058065248
0.0, 517.4523058065248
605.9097805688457, 53.348390877986844
0.0, 605.9097805688457
0.0, 605.9097805688457
