Node, generations
Node 998, 22135.199417948283
Node 309, 1176.0030025579163
Node 120, 303.00172069898355
Node 69, 231.09536005202128
Node 263, 839.5181606449797
Node 89, 251.08316098736154
Node 50, 214.58862115960994
Node 208, 511.455359025964
Node 97, 263.77365714827766
Node 548, 8765.195830796698
Node 261, 821.7674271621311
Node 132, 329.3556239387779
Node 407, 4480.621103738647
Node 202, 494.28470402103807
Node 301, 1093.264361154356
Node 214, 550.0554977046617
Node 112, 286.2195499577296
Node 117, 295.2568636966138
Node 238, 692.726992101802
