node_generations, branch_length
1462.3552765467957, 47001.23789123168
398.9935424091134, 1063.3617341376823
0.0, 398.9935424091134
364.3295365489131, 34.66400586020029
0.0, 364.3295365489131
0.0, 364.3295365489131
578.4962914866874, 883.8589850601084
386.11319724015203, 192.38309424653534
0.0, 386.11319724015203
215.8888173685977, 170.22437987155433
0.0, 215.8888173685977
200.77773787115038, 15.11107949744732
0.0, 200.77773787115038
0.0, 200.77773787115038
421.6025387872352, 156.8937526994522
0.0, 421.6025387872352
400.410331348883, 21.19220743835217
222.21512345119268, 178.19520789769032
0.0, 222.21512345119268
0.0, 222.21512345119268
301.1410151544206, 99.26931619446242
0.0, 301.1410151544206
0.0, 301.1410151544206
1729.674984316633, 46733.91818346184
394.48595895674833, 1335.1890253598847
0.0, 394.48595895674833
200.22212131026632, 194.26383764648202
0.0, 200.22212131026632
0.0, 200.22212131026632
1068.9701989592847, 660.7047853573483
0.0, 1068.9701989592847
578.547357499006, 490.42284146027873
0.0, 578.547357499006
332.69608000524914, 245.85127749375687
0.0, 332.69608000524914
228.0395776795099, 104.65650232573924
0.0, 228.0395776795099
0.0, 228.0395776795099
