Node, generations
Node 2373, 42873.24301854706
Node 1088, 8567.607367689474
Node 508, 1419.6924039421972
Node 998, 7395.274591161777
Node 475, 1306.9520733124289
Node 377, 1122.9879120818325
Node 274, 1050.9094472480842
Node 359, 1105.7302814096804
Node 389, 1135.404102403938
Node 782, 4607.458683434091
Node 433, 1218.6870632989846
Node 297, 1059.580337434733
Node 27, 339.7312728561536
Node 1220, 10595.996362959491
Node 423, 1193.666238448355
Node 244, 1039.4117711234258
Node 776, 4469.829755962089
Node 336, 1087.977651973848
Node 230, 1033.208313330917
