node_generations, branch_length
228.7228878920455, 67513.89078628038
0.0, 228.7228878920455
0.0, 228.7228878920455
12739.138326296114, 55003.4753478763
4764.708380058919, 7974.429946237195
0.0, 4764.708380058919
3125.7381159656147, 1638.9702640933042
238.5621918090896, 2887.175924156525
0.0, 238.5621918090896
0.0, 238.5621918090896
2763.1913587828863, 362.54675718272847
176.84113896156555, 2586.350219821321
0.0, 176.84113896156555
0.0, 176.84113896156555
1083.2883419973455, 1679.9030167855408
288.8987941312934, 794.389547866052
0.0, 288.8987941312934
0.0, 288.8987941312934
1062.9698868635492, 20.318455133796306
305.39589702814453, 757.5739898354046
185.7427557182399, 119.65314130990464
0.0, 185.7427557182399
0.0, 185.7427557182399
185.7877901378406, 119.60810689030393
0.0, 185.7877901378406
0.0, 185.7877901378406
443.09513968714384, 619.8747471764053
0.0, 443.09513968714384
297.2722591819225, 145.82288050522135
0.0, 297.2722591819225
0.0, 297.2722591819225
10385.467348297663, 2353.6709779984503
0.0, 10385.467348297663
2581.8738947143906, 7803.593453583273
0.0, 2581.8738947143906
151.0189083038721, 2430.8549864105184
0.0, 151.0189083038721
0.0, 151.0189083038721
