Node, generations
Node 2226, 66779.82251291309
Node 522, 356.3780915450785
Node 285, 222.92461431456238
Node 487, 330.82076846289254
Node 381, 254.49463638596805
Node 353, 238.75118548232916
Node 186, 208.00177263735165
Node 357, 241.2867566470956
Node 271, 219.87426033587667
Node 971, 7194.270435540104
Node 766, 1425.7478904531138
Node 500, 338.34067939095434
Node 174, 206.94804790505114
Node 119, 201.83590102048498
Node 663, 715.3322941429844
Node 642, 617.3182008354673
Node 619, 562.1138691227632
Node 78, 144.85405711984276
Node 585, 465.8577814082163
Node 286, 222.98456914710013
Node 190, 208.51591722661203
Node 455, 295.5018641655505
Node 408, 269.12748169177763
Node 194, 209.01586779638188
Node 193, 208.90217233455428
Node 123, 201.9793969310723
Node 412, 271.9088106640356
Node 227, 212.53360574697876
Node 320, 229.38687306513302
Node 649, 659.3642469726337
Node 184, 207.74585285004935
Node 608, 540.5865017257988
Node 525, 358.3895861741237
Node 362, 244.3485433851035
Node 593, 485.97924705515163
Node 582, 457.33929976901663
Node 562, 428.2103242498379
Node 456, 295.603995713459
Node 425, 279.94358156043154
Node 423, 277.74299316421326
Node 394, 262.6850153945934
Node 358, 241.51483697047505
Node 448, 291.248304640069
Node 546, 391.02319330895625
Node 311, 227.76254560226607
Node 70, 91.88267201682689
Node 511, 345.29067966831656
Node 62, 33.98980477643649
Node 580, 454.3598205325685
Node 446, 290.56553917656345
Node 60, 6.730119549601833
Node 518, 353.37724633882794
Node 433, 283.00562373404244
Node 382, 255.02954875629763
Node 219, 211.79850368550905
Node 207, 210.43124930669228
Node 493, 334.2307019021223
Node 462, 303.05824808476586
Node 255, 216.313299414041
