Node, generations
Node 2872, 25663.101666508708
Node 1851, 9045.821752715028
Node 1268, 4499.476989480854
Node 619, 1481.654005180335
Node 367, 422.95061375568173
Node 332, 218.55757555500966
Node 76, 53.97545464536095
Node 244, 122.37734123394361
Node 184, 89.67982433059629
Node 97, 61.97168294735402
Node 70, 51.06620510603121
Node 343, 248.83697733541615
Node 74, 53.73387466067043
Node 2195, 12807.701804775355
Node 373, 460.82614738476843
Node 193, 94.24254871623829
Node 172, 84.04736198817795
Node 156, 77.90556916814127
Node 73, 53.541229733912346
Node 312, 193.30805455696432
Node 170, 82.70301302584599
Node 220, 109.05060563652714
Node 91, 58.41679278171923
Node 121, 68.5377229073905
Node 60, 10.058170878913147
Node 1908, 9577.585314279993
Node 935, 2808.451330983537
Node 415, 682.9087945383673
Node 296, 168.65086241854618
Node 151, 76.66836557166428
Node 347, 273.1859750125755
Node 111, 65.89709731718767
Node 179, 86.79869896080854
Node 438, 770.2769274938023
Node 345, 254.60818697000292
Node 95, 59.73922609787079
Node 63, 38.30199162734785
Node 300, 173.09185985611688
Node 290, 162.92512546655556
Node 155, 77.74845112539742
Node 94, 59.298334370243644
Node 265, 134.02307216213615
Node 249, 124.11248733617373
Node 147, 75.78857328165705
Node 240, 121.05103015127638
Node 119, 68.06246780851912
Node 68, 50.172514286472854
Node 1386, 5256.748079048669
Node 317, 201.21389251860387
Node 252, 126.46862045317116
Node 285, 158.91696774793166
Node 1068, 3445.583298614805
Node 216, 107.16814249463401
Node 85, 55.7979709880154
Node 735, 1920.4236869676897
Node 116, 67.40093806529813
Node 80, 54.42724603865963
Node 61, 28.92325200134536
Node 211, 104.7690024536874
