node_generations, branch_length
267.2516657759416, 88181.20780310873
0.0, 267.2516657759416
0.0, 267.2516657759416
3171.6755616771925, 85276.78390720747
549.1234091188103, 2622.552152558382
0.0, 549.1234091188103
0.0, 549.1234091188103
3136.4989416160397, 35.17662006115279
458.18794590242527, 2678.3109957136144
228.230675584539, 229.95727031788627
0.0, 228.230675584539
203.80531086898333, 24.425364715555673
0.0, 203.80531086898333
0.0, 203.80531086898333
401.61501975321346, 56.57292614921181
0.0, 401.61501975321346
314.9079580145207, 86.70706173869274
202.9752199191599, 111.9327380953608
0.0, 202.9752199191599
0.0, 202.9752199191599
277.98111615114055, 36.92684186338016
0.0, 277.98111615114055
0.0, 277.98111615114055
1553.5622718585146, 1582.9366697575251
539.9723474620189, 1013.5899243964957
0.0, 539.9723474620189
499.2247590867789, 40.747588375240014
0.0, 499.2247590867789
230.72359307755588, 268.50116600922297
0.0, 230.72359307755588
0.0, 230.72359307755588
590.2306998886788, 963.3315719698357
0.0, 590.2306998886788
227.6602448366074, 362.57045505207145
0.0, 227.6602448366074
224.32046861914233, 3.3397762174650722
0.0, 224.32046861914233
0.0, 224.32046861914233
