Node, generations
Node 2334, 46640.70601934675
Node 533, 2149.880862336258
Node 414, 1193.250984426589
Node 364, 1110.5655838897712
Node 304, 1054.8103944896081
Node 251, 1029.3152256962492
Node 163, 1008.8904473111421
Node 144, 1005.7574289824304
Node 483, 1358.4954101999856
Node 170, 1009.5888767703059
Node 465, 1304.6088648977588
Node 100, 935.4788334929623
Node 1020, 9136.88054157475
Node 159, 1007.8183923588156
Node 371, 1117.5447619474928
Node 313, 1059.960881100859
Node 247, 1028.5775853156651
Node 271, 1036.4132592637086
Node 46, 519.0351539400497
