Node, generations
Node 1088, 23933.866742924092
Node 227, 613.7512767259336
Node 176, 410.81161031026255
Node 118, 283.441953466611
Node 190, 450.8460042169784
Node 111, 269.8717757175567
Node 602, 9774.97979449385
Node 199, 472.94542872867214
Node 69, 224.40054125627913
Node 50, 215.4568399176192
Node 241, 660.9580520363812
Node 225, 597.0071823690608
Node 203, 479.7652114564604
Node 56, 217.96284748330203
Node 137, 329.00271682787115
Node 101, 252.91055467465924
Node 204, 482.93831726115224
Node 179, 418.32379212044367
Node 103, 253.65575544746554
