node_generations, branch_length
1519.3266727788027, 1473.7027910150373
1186.4799870558484, 332.84668572295436
1018.7679781865529, 167.71200886929546
0.0, 1018.7679781865529
0.0, 1018.7679781865529
1142.8658231425518, 43.61416391329658
0.0, 1142.8658231425518
1031.8668615751087, 110.99896156744308
1015.4738350069252, 16.393026568183473
0.0, 1015.4738350069252
1004.0185323167597, 11.455302690165581
0.0, 1004.0185323167597
0.0, 1004.0185323167597
1017.654486180984, 14.212375394124706
0.0, 1017.654486180984
0.0, 1017.654486180984
1448.849680530994, 70.47699224780877
0.0, 1448.849680530994
1214.3061208844485, 234.54355964654542
255.0856615121983, 959.2204593722503
0.0, 255.0856615121983
0.0, 255.0856615121983
1193.8128097966944, 20.493311087754137
1020.1197066469036, 173.69310314979077
0.0, 1020.1197066469036
0.0, 1020.1197066469036
1177.9659054490596, 15.84690434763479
0.0, 1177.9659054490596
1047.535215639309, 130.43068980975067
0.0, 1047.535215639309
414.79840446105004, 632.7368111782589
0.0, 414.79840446105004
0.0, 414.79840446105004
2937.310153589014, 55.71931020482589
0.0, 2937.310153589014
1534.6502562196065, 1402.6598973694076
1424.4080104009058, 110.24224581870067
1206.5622055320368, 217.84580486886898
0.0, 1206.5622055320368
1055.6627504089636, 150.89945512307327
0.0, 1055.6627504089636
909.7538519563864, 145.9088984525772
0.0, 909.7538519563864
280.21075239582217, 629.5430995605642
0.0, 280.21075239582217
0.0, 280.21075239582217
1320.2238348364176, 104.18417556448821
0.0, 1320.2238348364176
1056.6258392706482, 263.59799556576945
0.0, 1056.6258392706482
0.0, 1056.6258392706482
1471.2931006225053, 63.357155597101155
1104.5528640001628, 366.74023662234254
1036.197436925842, 68.35542707432069
0.0, 1036.197436925842
1027.4647601766976, 8.732676749144503
0.0, 1027.4647601766976
1009.9799790179251, 17.484781158772535
815.6105637955083, 194.36941522241682
0.0, 815.6105637955083
0.0, 815.6105637955083
1003.4002089264111, 6.5797700915139785
0.0, 1003.4002089264111
0.0, 1003.4002089264111
1088.7323575095818, 15.82050649058101
1006.8703234560069, 81.86203405357492
0.0, 1006.8703234560069
0.0, 1006.8703234560069
1081.4592711069881, 7.273086402593663
0.0, 1081.4592711069881
1009.7229577293583, 71.73631337762981
0.0, 1009.7229577293583
0.0, 1009.7229577293583
1419.9671211251587, 51.32597949734668
0.0, 1419.9671211251587
1012.9265048977858, 407.0406162273729
0.0, 1012.9265048977858
0.0, 1012.9265048977858
