node_generations, branch_length
979.393401878135, 40248.50809167004
590.6698455923453, 388.72355628578975
0.0, 590.6698455923453
265.86975320918964, 324.80009238315563
48.99527511538917, 216.87447809380046
0.0, 48.99527511538917
0.0, 48.99527511538917
210.15632354459458, 55.713429664595054
0.0, 210.15632354459458
5.23409561947439, 204.92222792512018
0.0, 5.23409561947439
0.0, 5.23409561947439
639.809823638173, 339.583578239962
359.9378841905064, 279.87193944766665
0.0, 359.9378841905064
0.0, 359.9378841905064
410.89756810840333, 228.9122555297697
0.0, 410.89756810840333
308.8825992074873, 102.01496890091602
0.0, 308.8825992074873
305.08261328805247, 3.799985919434846
0.0, 305.08261328805247
224.61496766854083, 80.46764561951164
0.0, 224.61496766854083
0.0, 224.61496766854083
8567.410652740247, 32660.490840807928
875.1019612588988, 7692.308691481348
226.26512834532673, 648.836832913572
0.0, 226.26512834532673
0.0, 226.26512834532673
829.706147305274, 45.395813953624724
38.64382176869172, 791.0623255365823
0.0, 38.64382176869172
0.0, 38.64382176869172
401.58329686293706, 428.122850442337
214.82809587020188, 186.75520099273518
0.0, 214.82809587020188
0.0, 214.82809587020188
385.93361394427444, 15.64968291866262
0.0, 385.93361394427444
321.28190580451763, 64.6517081397568
0.0, 321.28190580451763
0.0, 321.28190580451763
1042.180184688202, 7525.230468052046
309.56253476218825, 732.6176499260137
215.92857194919887, 93.63396281298938
0.0, 215.92857194919887
0.0, 215.92857194919887
229.7248948640249, 79.83763989816336
0.0, 229.7248948640249
0.0, 229.7248948640249
834.7528174981172, 207.42736719008474
250.82609957720828, 583.9267179209089
0.0, 250.82609957720828
208.23129731234326, 42.594802264865024
0.0, 208.23129731234326
0.0, 208.23129731234326
555.9585050763781, 278.79431242173916
334.6774914669003, 221.28101360947778
228.39164782089847, 106.28584364600181
0.0, 228.39164782089847
207.68725352477793, 20.70439429612054
0.0, 207.68725352477793
0.0, 207.68725352477793
246.2943496481641, 88.38314181873619
0.0, 246.2943496481641
226.80214698654638, 19.49220266161771
0.0, 226.80214698654638
0.0, 226.80214698654638
549.1131689211022, 6.845336155275845
378.15508381332836, 170.95808510777385
0.0, 378.15508381332836
0.0, 378.15508381332836
529.1180155099031, 19.995153411199112
0.0, 529.1180155099031
207.70707729576122, 321.4109382141419
0.0, 207.70707729576122
0.0, 207.70707729576122
