Node, generations
Node 2469, 28015.280113126522
Node 1273, 1197.965692603176
Node 1159, 1084.8378905970549
Node 1113, 1065.842491588845
Node 1138, 1077.0262960478774
Node 874, 1011.5253840401397
Node 523, 879.4802753318354
Node 1083, 1050.5920409018554
Node 950, 1021.2754712105329
Node 2019, 14532.781547007145
Node 1429, 1853.565201756384
Node 1307, 1258.9978043639592
Node 1267, 1185.316181369957
Node 984, 1026.555430897311
Node 494, 852.3250981034874
Node 350, 653.6251868741958
Node 1118, 1066.8993435037623
Node 693, 1002.260843286551
Node 73, 133.8924045808727
Node 259, 512.9560205659575
Node 1284, 1212.929535553525
Node 870, 1011.1655416636701
Node 1255, 1170.270754763312
Node 946, 1020.7338361564156
Node 412, 743.2835622397702
Node 408, 736.7004088881947
Node 91, 186.12237345110665
Node 868, 1010.9618637811645
Node 517, 873.7616483675139
Node 565, 929.6835980231308
Node 1055, 1044.0274781870387
Node 1414, 1711.7845946547156
Node 1239, 1144.5890776784868
Node 1333, 1323.474268384842
Node 1143, 1078.262558411389
Node 1077, 1049.9569659370954
Node 865, 1010.7634258628951
Node 1275, 1200.3333763289013
Node 1119, 1066.9799281811497
Node 1541, 4717.273057214909
Node 1044, 1040.773191145303
Node 1490, 3674.1030853378475
Node 1221, 1125.634338685397
Node 1375, 1459.4160095766183
Node 1217, 1121.8285496869216
Node 796, 1005.8011573673521
Node 1125, 1071.0677863079454
Node 584, 952.043462392564
Node 62, 51.83913954308485
Node 439, 784.5319920801119
Node 1345, 1352.822610028419
Node 790, 1005.610999450643
Node 1320, 1300.931958496322
Node 65, 58.60475068053661
Node 1214, 1118.863023156311
Node 861, 1010.5309416380848
Node 829, 1007.9610047905379
Node 269, 521.7909844044691
Node 1212, 1117.9120238129456
