node_generations, branch_length
8437.400034416862, 52587.11489971638
119.53937985121414, 8317.860654565648
0.0, 119.53937985121414
65.02352730775164, 54.5158525434625
0.0, 65.02352730775164
0.0, 65.02352730775164
6215.332570985578, 2222.0674634312836
3917.948237206964, 2297.384333778614
100.89649086709906, 3817.051746339865
0.0, 100.89649086709906
0.0, 100.89649086709906
1161.3820187408219, 2756.5662184661423
494.71473405358313, 666.6672846872387
0.0, 494.71473405358313
150.7688532222994, 343.9458808312837
0.0, 150.7688532222994
0.0, 150.7688532222994
593.0384049368272, 568.3436138039947
116.65323962600586, 476.3851653108213
0.0, 116.65323962600586
113.93002955989803, 2.723210066107825
0.0, 113.93002955989803
0.0, 113.93002955989803
404.5514182073062, 188.486986729521
106.39597076026723, 298.15544744703897
0.0, 106.39597076026723
105.10002577810859, 1.2959449821586446
0.0, 105.10002577810859
0.0, 105.10002577810859
324.70362628116703, 79.84779192613917
0.0, 324.70362628116703
266.4995565756863, 58.20406970548072
163.32158294603025, 103.17797362965607
0.0, 163.32158294603025
139.2944717765821, 24.027111169448148
0.0, 139.2944717765821
114.99739588282411, 24.29707589375799
0.0, 114.99739588282411
0.0, 114.99739588282411
193.19974022654839, 73.29981634913793
0.0, 193.19974022654839
112.32669087018357, 80.87304935636482
0.0, 112.32669087018357
0.0, 112.32669087018357
5602.876126832367, 612.4564441532111
0.0, 5602.876126832367
186.24406081086497, 5416.632066021502
0.0, 186.24406081086497
131.06433156880618, 55.179729242058784
0.0, 131.06433156880618
0.0, 131.06433156880618
11842.599990448385, 49181.91494368485
0.0, 11842.599990448385
6383.834211853549, 5458.765778594836
3437.920523233056, 2945.9136886204933
0.0, 3437.920523233056
400.2638322563245, 3037.6566909767316
0.0, 400.2638322563245
190.1352935555666, 210.12853870075793
0.0, 190.1352935555666
0.0, 190.1352935555666
4487.905214032388, 1895.928997821161
921.8787606624231, 3566.026453369965
0.0, 921.8787606624231
0.0, 921.8787606624231
3147.249149971757, 1340.6560640606313
151.71779164157607, 2995.531358330181
105.7752230758326, 45.94256856574347
0.0, 105.7752230758326
90.625768596546, 15.149454479286604
0.0, 90.625768596546
0.0, 90.625768596546
111.49187212157608, 40.22591951999999
0.0, 111.49187212157608
0.0, 111.49187212157608
473.32592391243617, 2673.9232260593208
0.0, 473.32592391243617
0.0, 473.32592391243617
