Node, generations
Node 918, 4108.670381718487
Node 883, 3464.0607858354806
Node 845, 3096.8180559247094
Node 705, 2337.8034555044514
Node 517, 2041.7929168594394
Node 871, 3347.1546419373644
Node 534, 2049.4412210277187
Node 23, 222.69865078869745
Node 32, 329.302256704692
Node 686, 2287.1479468218195
Node 613, 2128.2210509329743
Node 655, 2209.854041141095
Node 565, 2074.7988761545666
Node 281, 1845.1120835973732
Node 542, 2053.0098431336814
Node 646, 2189.658362420131
Node 556, 2067.1805563192574
Node 418, 2012.3353744349545
Node 614, 2129.2811835003426
