node_generations, branch_length
1190.0220335379697, 27420.08670042482
1003.459605617801, 186.56242792016872
0.0, 1003.459605617801
0.0, 1003.459605617801
1159.5973207280545, 30.424712809915263
0.0, 1159.5973207280545
1074.9259514816702, 84.6713692463843
0.0, 1074.9259514816702
0.0, 1074.9259514816702
7384.680210548209, 21225.428523414583
1498.2099484795017, 5886.470262068708
1176.3531460353227, 321.85680244417904
0.0, 1176.3531460353227
1127.7791676167692, 48.57397841855345
0.0, 1127.7791676167692
1071.571260703636, 56.20790691313323
159.73152532220485, 911.8397353814312
0.0, 159.73152532220485
0.0, 159.73152532220485
860.5601209363936, 211.0111397672424
0.0, 860.5601209363936
0.0, 860.5601209363936
1401.7499316362882, 96.46001684321345
1027.4420769428802, 374.307854693408
0.0, 1027.4420769428802
0.0, 1027.4420769428802
1250.9570883159308, 150.7928433203574
1020.1779080921463, 230.77918022378458
0.0, 1020.1779080921463
706.643898488724, 313.5340096034223
0.0, 706.643898488724
0.0, 706.643898488724
1213.3731112522564, 37.58397706367441
0.0, 1213.3731112522564
1026.0946334149237, 187.27847783733273
352.0461038383457, 674.048529576578
0.0, 352.0461038383457
0.0, 352.0461038383457
1016.2196096160981, 9.875023798825623
0.0, 1016.2196096160981
0.0, 1016.2196096160981
6319.637969621042, 1065.0422409271669
1020.2124897938021, 5299.42547982724
0.0, 1020.2124897938021
1008.9502791295038, 11.262210664298323
705.5062633990323, 303.4440157304715
0.0, 705.5062633990323
0.0, 705.5062633990323
979.9054906457437, 29.044788483760044
0.0, 979.9054906457437
0.0, 979.9054906457437
4280.060243868853, 2039.5777257521895
0.0, 4280.060243868853
1261.2203990957173, 3018.8398447731356
1188.440983971607, 72.7794151241103
0.0, 1188.440983971607
1007.8034628933664, 180.63752107824064
0.0, 1007.8034628933664
1000.3469489596857, 7.45651393368064
51.053934626450726, 949.293014333235
0.0, 51.053934626450726
0.0, 51.053934626450726
418.9142067102189, 581.4327422494669
0.0, 418.9142067102189
0.0, 418.9142067102189
1225.3747557288202, 35.84564336689709
686.7146124328224, 538.6601432959978
0.0, 686.7146124328224
0.0, 686.7146124328224
1197.538612057361, 27.83614367145924
0.0, 1197.538612057361
1178.149418324276, 19.389193733084994
0.0, 1178.149418324276
1139.7838194178846, 38.36559890639137
0.0, 1139.7838194178846
1066.195239909869, 73.58857950801553
0.0, 1066.195239909869
0.0, 1066.195239909869
