node_generations, branch_length
0.0, 3046.769007304922
1684.3577729360168, 1362.4112343689053
1306.4809915243509, 377.8767814116659
784.1876545480178, 522.2933369763331
652.8150174509818, 131.37263709703598
517.3479080372841, 135.4671094136977
0.0, 517.3479080372841
502.97195425950565, 14.375953777778477
0.0, 502.97195425950565
0.0, 502.97195425950565
618.8011771513783, 34.013840299603544
0.0, 618.8011771513783
567.4724973427292, 51.3286798086491
0.0, 567.4724973427292
0.0, 567.4724973427292
768.6976652058147, 15.489989342203103
515.0113397867232, 253.68632541909153
0.0, 515.0113397867232
0.0, 515.0113397867232
737.4553937809902, 31.24227142482448
515.4776823811197, 221.9777113998705
0.0, 515.4776823811197
0.0, 515.4776823811197
642.9987639801005, 94.45662980088969
506.91390225468734, 136.0848617254132
0.0, 506.91390225468734
0.0, 506.91390225468734
517.363207807481, 125.63555617261954
0.0, 517.363207807481
0.0, 517.363207807481
913.4532361525743, 393.0277553717766
691.8617998166093, 221.591436335965
0.0, 691.8617998166093
0.0, 691.8617998166093
736.8396668479147, 176.61356930465956
670.9065023389678, 65.9331645089469
0.0, 670.9065023389678
587.4593244457169, 83.44717789325091
0.0, 587.4593244457169
512.5772889690744, 74.8820354766425
0.0, 512.5772889690744
0.0, 512.5772889690744
672.218236333877, 64.62143051403768
0.0, 672.218236333877
572.1108985601136, 100.10733777376345
0.0, 572.1108985601136
538.4085223165731, 33.70237624354047
0.0, 538.4085223165731
520.0223244754119, 18.38619784116122
0.0, 520.0223244754119
0.0, 520.0223244754119
1568.812824841999, 115.54494809401785
732.4122124527745, 836.4006123892244
541.1441553829683, 191.26805706980622
67.54432333044969, 473.5998320525186
0.0, 67.54432333044969
0.0, 67.54432333044969
527.6257752835646, 13.518380099403657
0.0, 527.6257752835646
0.0, 527.6257752835646
681.2161306118675, 51.19608184090703
0.0, 681.2161306118675
548.2853437924123, 132.9307868194552
0.0, 548.2853437924123
0.0, 548.2853437924123
1263.7994266272697, 305.01339821472925
729.3884754063753, 534.4109512208944
0.0, 729.3884754063753
514.6307539140445, 214.7577214923308
0.0, 514.6307539140445
0.0, 514.6307539140445
1089.4952550841244, 174.30417154314523
505.7072000828396, 583.7880550012849
0.0, 505.7072000828396
0.0, 505.7072000828396
698.1418905371222, 391.35336454700223
0.0, 698.1418905371222
0.0, 698.1418905371222
