Node, generations
Node 3629, 48515.831893710165
Node 418, 285.72245605552905
Node 395, 270.17497439203856
Node 236, 214.16129514009356
Node 165, 205.58764299168408
Node 290, 226.08803896134586
Node 401, 275.76914853366554
Node 79, 147.79245739203964
Node 377, 263.1171209249277
Node 3066, 27756.552771390798
Node 2210, 11484.309873011402
Node 992, 2453.9367159804965
Node 408, 279.817547933727
Node 67, 80.31175976340312
Node 74, 113.28670443578886
Node 1466, 5151.814523378245
Node 546, 545.1082566628738
Node 382, 264.11055602264594
Node 449, 305.9144584199029
Node 337, 245.6293427917233
Node 183, 208.36148748437336
Node 716, 1304.6895731933391
Node 630, 987.8147314107741
Node 624, 962.0051038536585
Node 526, 419.80766566539717
Node 467, 321.2999799009409
Node 446, 303.90064246526475
Node 286, 225.12436205696991
Node 417, 283.22026909278236
Node 230, 213.83103977438662
Node 414, 282.4815177489934
Node 289, 225.98448014442477
Node 517, 381.8650716075816
Node 142, 203.44134310605045
Node 127, 202.2488123470367
Node 2740, 19913.624124901893
Node 1730, 7091.014252805849
Node 949, 2248.516630869792
Node 412, 281.3702049645256
Node 443, 301.8076284194399
Node 293, 228.0431807244702
Node 407, 279.3558183382582
Node 160, 204.94228209328062
Node 378, 263.5706612849363
Node 294, 228.41744116868216
Node 126, 202.22151482953635
Node 187, 208.966900659468
Node 128, 202.35762858989682
Node 158, 204.84411634819853
Node 147, 203.58874904406233
Node 356, 254.38894133102653
Node 344, 247.6697946111691
Node 66, 73.34420487135135
Node 1447, 5046.639805371819
Node 1992, 9276.693178669539
Node 206, 210.61567624532896
Node 326, 242.4482481333139
Node 124, 201.87045618972135
Node 262, 219.7806679814405
