Node, generations
Node 1355, 2148.7921764264056
Node 1305, 1607.4302708530272
Node 123, 176.05076341255148
Node 1227, 994.6629240714791
Node 923, 549.3002578268067
Node 870, 533.827400241311
Node 839, 528.3500210855761
Node 396, 500.7554844636065
Node 920, 548.9782238205986
Node 779, 519.9543943083128
Node 290, 435.94019470145224
Node 452, 502.25626933027405
Node 172, 275.8800188708402
Node 161, 255.45495958753565
Node 80, 24.505392151843402
Node 852, 530.2806269019828
Node 1207, 923.1245157476679
Node 1176, 803.6006025516492
Node 613, 507.53646508979443
Node 1090, 680.1490688850204
Node 1026, 616.0213663412028
Node 950, 561.1519127076574
Node 843, 528.8240083897119
Node 1189, 856.7657881481991
Node 1082, 668.6845441481959
Node 978, 576.6154960725311
Node 907, 545.1307262736592
Node 680, 511.55918118224446
Node 1035, 625.2867567658557
Node 1008, 598.2641197018661
Node 947, 560.8053938150092
Node 820, 525.6018598918488
Node 241, 382.0415806860942
Node 929, 550.6325916169058
Node 782, 520.3973971740642
Node 433, 501.7817624355425
Node 614, 507.5566305467974
Node 863, 532.4092848022862
Node 797, 522.0657206903253
Node 760, 517.6662950284647
Node 992, 582.201519914353
Node 813, 524.1157614096602
Node 973, 573.8475943043517
Node 1024, 614.922929923116
Node 724, 513.97797242021
Node 754, 517.1032423231793
Node 104, 127.90099224144525
Node 636, 508.5371967890841
Node 526, 504.14755217713014
Node 1140, 745.1323129320024
Node 726, 514.0097591447073
Node 1347, 2054.517201334254
Node 1002, 590.8448025621054
Node 955, 563.7070429200404
Node 799, 522.1414928372072
Node 497, 503.4293391741929
Node 915, 547.2983231466065
Node 865, 532.5556367305928
Node 663, 510.45559803944076
Node 1341, 1997.7259632739404
Node 1211, 938.4170637438687
Node 1142, 747.1099764214856
Node 854, 530.612797639542
Node 658, 510.1839084525339
Node 747, 516.1350776663032
Node 1229, 1000.9389031497894
Node 1162, 777.4203410875409
Node 960, 567.5081669515465
Node 827, 526.0272049533777
Node 406, 501.0038490830331
Node 81, 25.648379925678245
Node 1193, 871.0435925233311
Node 1163, 777.922676177483
Node 842, 528.7365467872502
Node 755, 517.1102034183692
Node 388, 500.6893530016583
Node 1078, 664.7566593642073
Node 361, 500.2484047227256
Node 873, 534.6343749184811
