Node, generations
Node 3322, 27766.192250512737
Node 2468, 12328.018537798673
Node 221, 143.1208713866141
Node 60, 1.7628128966842045
Node 2018, 8236.360595697659
Node 1329, 4174.299632832987
Node 110, 41.93235083523574
Node 774, 2537.790718578266
Node 266, 340.3350978597613
Node 66, 9.314400899889456
Node 1797, 6551.925656235375
Node 297, 880.8765396085153
Node 217, 138.99297782027216
Node 176, 94.5477247519652
Node 180, 99.02786471869915
Node 69, 11.115491084799777
Node 1685, 5947.469288377619
Node 588, 2170.4122456886303
Node 164, 82.31524532498118
Node 90, 30.86829460422944
Node 157, 75.50572677530309
Node 64, 8.252421646348052
Node 480, 2032.2391736168302
Node 1218, 3827.658064299502
Node 73, 14.539891157101827
Node 82, 22.657347650776757
Node 2864, 18223.073597458544
Node 292, 848.6311607165293
Node 102, 38.03765909438977
Node 61, 2.789369198550444
Node 264, 245.65174967527489
Node 130, 56.74947407215771
Node 94, 32.77716856912991
Node 202, 125.97482424792969
Node 137, 61.32776012000479
Node 74, 14.715445120450578
Node 129, 56.17629636068927
Node 62, 3.1269455110866935
Node 2479, 12461.929091499655
Node 1612, 5567.457170277433
Node 251, 185.07654756009964
Node 121, 53.22868906051793
Node 72, 14.37777533710413
Node 242, 174.77224585553523
Node 178, 96.41169000396535
Node 191, 111.99077131826324
Node 68, 10.155128066752393
Node 153, 71.67435669639572
Node 1144, 3552.9860267267795
Node 70, 12.232765292159714
Node 1629, 5657.597866269554
Node 179, 96.65371365958937
Node 263, 244.78595338624945
Node 201, 125.56414201350553
Node 105, 38.796541454973564
Node 67, 9.798603791841659
Node 185, 103.3856890590642
Node 71, 13.988721331641377
Node 89, 30.27033709991332
