Node, generations
Node 3956, 51694.841410205394
Node 3134, 8920.9175251524
Node 2804, 2249.143370945432
Node 2509, 2029.1095437800664
Node 763, 892.1473327704792
Node 414, 551.8137738586471
Node 572, 706.6047167879198
Node 290, 422.1819999868914
Node 378, 508.3514382716097
Node 202, 293.06974898350063
Node 215, 309.7775194466807
Node 118, 149.40084352604117
Node 2437, 2019.256508145747
Node 83, 35.595844978429284
Node 2413, 2016.9930482249918
Node 108, 135.51360521021766
Node 1984, 1963.9785783298187
Node 177, 257.17152294846306
Node 2630, 2059.6141384275975
Node 435, 581.8232679984328
Node 1139, 1215.0113430919735
Node 3026, 3662.422543276561
Node 2838, 2313.862276051699
Node 2715, 2114.5317463358338
Node 2571, 2040.2319773115298
Node 2442, 2019.5613016636332
Node 2640, 2064.4975538736553
Node 212, 305.4848182874958
Node 2488, 2025.8094684844275
Node 1118, 1194.1937973912807
Node 867, 976.6047641457328
Node 2902, 2512.5734331849426
Node 2849, 2348.1126606465828
Node 2765, 2176.552829947841
Node 612, 740.4537918853453
Node 2832, 2306.075138568223
Node 976, 1069.4381058965512
Node 844, 954.4061636626129
Node 208, 300.0089291999478
Node 323, 456.10426123310816
Node 258, 370.1674712008014
Node 116, 147.14062169004225
Node 2785, 2213.1720703481546
Node 2739, 2144.6910998527414
Node 156, 225.0103932922876
Node 97, 111.1574407161009
Node 2682, 2089.768802277787
Node 2538, 2033.6964708758792
Node 1717, 1710.4450125029816
Node 2121, 2001.7756529856224
Node 2621, 2054.9503929996213
Node 2868, 2402.10771848226
Node 2639, 2064.437446753627
Node 125, 174.9999298116945
Node 2378, 2013.8774200252865
Node 1519, 1534.6567059294362
Node 82, 35.20914934880437
Node 2753, 2162.635543274562
Node 2328, 2010.540518040953
Node 2465, 2022.0760263899058
Node 3179, 10926.14247427375
Node 2523, 2032.1946741648035
Node 337, 465.8623487298444
Node 223, 320.07420794971944
Node 716, 851.6171749154856
Node 693, 825.4490451560118
Node 539, 681.5520997823263
Node 2955, 2819.7913580639197
Node 2558, 2037.782463251087
Node 144, 211.60354860638316
Node 2745, 2154.1057189062376
Node 2669, 2080.566939207242
Node 2567, 2039.4211893318409
Node 979, 1072.3071624177537
Node 2703, 2103.7765592131373
Node 2512, 2030.226916962736
Node 131, 189.18199639293036
Node 1452, 1477.9355555120624
Node 213, 306.1631475575964
