Node, generations
Node 3742, 48494.492897712254
Node 2609, 15031.740746707475
Node 1047, 2145.387568377877
Node 431, 230.18350129575404
Node 335, 213.72928440421776
Node 827, 1175.2946801302464
Node 384, 219.52781409791496
Node 332, 213.42856841840762
Node 602, 314.8267451268711
Node 382, 219.38698705402996
Node 601, 314.0327442802166
Node 1252, 2926.5300149272994
Node 656, 380.1138674053594
Node 587, 300.9451947826326
Node 498, 248.41906703081676
Node 376, 218.8273856574224
Node 260, 206.6319858474354
Node 545, 270.9685464432389
Node 362, 216.7225544779234
Node 96, 97.31325111176358
Node 480, 242.55087441621032
Node 255, 206.11506608986036
Node 123, 172.23163509239973
Node 435, 231.59151954383654
Node 304, 210.49958112290028
Node 686, 540.8305812562376
Node 621, 338.04316679467985
Node 479, 242.45595785328732
Node 121, 165.7390315904196
Node 171, 201.6323472971156
Node 118, 159.78190733147716
Node 568, 286.73352714289547
Node 676, 443.2381341175061
Node 514, 256.5784500955359
Node 449, 235.2351549969627
Node 88, 50.60389435150837
Node 447, 234.09818751267002
Node 572, 290.5175388321227
Node 2955, 21096.124935769483
Node 1625, 5114.8599596257945
Node 717, 700.1096763792724
Node 202, 203.018071029441
Node 387, 220.61597477121575
Node 882, 1390.1381273799213
Node 242, 205.49407649249753
Node 685, 537.5712647527358
Node 625, 341.75285900105
Node 98, 102.62076217065581
Node 378, 218.95505077395632
Node 295, 209.47787676278293
Node 647, 367.69117824871233
Node 530, 265.69580540987675
Node 429, 229.70783992183436
Node 385, 219.8141802307241
Node 129, 176.52480725764934
Node 267, 207.13718894772603
Node 487, 245.5140264551067
Node 641, 359.47610452273443
Node 520, 259.2896671025579
Node 465, 238.75119337014152
Node 356, 216.02320317932399
Node 1769, 5992.731685916837
Node 604, 316.546215809682
Node 415, 227.13906373225797
Node 1154, 2531.7869569052555
Node 645, 361.5863775014307
Node 438, 233.16182945410512
Node 585, 300.77946429582056
Node 310, 210.84783768983496
Node 91, 63.94034411913588
Node 461, 237.898113414014
Node 214, 203.5773879497009
Node 204, 203.12226636101477
Node 653, 377.5224771775224
Node 596, 311.17672478006494
Node 523, 262.11121820485903
Node 139, 200.0435960273304
Node 420, 227.934199445559
Node 529, 265.53194376703556
