Node, generations
Node 1512, 23727.822373002975
Node 132, 303.97365029162177
Node 942, 10741.360363437896
Node 254, 738.7894473595564
Node 161, 370.85604534644904
Node 140, 319.2904889621969
Node 103, 265.15042169354973
Node 81, 244.47420865964784
Node 91, 251.04574444214214
Node 247, 696.8855177357879
Node 135, 307.927608255872
Node 78, 241.32314985674878
Node 419, 3374.636838230115
Node 226, 584.6623740965817
Node 65, 231.13324127497745
Node 130, 301.41649848451146
Node 265, 797.3298306745637
Node 263, 779.5690370702565
Node 21, 154.54097781670148
