node_generations, branch_length
2013.5699176976295, 10570.507370965337
0.0, 2013.5699176976295
1880.6653931118874, 132.90452458574214
0.0, 1880.6653931118874
1518.1153126724803, 362.5500804394071
0.0, 1518.1153126724803
1435.2243049616307, 82.89100771084964
1006.866567427641, 428.3577375339896
0.0, 1006.866567427641
0.0, 1006.866567427641
1300.5516631443436, 134.67264181728706
1071.9529812773244, 228.5986818670192
0.0, 1071.9529812773244
1016.7040429602512, 55.248938317073225
0.0, 1016.7040429602512
0.0, 1016.7040429602512
1133.656474871539, 166.8951882728045
0.0, 1133.656474871539
1131.4586576438776, 2.197817227661517
0.0, 1131.4586576438776
0.0, 1131.4586576438776
8717.848411125768, 3866.228877537198
1244.2076774737018, 7473.640733652066
1157.1560345282523, 87.05164294544943
0.0, 1157.1560345282523
1080.1850288596388, 76.97100566861354
0.0, 1080.1850288596388
1003.1793153457321, 77.0057135139067
0.0, 1003.1793153457321
892.242415105718, 110.9369002400141
0.0, 892.242415105718
781.7442801482548, 110.49813495746321
0.0, 781.7442801482548
247.16974262865207, 534.5745375196027
0.0, 247.16974262865207
0.0, 247.16974262865207
1242.6623929706923, 1.5452845030094977
0.0, 1242.6623929706923
0.0, 1242.6623929706923
2118.7346464234556, 6599.1137647023115
1080.7620822852082, 1037.9725641382474
0.0, 1080.7620822852082
1021.7772832939576, 58.984798991250614
0.0, 1021.7772832939576
0.0, 1021.7772832939576
2076.252241314666, 42.48240510878941
1130.8387896716963, 945.4134516429699
0.0, 1130.8387896716963
0.0, 1130.8387896716963
1772.223184404712, 304.0290569099543
1152.3078141526064, 619.9153702521055
613.6955118036532, 538.6123023489532
0.0, 613.6955118036532
0.0, 613.6955118036532
1004.1026887237236, 148.20512542888275
0.0, 1004.1026887237236
980.2165857461725, 23.886102977551104
0.0, 980.2165857461725
627.7348214759509, 352.4817642702217
0.0, 627.7348214759509
597.139898939463, 30.594922536487843
0.0, 597.139898939463
302.57469618330435, 294.56520275615867
0.0, 302.57469618330435
0.0, 302.57469618330435
1366.2848641378966, 405.93832026681525
1111.122848972303, 255.16201516559363
0.0, 1111.122848972303
0.0, 1111.122848972303
1320.9423820384143, 45.34248209948237
1036.2056348516699, 284.7367471867444
0.0, 1036.2056348516699
0.0, 1036.2056348516699
1062.6330811815646, 258.30930085684963
0.0, 1062.6330811815646
110.67596833641474, 951.9571128451499
0.0, 110.67596833641474
0.0, 110.67596833641474
