Node, generations
Node 1855, 10808.722580109768
Node 1404, 2194.011460083444
Node 1572, 2820.698882868027
Node 1549, 2699.9713373973727
Node 1499, 2457.150228057588
Node 1072, 2015.5965904103439
Node 263, 892.0148585047205
Node 45, 108.47305398058765
Node 632, 1616.8314008851314
Node 510, 1388.175058455135
Node 1331, 2111.904803592876
Node 1282, 2075.599664538488
Node 1077, 2016.0812955360825
Node 714, 1784.822604034487
Node 209, 748.0572498496351
Node 399, 1190.806063681128
Node 1518, 2556.3897682628863
Node 1328, 2109.8437433554955
Node 1271, 2069.70295326598
Node 1148, 2027.8037693268866
Node 408, 1203.8564157343674
Node 1358, 2137.8188076379847
Node 1566, 2777.0253161228143
Node 1474, 2348.355990978439
Node 978, 2007.2105894857773
Node 211, 749.9995714331017
Node 1067, 2015.337826571344
Node 1545, 2665.1534542174663
Node 1407, 2200.491981835199
Node 451, 1277.6805660341033
Node 40, 30.969704096735935
Node 397, 1189.589019764402
Node 1470, 2335.9462676685266
Node 1243, 2054.1503531871026
Node 1179, 2032.3643914281506
Node 498, 1361.1316246607626
Node 1424, 2240.8673411229884
Node 1268, 2067.5667504184794
Node 1240, 2053.692006091088
