Node, generations
Node 3400, 49874.93908529006
Node 1475, 5601.259250960864
Node 685, 1136.0750102836262
Node 355, 144.22877274296408
Node 368, 148.63299936327704
Node 229, 115.23793583126069
Node 214, 112.87428554822046
Node 297, 130.98467163150724
Node 285, 127.86098282509722
Node 181, 108.18939372580634
Node 178, 107.32352448396544
Node 228, 115.0253359234494
Node 856, 2012.2954969858206
Node 548, 294.00075606099114
Node 90, 75.25240444434161
Node 516, 242.555907744497
Node 369, 148.74236906328338
Node 196, 110.2684236175159
Node 689, 1161.9395818099956
Node 296, 130.87825551809618
Node 153, 104.62676166412346
Node 536, 274.41457878545305
Node 385, 155.50417451736968
Node 267, 124.41718548388481
Node 234, 116.11735165929983
Node 225, 114.35283858853508
Node 208, 112.16711453729454
Node 1895, 9242.224778609949
Node 825, 1865.299357123676
Node 424, 174.60415602266895
Node 357, 144.80147343970077
Node 332, 139.37441062555604
Node 273, 125.07054923511518
Node 351, 143.5933524186725
Node 697, 1191.6067172447395
Node 252, 120.72374745100439
Node 98, 91.96222291019905
Node 161, 105.85163334618088
Node 448, 189.3889367586701
Node 331, 139.3637864455959
Node 143, 104.0197760347022
Node 1770, 8134.904996112277
Node 305, 132.80508920990883
Node 232, 115.83631280404325
Node 135, 103.2499975075639
Node 1601, 6624.068735419328
Node 500, 221.84362388528666
Node 1470, 5517.934622827344
Node 507, 232.15910338439446
Node 425, 175.3320149313011
Node 316, 135.3873029765243
Node 449, 189.73075505032426
Node 287, 128.16120197629664
Node 174, 107.07634890234739
Node 1350, 4679.303820903772
Node 578, 375.25557451372464
Node 354, 144.16550144477125
Node 318, 135.64004003185673
Node 172, 106.79042264133517
Node 223, 114.2670934666139
Node 204, 111.74246928001655
Node 933, 2374.5713087945587
Node 487, 211.48286235859052
Node 457, 196.29841823244405
Node 367, 148.449086821988
Node 451, 191.2025226606496
Node 302, 131.9673658333102
Node 257, 122.49108295738483
Node 377, 150.79974239202087
Node 298, 130.99852218917715
Node 364, 147.28371966985557
Node 526, 259.66051048894826
Node 479, 208.76262814522346
Node 444, 187.48653752592236
Node 239, 117.11308998131821
Node 210, 112.24825308169335
Node 491, 213.41142488556812
Node 406, 163.98774097451582
Node 337, 139.9601800088806
