node_generations, branch_length
2861.0872161470943, 950.420330307174
2338.136754927576, 522.9504612195183
1383.998859773618, 954.137895153958
0.0, 1383.998859773618
0.0, 1383.998859773618
2045.164153541964, 292.97260138561205
0.0, 2045.164153541964
0.0, 2045.164153541964
2697.421342692669, 163.6658734544253
1299.8869637024109, 1397.5343789902581
0.0, 1299.8869637024109
0.0, 1299.8869637024109
2129.985567677833, 567.435775014836
2078.793620957713, 51.191946720120086
0.0, 2078.793620957713
2025.9546499177802, 52.83897103993263
0.0, 2025.9546499177802
2008.124696825935, 17.829953091845255
0.0, 2008.124696825935
1062.306680846886, 945.818015979049
0.0, 1062.306680846886
0.0, 1062.306680846886
2085.428762667885, 44.556805009947766
0.0, 2085.428762667885
0.0, 2085.428762667885
3241.357954964921, 570.1495914893471
2330.3685401260327, 910.9894148388885
0.0, 2330.3685401260327
2002.136330842596, 328.23220928343676
0.0, 2002.136330842596
0.0, 2002.136330842596
2964.1848682326713, 277.1730867322499
2220.573968613432, 743.6108996192393
2006.0419810209735, 214.53198759245856
0.0, 2006.0419810209735
0.0, 2006.0419810209735
2101.241184561077, 119.33278405235524
2048.4332727617248, 52.80791179935204
147.2504219260416, 1901.1828508356832
0.0, 147.2504219260416
0.0, 147.2504219260416
2021.4373553032, 26.995917458524673
0.0, 2021.4373553032
1393.4110107971424, 628.0263445060577
0.0, 1393.4110107971424
705.8199651126253, 687.5910456845171
0.0, 705.8199651126253
0.0, 705.8199651126253
2067.7273794908697, 33.51380507020713
2027.9289008580738, 39.79847863279588
0.0, 2027.9289008580738
1317.985642962424, 709.9432578956498
0.0, 1317.985642962424
0.0, 1317.985642962424
2063.0084198082327, 4.718959682636978
2056.5577913377433, 6.4506284704893915
0.0, 2056.5577913377433
1792.3307706789233, 264.22702065882004
0.0, 1792.3307706789233
813.2126801974181, 979.1180904815052
0.0, 813.2126801974181
0.0, 813.2126801974181
2061.19423623282, 1.8141835754126987
0.0, 2061.19423623282
0.0, 2061.19423623282
2880.0585856896532, 84.12628254301808
0.0, 2880.0585856896532
2313.7269738080136, 566.3316118816397
311.0861480549817, 2002.6408257530318
0.0, 311.0861480549817
0.0, 311.0861480549817
2295.8782843555446, 17.84868945246899
0.0, 2295.8782843555446
2116.153793265874, 179.72449108967066
0.0, 2116.153793265874
2060.552301252128, 55.60149201374588
0.0, 2060.552301252128
0.0, 2060.552301252128
