Node, generations
Node 2597, 17628.49545056269
Node 1771, 7789.716822510335
Node 1063, 3079.0571208448996
Node 402, 274.9796758109023
Node 355, 243.07986637780212
Node 128, 201.46852938688988
Node 329, 235.81744132521058
Node 191, 207.65622577454897
Node 72, 107.71494432873685
Node 312, 230.64066847316727
Node 186, 207.14211047350918
Node 132, 201.83185380745434
Node 145, 203.04773560832376
Node 962, 2580.204202288126
Node 427, 293.3396554081622
Node 374, 252.2812017704047
Node 524, 470.6157387851251
Node 1324, 4496.843982011906
Node 274, 222.38142254508182
Node 113, 200.489883131702
Node 526, 482.10670813105787
Node 430, 296.99961918081516
Node 360, 244.45507322392461
Node 2094, 10863.140408542986
Node 541, 598.1050765691821
Node 499, 373.29601204492013
Node 419, 287.8068461504265
Node 381, 258.4512723770995
Node 415, 281.2574580093238
Node 298, 226.65607775191083
Node 223, 213.14439100806956
Node 330, 236.1783842639607
Node 296, 226.5551338354347
Node 105, 200.1642161429594
Node 514, 396.55217762768655
Node 63, 23.027752889716552
Node 480, 356.7757254258545
Node 276, 222.60088238128586
Node 103, 200.0397608454514
Node 451, 317.43267986695076
Node 208, 210.32709482476986
Node 423, 291.66966338271953
Node 388, 261.1077886648381
Node 157, 204.22405522386205
Node 994, 2788.7405724197665
Node 287, 224.67593730286805
Node 245, 216.92261840649135
Node 780, 1771.6593105803372
Node 490, 364.7741312058833
Node 469, 340.73673584443753
Node 403, 275.17426997999235
Node 318, 232.37347101110956
Node 335, 237.24819291027376
Node 161, 204.5192890619457
Node 229, 214.32618107214924
Node 60, 13.325558821389667
Node 428, 295.1022887143457
Node 337, 237.37706919231914
Node 392, 265.9936167783156
