node_generations, branch_length
0.0, 76486.51267665878
10604.482078298643, 65882.03059836014
1115.7289772939107, 9488.753101004731
0.0, 1115.7289772939107
0.0, 1115.7289772939107
7823.153909132227, 2781.328169166415
2570.7644070603455, 5252.389502071882
132.23306148183156, 2438.531345578514
0.0, 132.23306148183156
77.19328966133925, 55.039771820492305
0.0, 77.19328966133925
0.0, 77.19328966133925
244.24897953856564, 2326.51542752178
0.0, 244.24897953856564
237.9784044961553, 6.270575042410343
0.0, 237.9784044961553
213.45457670799618, 24.52382778815911
0.0, 213.45457670799618
182.461152564195, 30.993424143801178
0.0, 182.461152564195
69.89567535301333, 112.56547721118167
0.0, 69.89567535301333
0.0, 69.89567535301333
7777.09033813505, 46.06357099717752
141.45765755058, 7635.63268058447
0.0, 141.45765755058
0.0, 141.45765755058
2661.812518125189, 5115.277820009861
1549.9155985255331, 1111.8969195996558
0.0, 1549.9155985255331
468.2852684638102, 1081.6303300617228
0.0, 468.2852684638102
147.6946293628892, 320.590639100921
0.0, 147.6946293628892
0.0, 147.6946293628892
2069.573206444536, 592.2393116806529
0.0, 2069.573206444536
0.0, 2069.573206444536
