Node, generations
Node 1992, 13541.737532010258
Node 1458, 1677.1810873131328
Node 1438, 1533.466473932076
Node 1244, 1129.7057783006733
Node 1178, 1079.8448027683507
Node 1079, 1042.2664863603236
Node 1006, 1026.0289102072254
Node 1072, 1041.3773728954875
Node 469, 816.1963913655567
Node 702, 1001.7613507125704
Node 1167, 1072.7686374391117
Node 1436, 1532.4079261855018
Node 1262, 1141.7506610974117
Node 1241, 1127.5628190132938
Node 1428, 1506.1885632808942
Node 1417, 1473.069424339128
Node 1372, 1315.4543747446207
Node 1197, 1092.8850661805632
Node 306, 598.7802791254416
Node 993, 1023.5094356344542
Node 458, 807.0540671749877
Node 883, 1010.7763921257521
Node 1334, 1232.188270029399
Node 367, 685.1613714696821
Node 1186, 1086.8770799740985
Node 1168, 1073.316299730776
Node 1044, 1035.607731846363
Node 1146, 1064.9134023770118
Node 1038, 1033.42416658341
Node 363, 671.8292307539037
Node 1953, 12758.853732698875
Node 1486, 1827.2466294499434
Node 1322, 1216.8227799871245
Node 107, 233.92703831855056
Node 1023, 1029.8999955816798
Node 147, 319.19774843379304
Node 1718, 7863.933053255162
Node 1306, 1197.7274545456353
Node 158, 341.5089654674035
Node 149, 321.53125663651014
Node 1199, 1092.9392104310957
Node 279, 554.2403316642126
Node 123, 269.30172465788337
Node 803, 1005.4672753761893
Node 184, 399.8884228236866
Node 1492, 1900.1765027858369
Node 1139, 1061.6572123412654
Node 220, 466.14726475206896
Node 73, 126.01349591089307
Node 459, 807.7609804002874
Node 1360, 1292.2614584074731
Node 1245, 1129.9827197009351
Node 1210, 1097.7045808256896
Node 1148, 1065.7939322094364
Node 1124, 1055.5814793622676
Node 847, 1007.9200041628749
Node 1094, 1045.9970504221094
Node 68, 93.70880909067783
Node 1084, 1043.401670338831
