Node, generations
Node 1684, 16170.675623804402
Node 754, 1107.3694480357701
Node 665, 1051.1393656167459
Node 667, 1052.4750535247672
Node 1251, 6882.82519006687
Node 912, 1391.6229479082124
Node 1030, 1996.302260526892
Node 971, 1609.0127088336812
Node 717, 1082.74299299839
Node 188, 670.9012276574035
Node 959, 1553.0252075677163
Node 733, 1094.421494063761
Node 850, 1230.0631087862378
Node 1016, 1917.092168526234
Node 844, 1220.5490590008862
Node 723, 1087.6351489280985
Node 493, 1009.0674278650828
Node 1011, 1856.646464846583
Node 913, 1392.0055190677433
Node 868, 1265.0943899503216
Node 506, 1011.3660051388789
Node 477, 1007.7040558627474
Node 114, 440.2581343167428
Node 374, 1001.222963209124
Node 807, 1175.0584649224077
Node 624, 1036.1533734907428
Node 211, 725.2531411211967
Node 40, 12.736197536952337
Node 745, 1101.1844863295182
Node 152, 566.8399618844882
Node 969, 1589.2912622862937
Node 782, 1143.7448907960986
Node 628, 1037.741457415817
Node 287, 874.545670084771
Node 233, 773.7859481767042
Node 900, 1363.44682199544
Node 822, 1190.3951955943257
Node 676, 1058.7081730305
Node 522, 1013.0458286322389
