Node, generations
Node 1039, 8110.883911963955
Node 640, 650.1536195651129
Node 634, 634.3630632396233
Node 534, 414.7930732079263
Node 489, 360.8523387502374
Node 428, 291.89104173084957
Node 594, 552.0954712040535
Node 330, 239.27932622314717
Node 870, 4265.335161196672
Node 690, 845.2208593996467
Node 616, 606.3214003238345
Node 501, 374.9859398795134
Node 156, 206.1767684338437
Node 425, 290.18898440875563
Node 582, 525.3891933548289
Node 264, 220.3177647828402
Node 116, 202.19839431409977
Node 81, 143.05883752860964
Node 149, 205.49266180328553
Node 662, 715.4935831879862
Node 643, 653.8195559394118
Node 444, 307.7666741313055
Node 350, 246.39035193154893
Node 304, 231.73956931001027
Node 100, 200.9115367972803
Node 60, 9.066274394227287
Node 91, 200.3196066478561
Node 135, 204.1507135353771
Node 325, 238.43620502673593
Node 273, 221.8421255838284
Node 473, 343.8721447557893
Node 230, 214.95808972178918
Node 78, 136.22956323200208
Node 278, 222.9878687602229
Node 644, 658.0422755100825
Node 586, 535.2774824250733
Node 416, 281.16001380163414
Node 443, 306.469203848558
Node 64, 51.47094527689965
Node 61, 23.696410251251915
Node 297, 229.17555442658784
Node 747, 1191.0572027617768
Node 626, 623.4451710578571
Node 398, 267.47964105164885
Node 514, 390.11338596255246
Node 261, 220.1600538292137
Node 111, 201.53668385850935
Node 214, 212.5013559499865
Node 510, 385.8339088030144
Node 315, 235.26402754425237
Node 676, 761.2636309511342
Node 482, 352.8731232970438
Node 405, 271.9233433973453
Node 250, 218.0498967729292
Node 118, 202.6665545468995
Node 246, 217.2955130733972
Node 650, 670.932419529151
Node 392, 265.8439854836201
Node 538, 424.9967147351361
