node_generations, branch_length
0.0, 70399.70664306117
22351.502479705974, 48048.2041633552
6160.612372982042, 16190.890106723931
346.71347956009504, 5813.898893421947
129.26476848775366, 217.44871107234138
0.0, 129.26476848775366
0.0, 129.26476848775366
221.18851319831043, 125.5249663617846
0.0, 221.18851319831043
179.37769704411826, 41.81081615419217
0.0, 179.37769704411826
0.0, 179.37769704411826
3187.768085181038, 2972.844287801004
0.0, 3187.768085181038
2021.53485771621, 1166.233227464828
0.0, 2021.53485771621
0.0, 2021.53485771621
14964.291334475967, 7387.211145230007
0.0, 14964.291334475967
10236.061218997076, 4728.230115478891
319.6934146548931, 9916.367804342182
0.0, 319.6934146548931
216.2111691194887, 103.48224553540442
0.0, 216.2111691194887
0.0, 216.2111691194887
9980.545185332994, 255.516033664082
0.0, 9980.545185332994
329.4855592765236, 9651.05962605647
138.68889842945137, 190.79666084707222
0.0, 138.68889842945137
0.0, 138.68889842945137
248.38399378902938, 81.10156548749421
103.7705921949045, 144.61340159412487
0.0, 103.7705921949045
0.0, 103.7705921949045
167.27857312867874, 81.10542066035063
0.0, 167.27857312867874
0.0, 167.27857312867874
