Node, generations
Node 1317, 33631.84133936093
Node 1097, 18471.47141073366
Node 729, 2487.6505153258718
Node 637, 2210.5540704645164
Node 630, 2198.228908474144
Node 628, 2195.3482384467175
Node 522, 2069.894570746017
Node 664, 2259.5141053074935
Node 581, 2127.212994596415
Node 457, 2035.9276308410817
Node 544, 2083.9069729392954
Node 786, 2843.363709803767
Node 644, 2225.7326958700933
Node 579, 2123.735875005707
Node 341, 2007.9534070308862
Node 414, 2022.2550584343896
Node 315, 2003.8908782004594
Node 112, 1127.634380036226
Node 62, 767.9613339434533
