Node, generations
Node 3631, 74229.9563327615
Node 2023, 9306.38907704585
Node 239, 493.9770028347386
Node 1399, 1990.996094053288
Node 1315, 1254.4294877490665
Node 1030, 1036.227071110533
Node 87, 154.47562349518287
Node 879, 1013.557617864814
Node 1384, 1777.1210278386382
Node 489, 835.7393662037939
Node 1335, 1335.5814819765415
Node 1065, 1047.4316894540295
Node 639, 1000.3938502528035
Node 1309, 1246.412011220224
Node 570, 924.7067509616385
Node 1299, 1227.0814368912206
Node 369, 676.2799751623908
Node 1174, 1103.2205439660163
Node 1114, 1070.408999569503
Node 62, 53.72185972822855
Node 1059, 1045.247440762926
Node 686, 1002.221952980711
Node 1041, 1039.4774084256187
Node 1162, 1097.2933318116698
Node 139, 293.5339915995068
Node 1087, 1054.86164224218
Node 2620, 20074.311811356198
Node 1365, 1450.7453822863135
Node 1014, 1032.0954822827337
Node 1348, 1380.9229562760393
Node 1256, 1167.4864151372628
Node 487, 829.4709927785444
Node 291, 572.9614559297227
Node 1239, 1147.8736283970115
Node 829, 1009.2475498025623
Node 1229, 1139.985413260753
Node 754, 1005.1143706222325
Node 1330, 1324.4566591721482
Node 1266, 1179.8018488676987
Node 1203, 1119.9800400841186
Node 1107, 1066.904148333566
Node 725, 1003.9156800056609
Node 1287, 1208.737419280738
Node 774, 1006.0868744062075
Node 1906, 7757.242888522303
Node 1074, 1049.679849363961
Node 85, 146.84243596184143
Node 961, 1023.2295710415923
Node 901, 1015.984648256562
Node 434, 754.9939338190408
Node 345, 647.900062284883
Node 1469, 2902.35444123672
Node 417, 736.959153044755
Node 1286, 1201.9025681595808
Node 1008, 1030.9622325412565
Node 521, 866.7820942398869
Node 1219, 1129.5491973317696
Node 801, 1007.4281153705821
Node 781, 1006.4114306241245
