Node, generations
Node 1306, 28760.360213104057
Node 532, 1305.1721880874472
Node 388, 498.47572779320996
Node 276, 288.50359903015857
Node 232, 254.86691872527174
Node 339, 368.15793864841334
Node 299, 307.3851259152981
Node 399, 527.7301979405737
Node 326, 352.01024054986334
Node 241, 259.43153105790975
Node 290, 296.8320607607864
Node 211, 241.36243720511433
Node 227, 250.2756975260255
Node 348, 385.755639785317
Node 199, 235.63067199145206
Node 64, 200.85376749367737
Node 278, 289.1530882526875
Node 233, 255.44273417300712
Node 161, 222.77563605804633
Node 45, 105.10067902819658
Node 535, 1346.5668981336926
Node 456, 778.8554190923744
Node 316, 328.12830653867263
Node 117, 210.73575140575667
Node 285, 292.6810287755735
Node 218, 244.28957489966552
Node 134, 215.5848008067475
Node 79, 202.8272156729154
Node 429, 642.6352578000665
Node 387, 490.88907831172116
Node 192, 232.3489055852194
Node 380, 473.8300082681777
Node 318, 331.23783257978783
Node 151, 219.72452421035334
Node 144, 217.55179440247778
Node 54, 170.71913301667956
Node 184, 231.0176562150138
Node 365, 419.8685836490767
Node 120, 210.97462636986646
