Node, generations
Node 3089, 45514.67195840144
Node 1138, 3738.0462480450014
Node 761, 1147.8618288548773
Node 742, 1128.0037640953587
Node 545, 1023.9599232602656
Node 452, 1009.3284610497501
Node 429, 1006.6507172171562
Node 401, 1004.0181759118246
Node 40, 0.8518195091910478
Node 411, 1004.8785533415307
Node 670, 1069.0782231381042
Node 902, 1442.1058070051192
Node 1914, 12360.953495869044
Node 876, 1349.5541427666017
Node 720, 1105.1783434940555
Node 47, 121.61964582459775
Node 436, 1007.503003587422
Node 1255, 4779.510417181095
Node 912, 1473.649348621792
Node 694, 1085.9232249811207
Node 824, 1233.5024510831797
Node 250, 840.8407422134375
Node 63, 259.13493540022387
Node 590, 1032.480164837051
Node 414, 1005.1124865291008
Node 284, 920.2434491952731
Node 1088, 3363.5056149652905
Node 671, 1069.3009567421577
Node 44, 74.47860385840134
Node 1046, 2915.657808752392
Node 865, 1324.8963459481051
Node 834, 1258.3012820246201
Node 49, 128.65130037230722
Node 750, 1137.6574451891672
Node 490, 1013.7226022628508
Node 73, 280.25639117637667
Node 884, 1382.7529593006989
Node 802, 1191.2476842419653
Node 72, 278.9319823742459
