Node, generations
Node 750, 7517.007949647185
Node 567, 3817.501069313719
Node 32, 60.949060705098894
Node 29, 51.089618357135286
Node 451, 2557.948711845311
Node 409, 2241.7436735723154
Node 295, 1552.1673660492286
Node 148, 618.6159824458423
Node 117, 417.88206272783873
Node 118, 422.7871620529307
Node 375, 2076.6139705509786
Node 126, 473.5420502097995
Node 20, 3.2288435242951943
Node 86, 187.8548633359645
Node 169, 780.2118260536816
Node 64, 130.26999294410373
Node 113, 383.70405546231376
Node 33, 63.93361150884365
Node 65, 132.13972659720207
