Node, generations
Node 1075, 14726.638124030918
Node 765, 2807.847932055303
Node 511, 2065.943343712106
Node 376, 2017.0192510540492
Node 757, 2732.867120368909
Node 640, 2228.7230277104422
Node 401, 2022.1231627141203
Node 694, 2376.533543666078
Node 769, 2845.9082572314364
Node 644, 2237.570279379822
Node 227, 1831.3591906409622
Node 494, 2059.2035196182433
Node 699, 2395.8308656702557
Node 37, 502.96980841875467
Node 680, 2345.0199441171367
Node 658, 2268.5181934119346
Node 491, 2058.301262108157
Node 76, 822.7331542369895
Node 639, 2226.6390586747
