node_generations, branch_length
2088.551742486407, 679.0890170749635
0.0, 2088.551742486407
1000.029813848344, 1088.521928638063
0.0, 1000.029813848344
0.0, 1000.029813848344
2733.233544466166, 34.407215095204265
0.0, 2733.233544466166
2191.9722841851913, 541.261260280975
1702.7803431152945, 489.19194106989676
1089.4441833961953, 613.3361597190992
0.0, 1089.4441833961953
720.0547591495849, 369.38942424661036
0.0, 720.0547591495849
0.0, 720.0547591495849
1461.4226459689294, 241.35769714636513
1070.425482771357, 390.99716319757226
0.0, 1070.425482771357
608.4963284109142, 461.9291543604429
0.0, 608.4963284109142
0.0, 608.4963284109142
1190.2330884820954, 271.189557486834
0.0, 1190.2330884820954
0.0, 1190.2330884820954
1997.4572820014291, 194.51500218376214
1510.0797423244564, 487.3775396769727
1020.6091234772971, 489.47061884715936
0.0, 1020.6091234772971
0.0, 1020.6091234772971
1334.2076535306853, 175.87208879377113
0.0, 1334.2076535306853
1030.7578562131148, 303.4497973175705
0.0, 1030.7578562131148
0.0, 1030.7578562131148
1668.0299302217616, 329.42735177966756
0.0, 1668.0299302217616
1064.8037472232427, 603.2261829985189
0.0, 1064.8037472232427
0.0, 1064.8037472232427
