Node, generations
Node 3262, 53230.99702195936
Node 2543, 24035.233607642145
Node 972, 3530.9537239288047
Node 645, 1854.239930450834
Node 336, 237.35701991532676
Node 305, 204.44414891709397
Node 293, 186.28769802150214
Node 135, 69.54472579484978
Node 154, 79.18415158181708
Node 137, 70.29701982454455
Node 90, 55.92373995446521
Node 592, 1608.8988478697604
Node 152, 78.83419359893188
Node 103, 60.107187298929645
Node 228, 122.05233513336799
Node 717, 2166.3166431758996
Node 175, 87.50377166533782
Node 113, 62.46519742428433
Node 80, 53.53796770506994
Node 91, 55.9243068758716
Node 516, 1228.1565622338699
Node 333, 233.24383930800755
Node 181, 91.15324273224994
Node 170, 86.34820494522275
Node 60, 16.404635249518368
Node 310, 207.23721453016304
Node 169, 85.92516722326587
Node 247, 132.65137237138012
Node 208, 108.95277759572376
Node 101, 59.151637580998376
Node 193, 99.81355630193161
Node 188, 96.43731091885402
Node 161, 82.3325015447791
Node 1172, 4917.106849118735
Node 377, 533.4139598041957
Node 99, 58.35338845505548
Node 62, 50.86768039330604
Node 146, 75.29279916414289
Node 2664, 27260.802713121077
Node 520, 1233.352427559657
Node 111, 61.97001251700467
Node 428, 824.5787500003744
Node 97, 57.40756265298015
Node 298, 190.89192411924088
Node 171, 86.69658358762587
Node 233, 124.83654274538074
Node 1223, 5211.647264622709
Node 265, 155.84330021628932
Node 184, 93.09635311549204
Node 226, 120.1569583220151
Node 999, 3694.03315542164
Node 299, 192.1760982945207
Node 232, 124.8213866354586
Node 191, 98.18437514104781
Node 102, 59.86947252512858
Node 109, 61.21566224792139
Node 544, 1386.3109661788953
Node 241, 129.22219831533187
Node 127, 66.89215703138159
