Node, generations
Node 2001, 6650.69135031229
Node 1911, 2322.6208281783775
Node 1710, 1189.7507385413903
Node 1476, 1038.6366405832875
Node 86, 58.38900319122146
Node 1867, 1830.0128436780947
Node 1706, 1185.5321712177715
Node 1571, 1069.0732638659485
Node 1520, 1049.4851166498952
Node 1257, 1011.2111071181902
Node 1248, 1010.4924888943019
Node 1917, 2361.596085215034
Node 1836, 1557.3410961752334
Node 1663, 1136.2220637230673
Node 1627, 1103.0229825264591
Node 143, 233.86835157063564
Node 80, 8.168773593126629
Node 1595, 1079.9880607022596
Node 185, 284.26561576815374
Node 1222, 1009.334763481186
Node 1716, 1198.0294924177106
Node 1639, 1113.7740012993809
Node 1659, 1131.0033687228445
Node 1488, 1042.4230394579597
Node 288, 416.99752885535656
Node 1487, 1042.1786581947872
Node 350, 488.6504848648356
Node 1601, 1085.4161740272457
Node 1227, 1009.5767468514497
Node 703, 818.4831425046096
Node 475, 602.6245656083548
Node 186, 286.2020415477542
Node 782, 888.5946398999758
Node 82, 17.229759882406352
Node 1501, 1044.8857987429226
Node 296, 425.914541116133
Node 1887, 2046.909134844145
Node 1805, 1422.6599900849328
Node 1611, 1093.5057259849618
Node 1474, 1038.5029533215886
Node 1609, 1091.920121370436
Node 1277, 1012.2104746040756
Node 1490, 1042.6862931556154
Node 1347, 1019.16315783546
Node 973, 1000.9954575269384
Node 1245, 1010.3178543019783
Node 254, 380.02660610792765
Node 1722, 1204.1073616147246
Node 1197, 1008.1663004672234
Node 1385, 1021.6993274490069
Node 1830, 1533.9658769801506
Node 1783, 1349.78058737749
Node 1630, 1106.2824211452148
Node 1291, 1013.7275940999659
Node 1286, 1012.8379257757626
Node 1773, 1317.0638369920123
Node 1713, 1194.567851457246
Node 1650, 1125.6311410732355
Node 1440, 1031.0404561916462
Node 1269, 1011.840187384076
Node 293, 423.6692873854175
Node 164, 256.2318088954048
Node 205, 309.449427393044
Node 340, 473.6734044320516
Node 1757, 1272.3219111179026
Node 1753, 1265.0908114852245
Node 1647, 1122.2137916701083
Node 1532, 1052.2126945216046
Node 1444, 1031.193233427417
Node 595, 715.6764430667484
Node 1387, 1022.0048156834339
Node 100, 115.99722839560017
Node 1243, 1010.2417382428295
Node 1583, 1074.0382165204592
Node 1475, 1038.6244841128012
Node 1383, 1021.5624274924561
Node 484, 617.4964140533923
Node 1075, 1003.5859506012673
Node 587, 709.313439172496
