Node, generations
Node 1159, 6168.63776410124
Node 715, 1711.2752155112673
Node 337, 216.28016208510277
Node 456, 674.9430342068846
Node 179, 44.76708535091262
Node 162, 39.27685297559962
Node 133, 25.90688598174361
Node 98, 14.084045025344247
Node 92, 9.652685354554082
Node 86, 5.141602545633266
Node 268, 100.65515858630751
Node 132, 25.799050756835666
Node 94, 11.080968986404846
Node 104, 16.041755759803657
Node 1033, 3668.1451534982884
Node 819, 2158.0505255711278
Node 330, 188.73230145806568
Node 248, 86.67035433488982
Node 120, 20.96207100514636
Node 301, 143.95046283870116
Node 294, 135.36270391384986
Node 288, 124.66892162987959
Node 118, 20.474753821158572
Node 97, 12.825929162503131
Node 265, 98.27608067870645
Node 176, 43.29307703075637
Node 251, 87.94610533891935
Node 250, 87.8851445020211
Node 157, 35.91932855311086
Node 187, 47.39871869804976
Node 119, 20.59003259516247
Node 113, 18.261419631462655
Node 89, 8.388625057089378
Node 740, 1853.8861851745548
Node 87, 5.369691955519635
Node 869, 2325.006122713375
Node 545, 949.0087404508723
Node 403, 476.1803089241187
Node 224, 68.5410201847545
Node 307, 155.90264358613473
Node 108, 16.460372277092738
Node 93, 9.951783550408148
Node 254, 90.81176510855215
Node 134, 26.084326893648168
Node 212, 59.47757301196511
Node 80, 0.12953663561797935
Node 142, 30.574185461400145
Node 109, 17.577687634394582
Node 839, 2227.9738930566195
Node 467, 703.0569457069035
Node 234, 76.00209250309513
Node 171, 41.45245173171758
Node 390, 416.114357352785
Node 274, 106.31687730206848
Node 123, 22.772998146019066
Node 121, 21.16743205746628
Node 99, 14.422226077217788
Node 188, 48.587683603471966
Node 341, 226.27261747479676
Node 180, 45.182455231635814
Node 153, 34.262131540100725
Node 82, 1.9897697458162644
Node 110, 17.76353477886143
Node 172, 41.60418074393986
Node 100, 14.737750518394163
Node 326, 179.80048494404858
Node 286, 122.78352150171241
Node 165, 40.38291633344495
Node 91, 8.891985657239122
Node 246, 85.172758839797
Node 186, 47.133795275626596
Node 90, 8.886996962753004
Node 96, 12.24537558004272
Node 81, 1.9552880207629888
Node 83, 2.3116836758831485
Node 316, 166.43055366799143
Node 544, 948.3159305089927
Node 347, 274.5367382684177
Node 126, 24.09259423711172
