Node, generations
Node 1855, 14442.159260104288
Node 1399, 2297.224020249707
Node 1398, 2291.519171750463
Node 1339, 2183.642778116417
Node 463, 1359.0892115003057
Node 1081, 2022.9897062825603
Node 245, 818.8290088878899
Node 290, 954.514919553465
Node 167, 616.3934885598318
Node 1383, 2259.131253175004
Node 1255, 2083.0356911642575
Node 281, 922.3578445505814
Node 1171, 2044.3446177575859
Node 330, 1046.4953024173703
Node 300, 974.3382888583104
Node 112, 432.4958985062581
Node 1330, 2174.06591453676
Node 332, 1048.1305333021112
Node 1116, 2031.7311305988537
Node 992, 2011.210196196255
Node 1572, 3330.9134266287715
Node 1537, 3000.281046814742
Node 1271, 2090.7158099882354
Node 1222, 2066.3173609696037
Node 1501, 2758.7302459049783
Node 1321, 2162.6762234227203
Node 1143, 2038.624219185601
Node 1175, 2044.8766643471192
Node 467, 1366.3526607735057
Node 1539, 3018.0002978623065
Node 889, 2004.210953623454
Node 78, 319.6841187947825
Node 1433, 2393.903991321223
Node 1225, 2068.4653806516185
Node 1040, 2017.234314307789
Node 612, 1613.9273771950136
Node 111, 427.96653609985157
Node 1329, 2173.1169763534917
Node 1296, 2122.8478621525505
