Node, generations
Node 851, 8953.238674231616
Node 453, 2508.428645648682
Node 169, 982.1805852374522
Node 52, 109.3087786625679
Node 532, 3211.6974316735905
Node 119, 572.6184425478928
Node 22, 16.80173594305503
Node 418, 2322.6119214812925
Node 309, 1812.518168062814
Node 32, 47.40534620166629
Node 30, 35.32397755973369
Node 21, 8.613575023956715
Node 271, 1573.5385564270875
Node 74, 180.83883124758
Node 72, 177.9634934805541
Node 36, 57.19719748955275
Node 69, 159.17859932769355
Node 42, 77.21975701619645
Node 34, 50.42469002872983
