Node, generations
Node 1227, 42302.65012588852
Node 247, 761.8440107427609
Node 187, 434.8831184870395
Node 215, 555.9318682584569
Node 137, 329.47255724389976
Node 179, 420.7421719761027
Node 105, 265.4587665027892
Node 178, 418.3082885873894
Node 311, 1343.3733480547214
Node 196, 463.8385347786644
Node 89, 252.5256031641609
Node 119, 291.9225688257134
Node 115, 287.4781959137538
Node 294, 1191.445659438263
Node 173, 404.91692140913875
Node 82, 244.55365484232678
Node 229, 621.7550097052633
Node 167, 387.0241463980683
Node 145, 348.38405154973924
