Node, generations
Node 612, 10987.337746933774
Node 352, 1513.8470042486254
Node 220, 533.9835821521643
Node 72, 238.75545044191702
Node 189, 452.86544649401117
Node 186, 447.78404674731917
Node 47, 212.23651984184534
Node 107, 301.4858304480269
Node 339, 1351.3979479142836
Node 262, 767.3493160310638
Node 190, 455.5320230671489
Node 100, 290.94661383097633
Node 215, 509.9859535693739
Node 40, 207.3208017040432
Node 20, 108.64320515976642
Node 118, 314.87483326829613
Node 78, 242.20960484278882
Node 62, 226.73862659452132
Node 318, 1135.8522664472976
