node_generations, branch_length
1185.5146005652075, 101593.94157095345
231.72969408933383, 953.7849064758736
0.0, 231.72969408933383
209.71408233760587, 22.01561175172796
0.0, 209.71408233760587
0.0, 209.71408233760587
1162.4738638033962, 23.04073676181133
0.0, 1162.4738638033962
0.0, 1162.4738638033962
26697.863779348758, 76081.5923921699
882.0457838504718, 25815.817995498284
277.90077357463963, 604.1450102758322
0.0, 277.90077357463963
222.47001842794648, 55.430755146693144
0.0, 222.47001842794648
0.0, 222.47001842794648
366.40029709308476, 515.6454867573871
224.10167254306523, 142.29862455001953
0.0, 224.10167254306523
0.0, 224.10167254306523
249.36134554042846, 117.0389515526563
0.0, 249.36134554042846
236.65979100950054, 12.701554530927922
0.0, 236.65979100950054
235.49501193518344, 1.1647790743170958
0.0, 235.49501193518344
77.92685723053792, 157.5681547046455
0.0, 77.92685723053792
0.0, 77.92685723053792
11074.808699251236, 15623.055080097522
313.4370024865093, 10761.371696764727
0.0, 313.4370024865093
0.0, 313.4370024865093
1501.13945885126, 9573.669240399977
0.0, 1501.13945885126
267.36000625397594, 1233.779452597284
0.0, 267.36000625397594
0.0, 267.36000625397594
