Node, generations
Node 2773, 33923.39380959219
Node 2310, 21463.52483279813
Node 1533, 9316.2733318672
Node 505, 1499.390350591301
Node 240, 250.90754430385218
Node 218, 240.32317319681533
Node 119, 209.72828712456575
Node 213, 237.91434030393935
Node 378, 663.8494619531854
Node 304, 309.9688458964282
Node 134, 214.11925426863158
Node 252, 259.59912216117175
Node 191, 231.76319030351019
Node 61, 200.4754670242862
Node 963, 4080.8274889255727
Node 672, 2237.6803991616794
Node 257, 263.57481228295933
Node 953, 4011.3539295960663
Node 1753, 11850.840146016384
Node 1680, 10885.394036519774
Node 486, 1402.0357357047114
Node 194, 232.3222765395206
Node 152, 218.87658463202368
Node 287, 288.89071742748115
Node 145, 216.82015343435478
Node 65, 200.88761801029995
Node 120, 210.59418236159348
Node 1040, 4633.221817679101
Node 178, 228.19862269285696
Node 381, 680.4870610390547
Node 343, 360.3828176986743
Node 324, 334.58662570112705
Node 46, 107.82426669899164
Node 40, 34.728197296554974
Node 282, 286.672441028024
Node 231, 247.54628296168332
Node 205, 234.41003509744039
Node 108, 207.21010354444016
Node 243, 252.62966965071388
