Node, generations
Node 2307, 35492.52780633315
Node 2021, 26489.829279823523
Node 447, 2933.7675376570805
Node 588, 3910.94231072154
Node 85, 186.66931068318465
Node 76, 171.07440783496023
Node 68, 149.49426611649923
Node 2244, 33307.72428239647
Node 1063, 8760.905363195589
Node 90, 198.1790763556744
Node 58, 114.76520045712952
Node 32, 66.72881718111793
Node 24, 56.00163912350556
Node 142, 750.9325759124117
Node 99, 226.90744782172095
Node 98, 222.59704697783363
Node 117, 454.0690277542511
Node 1218, 10418.041991438417
Node 22, 53.80711969295931
