Node, generations
Node 3531, 25015.8922215744
Node 2800, 2227.9797579704705
Node 2490, 2026.0241095913107
Node 1969, 1974.8047930431721
Node 1778, 1787.6030097954379
Node 296, 436.6746517047094
Node 3066, 5363.165717855512
Node 2933, 2727.967665807115
Node 2812, 2246.3272717261966
Node 2769, 2186.226928653159
Node 2740, 2124.5473654614666
Node 2525, 2030.798680255746
Node 1072, 1152.4208832045874
Node 2378, 2013.8634422199675
Node 2058, 2001.1701172648425
Node 1915, 1914.8738275283715
Node 1631, 1646.9860589445914
Node 781, 898.4375917471418
Node 2680, 2082.1728350118574
Node 2160, 2003.7481112424928
Node 144, 208.1614029298948
Node 105, 122.53856389590379
Node 1042, 1126.7691928353865
Node 2751, 2142.1655589511106
Node 1322, 1358.2992037966658
Node 2703, 2094.8567238924165
Node 832, 947.523363628877
Node 362, 500.6466019135699
Node 141, 199.5246268261153
Node 240, 358.5744880863532
Node 1965, 1972.9348909438777
Node 2901, 2546.1276665358405
Node 2836, 2301.8464121159836
Node 1315, 1355.4340686596663
Node 2983, 3154.6894256837672
Node 91, 66.24062352485768
Node 2975, 3067.4316283547537
Node 2936, 2751.8759790260356
Node 1733, 1746.0634862640352
Node 207, 300.6326953149249
Node 80, 1.5513880652794292
Node 2868, 2425.0231699390206
Node 2781, 2198.7911672834584
Node 1638, 1650.7136959734555
Node 540, 671.11527093303
Node 2641, 2064.8664523455045
Node 2424, 2017.2112938445716
Node 81, 34.952250446199415
Node 442, 571.5765624296534
Node 118, 140.9066927410489
Node 110, 130.24795395956014
Node 89, 65.12545843905606
Node 2632, 2061.980279864855
Node 873, 980.9185817530238
Node 108, 128.30357058949394
Node 1153, 1222.4913931421827
Node 2813, 2246.528937234934
Node 160, 237.5237807510375
Node 2783, 2199.788012402841
Node 103, 117.32347671120391
Node 2743, 2127.3350045417083
Node 682, 799.2281885276759
Node 104, 120.86586218915039
Node 2710, 2100.532276334163
Node 2529, 2031.3508132220418
Node 610, 740.5929563351522
Node 2706, 2095.7216263264822
Node 2938, 2759.270723895086
Node 2867, 2420.1424046708808
Node 1210, 1274.4215967047214
Node 228, 341.78996312644307
Node 95, 81.60263634255713
Node 2672, 2077.968430132971
Node 2543, 2034.2220778816677
Node 971, 1068.46259639352
Node 2537, 2032.6586835802493
Node 826, 938.4628934306576
Node 171, 249.98410038539262
Node 2564, 2040.2989779206816
