Node, generations
Node 2170, 21640.078773846293
Node 1606, 11780.82595286947
Node 1325, 7932.65563302016
Node 234, 227.07544871681202
Node 183, 166.14915964659318
Node 182, 163.88721261628203
Node 304, 565.1190062598718
Node 225, 206.64575577784655
Node 102, 118.35734347800299
Node 46, 100.14215001311143
Node 298, 524.0513999716914
Node 103, 119.3184576934935
Node 1559, 11129.60297534001
Node 1002, 5067.130882887286
Node 233, 224.93072617774928
Node 229, 212.5490833767233
Node 166, 154.92764638316245
Node 318, 721.3415750622173
Node 184, 166.21438168608083
Node 151, 148.0826090656868
Node 124, 131.89519956489488
Node 249, 268.7623753150317
Node 185, 167.3677772422397
Node 2151, 21136.175240052242
Node 1059, 5476.547055197287
Node 264, 299.6912203830355
Node 235, 230.67825710200995
Node 222, 202.95993639621744
Node 48, 100.97980585121799
Node 165, 154.4951659802534
Node 554, 2217.0618387000804
Node 248, 265.12589767046865
Node 216, 190.66443725808654
Node 71, 106.23417162449563
Node 238, 234.77775697503287
Node 156, 149.5864925192842
Node 280, 329.26561034969285
Node 109, 121.91664666196037
Node 161, 151.67210268081
