Node, generations
Node 2164, 25286.423198062286
Node 1508, 12322.81034963737
Node 836, 5122.748557722785
Node 65, 162.94408184959252
Node 59, 153.97667435255028
Node 1257, 9067.47298306039
Node 653, 3734.5641034883424
Node 95, 220.7793526299177
Node 45, 135.04762901972032
Node 139, 626.1621064962122
Node 73, 180.95661985836134
Node 895, 5560.90817839201
Node 300, 1627.4365738154393
Node 43, 132.78201728605075
Node 207, 1083.9036492857217
Node 1706, 15741.211224149472
Node 120, 373.5510080800801
Node 54, 146.56242393020187
Node 604, 3409.2835438267352
