node_generations, branch_length
2740.7662797755925, 23647.44546218639
2240.6219943667716, 500.1442854088209
0.0, 2240.6219943667716
0.0, 2240.6219943667716
2385.105935140038, 355.66034463555434
2007.6688605101597, 377.43707462987845
0.0, 2007.6688605101597
0.0, 2007.6688605101597
2238.203310860535, 146.90262427950302
2060.853581332857, 177.34972952767794
0.0, 2060.853581332857
2028.4026067539608, 32.45097457889642
0.0, 2028.4026067539608
2016.8185418270605, 11.584064926900282
0.0, 2016.8185418270605
1028.4409010592685, 988.377640767792
0.0, 1028.4409010592685
0.0, 1028.4409010592685
2076.709594057212, 161.49371680332297
0.0, 2076.709594057212
2046.7564079934534, 29.95318606375872
0.0, 2046.7564079934534
2046.3946413554295, 0.36176663802393705
0.0, 2046.3946413554295
1479.7216623624854, 566.6729789929441
0.0, 1479.7216623624854
0.0, 1479.7216623624854
3201.714450128734, 23186.49729183325
2030.0195714491795, 1171.6948786795544
1018.4824720301345, 1011.5370994190449
0.0, 1018.4824720301345
0.0, 1018.4824720301345
2004.3770229931013, 25.642548456078202
0.0, 2004.3770229931013
0.0, 2004.3770229931013
2864.0078742261885, 337.7065759025454
2165.579736990227, 698.4281372359615
0.0, 2165.579736990227
0.0, 2165.579736990227
2737.0742150138703, 126.93365921231816
2552.5619115256536, 184.51230348821673
0.0, 2552.5619115256536
2146.3820875975202, 406.1798239281334
2059.5274052999125, 86.85468229760772
2011.706162044805, 47.82124325510745
0.0, 2011.706162044805
1197.4347739925024, 814.2713880523027
0.0, 1197.4347739925024
0.0, 1197.4347739925024
2023.5248031138467, 36.002602186065815
0.0, 2023.5248031138467
2003.905103065652, 19.619700048194773
1295.3188301219593, 708.5862729436926
0.0, 1295.3188301219593
0.0, 1295.3188301219593
1304.3037686646328, 699.6013344010191
0.0, 1304.3037686646328
195.5124144953129, 1108.79135416932
0.0, 195.5124144953129
0.0, 195.5124144953129
2127.3107863527785, 19.07130124474179
0.0, 2127.3107863527785
2037.8496515684676, 89.46113478431084
0.0, 2037.8496515684676
0.0, 2037.8496515684676
2661.8631813562542, 75.2110336576161
626.3636026277165, 2035.4995787285377
0.0, 626.3636026277165
0.0, 626.3636026277165
2639.4188217509427, 22.444359605311547
2082.6759862649815, 556.7428354859612
0.0, 2082.6759862649815
0.0, 2082.6759862649815
2084.4511273048292, 554.9676944461135
0.0, 2084.4511273048292
2003.7178477568682, 80.73327954796105
0.0, 2003.7178477568682
0.0, 2003.7178477568682
