node_generations, branch_length
2329.6795387799807, 2690.519609140111
1416.0169450154865, 913.6625937644942
1039.0793642991705, 376.937580716316
0.0, 1039.0793642991705
0.0, 1039.0793642991705
1374.5920465383806, 41.4248984771059
0.0, 1374.5920465383806
1040.62024118956, 333.9718053488207
0.0, 1040.62024118956
0.0, 1040.62024118956
1438.9350204276466, 890.7445183523341
1076.937516536401, 361.9975038912455
0.0, 1076.937516536401
0.0, 1076.937516536401
1389.799192242928, 49.13582818471855
0.0, 1389.799192242928
1272.1174971143796, 117.68169512854843
1031.3489616809877, 240.7685354333919
0.0, 1031.3489616809877
0.0, 1031.3489616809877
1142.7683774480986, 129.349119666281
0.0, 1142.7683774480986
1012.5059939364877, 130.2623835116109
0.0, 1012.5059939364877
0.0, 1012.5059939364877
2622.9783540075778, 2397.2207939125137
0.0, 2622.9783540075778
2185.253888610151, 437.7244653974267
1107.6773345476552, 1077.576554062496
0.0, 1107.6773345476552
524.6304872259288, 583.0468473217263
0.0, 524.6304872259288
0.0, 524.6304872259288
1115.111581614126, 1070.1423069960251
0.0, 1115.111581614126
1078.2852466159484, 36.82633499817757
0.0, 1078.2852466159484
0.0, 1078.2852466159484
