Node, generations
Node 1701, 39561.11755839582
Node 1137, 3375.568718018575
Node 911, 1399.5639629935006
Node 855, 1250.2905682102853
Node 797, 1156.628557748297
Node 205, 740.1693656753365
Node 696, 1072.5357693789197
Node 878, 1291.3504824398228
Node 733, 1100.8409573764072
Node 804, 1164.264874499697
Node 648, 1051.8992758316651
Node 98, 420.412421011667
Node 136, 533.9488500896091
Node 40, 24.420700546532537
Node 1114, 3066.153468124015
Node 907, 1381.9606871994874
Node 247, 857.7703190165395
Node 53, 190.42942690287532
Node 41, 55.60878185987538
Node 42, 59.957442514998
Node 886, 1314.6373960029084
Node 776, 1139.3396167390922
Node 404, 1005.3917865860906
Node 204, 732.9946584344586
Node 883, 1307.6798805791298
Node 278, 917.1770756496586
Node 843, 1219.59262419266
Node 830, 1203.4334931296391
Node 546, 1021.8685996292543
Node 743, 1104.3753694049667
Node 1060, 2365.035603977125
Node 799, 1158.4708027989989
Node 990, 1794.204195808231
Node 678, 1064.0530594849638
Node 481, 1012.7754697259841
Node 941, 1526.6231349524837
Node 872, 1278.4251999796222
Node 707, 1080.3205938088263
Node 660, 1057.5863073877797
