Node, generations
Node 3356, 36075.61720471889
Node 2304, 14326.364551516019
Node 442, 2087.884624389719
Node 143, 71.52016942498095
Node 120, 49.950462718716196
Node 141, 70.33115341760566
Node 66, 3.778232350081818
Node 115, 45.006323974978415
Node 101, 31.4811106615789
Node 69, 6.64661726943117
Node 79, 18.93426917500801
Node 224, 157.7947362342826
Node 193, 114.45472123715929
Node 92, 26.942268884606644
Node 88, 22.629190412891763
Node 70, 6.914660010032718
Node 100, 31.092077721677846
Node 95, 28.548570346526837
Node 1860, 9623.4131542771
Node 341, 1607.3110154117471
Node 80, 19.522438389178618
Node 62, 2.4982783689660266
Node 158, 86.6978335059948
Node 117, 45.37050809862318
Node 129, 58.90669697514732
Node 1351, 5493.627073709389
Node 229, 166.8534199791549
Node 172, 99.06617285710796
Node 63, 2.9903969700649053
Node 61, 1.874714826185482
Node 65, 3.115202337667035
Node 185, 108.45491368595432
Node 94, 28.350307096450422
Node 116, 45.31143172556721
Node 2574, 18078.416980192527
Node 508, 2243.7249265355676
Node 249, 196.11184403261066
Node 199, 120.90910780416931
Node 111, 39.972474018564554
Node 163, 91.99184756131098
Node 227, 163.32978733172465
Node 68, 5.902414402868352
Node 67, 4.469314894668533
Node 1986, 10880.657093345859
Node 150, 79.07075372019575
Node 96, 29.08426368128915
Node 1969, 10688.143602247881
Node 198, 120.70001339108374
Node 174, 99.8332187394828
Node 90, 25.073527212765494
Node 64, 3.064168665316376
Node 82, 20.567389979741446
Node 502, 2222.632604083026
Node 202, 126.30845772302776
Node 60, 1.8681048356757854
Node 293, 1218.0398041319706
Node 119, 49.62266201258009
Node 165, 93.24560878942442
Node 99, 30.738540502582584
