Node, generations
Node 1926, 3381.228307907918
Node 1477, 1056.3094582339988
Node 1371, 1030.9768577528396
Node 1907, 2975.209208760232
Node 1765, 1566.473102661731
Node 1710, 1383.5429215159638
Node 1511, 1071.3473405245616
Node 198, 302.3210580313438
Node 1704, 1366.2311985074045
Node 1593, 1133.701947166263
Node 1548, 1093.2635584435059
Node 681, 834.3467121100435
Node 80, 4.654605394516143
Node 1549, 1094.3074215920576
Node 1386, 1033.685490072907
Node 1298, 1019.5572932659302
Node 1602, 1146.107489731821
Node 1486, 1059.3301611675722
Node 325, 486.6798140855236
Node 104, 113.93776740395279
Node 1234, 1013.2802146244768
Node 1719, 1409.3182579878662
Node 1540, 1087.8056608912286
Node 1681, 1316.811184183345
Node 1580, 1120.7815717834255
Node 1562, 1101.6836385067909
Node 1007, 1003.0550347221929
Node 1679, 1304.9033582064533
Node 1613, 1162.775591692608
Node 1156, 1008.2198546335143
Node 1346, 1025.9869846487895
Node 1294, 1019.2268977455516
Node 1168, 1008.8782196113057
Node 1137, 1007.1360924150956
Node 1894, 2721.6377434148167
Node 1615, 1163.5476045674864
Node 1316, 1022.2412901575169
Node 1163, 1008.617258165316
Node 518, 678.6407365529611
Node 216, 333.5908296988012
Node 1526, 1080.1039632093878
Node 1253, 1014.4473704363104
Node 522, 683.6520118664471
Node 1204, 1011.7496832691114
Node 82, 31.987767040961153
Node 287, 423.0401453354447
Node 1501, 1067.2368115402078
Node 495, 658.6855988600383
Node 1893, 2717.4033236257724
Node 1134, 1007.0984135819409
Node 990, 1002.7226977254883
Node 1818, 1844.6784710281745
Node 1601, 1145.0894427378646
Node 1445, 1046.9087598689714
Node 1784, 1651.8593509643415
Node 1682, 1319.5956246047238
Node 1596, 1139.549819361222
Node 246, 356.34949135048885
Node 1583, 1122.3933671617863
Node 1508, 1069.1886830316841
Node 1433, 1044.7187454383168
Node 936, 1001.3265098434292
Node 1377, 1031.8364256144864
Node 1493, 1064.1157583900126
Node 139, 210.14936448946617
Node 1390, 1034.984893590386
Node 1268, 1015.4915329327207
Node 1223, 1012.642635898451
Node 739, 895.6121922153677
Node 1545, 1090.4298537370364
Node 302, 450.09062313460845
Node 96, 99.20427890148152
Node 678, 833.6294914190719
Node 1654, 1247.7597426550665
Node 1517, 1074.7911132695617
Node 1747, 1485.4035345217387
Node 1512, 1072.1133193438272
Node 83, 46.83135926911508
Node 412, 583.2506646701463
