Node, generations
Node 3324, 45737.089576113656
Node 1486, 6192.062634351417
Node 943, 2675.545907779433
Node 818, 2012.1269810628464
Node 334, 238.67556661646307
Node 189, 207.3189718166233
Node 736, 1698.7312231723643
Node 445, 310.7724643349613
Node 428, 291.8172262459152
Node 294, 226.0180640181275
Node 466, 336.4468739483558
Node 411, 273.51476830128837
Node 352, 247.00854573770914
Node 455, 322.53955133606627
Node 386, 260.04527462031126
Node 62, 39.0699685252753
Node 1117, 3656.5245821133
Node 300, 228.20573935684297
Node 197, 208.44748904310995
Node 96, 195.7365567043939
Node 460, 326.33269647803513
Node 2164, 13392.381306178395
Node 684, 1425.372977029892
Node 496, 372.53156044096323
Node 97, 199.37816707930833
Node 452, 320.3179870824942
Node 209, 209.81090653885894
Node 410, 273.3346257954316
Node 360, 252.24727586681203
Node 324, 235.30736081322638
Node 507, 390.7442589832883
Node 350, 245.64110936799864
Node 370, 255.22084345774925
Node 340, 240.34326640289711
Node 1231, 4367.57256573007
Node 528, 535.3977993910232
Node 484, 355.6290853122614
Node 235, 213.41827215401463
Node 226, 212.2855188711628
Node 373, 255.96575158377726
Node 577, 863.7493958166631
Node 385, 259.7727701494923
Node 246, 215.60262981622168
Node 190, 207.52966922886984
Node 121, 201.30807523026877
Node 330, 236.53792370197013
Node 560, 753.8821549182053
Node 472, 341.6645558860712
Node 422, 285.6117869141573
Node 320, 234.42623258856418
Node 221, 211.59750909256147
Node 67, 91.47459287027895
Node 227, 212.34658094660074
Node 225, 212.26833479154547
Node 355, 248.58586360484682
Node 524, 494.64688658490314
Node 282, 223.3177120850421
Node 65, 84.58768971975753
Node 395, 264.94378542369964
