Node, generations
Node 2017, 29836.25538488024
Node 412, 1232.3074641124683
Node 354, 1127.285237650356
Node 293, 1062.9452969016945
Node 345, 1116.6328175792587
Node 1646, 19190.389814817197
Node 406, 1226.64650631704
Node 58, 672.7700047242018
Node 930, 7210.7102612100325
Node 467, 1388.8185846868648
Node 294, 1063.0277162372981
Node 383, 1184.8051531347721
Node 309, 1072.7704172572187
Node 797, 5528.426904302351
Node 189, 1018.6062109607989
Node 333, 1096.1638500504266
Node 116, 1001.6444319423764
Node 313, 1074.4033582240966
Node 193, 1019.5534940751678
