Node, generations
Node 2880, 48891.17498971749
Node 34, 214.31239620408672
Node 2318, 27680.49208924121
Node 354, 1775.1961427369965
Node 218, 924.2617289790122
Node 96, 279.6041996146323
Node 187, 621.7204212295615
Node 137, 337.11303939174684
Node 168, 392.50599128669387
Node 155, 375.3706631121837
Node 163, 384.0588478326023
Node 1266, 8157.211292310155
Node 768, 4244.150278940523
Node 112, 300.9409466435353
Node 68, 246.87778190903342
Node 50, 227.81955692223903
Node 160, 380.7278793663215
Node 71, 247.72959881909492
Node 22, 157.88126280882437
