node_generations, branch_length
1870.1382344766748, 50755.36468951336
1405.6681203777835, 464.4701140988914
1081.3156045018382, 324.3525158759453
0.0, 1081.3156045018382
0.0, 1081.3156045018382
1087.5512307145568, 318.11688966322663
0.0, 1087.5512307145568
997.4635667302814, 90.08766398427542
0.0, 997.4635667302814
0.0, 997.4635667302814
1458.4626479779936, 411.67558649868124
0.0, 1458.4626479779936
1318.486063314, 139.97658466399366
0.0, 1318.486063314
1213.5668305787162, 104.91923273528369
0.0, 1213.5668305787162
1081.9142898711061, 131.65254070761011
0.0, 1081.9142898711061
1065.7731394731284, 16.141150397977754
0.0, 1065.7731394731284
1055.0408991207462, 10.732240352382178
0.0, 1055.0408991207462
1018.0239237787811, 37.01697534196512
0.0, 1018.0239237787811
0.0, 1018.0239237787811
2050.319137131477, 50575.18378685856
1674.1496648697675, 376.1694722617094
0.0, 1674.1496648697675
1296.0848031239557, 378.06486174581187
1105.598012708983, 190.48679041497257
0.0, 1105.598012708983
1062.1657669118038, 43.43224579717935
0.0, 1062.1657669118038
0.0, 1062.1657669118038
1216.369382088488, 79.71542103546767
328.4743503620152, 887.8950317264728
0.0, 328.4743503620152
0.0, 328.4743503620152
1015.9353602450243, 200.4340218434637
0.0, 1015.9353602450243
0.0, 1015.9353602450243
1740.225417564393, 310.093719567084
1038.095444156111, 702.129973408282
0.0, 1038.095444156111
0.0, 1038.095444156111
1451.5174484419103, 288.7079691224826
0.0, 1451.5174484419103
1277.9738263907766, 173.54362205113375
1022.4979582557594, 255.4758681350172
773.0567798877116, 249.44117836804776
0.0, 773.0567798877116
16.873201588051362, 756.1835782996602
0.0, 16.873201588051362
0.0, 16.873201588051362
1001.7488188763956, 20.749139379363783
0.0, 1001.7488188763956
0.0, 1001.7488188763956
1275.905724294583, 2.06810209619357
1131.6357965219147, 144.26992777266832
0.0, 1131.6357965219147
1030.0626004476092, 101.57319607430554
0.0, 1030.0626004476092
1019.1860987087497, 10.876501738859474
0.0, 1019.1860987087497
199.7974168587058, 819.3886818500439
0.0, 199.7974168587058
0.0, 199.7974168587058
1240.4692236350006, 35.43650065958241
0.0, 1240.4692236350006
1087.741644114528, 152.72757952047255
1057.9595011811537, 29.782142933374416
0.0, 1057.9595011811537
1006.9921903275813, 50.96731085357237
0.0, 1006.9921903275813
0.0, 1006.9921903275813
1062.0936617910615, 25.647982323466522
0.0, 1062.0936617910615
0.0, 1062.0936617910615
