Node, generations
Node 2251, 32623.065956522758
Node 1577, 2519.9932831951633
Node 1542, 2373.1010536069807
Node 341, 1089.2141459819586
Node 1402, 2124.4577796088315
Node 1235, 2031.6131042635884
Node 54, 219.7759952000445
Node 1114, 2013.8864216588713
Node 1878, 11178.668216732101
Node 1738, 3911.3064427205013
Node 1596, 2592.6993587293805
Node 1516, 2305.2073449966188
Node 1454, 2187.975902500127
Node 1002, 2006.129887210206
Node 714, 1760.5600605436143
Node 1408, 2132.5751046055634
Node 1216, 2027.7090192756366
Node 1389, 2107.4006497941987
Node 1062, 2010.0731161870115
Node 265, 933.5922195999811
Node 126, 596.9069852672063
Node 1584, 2555.369875219815
Node 110, 513.0910214955213
Node 1571, 2494.124923639493
Node 1210, 2026.73818234924
Node 1399, 2122.3240253235595
Node 1649, 2950.4057943901385
Node 1404, 2126.2118399114565
Node 242, 878.8238128982636
Node 226, 840.6786202199501
Node 1388, 2106.202263415934
Node 1256, 2038.7524450409387
Node 49, 184.22091103528663
Node 1339, 2072.945145236504
Node 640, 1610.3860106894822
Node 1538, 2361.9868073168827
Node 1379, 2100.957586094712
Node 1375, 2097.425427334101
Node 507, 1377.2580227463593
