node_generations, branch_length
5231.61711527871, 20308.818620053375
1177.7492716091713, 4053.867843669539
0.0, 1177.7492716091713
1036.5539640968652, 141.19530751230604
0.0, 1036.5539640968652
1028.4015052368088, 8.152458860056413
0.0, 1028.4015052368088
0.0, 1028.4015052368088
1626.900427893771, 3604.716687384939
0.0, 1626.900427893771
1490.1647136812667, 136.73571421250426
0.0, 1490.1647136812667
1132.236874805642, 357.92783887562473
0.0, 1132.236874805642
1125.542033750091, 6.694841055551024
0.0, 1125.542033750091
1033.0189009369972, 92.52313281309375
0.0, 1033.0189009369972
1014.2907458530749, 18.728155083922275
0.0, 1014.2907458530749
0.0, 1014.2907458530749
14268.190725725643, 11272.245009606442
0.0, 14268.190725725643
1675.4522964520615, 12592.73842927358
0.0, 1675.4522964520615
1348.892772687118, 326.5595237649436
0.0, 1348.892772687118
1123.6837621750785, 225.2090105120394
1045.070791647006, 78.61297052807254
0.0, 1045.070791647006
0.0, 1045.070791647006
1086.8779991230815, 36.80576305199702
0.0, 1086.8779991230815
1044.8764204134618, 42.00157870961971
0.0, 1044.8764204134618
1000.0305131506398, 44.84590726282204
0.0, 1000.0305131506398
0.0, 1000.0305131506398
