Node, generations
Node 1088, 21368.138619797886
Node 430, 1340.6564374032216
Node 310, 1089.1865060511338
Node 249, 1042.663202912957
Node 855, 12139.189702380354
Node 447, 1386.4444876710497
Node 23, 140.86563134860646
Node 222, 1029.4952442762806
Node 591, 2388.7892565615516
Node 332, 1115.7152464998528
Node 539, 1825.2812768790072
Node 393, 1237.3332262703777
Node 291, 1072.6793004329882
Node 46, 525.4782902738259
Node 184, 1019.144516664897
Node 149, 1008.2630561381422
Node 43, 498.6691678180616
Node 384, 1214.6969813931507
Node 229, 1031.3134906387018
