Node, generations
Node 3316, 39646.327901846096
Node 2121, 11951.450659166147
Node 501, 390.21067861079933
Node 364, 260.0300121036637
Node 335, 246.75835406128414
Node 200, 211.87092233538178
Node 303, 234.32099937588444
Node 357, 254.5917579163041
Node 314, 237.12847772995264
Node 156, 206.4729856375772
Node 354, 253.15784466544983
Node 76, 139.72821931694173
Node 190, 210.83433606763685
Node 462, 328.94897698436375
Node 432, 295.0233882540393
Node 1936, 10061.158404483702
Node 629, 1178.0321784912073
Node 422, 289.5918860209651
Node 340, 248.0182471135674
Node 119, 203.07632051375757
Node 120, 203.1582385886002
Node 449, 314.31526968486645
Node 266, 224.24197684475033
Node 1280, 4352.982029090501
Node 755, 1726.4214312603444
Node 485, 357.5609332012622
Node 328, 244.46777469776677
Node 326, 242.72486423231163
Node 82, 157.78684772815782
Node 455, 322.56403812702825
Node 226, 216.9328488474225
Node 91, 200.25088694498817
Node 158, 206.64999749170332
Node 407, 282.1989993030976
Node 93, 200.4405742235532
Node 1016, 2770.511904894143
Node 319, 239.68874074034065
Node 133, 204.1837058591659
Node 467, 330.71687168151124
Node 392, 274.46440791501465
Node 345, 250.08177089465906
Node 2171, 12719.115015345
Node 883, 2205.631264330855
Node 822, 1976.2639005282902
Node 763, 1749.7247907013239
Node 442, 307.66017178550396
Node 165, 207.41920720180872
Node 726, 1646.6322100105103
Node 363, 259.08283074413964
Node 322, 241.09079640654997
Node 361, 258.26913601578013
Node 649, 1270.5874797034103
Node 382, 270.29619886034106
Node 315, 237.77565315889166
Node 122, 203.39897441949705
Node 1738, 7947.9609410235735
Node 513, 480.0233868006186
Node 260, 223.45622490357073
Node 352, 252.76433268397145
