Node, generations
Node 3876, 53524.76284768738
Node 2956, 19475.62249677585
Node 1199, 2846.0036815174203
Node 244, 150.63109780295886
Node 64, 74.15868412014954
Node 762, 1448.3356416508132
Node 290, 184.01434940849913
Node 598, 1034.3875481029065
Node 268, 169.7271651797778
Node 153, 115.37476288635052
Node 141, 110.57067552838738
Node 250, 151.6296006455768
Node 587, 1000.1261232062279
Node 200, 129.74155762571957
Node 183, 124.4871078989004
Node 99, 104.54490713274456
Node 308, 196.025157285369
Node 132, 108.69563052976089
Node 2505, 12474.16997590126
Node 320, 260.10551129510304
Node 139, 110.48289889529396
Node 1738, 5592.694322304935
Node 65, 80.10049504025964
Node 1296, 3296.443597699929
Node 445, 636.541736202691
Node 590, 1012.1165325822008
Node 226, 144.0660109436663
Node 213, 134.71154729480526
Node 95, 103.63554101251727
Node 73, 100.58362885908834
Node 251, 151.84327210996435
Node 3256, 26533.243746266984
Node 745, 1407.241682324764
Node 211, 133.74752892936002
Node 113, 105.8046713438799
Node 654, 1165.4967929261268
Node 352, 372.5682128685261
Node 286, 180.7565959294419
Node 175, 121.10549297985463
Node 168, 117.95664919716289
Node 157, 115.76479896541477
Node 1148, 2671.215510893784
Node 717, 1329.5719750618468
Node 63, 62.866636532227545
Node 699, 1291.0679647252625
Node 810, 1575.6297700820785
Node 249, 151.61245580969185
Node 225, 143.34282263161268
Node 216, 137.46714808770616
Node 629, 1091.3174632071014
Node 369, 436.3542509432727
Node 291, 184.2318960448686
Node 298, 187.42515336012082
Node 122, 107.24987569662129
Node 604, 1041.9578881355799
Node 193, 127.08230132108379
Node 86, 102.51799893922157
Node 186, 124.97257724975591
Node 108, 105.46623315628854
