node_generations, branch_length
7069.218791081954, 17530.684687965062
173.70481651553084, 6895.513974566423
0.0, 173.70481651553084
0.0, 173.70481651553084
4628.038323201071, 2441.180467880883
1140.9579754916265, 3487.080347709444
0.0, 1140.9579754916265
627.0652137494745, 513.892761742152
104.02860303886787, 523.0366107106066
0.0, 104.02860303886787
0.0, 104.02860303886787
214.09690683434852, 412.96830691512605
0.0, 214.09690683434852
61.76291997721745, 152.33398685713107
0.0, 61.76291997721745
0.0, 61.76291997721745
3960.6096483281967, 667.4286748728741
0.0, 3960.6096483281967
0.0, 3960.6096483281967
18771.84675464584, 5828.056724401176
0.0, 18771.84675464584
6004.005431781597, 12767.841322864246
881.6013473280976, 5122.404084453499
0.0, 881.6013473280976
175.19850184200033, 706.4028454860972
0.0, 175.19850184200033
118.76110162933206, 56.437400212668265
0.0, 118.76110162933206
0.0, 118.76110162933206
2694.7712371605326, 3309.234194621064
0.0, 2694.7712371605326
146.37653779356864, 2548.394699366964
87.74641486109503, 58.63012293247361
0.0, 87.74641486109503
0.0, 87.74641486109503
117.5924211597404, 28.784116633828248
0.0, 117.5924211597404
0.0, 117.5924211597404
