Node, generations
Node 2231, 52777.47281984389
Node 1279, 1887.4091034924597
Node 1178, 1147.0297956452812
Node 1124, 869.0827289617
Node 405, 501.317950727473
Node 1072, 735.844404991699
Node 689, 515.2344941916903
Node 1065, 724.1156617171737
Node 867, 548.3311703880919
Node 801, 532.391350363446
Node 548, 505.78561540189287
Node 795, 531.4324107891682
Node 777, 526.7535600610418
Node 986, 617.0417709839815
Node 398, 501.0283429082586
Node 1232, 1484.57279546026
Node 820, 536.5735753795444
Node 108, 141.2218869018734
Node 90, 79.83435538889226
Node 817, 536.0541422452428
Node 1064, 721.5381037613646
Node 963, 597.6258756088155
Node 423, 501.6640179424983
Node 869, 548.8166016667564
Node 1052, 704.6581405927612
Node 797, 532.0015276236915
Node 744, 521.528283743919
Node 81, 29.146827467855246
Node 1363, 5041.198663544152
Node 1016, 647.4966907123265
Node 912, 563.3369645519095
Node 359, 500.18724927205903
Node 952, 587.3736406602864
Node 491, 503.8657981694629
Node 885, 554.2311201277415
Node 543, 505.64404748838587
Node 92, 88.64528664839843
Node 165, 238.372163613866
Node 589, 507.82948797877685
Node 1144, 951.480731912399
Node 945, 583.2705007152036
Node 767, 524.7245846866292
Node 913, 563.6183556092242
Node 592, 507.8898961088731
Node 221, 328.39727067817716
Node 909, 563.095865497853
Node 774, 526.6037957851685
Node 261, 398.57270251097924
Node 80, 28.929826957070496
Node 351, 500.00388483950366
Node 862, 545.9627389919215
Node 515, 504.7275007488986
Node 83, 44.047899080068355
Node 1134, 916.9960379422919
Node 1047, 694.5963447802541
Node 699, 516.5159810940282
Node 531, 505.3202107377992
Node 1018, 648.6997015098361
Node 705, 517.0896469004439
Node 1012, 642.5468063609728
Node 879, 552.4776260489648
Node 849, 542.4476325370139
Node 844, 540.8836384062552
Node 483, 503.5838910569045
Node 806, 533.288289007862
Node 363, 500.2491391690582
Node 1010, 640.8858384739849
Node 911, 563.3216671789985
Node 754, 523.1777619819604
Node 451, 502.53015975286013
Node 814, 535.365323888688
Node 257, 391.8479993413635
Node 618, 509.8362694749596
Node 586, 507.62243777612827
Node 1121, 858.4597692917445
Node 861, 545.9045360438687
Node 785, 528.3228811866918
Node 905, 561.0332621459453
Node 636, 511.15295476985915
