Node, generations
Node 2351, 19116.889887980782
Node 1362, 6651.88794083489
Node 131, 212.03128761027332
Node 1200, 5350.04830758736
Node 960, 3657.974592021426
Node 304, 309.49591069058613
Node 266, 272.2547564122922
Node 180, 221.95483133657646
Node 121, 209.734243476617
Node 237, 251.85232158563505
Node 683, 2281.073776981043
Node 223, 239.75399798149152
Node 1197, 5317.943216077602
Node 208, 232.82614007172265
Node 779, 2706.1854280602956
Node 161, 217.52255536623196
Node 196, 227.811036753882
Node 2336, 18755.94296030691
Node 340, 359.2032279763712
Node 216, 237.54824510612355
Node 240, 254.22293590195298
Node 126, 210.38665339313627
Node 943, 3562.319192923342
Node 360, 398.6317217967183
Node 313, 320.0052351182221
Node 233, 247.02993110378603
Node 85, 203.48957755019836
Node 904, 3343.1126061927553
Node 418, 872.932041814558
Node 243, 256.9537088918034
Node 221, 239.16837286404657
Node 172, 219.31806004645108
Node 321, 325.54724559674906
Node 312, 318.29069540430675
Node 270, 275.2345766718221
Node 211, 234.7114239667619
Node 170, 218.62788938857702
Node 168, 218.55043426221337
Node 167, 218.51773404038477
