Node, generations
Node 2834, 37630.89601144455
Node 1539, 3149.1316548428895
Node 1275, 1193.8415779622223
Node 1253, 1170.4819128332167
Node 1011, 1031.6455296711893
Node 1005, 1030.2734729717301
Node 121, 252.68453547498817
Node 963, 1023.2081936876809
Node 141, 295.17891599837145
Node 1259, 1175.0862434292146
Node 1049, 1043.1915087681039
Node 746, 1005.0934907623838
Node 1021, 1035.3264926379384
Node 1233, 1151.5758446832865
Node 1189, 1115.8660721446195
Node 1141, 1090.2862168268655
Node 684, 1002.8125284172876
Node 1469, 1797.1373957959966
Node 1411, 1534.281872274113
Node 1244, 1158.7316364880435
Node 1080, 1054.606823487767
Node 1061, 1047.251837869798
Node 1431, 1633.5171275390323
Node 1319, 1254.5858634341437
Node 377, 688.5974950297443
Node 1209, 1132.203676600496
Node 1127, 1080.4415481533867
Node 973, 1024.8785111413438
Node 924, 1017.3871276358707
Node 862, 1012.3179945527432
Node 1159, 1099.4047920490514
Node 96, 177.15136430675346
Node 2197, 16010.943228822425
Node 1454, 1734.5116995651479
Node 1188, 1114.9025059364947
Node 1170, 1105.208197248426
Node 1228, 1148.450946799609
Node 1186, 1114.6852043689569
Node 86, 153.89184475275144
Node 1160, 1099.7577513596584
Node 1100, 1066.6559084017763
Node 812, 1008.5743011603051
Node 156, 327.78739898746414
Node 1979, 11472.962634566324
Node 574, 992.2639266067363
Node 1432, 1638.5073917278673
Node 1212, 1134.3180797485027
Node 1142, 1090.4357610867967
Node 154, 325.48038791454854
Node 1306, 1227.3365148546318
Node 1282, 1199.9225936578368
Node 1181, 1111.7148048540837
Node 826, 1009.2899593394343
Node 1039, 1040.6850455107488
Node 1291, 1211.1384077475625
Node 90, 160.30035092716807
Node 976, 1024.9109224258282
Node 904, 1015.6158320613766
Node 94, 170.75559595856947
