node_generations, branch_length
1346.377170878903, 61412.23948502275
0.0, 1346.377170878903
186.58345214925004, 1159.793718729653
0.0, 186.58345214925004
103.85758056381412, 82.72587158543591
0.0, 103.85758056381412
59.23844340084684, 44.619137162967284
0.0, 59.23844340084684
19.151166037917804, 40.087277362929036
0.0, 19.151166037917804
6.103372493448846, 13.04779354446896
0.0, 6.103372493448846
0.0, 6.103372493448846
17338.992175847627, 45419.62448005403
12288.808584694656, 5050.183591152971
7647.528685764312, 4641.279898930344
99.11146774503018, 7548.417218019282
0.0, 99.11146774503018
45.831730248176946, 53.27973749685324
8.684060255317839, 37.14766999285911
0.0, 8.684060255317839
0.7373987063644041, 7.9466615489534345
0.0, 0.7373987063644041
0.0, 0.7373987063644041
35.74844130092501, 10.083288947251937
0.0, 35.74844130092501
23.825700853967202, 11.922740446957807
0.0, 23.825700853967202
0.0, 23.825700853967202
3515.662393050523, 4131.866292713789
0.0, 3515.662393050523
2299.6583606958666, 1216.0040323546564
0.0, 2299.6583606958666
0.0, 2299.6583606958666
9638.415832490944, 2650.392752203712
893.5238145594301, 8744.892017931514
88.36143026584621, 805.1623842935838
0.0, 88.36143026584621
47.48503423179104, 40.87639603405517
0.0, 47.48503423179104
35.575599237216146, 11.909434994574895
0.0, 35.575599237216146
19.72660227757598, 15.848996959640164
0.0, 19.72660227757598
0.0, 19.72660227757598
117.40314594980583, 776.1206686096243
52.670555021737236, 64.73259092806859
0.0, 52.670555021737236
21.070108404870123, 31.600446616867114
8.700196280752918, 12.369912124117205
0.0, 8.700196280752918
0.0, 8.700196280752918
14.530391151309313, 6.539717253560809
0.0, 14.530391151309313
0.0, 14.530391151309313
74.17072057467867, 43.232425375127164
0.0, 74.17072057467867
62.098675091475215, 12.072045483203453
0.0, 62.098675091475215
55.012282323383175, 7.08639276809204
0.0, 55.012282323383175
0.0, 55.012282323383175
2810.4216934188994, 6827.994139072045
0.0, 2810.4216934188994
430.1045767015342, 2380.317116717365
0.0, 430.1045767015342
35.02683691634694, 395.07773978518725
0.0, 35.02683691634694
0.0, 35.02683691634694
12347.021473144607, 4991.97070270302
105.58939111626337, 12241.432082028343
0.0, 105.58939111626337
0.0, 105.58939111626337
158.15222983216427, 12188.869243312442
0.0, 158.15222983216427
50.1586507336679, 107.99357909849637
0.0, 50.1586507336679
0.0, 50.1586507336679
