node_generations, branch_length
429.68898543080144, 19200.640591295552
185.42108907867546, 244.26789635212597
151.44457334594273, 33.976515732732736
0.0, 151.44457334594273
47.915461786828274, 103.52911155911445
0.0, 47.915461786828274
0.0, 47.915461786828274
172.88666492054278, 12.53442415813268
0.0, 172.88666492054278
130.76754449136806, 42.11912042917473
0.0, 130.76754449136806
0.0, 130.76754449136806
215.23162638067646, 214.45735905012498
131.75887099858622, 83.47275538209024
0.0, 131.75887099858622
0.0, 131.75887099858622
154.01426617129414, 61.21736020938232
0.0, 154.01426617129414
0.0, 154.01426617129414
6600.303558088658, 13030.026018637698
2544.0163268207, 4056.287231267958
0.0, 2544.0163268207
191.6064596666386, 2352.4098671540614
0.0, 191.6064596666386
187.26966647740977, 4.3367931892288425
151.89348906927066, 35.376177408139114
0.0, 151.89348906927066
0.0, 151.89348906927066
174.99301701236732, 12.276649465042453
0.0, 174.99301701236732
0.0, 174.99301701236732
6185.854161770003, 414.4493963186551
3384.359395753711, 2801.494766016292
0.0, 3384.359395753711
2294.906989539471, 1089.45240621424
1220.2198897734404, 1074.6870997660305
0.0, 1220.2198897734404
202.06212126386393, 1018.1577685095765
0.0, 202.06212126386393
152.76310342712677, 49.299017836737164
0.0, 152.76310342712677
91.19597027912377, 61.567133148002995
0.0, 91.19597027912377
0.0, 91.19597027912377
1471.2564313824134, 823.6505581570575
0.0, 1471.2564313824134
341.5043808212003, 1129.752050561213
0.0, 341.5043808212003
115.89296948857238, 225.61141133262794
0.0, 115.89296948857238
108.52156867127816, 7.371400817294216
0.0, 108.52156867127816
0.0, 108.52156867127816
4811.985119727451, 1373.8690420425519
0.0, 4811.985119727451
3780.771192350323, 1031.2139273771281
198.45196229418463, 3582.319230056138
0.0, 198.45196229418463
198.27448294472146, 0.17747934946316946
0.0, 198.27448294472146
0.0, 198.27448294472146
1387.4352639103809, 2393.335928439942
949.6003913165056, 437.8348725938753
0.0, 949.6003913165056
179.54872239884062, 770.051668917665
0.0, 179.54872239884062
0.0, 179.54872239884062
1091.3472195422298, 296.08804436815103
138.46090749032402, 952.8863120519059
0.0, 138.46090749032402
0.0, 138.46090749032402
197.36763725330826, 893.9795822889216
0.0, 197.36763725330826
161.00313736159447, 36.36449989171379
0.0, 161.00313736159447
129.56455804061005, 31.438579320984417
0.0, 129.56455804061005
0.0, 129.56455804061005
