node_generations, branch_length
0.0, 60487.14963138698
20465.894439750995, 40021.25519163598
3500.1851103445315, 16965.70932940646
633.1024246811944, 2867.082685663337
0.0, 633.1024246811944
217.443263932512, 415.65916074868244
110.82724238216434, 106.61602155034765
0.0, 110.82724238216434
0.0, 110.82724238216434
150.3739946525925, 67.0692692799195
0.0, 150.3739946525925
0.0, 150.3739946525925
3438.97098677265, 61.21412357188137
207.5671215839047, 3231.4038651887454
0.0, 207.5671215839047
116.72108241292524, 90.84603917097947
0.0, 116.72108241292524
111.11790245799531, 5.603179954929928
0.0, 111.11790245799531
0.0, 111.11790245799531
332.44468644742847, 3106.5263003252217
154.35902096184816, 178.0856654855803
0.0, 154.35902096184816
147.47226561740516, 6.886755344443003
0.0, 147.47226561740516
130.09213956090719, 17.38012605649797
0.0, 130.09213956090719
0.0, 130.09213956090719
302.3366790426783, 30.10800740475014
116.51800243667674, 185.8186766060016
0.0, 116.51800243667674
114.26406731142308, 2.253935125253662
0.0, 114.26406731142308
0.0, 114.26406731142308
206.09456984979457, 96.24210919288376
102.93472077852233, 103.15984907127223
0.0, 102.93472077852233
0.0, 102.93472077852233
159.10166960750198, 46.99290024229259
0.0, 159.10166960750198
0.0, 159.10166960750198
13668.739887629632, 6797.154552121363
277.89865270044515, 13390.841234929187
0.0, 277.89865270044515
277.4040115543932, 0.4946411460519471
0.0, 277.4040115543932
145.4587165222173, 131.94529503217592
0.0, 145.4587165222173
0.0, 145.4587165222173
2900.910192349942, 10767.82969527969
739.148687190485, 2161.761505159457
151.07158378965093, 588.0771034008341
0.0, 151.07158378965093
131.7509087082773, 19.320675081373622
0.0, 131.7509087082773
105.37963390772717, 26.37127480055014
0.0, 105.37963390772717
0.0, 105.37963390772717
271.6468501126991, 467.5018370777859
0.0, 271.6468501126991
220.20576516254042, 51.44108495015868
101.93644625706901, 118.26931890547141
0.0, 101.93644625706901
0.0, 101.93644625706901
104.12204190247336, 116.08372326006706
0.0, 104.12204190247336
0.0, 104.12204190247336
2205.0046675482567, 695.9055248016853
184.1618647526312, 2020.8428027956256
0.0, 184.1618647526312
0.0, 184.1618647526312
282.7883264449963, 1922.2163411032604
114.36576174177671, 168.4225647032196
0.0, 114.36576174177671
0.0, 114.36576174177671
155.65770925092488, 127.13061719407142
0.0, 155.65770925092488
0.0, 155.65770925092488
