Node, generations
Node 2171, 28712.019337665057
Node 944, 1509.769551064102
Node 731, 1083.3811034963876
Node 638, 1037.9555569832469
Node 917, 1406.9368738073463
Node 810, 1150.450006731735
Node 788, 1125.3138763543802
Node 49, 123.4981728550565
Node 754, 1097.435796393293
Node 642, 1039.1617897477247
Node 650, 1042.9102753315838
Node 55, 164.80534676207793
Node 243, 830.1358618470814
Node 805, 1143.286504641542
Node 900, 1324.156682523517
Node 495, 1012.3513418983204
Node 278, 918.7286560796267
Node 860, 1212.939534286024
Node 774, 1112.0415475919021
Node 696, 1064.0694865602661
Node 580, 1025.1871646902766
Node 1300, 7842.925618310366
Node 912, 1380.7448677534185
Node 139, 548.9683677184183
Node 1272, 7224.493902753839
Node 1123, 4519.000115437726
Node 922, 1418.896088171527
Node 356, 1002.0809811406449
Node 897, 1314.6053901444168
Node 59, 183.30134706003236
Node 876, 1248.9155926922008
Node 866, 1223.0034203082691
Node 533, 1017.3652839253109
Node 827, 1165.4790702997327
Node 577, 1024.5476461228259
Node 341, 1001.1550023264131
Node 740, 1091.1808063364956
Node 728, 1080.6922568752987
Node 126, 501.098257267505
