Node, generations
Node 1147, 6599.939057191049
Node 867, 2495.667866059513
Node 301, 159.52127611555983
Node 139, 31.129000489507444
Node 135, 30.471848888481833
Node 91, 6.589186896564406
Node 143, 35.054275560767884
Node 129, 27.93149337063894
Node 759, 2046.3824486141214
Node 317, 175.10667880401618
Node 92, 6.635967314302003
Node 84, 4.10840546673012
Node 214, 81.5638198278239
Node 86, 5.01793700187556
Node 532, 1038.0023006371605
Node 281, 133.78188342866477
Node 192, 62.76554635811441
Node 117, 21.341388136750844
Node 220, 86.1102009842599
Node 166, 47.36983544406539
Node 138, 31.017964112193276
Node 93, 6.731682053609725
Node 180, 54.12419914410823
Node 498, 873.2642486971745
Node 288, 141.07897337473347
Node 158, 44.866992607257515
Node 101, 11.371235447094456
Node 111, 18.343531505431063
Node 284, 137.52116128805298
Node 195, 66.71766233960949
Node 97, 8.553009771525128
Node 211, 79.10074898508583
Node 82, 2.779659646229592
Node 154, 41.102575292262486
Node 457, 706.7930939586769
Node 311, 167.4598040769118
Node 114, 18.882877349087135
Node 87, 5.531896362285614
Node 181, 54.52336940418988
Node 103, 12.275282694307517
Node 90, 6.475302511739105
Node 380, 454.78141462514833
Node 194, 66.24349551048627
Node 320, 178.99030257973897
Node 159, 45.44603746104285
Node 140, 32.02293789673201
Node 100, 9.209979288349041
Node 141, 33.6146148821204
Node 210, 78.50430877226428
Node 190, 61.243375464441066
Node 160, 45.75519419460021
Node 134, 29.81879058759161
Node 990, 3606.770753934627
Node 98, 8.730605433966993
Node 80, 2.5762347847977285
Node 908, 2802.4706475489165
Node 834, 2315.2810192343095
Node 170, 48.76005303584496
Node 540, 1056.3592044341726
Node 155, 41.14913583194573
Node 108, 15.211428302973303
Node 88, 5.541893563972884
Node 182, 54.7731290688847
Node 151, 39.494374666829515
Node 161, 46.08749857354553
Node 123, 25.70456480166562
Node 864, 2475.086722461396
Node 398, 511.959074639387
Node 286, 140.26780694763573
Node 257, 110.49227285070498
Node 110, 18.288934764419892
Node 83, 3.799404008128954
Node 266, 115.36642097145524
Node 261, 113.09982304836782
Node 131, 29.024988227677465
Node 102, 11.733254194745635
Node 94, 8.282333909691634
Node 237, 99.04500555494924
Node 95, 8.333301486522103
