Node, generations
Node 780, 9084.580471427205
Node 516, 1176.7903282450263
Node 301, 323.7891519523934
Node 262, 281.56809137315565
Node 40, 4.135873970623483
Node 218, 252.3294067338468
Node 435, 702.5391668430277
Node 354, 421.9470598703526
Node 315, 339.8938857928299
Node 275, 300.80454395090857
Node 329, 374.1945295819502
Node 239, 267.70195996925963
Node 185, 234.8693238664961
Node 278, 302.7913889971877
Node 265, 286.5628030258825
Node 116, 210.41317938077793
Node 71, 201.1908469617754
Node 147, 218.55280324907775
Node 93, 203.84289453213245
Node 50, 128.8366342073172
Node 60, 193.94142088752525
Node 570, 2315.7663499875307
Node 471, 876.5364256520512
Node 146, 218.39196699160883
Node 395, 534.4443859859308
Node 252, 277.13094781058345
Node 56, 167.5427162721108
Node 305, 328.9847416325355
Node 528, 1258.702549102907
Node 360, 448.6562727785502
Node 285, 309.5222579265649
Node 502, 1085.5801143835104
Node 325, 365.54121044330407
Node 312, 337.29850777201057
Node 94, 203.93400663244446
Node 286, 310.57623117272266
Node 187, 235.4279382771294
Node 276, 300.865860525408
Node 196, 238.83344252215906
