Node, generations
Node 1757, 20905.369312289597
Node 649, 4463.775715488936
Node 538, 3673.464957495855
Node 109, 262.393990544792
Node 1035, 8251.573400823449
Node 131, 301.1325916047937
Node 75, 177.10175245924378
Node 50, 143.41825783296528
Node 42, 134.1558714484323
Node 51, 143.8983525002306
Node 697, 4754.229089272908
Node 240, 1306.1270148857006
Node 111, 264.65404369895003
Node 281, 1587.1132049344046
Node 86, 209.80083217505083
Node 32, 111.38066519192685
Node 140, 348.2886029745958
Node 66, 163.7747955019862
Node 90, 218.23740014497736
