Node, generations
Node 1344, 12070.442592905127
Node 942, 1255.528202446476
Node 743, 460.81623739186807
Node 672, 356.9886311117882
Node 547, 257.3267694150643
Node 262, 205.81545332721998
Node 635, 316.24386345579927
Node 517, 247.88222721881917
Node 442, 227.0666036296127
Node 536, 253.95736379197976
Node 281, 206.84183702553696
Node 358, 212.7291657888138
Node 683, 371.6753192232322
Node 606, 294.6653715140801
Node 476, 234.67651693724923
Node 322, 209.71038920683313
Node 582, 275.10138849699905
Node 431, 223.78044534607716
Node 345, 211.71249515715877
Node 405, 219.832163931891
Node 491, 240.45771649847458
Node 481, 236.66383916485438
Node 340, 210.96309446330912
Node 208, 203.10026652190342
Node 395, 216.74949907322735
Node 642, 321.43128001163166
Node 631, 310.8084297219329
Node 530, 251.10386810485286
Node 438, 225.83489952782924
Node 437, 225.14284886072335
Node 592, 282.212400484983
Node 818, 603.7091822232732
Node 795, 544.9960602512108
Node 695, 386.0532650235193
Node 634, 312.059844030872
Node 495, 241.4918992655674
Node 382, 215.09376524284596
Node 365, 213.5319101780901
Node 201, 202.76546852734137
Node 90, 101.47786908327298
Node 588, 277.56769708087296
Node 578, 271.8367900232895
Node 701, 394.62366713047334
Node 637, 317.7528966976495
Node 565, 267.08302597181336
Node 507, 245.78975136577512
Node 515, 247.67258197501732
Node 609, 295.2794691529284
Node 802, 563.7870226390025
Node 794, 542.1344968563631
Node 773, 505.6382068957955
Node 353, 212.27631391737737
Node 342, 211.28201126068367
Node 784, 530.5685394209172
Node 125, 174.4397090024903
Node 747, 467.4388784586527
Node 736, 451.3294612916118
Node 628, 310.5581932331923
Node 539, 254.33556231139002
Node 619, 302.2454933791557
Node 706, 403.46177037122874
Node 644, 322.50519930229035
Node 366, 213.76899703450175
Node 945, 1266.2580835731517
Node 750, 469.1140889051186
Node 503, 244.83522117679
Node 198, 202.63669069644482
Node 474, 234.46483093729245
Node 352, 212.22205855285895
Node 452, 229.49080952827111
Node 604, 291.7208456601939
Node 871, 797.0510232733296
Node 560, 265.42043117818525
Node 280, 206.82888168183047
Node 394, 216.4968684760034
Node 823, 611.5515640901299
Node 84, 54.59320167123646
Node 447, 228.85368984903246
Node 383, 215.1810618480365
