Node, generations
Node 1730, 63435.89588829444
Node 526, 1271.640017500105
Node 370, 467.47652879486265
Node 333, 379.3626188679341
Node 311, 343.8708949370956
Node 288, 317.13108115259683
Node 280, 310.6435126042041
Node 182, 234.34851368429452
Node 381, 492.84496777797597
Node 309, 342.13723657236534
Node 261, 289.2789377530471
Node 178, 232.81206068739294
Node 298, 331.42028502348694
Node 279, 310.28809532988674
Node 42, 88.70696947523106
Node 250, 281.9137432416172
Node 78, 204.2867266560025
Node 43, 92.25272140000473
Node 188, 238.32285407881665
Node 347, 418.6936461635762
Node 146, 221.66611671115461
Node 143, 220.74477340703302
Node 325, 371.7667463262017
Node 127, 216.5366507474165
Node 914, 13377.706952971535
Node 419, 614.8369736402783
Node 393, 542.2085430859472
Node 238, 268.3803906980876
Node 209, 249.69500693808732
Node 40, 5.366695564925957
Node 318, 362.45866201876817
Node 240, 271.18504663619603
Node 536, 1349.1712249116497
Node 383, 492.97744265900906
Node 161, 226.76172621010363
Node 94, 206.77886965102877
Node 266, 299.6045215023817
Node 194, 240.19264926164146
Node 130, 218.17906072671195
