node_generations, branch_length
236.99361436904735, 31015.932412317794
220.39843469017592, 16.595179678871432
0.0, 220.39843469017592
0.0, 220.39843469017592
235.3600808743328, 1.6335334947145554
0.0, 235.3600808743328
23.222245975193502, 212.1378348991393
0.0, 23.222245975193502
0.0, 23.222245975193502
20111.66142169136, 11141.264604995482
210.3464591104214, 19901.31496258094
0.0, 210.3464591104214
56.69485411783823, 153.65160499258315
0.0, 56.69485411783823
0.0, 56.69485411783823
12108.650438526998, 8003.01098316436
282.33126682638897, 11826.319171700608
0.0, 282.33126682638897
0.0, 282.33126682638897
5952.590567701738, 6156.05987082526
0.0, 5952.590567701738
5755.119582415509, 197.47098528622882
3245.067148095476, 2510.052434320033
361.19616428958886, 2883.870983805887
0.0, 361.19616428958886
233.09022692113973, 128.10593736844913
0.0, 233.09022692113973
0.0, 233.09022692113973
1057.6646804118736, 2187.4024676836025
225.01502818292187, 832.6496522289517
0.0, 225.01502818292187
0.0, 225.01502818292187
288.9617920254741, 768.7028883863995
0.0, 288.9617920254741
286.210679332105, 2.751112693369123
0.0, 286.210679332105
279.9144976676464, 6.296181664458572
0.0, 279.9144976676464
0.0, 279.9144976676464
5165.146631364994, 589.9729510505149
838.1377282198715, 4327.0089031451225
248.62519800221506, 589.5125302176565
0.0, 248.62519800221506
0.0, 248.62519800221506
302.89175106509225, 535.2459771547792
203.08913271726178, 99.80261834783047
0.0, 203.08913271726178
0.0, 203.08913271726178
272.7699719980823, 30.121779067009925
0.0, 272.7699719980823
240.87319628580826, 31.896775712274064
0.0, 240.87319628580826
0.0, 240.87319628580826
3345.138109816089, 1820.0085215489053
0.0, 3345.138109816089
2347.8672813554936, 997.2708284605956
201.10569031303868, 2146.7615910424547
0.0, 201.10569031303868
0.0, 201.10569031303868
350.0125940958544, 1997.8546872596391
201.06892835670547, 148.94366573914894
0.0, 201.06892835670547
0.0, 201.06892835670547
333.5207082320067, 16.4918858638477
279.6879824886683, 53.832725743338415
232.01084444529053, 47.67713804337777
0.0, 232.01084444529053
0.0, 232.01084444529053
237.7933218453566, 41.89466064331171
0.0, 237.7933218453566
203.87894879136454, 33.91437305399205
0.0, 203.87894879136454
202.38094936810876, 1.4979994232557772
0.0, 202.38094936810876
0.0, 202.38094936810876
283.0473039348015, 50.47340429720521
0.0, 283.0473039348015
0.0, 283.0473039348015
