Node, generations
Node 655, 13098.527689453178
Node 217, 628.4637424601652
Node 23, 193.8229671279178
Node 20, 16.401967106755645
Node 165, 573.3017302933484
Node 135, 546.6433506144914
Node 21, 40.606788993132675
Node 637, 12190.227970696093
Node 206, 616.0492425348041
Node 435, 1906.8205442245915
Node 231, 650.039361760304
Node 178, 585.5644594481975
Node 397, 1525.9315116155553
Node 298, 847.2707156187064
Node 335, 997.6589843291814
Node 312, 889.5364480166525
Node 237, 656.7832481470674
Node 238, 660.9386328760941
Node 198, 606.0155449185191
