Node, generations
Node 2265, 28183.18139365626
Node 1352, 1284.572413372728
Node 1003, 1024.8130434251027
Node 1209, 1094.3743838619187
Node 1155, 1064.3954161957915
Node 1731, 9393.150988905938
Node 1430, 1554.162964741812
Node 1392, 1400.6730770024285
Node 1153, 1063.8190479956206
Node 1215, 1099.4382759693203
Node 1122, 1053.7454497248393
Node 862, 1009.7871914659652
Node 1083, 1040.246069142193
Node 874, 1010.854847672049
Node 1043, 1031.7003134307458
Node 975, 1019.4531887337253
Node 146, 364.8012175710099
Node 863, 1009.9454663048161
Node 165, 410.3660940128163
Node 1415, 1462.857306150475
Node 1229, 1108.3522437428512
Node 1228, 1108.297779801664
Node 1199, 1087.0873458372905
Node 913, 1013.1264640581641
Node 1166, 1069.503958391399
Node 1411, 1444.2188758408276
Node 1357, 1293.2073109505686
Node 770, 1004.469160880754
Node 611, 992.8351512640357
Node 1277, 1155.0358158804695
Node 116, 274.949379072422
Node 78, 145.0579279464834
Node 1408, 1439.5957305805412
Node 1061, 1035.2475998952586
Node 1021, 1027.2637883866944
Node 1175, 1076.0192758790004
Node 1444, 1687.679694045672
Node 1350, 1280.2069686888292
Node 1282, 1164.5682593801234
Node 1342, 1265.6863607438343
Node 934, 1014.9687412434242
Node 889, 1011.7190794072303
Node 834, 1007.8966342935483
Node 421, 788.0461600323287
Node 184, 433.9344977815455
Node 895, 1012.17727448072
Node 1067, 1036.6121999549498
Node 1026, 1028.4198801441185
Node 915, 1013.4887942259243
Node 409, 770.3243156659598
Node 1351, 1281.2736214714369
Node 1184, 1079.1456718393254
Node 1111, 1051.0570938165586
Node 1020, 1027.2281551286624
Node 1318, 1221.273626147354
Node 1210, 1095.485283389456
Node 709, 1002.3786417313371
Node 1190, 1081.6676712702942
Node 1001, 1024.6126652231073
