Node, generations
Node 3058, 25007.62095696602
Node 659, 356.81745583497417
Node 499, 246.47867639077418
Node 370, 216.1524403151849
Node 95, 92.94305229402428
Node 498, 246.0816935680041
Node 410, 223.16949661352638
Node 517, 251.66924701378434
Node 459, 235.15008210631512
Node 430, 227.61769353253075
Node 2942, 22217.46572945637
Node 1653, 5454.483037846287
Node 666, 369.03465846158946
Node 584, 285.09870700513983
Node 529, 257.06547716748315
Node 624, 312.1765054087323
Node 577, 278.5382124101519
Node 480, 239.78762220206545
Node 390, 219.4271577184692
Node 239, 204.4931204480871
Node 252, 205.25857569850376
Node 620, 309.34126204102023
Node 595, 291.9564898244173
Node 569, 276.6697421619263
Node 2097, 8894.852625157115
Node 847, 1333.362685240122
Node 470, 237.86357078400795
Node 490, 243.32722961890425
Node 387, 219.11301811364507
Node 386, 218.8493279752999
Node 282, 206.9498177434086
Node 2068, 8618.819616900733
Node 1201, 2876.567777502891
Node 864, 1404.5917662299198
Node 637, 328.62425961907024
Node 80, 20.917313226755464
Node 319, 209.6881802888976
Node 675, 384.52157413735813
Node 484, 241.20209806990246
Node 243, 204.78685661315265
Node 643, 332.43584367513296
Node 530, 257.5687475836009
Node 203, 202.9087546990524
Node 454, 234.27936216582634
Node 449, 232.98237339437665
Node 206, 202.97220916610186
Node 598, 294.50556739453884
Node 494, 244.1975447688531
Node 518, 252.63726056970995
Node 83, 47.89538239545021
Node 516, 251.57569012213673
Node 420, 225.44308048349345
Node 952, 1799.4961321817907
Node 614, 305.99608091347733
Node 240, 204.6563508751603
Node 160, 200.56010322234084
Node 81, 22.21279877601556
Node 211, 203.09574644370784
Node 801, 1137.387955000205
Node 566, 275.90439983807886
Node 344, 212.55679246328677
Node 200, 202.88315430353896
Node 462, 235.69999938144434
Node 606, 301.41458553574694
Node 429, 227.5128547162912
Node 520, 253.34764063596137
Node 188, 202.2804215788926
Node 144, 200.11998313486453
Node 1465, 4337.516347052507
Node 287, 207.43748193429738
Node 717, 687.5260662275252
Node 107, 131.77260345726827
Node 683, 411.9196856495056
Node 622, 310.20177675046335
Node 453, 234.08772468239232
Node 265, 205.683870881989
Node 634, 322.83387036622986
Node 486, 241.54853303095425
Node 479, 239.35260322443423
