node_generations, branch_length
5773.176099420973, 20686.10008008639
1487.9860633102837, 4285.190036110689
422.7106255413831, 1065.2754377689007
0.0, 422.7106255413831
377.74899607976334, 44.96162946161974
0.0, 377.74899607976334
359.7901828397642, 17.95881323999913
240.5419178838111, 119.24826495595312
0.0, 240.5419178838111
201.0992076553644, 39.442710228446686
0.0, 201.0992076553644
0.0, 201.0992076553644
251.1334657643687, 108.6567170753955
0.0, 251.1334657643687
0.0, 251.1334657643687
590.873304957733, 897.1127583525507
0.0, 590.873304957733
0.0, 590.873304957733
4548.671781001629, 1224.5043184193437
302.89825020203716, 4245.773530799592
0.0, 302.89825020203716
0.0, 302.89825020203716
360.55269618305, 4188.119084818579
0.0, 360.55269618305
278.0603205137118, 82.49237566933817
0.0, 278.0603205137118
235.84094314780148, 42.21937736591033
0.0, 235.84094314780148
221.2641719077098, 14.576771240091688
0.0, 221.2641719077098
0.0, 221.2641719077098
24902.588550002012, 1556.6876295053517
232.4767193063446, 24670.111830695667
0.0, 232.4767193063446
0.0, 232.4767193063446
287.36885777222784, 24615.219692229784
0.0, 287.36885777222784
0.0, 287.36885777222784
