node_generations, branch_length
7709.591422685945, 12306.65661649343
116.37254704384742, 7593.218875642097
0.0, 116.37254704384742
0.0, 116.37254704384742
1368.8496449216686, 6340.741777764277
0.0, 1368.8496449216686
1012.4986136729815, 356.35103124868715
0.0, 1012.4986136729815
0.0, 1012.4986136729815
12646.120154575041, 7370.127884604335
1207.45921719376, 11438.66093738128
0.0, 1207.45921719376
1133.3240882813914, 74.1351289123686
0.0, 1133.3240882813914
0.0, 1133.3240882813914
10253.671693633518, 2392.448460941523
1458.4945288322842, 8795.177164801233
1037.524318949557, 420.9702098827272
0.0, 1037.524318949557
0.0, 1037.524318949557
1346.055927734146, 112.43860109813818
0.0, 1346.055927734146
1051.7450849536062, 294.3108427805398
0.0, 1051.7450849536062
1027.057926514299, 24.687158439307268
0.0, 1027.057926514299
0.0, 1027.057926514299
1626.5367169530157, 8627.134976680501
0.0, 1626.5367169530157
1524.9323447578886, 101.6043721951271
1002.4857018444169, 522.4466429134717
0.0, 1002.4857018444169
0.0, 1002.4857018444169
1044.8718435934131, 480.06050116447545
0.0, 1044.8718435934131
1036.3418729259986, 8.529970667414545
0.0, 1036.3418729259986
0.0, 1036.3418729259986
