Node, generations
Node 2639, 36518.61866202991
Node 1873, 1526.3089761622311
Node 943, 1000.4166969360618
Node 1837, 1377.7936885082477
Node 1685, 1140.588862310289
Node 1682, 1137.9765587996012
Node 1485, 1044.0783687719838
Node 90, 84.79416716622195
Node 1451, 1034.970262154252
Node 1742, 1200.492568478206
Node 1704, 1153.825719831221
Node 1583, 1076.0536713038432
Node 1474, 1042.07553634298
Node 1417, 1029.3147260355793
Node 1046, 1002.4837834924176
Node 191, 275.05776623334214
Node 1443, 1034.0539020884723
Node 1380, 1022.3180092134758
Node 249, 345.96141435036884
Node 1736, 1194.6938608995254
Node 1513, 1052.1525338463812
Node 1285, 1013.0546572134695
Node 232, 322.5319125476868
Node 1533, 1060.2068914292645
Node 1277, 1012.4855608734308
Node 1501, 1048.218753703591
Node 1363, 1019.4830643528486
Node 1331, 1016.7090298780508
Node 1423, 1030.006563923123
Node 1996, 2567.1565991032035
Node 1707, 1157.3276851329056
Node 1256, 1011.1735276502657
Node 1636, 1100.4970037968994
Node 1510, 1050.2652961674137
Node 522, 667.0112341897698
Node 1384, 1023.6190451551248
Node 1101, 1004.0438588064649
Node 795, 894.1586816287354
Node 919, 997.9956550759655
Node 675, 787.4361373829217
Node 303, 416.7415120070786
Node 1620, 1092.0525566670547
Node 1311, 1015.1996738630048
Node 293, 404.9253353232443
Node 107, 143.79117467151198
Node 111, 151.64739365838926
Node 1985, 2435.365235136122
Node 1901, 1667.3649278571997
Node 1666, 1125.9273482669037
Node 1527, 1058.3651620538503
Node 80, 1.6849735803744028
Node 1297, 1014.1344471872933
Node 1785, 1250.0948346599832
Node 1640, 1104.2067066464858
Node 1505, 1048.815235271288
Node 1970, 2223.1413869081457
Node 1683, 1138.4668400836676
Node 252, 347.87196625343876
Node 1618, 1090.5262914823463
Node 1386, 1024.279505131421
Node 1432, 1031.810861308252
Node 1245, 1010.6380417669757
Node 126, 177.42102335035722
Node 1941, 1972.982044408466
Node 1570, 1072.233835246017
Node 1919, 1802.3028305520481
Node 1797, 1279.2357596050754
Node 1871, 1523.524926066562
Node 1696, 1147.7986155767028
Node 88, 65.40905966973193
Node 1627, 1097.724205065751
Node 402, 536.3620900527069
Node 87, 58.399284521445814
Node 1832, 1370.3148339807883
Node 357, 477.22957250495256
Node 1738, 1197.2957208382911
Node 983, 1001.2598044102223
Node 147, 218.1683201633054
Node 862, 949.4591471309488
