node_generations, branch_length
1654.5162412716736, 15784.269902973643
1035.293586998114, 619.2226542735596
1010.4816068124945, 24.811980185619518
0.0, 1010.4816068124945
574.4300111883292, 436.0515956241653
0.0, 574.4300111883292
253.69852074272916, 320.73149044560006
0.0, 253.69852074272916
0.0, 253.69852074272916
1027.4296292718734, 7.863957726240642
0.0, 1027.4296292718734
0.0, 1027.4296292718734
1300.8482403246676, 353.668000947006
1047.6444331281114, 253.20380719655623
0.0, 1047.6444331281114
0.0, 1047.6444331281114
1058.6917642315366, 242.156476093131
0.0, 1058.6917642315366
114.17647468256816, 944.5152895489684
0.0, 114.17647468256816
0.0, 114.17647468256816
2263.6657796440913, 15175.120364601225
2079.4812155446393, 184.18456409945202
1056.1706193431169, 1023.3105962015225
0.0, 1056.1706193431169
0.0, 1056.1706193431169
1879.1794568060318, 200.30175873860753
0.0, 1879.1794568060318
1653.390659448022, 225.7887973580098
1163.2290728350026, 490.1615866130194
0.0, 1163.2290728350026
1139.0591812023567, 24.169891632645886
0.0, 1139.0591812023567
1091.6377436746425, 47.42143752771426
0.0, 1091.6377436746425
1076.52651990803, 15.111223766612511
622.8910941997752, 453.63542570825473
0.0, 622.8910941997752
0.0, 622.8910941997752
1011.3836827746883, 65.14283713334169
0.0, 1011.3836827746883
813.9495361009102, 197.43414667377806
0.0, 813.9495361009102
0.0, 813.9495361009102
1593.150491157911, 60.240168290111114
1027.1412309160219, 566.009260241889
0.0, 1027.1412309160219
1011.03076153176, 16.11046938426182
0.0, 1011.03076153176
0.0, 1011.03076153176
1153.7597416214219, 439.390749536489
0.0, 1153.7597416214219
0.0, 1153.7597416214219
2208.584407810312, 55.081371833779485
1364.1495244028051, 844.4348834075067
0.0, 1364.1495244028051
1198.9809559084372, 165.16856849436795
0.0, 1198.9809559084372
1037.927928562471, 161.05302734596626
0.0, 1037.927928562471
1016.7720808792419, 21.155847683229013
0.0, 1016.7720808792419
516.4133052613637, 500.3587756178782
0.0, 516.4133052613637
0.0, 516.4133052613637
1435.3373305215703, 773.2470772887416
1056.4572576284752, 378.8800728930951
0.0, 1056.4572576284752
1054.1681917694618, 2.2890658590133626
0.0, 1054.1681917694618
1019.2792111501269, 34.888980619334916
0.0, 1019.2792111501269
753.3704091127926, 265.90880203733434
0.0, 753.3704091127926
0.0, 753.3704091127926
1228.7219058942683, 206.615424627302
0.0, 1228.7219058942683
0.0, 1228.7219058942683
