Node, generations
Node 3923, 71885.12929725047
Node 2190, 11528.59378919587
Node 334, 202.11474437862813
Node 1795, 7510.478133008002
Node 453, 690.1538074902151
Node 1215, 3656.785220911758
Node 364, 231.42509775112435
Node 319, 187.93515003175645
Node 217, 136.53269769891014
Node 183, 123.44695780374352
Node 209, 132.43619438579066
Node 353, 222.3792076394689
Node 119, 107.0920002396373
Node 297, 172.82376802566435
Node 294, 170.6069366291053
Node 2648, 18686.736416422325
Node 2009, 9435.084036459482
Node 457, 705.8721685645382
Node 300, 173.96067423663786
Node 1091, 3042.5912848001317
Node 175, 120.40837189433248
Node 171, 118.91880683075038
Node 165, 117.85131175992093
Node 714, 1596.161482151115
Node 207, 132.16348488032085
Node 73, 100.65741162531403
Node 203, 130.63887222370647
Node 2112, 10734.644150894743
Node 1020, 2786.8876221406513
Node 224, 138.70816989669135
Node 1750, 7085.133623962377
Node 679, 1478.9995153608015
Node 450, 685.9082320175904
Node 363, 230.24169811643216
Node 97, 104.07860808281787
Node 344, 213.60679654109342
Node 240, 144.9615786259238
Node 158, 115.3799268444632
Node 148, 112.44163228976987
Node 290, 167.40835556493883
Node 1129, 3241.140801490751
Node 396, 415.21421205812163
Node 328, 194.00836661223434
Node 279, 163.43152912727595
Node 218, 136.91436402883443
Node 314, 185.33527971293123
Node 229, 139.9671945737066
Node 239, 144.9342945404065
Node 84, 102.13378767970576
Node 649, 1377.5588978524904
Node 372, 247.8206821783674
Node 330, 197.35219811366758
Node 269, 156.51304528088477
Node 99, 104.33621412881782
Node 281, 164.1584017425889
Node 95, 103.89079919212955
Node 140, 109.92517260930367
Node 377, 268.63802493198926
Node 219, 137.62907267857705
