node_generations, branch_length
2417.84218877941, 17557.11092934787
0.0, 2417.84218877941
1752.7596934604626, 665.0824953189476
0.0, 1752.7596934604626
1686.580481784933, 66.17921167552959
1483.1855852243596, 203.39489656057344
0.0, 1483.1855852243596
1100.1769626792482, 383.0086225451114
0.0, 1100.1769626792482
0.0, 1100.1769626792482
1631.5859251853478, 54.99455659958517
0.0, 1631.5859251853478
1268.0709009546558, 363.515024230692
1202.3758273360856, 65.69507361857018
1041.276518535666, 161.09930880041975
0.0, 1041.276518535666
1011.4645029337154, 29.81201560195052
0.0, 1011.4645029337154
0.0, 1011.4645029337154
1189.0314208742645, 13.344406461821109
0.0, 1189.0314208742645
631.7141388644812, 557.3172820097833
0.0, 631.7141388644812
0.0, 631.7141388644812
1235.076012310418, 32.99488864423779
1006.6886456987592, 228.38736661165888
0.0, 1006.6886456987592
505.7234026050042, 500.96524309375496
0.0, 505.7234026050042
0.0, 505.7234026050042
1142.9444375772127, 92.1315747332053
0.0, 1142.9444375772127
0.0, 1142.9444375772127
2961.2919608491757, 17013.661157278104
0.0, 2961.2919608491757
98.30298526501052, 2862.988975584165
0.0, 98.30298526501052
0.0, 98.30298526501052
