node_generations, branch_length
17008.44201672907, 13978.867816154514
294.7188833642239, 16713.723133364845
0.0, 294.7188833642239
221.65139689164192, 73.067486472582
0.0, 221.65139689164192
0.0, 221.65139689164192
2049.76920856351, 14958.67280816556
231.96533657768705, 1817.8038719858228
0.0, 231.96533657768705
215.73076202093193, 16.23457455675512
0.0, 215.73076202093193
0.0, 215.73076202093193
292.50645134759634, 1757.2627572159136
234.27035827593605, 58.23609307166029
0.0, 234.27035827593605
0.0, 234.27035827593605
266.1198174338965, 26.386633913699825
0.0, 266.1198174338965
251.50902554895302, 14.610791884943495
0.0, 251.50902554895302
0.0, 251.50902554895302
19087.585380787088, 11899.724452096496
328.72941753493257, 18758.855963252154
0.0, 328.72941753493257
0.0, 328.72941753493257
9619.245125763835, 9468.340255023253
279.45306057514074, 9339.792065188694
0.0, 279.45306057514074
0.0, 279.45306057514074
7488.222903138165, 2131.02222262567
4178.756232490269, 3309.4666706478956
424.11348975104505, 3754.642742739224
0.0, 424.11348975104505
351.85905220183054, 72.25443754921452
215.85147145237642, 136.00758074945412
0.0, 215.85147145237642
215.83767064472653, 0.013800807649886337
0.0, 215.83767064472653
210.8690360628919, 4.968634581834635
0.0, 210.8690360628919
0.0, 210.8690360628919
304.97371588942485, 46.885336312405684
0.0, 304.97371588942485
0.0, 304.97371588942485
2357.0512830703096, 1821.7049494199596
0.0, 2357.0512830703096
348.6192232631257, 2008.432059807184
0.0, 348.6192232631257
0.0, 348.6192232631257
5100.691340446418, 2387.5315626917472
321.4721773458277, 4779.21916310059
267.90474284947254, 53.56743449635513
0.0, 267.90474284947254
0.0, 267.90474284947254
304.0081015087522, 17.464075837075484
0.0, 304.0081015087522
282.50721318442066, 21.500888324331527
0.0, 282.50721318442066
205.79775858180756, 76.7094546026131
0.0, 205.79775858180756
0.0, 205.79775858180756
2026.5398407635385, 3074.151499682879
0.0, 2026.5398407635385
1112.713775602624, 913.8260651609144
260.09464341523596, 852.6191321873881
0.0, 260.09464341523596
203.36481959602008, 56.72982381921588
0.0, 203.36481959602008
0.0, 203.36481959602008
892.9940080265828, 219.71976757604125
235.2552738406476, 657.7387341859353
0.0, 235.2552738406476
200.08584825900118, 35.16942558164641
0.0, 200.08584825900118
0.0, 200.08584825900118
310.72277322025656, 582.2712348063262
0.0, 310.72277322025656
0.0, 310.72277322025656
