Node, generations
Node 1651, 8599.644431247729
Node 1323, 1321.0250445540876
Node 1314, 1291.3138150953203
Node 1027, 1038.1190291670423
Node 956, 1024.5775455491255
Node 862, 1013.1213370068574
Node 852, 1012.4776517386312
Node 1109, 1063.0918650733902
Node 778, 1007.3576967563907
Node 217, 506.35375699653486
Node 1434, 1752.5336722716556
Node 1339, 1388.293092355065
Node 1337, 1387.3240744309062
Node 1177, 1105.737290583525
Node 462, 899.3115776376937
Node 192, 457.1651560244922
Node 959, 1025.1546245452796
Node 622, 1001.661955207091
Node 794, 1008.4807297916863
Node 182, 428.60807154312425
Node 1422, 1683.2960384923979
Node 1373, 1487.2937147737114
Node 1313, 1284.2308630333937
Node 1239, 1169.2223271935823
Node 913, 1018.433905113106
Node 1127, 1073.5320462684256
Node 84, 168.49447745122464
Node 226, 525.8733196557145
Node 1302, 1262.0141630926607
Node 1170, 1100.3052084956164
Node 1051, 1043.2003601354472
Node 756, 1006.3572986028586
Node 189, 453.75427220661277
Node 1150, 1089.05700904682
Node 800, 1008.8603446273
Node 675, 1003.1431310341592
Node 1015, 1035.6914541835708
Node 713, 1004.5696588183623
Node 969, 1026.7562142910244
Node 60, 0.3655442384106849
Node 1329, 1337.2179840641295
Node 1173, 1101.9204408867997
Node 992, 1029.949083558993
Node 929, 1020.3364551321034
Node 1114, 1066.160782743572
Node 804, 1009.1696530585447
Node 1260, 1195.3269860481203
Node 1101, 1058.9602481339034
Node 205, 478.9564477653011
Node 1415, 1638.1171265697913
Node 1162, 1095.4692371730077
Node 1058, 1046.1039113081977
Node 316, 675.0638274882513
Node 1303, 1262.7158272875133
Node 1094, 1055.9516213881654
Node 1254, 1188.6519877349847
Node 1125, 1073.2425167224685
Node 900, 1016.4659946198726
Node 1073, 1051.2232856208047
