Node, generations
Node 3562, 46434.04937750548
Node 1564, 6480.235873765116
Node 151, 112.75549032473658
Node 818, 2267.465385081345
Node 324, 190.52979799173104
Node 137, 109.37296671307058
Node 2349, 14670.162123557295
Node 1885, 9305.509986242987
Node 751, 1934.3492903656563
Node 160, 115.33714121155249
Node 745, 1909.9592776224656
Node 75, 100.90046610076425
Node 629, 1446.8772379231862
Node 300, 173.34863038952332
Node 213, 131.9270752056809
Node 188, 121.01554229756168
Node 361, 237.67495700986882
Node 180, 119.31649512717013
Node 1855, 8906.48971244574
Node 354, 224.76898998738096
Node 1766, 8272.45303942953
Node 350, 220.65615848020624
Node 231, 139.97017572688938
Node 203, 128.48495033204804
Node 290, 165.06510317459018
Node 159, 115.30006008464147
Node 253, 147.6242063551659
Node 966, 2944.6782876786538
Node 348, 217.7258355273705
Node 338, 209.41519573570164
Node 285, 162.8720471346959
Node 130, 108.31796760068754
Node 172, 117.72553486636114
Node 296, 169.5713113690969
Node 215, 132.999982990706
Node 387, 445.2832401244921
Node 309, 181.53241384788512
Node 105, 103.44061394479971
Node 268, 152.971678038896
Node 249, 146.56348136546467
Node 1920, 9646.410982602833
Node 604, 1344.4103159262186
Node 323, 189.9760403393114
Node 216, 133.02799386238746
Node 426, 689.2088866455174
Node 330, 196.02778112224166
Node 286, 163.27287719090154
Node 230, 139.7875721133542
Node 99, 102.95530821695108
Node 365, 242.20440362153883
Node 292, 165.91040644845813
Node 339, 210.6115109307046
Node 162, 116.07789628905105
Node 335, 206.05664779750842
Node 241, 143.22249041053104
Node 648, 1508.7989334314925
Node 209, 131.30375390776524
Node 262, 150.84423577486288
Node 128, 107.81046371550394
