Node, generations
Node 2697, 33838.016884243974
Node 693, 1082.6724853460382
Node 686, 1080.0601547608699
Node 119, 535.6646042196976
Node 677, 1075.0623490136593
Node 104, 476.03247580594854
Node 670, 1069.1975902660793
Node 608, 1043.2590907492256
Node 134, 607.5299998190945
Node 1422, 7218.247586773136
Node 800, 1207.7995392481807
Node 592, 1037.1296223903385
Node 777, 1172.9861981760296
Node 748, 1129.066471507964
Node 1353, 6467.583821902578
Node 1066, 3611.6723550936804
Node 881, 1476.8212717876515
Node 808, 1224.2722262148964
Node 792, 1194.468259384326
Node 703, 1089.499198522962
Node 46, 123.44472621480124
Node 357, 1003.0847464561065
Node 734, 1113.8144763894034
Node 718, 1097.9468153738133
Node 374, 1004.4887508146726
Node 793, 1196.0122347406991
Node 722, 1100.6880938927854
Node 766, 1150.9796501426817
Node 880, 1476.6270344416848
Node 865, 1431.1089809978487
Node 858, 1408.8035869097791
Node 667, 1068.2099653105781
Node 931, 2245.3686061098792
Node 809, 1225.5819187652457
Node 93, 409.13479084788315
Node 879, 1476.344229294449
Node 260, 924.2086659990813
Node 791, 1194.040565766272
Node 541, 1023.1139084447664
