node_generations, branch_length
11131.354178247564, 39634.9239497477
188.56963215798353, 10942.78454608958
0.0, 188.56963215798353
55.288100594132295, 133.28153156385125
0.0, 55.288100594132295
0.0, 55.288100594132295
6865.730001788075, 4265.624176459489
207.25561100485896, 6658.474390783216
60.59172957130267, 146.6638814335563
0.0, 60.59172957130267
0.0, 60.59172957130267
96.5895919982664, 110.66601900659256
0.0, 96.5895919982664
95.48000971585866, 1.109582282407743
0.0, 95.48000971585866
0.0, 95.48000971585866
5065.527420395008, 1800.2025813930668
371.357135589594, 4694.170284805415
90.11838383585241, 281.2387517537416
0.0, 90.11838383585241
0.0, 90.11838383585241
239.6303725843914, 131.7267630052026
129.8445469118705, 109.7858256725209
0.0, 129.8445469118705
0.0, 129.8445469118705
188.57247792242416, 51.057894661967254
53.314776020710084, 135.25770190171409
0.0, 53.314776020710084
0.0, 53.314776020710084
132.02823204451784, 56.54424587790632
0.0, 132.02823204451784
83.82618330830411, 48.202048736213726
0.0, 83.82618330830411
64.05965548548467, 19.76652782281944
0.0, 64.05965548548467
0.0, 64.05965548548467
4025.6435985033118, 1039.8838218916967
96.99729329876966, 3928.646305204542
0.0, 96.99729329876966
72.84632402180354, 24.150969276966123
0.0, 72.84632402180354
0.0, 72.84632402180354
121.51577477002571, 3904.127823733286
0.0, 121.51577477002571
0.0, 121.51577477002571
19009.314662267832, 31756.963465727436
0.0, 19009.314662267832
5955.915647276114, 13053.399014991719
2008.640825690421, 3947.274821585693
542.3002866938093, 1466.3405389966117
0.0, 542.3002866938093
0.0, 542.3002866938093
864.2237329421597, 1144.4170927482614
57.03418737825298, 807.1895455639067
0.0, 57.03418737825298
0.0, 57.03418737825298
230.33325788481784, 633.8904750573419
0.0, 230.33325788481784
167.40700538455363, 62.92625250026421
0.0, 167.40700538455363
153.26051925144134, 14.14648613311229
0.0, 153.26051925144134
73.77738325631829, 79.48313599512305
0.0, 73.77738325631829
0.0, 73.77738325631829
3705.2060188049563, 2250.709628471158
63.718194708676364, 3641.48782409628
0.0, 63.718194708676364
0.0, 63.718194708676364
2963.172544390803, 742.0334744141533
0.0, 2963.172544390803
223.3445928518795, 2739.8279515389236
0.0, 223.3445928518795
178.82315878234743, 44.52143406953206
0.0, 178.82315878234743
57.46941227641732, 121.3537465059301
0.0, 57.46941227641732
0.0, 57.46941227641732
