Node, generations
Node 3891, 50847.630757682884
Node 1760, 1412.4717743538883
Node 1667, 1192.6007182050098
Node 1433, 1035.0059025658725
Node 1606, 1119.7876597719167
Node 1285, 1015.4730716833948
Node 473, 607.3231851372863
Node 1577, 1094.667427805794
Node 1412, 1030.7172684020024
Node 492, 626.4439297975929
Node 1567, 1089.4282900113858
Node 689, 791.9271299793926
Node 321, 447.58895846793126
Node 1685, 1223.3722366273946
Node 1640, 1151.8794573412697
Node 987, 1001.0626561746903
Node 291, 418.04549795847254
Node 99, 115.60932637597028
Node 2872, 15981.782125241438
Node 1929, 3301.290222325343
Node 1827, 2222.989777089931
Node 1697, 1260.5958825841424
Node 1598, 1109.5252022790378
Node 1526, 1064.888656959365
Node 1614, 1126.5939517258078
Node 1118, 1004.6551144873579
Node 118, 158.20423543411493
Node 86, 69.99368207314534
Node 80, 26.790548884652992
Node 1568, 1089.4609190443562
Node 84, 63.64916769166957
Node 1793, 1713.1081743487364
Node 1720, 1289.0115790666573
Node 1664, 1187.3682281907163
Node 1599, 1110.645561685954
Node 169, 253.674830701555
Node 1453, 1039.5290353524106
Node 394, 532.7401486746919
Node 1121, 1004.9669568369816
Node 654, 766.0675696797312
Node 1662, 1181.8942105475983
Node 1477, 1045.4711110192168
Node 1544, 1075.4529485335097
Node 1377, 1024.0293557358398
Node 790, 886.7237154254518
Node 2012, 4111.215466139309
Node 1743, 1366.8532454585531
Node 586, 709.5978117976506
Node 327, 462.47521052487133
Node 1635, 1141.3826275930294
Node 1299, 1016.1158492669553
Node 1995, 3961.095769418407
Node 1676, 1206.2711018067967
Node 1669, 1192.723912188637
Node 1378, 1024.0584963600631
Node 619, 732.4657625768497
Node 1961, 3648.0093847843873
Node 1858, 2513.486945047939
Node 1276, 1014.4270003002856
Node 618, 732.0450719367351
Node 515, 649.6946657354192
Node 1752, 1383.6711070578954
Node 1129, 1005.6706769845264
Node 920, 995.2807630337694
Node 153, 227.48980434774305
Node 1565, 1085.7144737320336
Node 1334, 1019.3441375103301
Node 1137, 1005.920004166274
Node 1527, 1066.0933660694777
Node 1296, 1015.971365324806
Node 90, 78.64019685964878
Node 684, 788.7940410259745
Node 393, 532.1244740349354
Node 81, 27.594668462828302
Node 1325, 1018.2336589529592
Node 1045, 1002.6848639906455
Node 902, 982.1063162664032
Node 1115, 1004.5062557578603
Node 127, 179.02268107820228
