node_generations, branch_length
5813.664061191674, 21597.288903556215
0.0, 5813.664061191674
2564.5356306084136, 3249.12843058326
0.0, 2564.5356306084136
1975.9998045912523, 588.5358260171613
149.01241524650038, 1826.987389344752
0.0, 149.01241524650038
77.92070547045884, 71.09170977604154
0.0, 77.92070547045884
0.0, 77.92070547045884
199.98120104669, 1776.0186035445622
0.0, 199.98120104669
0.0, 199.98120104669
19248.96208613823, 8161.99087860966
6299.002422352997, 12949.95966378523
1597.4369495162214, 4701.565472836775
0.0, 1597.4369495162214
0.0, 1597.4369495162214
2982.1171063930765, 3316.8853159599207
181.11510434594896, 2801.0020020471275
0.0, 181.11510434594896
154.47908099162507, 26.636023354323896
122.65754224778624, 31.82153874383883
0.0, 122.65754224778624
0.0, 122.65754224778624
134.8395589444679, 19.639522047157158
105.81672173086365, 29.022837213604262
0.0, 105.81672173086365
0.0, 105.81672173086365
120.3604552847569, 14.479103659711015
0.0, 120.3604552847569
0.0, 120.3604552847569
380.76690801129683, 2601.3501983817796
0.0, 380.76690801129683
0.0, 380.76690801129683
11247.639405066426, 8001.322681071802
3472.8265513956144, 7774.812853670812
1011.6174532201452, 2461.209098175469
122.11508829671766, 889.5023649234275
0.0, 122.11508829671766
11.118445114255065, 110.99664318246259
0.0, 11.118445114255065
0.0, 11.118445114255065
140.94962276100964, 870.6678304591355
0.0, 140.94962276100964
0.0, 140.94962276100964
1770.1080860861202, 1702.7184653094941
0.0, 1770.1080860861202
290.27823481356427, 1479.829851272556
0.0, 290.27823481356427
172.1690706856322, 118.10916412793208
131.6602497223705, 40.508820963261684
0.0, 131.6602497223705
0.0, 131.6602497223705
134.78687117911824, 37.382199506513956
0.0, 134.78687117911824
129.46525359915427, 5.32161757996397
0.0, 129.46525359915427
119.84386980761316, 9.621383791541106
0.0, 119.84386980761316
0.0, 119.84386980761316
6795.663332011659, 4451.976073054767
56.707374772025794, 6738.955957239633
0.0, 56.707374772025794
0.0, 56.707374772025794
881.0344271883918, 5914.6289048232675
165.96271677363865, 715.0717104147532
137.16148321984073, 28.801233553797914
0.0, 137.16148321984073
0.0, 137.16148321984073
154.3662903144049, 11.596426459233754
0.0, 154.3662903144049
0.0, 154.3662903144049
176.4827439453419, 704.5516832430499
0.0, 176.4827439453419
174.20709863700893, 2.275645308332969
0.0, 174.20709863700893
0.0, 174.20709863700893
