node_generations, branch_length
2108.289882854616, 856.1898303311932
1371.4296904634857, 736.8601923911301
1027.7496202851692, 343.68007017831656
0.0, 1027.7496202851692
1010.5288620585862, 17.220758226582916
0.0, 1010.5288620585862
548.9566920973075, 461.57216996127875
0.0, 548.9566920973075
0.0, 548.9566920973075
1369.0257270518673, 2.403963411618406
0.0, 1369.0257270518673
1357.1459532040285, 11.879773847838806
0.0, 1357.1459532040285
1322.3777521173906, 34.76820108663787
1016.7183162518317, 305.659435865559
0.0, 1016.7183162518317
0.0, 1016.7183162518317
1177.1654714805866, 145.21228063680405
1039.6652281366482, 137.50024334393834
0.0, 1039.6652281366482
0.0, 1039.6652281366482
1076.264770456842, 100.90070102374466
0.0, 1076.264770456842
0.0, 1076.264770456842
1752.7392773600257, 355.5506054945902
0.0, 1752.7392773600257
1444.2579923036228, 308.48128505640284
1054.3923273879057, 389.86566491571716
0.0, 1054.3923273879057
0.0, 1054.3923273879057
1075.7606492361006, 368.49734306752225
0.0, 1075.7606492361006
0.0, 1075.7606492361006
2607.4819725064676, 356.9977406793414
1265.137651560226, 1342.3443209462416
0.0, 1265.137651560226
1119.9866605721209, 145.15099098810515
1077.0278795505528, 42.95878102156803
981.9579260937265, 95.06995345682628
0.0, 981.9579260937265
782.1998720262898, 199.75805406743677
0.0, 782.1998720262898
0.0, 782.1998720262898
1036.5696470699227, 40.45823248063016
0.0, 1036.5696470699227
182.82828537040965, 853.741361699513
0.0, 182.82828537040965
0.0, 182.82828537040965
1117.3145987383252, 2.672061833795624
0.0, 1117.3145987383252
1048.392926395823, 68.92167234250223
0.0, 1048.392926395823
612.5814548639337, 435.8114715318893
0.0, 612.5814548639337
0.0, 612.5814548639337
2057.6631407678606, 549.8188317386071
1212.6197157410895, 845.043425026771
0.0, 1212.6197157410895
1169.2849868273886, 43.33472891370093
0.0, 1169.2849868273886
1032.4591613863624, 136.82582544102615
0.0, 1032.4591613863624
217.05440974983415, 815.4047516365283
0.0, 217.05440974983415
0.0, 217.05440974983415
1228.437241490312, 829.2258992775485
1056.454449744014, 171.98279174629806
0.0, 1056.454449744014
125.49505053942039, 930.9593992045936
0.0, 125.49505053942039
0.0, 125.49505053942039
1094.4001896416428, 134.0370518486693
0.0, 1094.4001896416428
1063.6167014684409, 30.78348817320193
0.0, 1063.6167014684409
1008.9140239046494, 54.70267756379144
0.0, 1008.9140239046494
0.0, 1008.9140239046494
