Node, generations
Node 3097, 41453.213549228145
Node 695, 2222.917758222712
Node 355, 492.1650500179055
Node 285, 298.7773879078741
Node 1838, 10748.40377226527
Node 935, 3369.6427266149
Node 449, 1081.557279945279
Node 376, 674.4673024727045
Node 575, 1689.1078123102584
Node 293, 307.56966481881227
Node 292, 307.56470914279816
Node 312, 326.48029481563776
Node 261, 279.52703402384714
Node 262, 279.8918144439825
Node 66, 201.46630560858418
Node 255, 274.7483758504077
Node 237, 258.1296039114524
Node 115, 211.00126307229365
Node 105, 209.493564278556
Node 1527, 7567.502508656806
Node 699, 2245.969995426433
Node 347, 393.2539180216216
Node 1172, 4814.322340482981
Node 728, 2390.3396793360084
Node 326, 348.62361332721446
Node 121, 212.00171376856574
Node 301, 317.5279577510148
Node 151, 220.69243874178028
Node 53, 200.01046471903993
Node 62, 201.05094916510185
Node 240, 261.5835388730109
Node 134, 215.33717622593275
Node 335, 357.7236132123404
Node 319, 335.13388993383217
Node 305, 320.7474755786544
Node 1155, 4694.030231682274
Node 299, 312.149604114794
Node 241, 262.6844362533481
Node 354, 477.02968157165225
