Node, generations
Node 3071, 28462.325996592153
Node 2677, 18456.055263731716
Node 1523, 3061.003746561568
Node 1245, 1149.1738339977392
Node 1090, 1052.8260760006997
Node 919, 1016.3575816431228
Node 1213, 1117.0132247669135
Node 1179, 1088.6645759946489
Node 67, 81.62552747136407
Node 1018, 1031.2108719270277
Node 60, 19.282979392820536
Node 1546, 3298.224054557185
Node 1240, 1141.3191631781879
Node 653, 1000.9314715334841
Node 1210, 1115.732808769538
Node 1071, 1046.819057006332
Node 1201, 1104.623183536966
Node 349, 664.8838874456288
Node 1517, 2980.1718530473127
Node 1334, 1358.3869350890736
Node 1109, 1059.1812630584943
Node 1106, 1057.2985867229972
Node 442, 787.6566317270677
Node 1102, 1055.5855359576929
Node 526, 890.8356432896474
Node 725, 1003.0633891766679
Node 251, 520.0113358313679
Node 1232, 1137.0256413525242
Node 935, 1017.5711934033834
Node 105, 243.10599392073541
Node 308, 607.4379735858242
Node 1220, 1123.966511796971
Node 1139, 1069.6235703198288
Node 1128, 1065.664961922879
Node 85, 174.99123703899443
Node 79, 156.7052659725966
Node 304, 602.6513466903288
Node 1166, 1080.7718204687028
Node 805, 1007.2869222208176
Node 924, 1016.4584104664715
Node 1377, 1541.8467136786674
Node 1341, 1374.671927701222
Node 1040, 1037.982243996692
Node 1329, 1337.773950429025
Node 1041, 1038.109021007038
Node 859, 1010.6447024345933
Node 1188, 1092.7633072860988
Node 1100, 1055.384707182353
Node 1089, 1052.6016245974495
Node 167, 356.079803763756
Node 2735, 19625.804855101793
Node 1200, 1103.1093169604299
Node 951, 1019.8243191272148
Node 98, 228.29202182113096
Node 1116, 1061.1620634900162
Node 828, 1008.2906312155745
Node 1477, 2607.858666617678
Node 1475, 2605.221933061505
Node 446, 791.9041466607898
