Node, generations
Node 1414, 2344.3219174683586
Node 1367, 1844.3354418077454
Node 1215, 904.4448991749567
Node 1005, 588.9953821238427
Node 830, 529.249920643294
Node 638, 509.3879387114903
Node 169, 243.75533118352362
Node 967, 569.9208275229327
Node 672, 511.6855398961126
Node 1092, 658.5128036046672
Node 914, 551.0798245142232
Node 1015, 597.4819905600572
Node 1003, 586.8643540439069
Node 942, 559.7439935230295
Node 892, 545.0191382373841
Node 917, 551.9271371222572
Node 1349, 1652.4445769204174
Node 1313, 1346.152227891673
Node 829, 529.1326874947147
Node 302, 395.35937732780536
Node 1310, 1331.8177377094853
Node 1158, 764.5652525170702
Node 1097, 664.8077216334186
Node 841, 532.3662850955935
Node 1050, 625.6666395418587
Node 929, 555.6010115153318
Node 884, 543.3972300171142
Node 1137, 729.3444481442938
Node 1012, 593.2581969707084
Node 814, 526.1734308366764
Node 314, 413.11336462034353
Node 85, 53.06692645208359
Node 210, 289.6697306615655
Node 1095, 661.4338076279827
Node 924, 554.9826849743856
Node 977, 574.3784052971511
Node 873, 540.7403234554882
Node 733, 516.7183941048243
Node 543, 504.5244169828979
Node 140, 196.59194999052372
Node 883, 543.1859016888659
Node 853, 534.6910647993608
Node 813, 526.0655378946459
Node 342, 447.7433512054734
Node 687, 512.9656426821006
Node 628, 508.8253471972946
Node 1257, 1058.8127462830444
Node 1118, 689.5477999566139
Node 656, 510.4711101526556
Node 1327, 1479.0140312737944
Node 670, 511.64322547276606
Node 87, 54.2985174984255
Node 665, 511.17243871481395
Node 1173, 808.0274718471064
Node 1397, 2132.707131067381
Node 1312, 1343.5039349567626
Node 1112, 679.3107937375751
Node 868, 539.7258800635061
Node 550, 504.9392402429483
Node 280, 366.0727873709582
Node 693, 513.468520607189
Node 591, 506.6022776112209
Node 1068, 636.6571852391712
Node 836, 531.3036616815831
Node 1029, 608.8093232961869
Node 1250, 1018.9698241916784
Node 1088, 654.7472748077398
Node 940, 559.0123381891706
Node 266, 353.0557470041275
Node 905, 548.3625126264941
Node 117, 148.0898064272788
Node 1181, 829.6898057686592
Node 998, 584.9490902567993
Node 91, 70.15692786517482
Node 1119, 689.9294426691898
Node 745, 517.8628476665298
Node 946, 560.7696759015081
Node 827, 528.5380289615119
Node 244, 333.1907890437599
