Node, generations
Node 3418, 53519.044526448364
Node 1768, 8283.51198915273
Node 373, 294.8047463525644
Node 1185, 4224.670480894239
Node 124, 108.18567437872032
Node 643, 1624.6359994759182
Node 427, 689.7844510088627
Node 197, 123.14959679714374
Node 114, 105.87330507012422
Node 302, 174.80381884325305
Node 149, 112.1351669157687
Node 255, 146.6703068119734
Node 108, 104.82276739134265
Node 71, 100.0019638744179
Node 65, 59.06622826351588
Node 231, 134.5572373651352
Node 180, 118.92445524899351
Node 3129, 38100.300737576894
Node 1554, 6657.746184337977
Node 384, 422.3828272556634
Node 309, 178.7312972290569
Node 188, 120.66703050038174
Node 240, 137.98974193106008
Node 1189, 4254.000476589474
Node 257, 146.79791079552473
Node 130, 109.7274844780394
Node 80, 100.96238734487935
Node 1139, 3996.635809746571
Node 204, 125.30966584934288
Node 62, 28.72225945122329
Node 138, 110.84533471487035
Node 1060, 3445.4585427581533
Node 320, 189.6547584112423
Node 164, 114.18618588280496
Node 95, 103.24674514645959
Node 107, 104.42810231246851
Node 788, 2219.701356771825
Node 226, 132.10490079549604
Node 167, 115.38947193642524
Node 154, 112.38735919634037
Node 200, 123.4686657298521
Node 351, 228.2137103880464
Node 270, 150.78021327743494
Node 311, 180.61796702440552
Node 63, 39.145808853512285
Node 216, 128.50557978613423
Node 185, 119.33344804561571
Node 104, 104.08301248789653
Node 1808, 8604.749403554331
Node 467, 890.1240115880785
Node 61, 25.63192259059768
Node 328, 197.70379358881507
Node 319, 189.3409641253989
Node 224, 131.71848791337368
Node 168, 115.72155762139624
Node 291, 168.94789397642214
Node 287, 166.45161683396947
Node 207, 126.07271831407965
Node 119, 106.79720982257325
