Node, generations
Node 946, 8339.938188942508
Node 724, 2617.798384121893
Node 552, 2125.1623065570734
Node 510, 2087.159457823936
Node 628, 2254.3114308296026
Node 838, 3698.4907136807865
Node 654, 2332.2320890964465
Node 195, 1604.1070362411047
Node 592, 2179.9464965793027
Node 67, 751.8127190595889
Node 556, 2127.509527047865
Node 683, 2462.6741266881186
Node 584, 2167.001796098631
Node 676, 2430.6953261281174
Node 674, 2418.476119185254
Node 626, 2244.7812633647723
Node 600, 2201.1349180332845
Node 187, 1570.8812360652898
Node 475, 2059.1162435848796
