Node, generations
Node 1621, 23910.946607783073
Node 546, 262.3993266066732
Node 496, 243.9433146255025
Node 985, 4855.161081417831
Node 883, 1242.3560462261273
Node 843, 936.8862229445632
Node 605, 299.3429337311334
Node 821, 820.2398066547917
Node 758, 524.0400072736467
Node 243, 204.9714352179018
Node 847, 963.04885679327
Node 577, 279.5990666473288
Node 461, 234.13332220240045
Node 285, 207.62229780792217
Node 278, 207.27718313090736
Node 242, 204.91818634775018
Node 478, 238.2870710452887
Node 435, 228.4747999383148
Node 799, 686.94917222672
Node 698, 402.3729545211402
Node 395, 221.55781616209407
Node 296, 208.64679869572
Node 194, 202.2708227605093
Node 154, 200.47931394440383
Node 484, 241.1035944903161
Node 114, 146.17314314425272
Node 443, 230.75712680355298
Node 321, 211.1778343506375
Node 208, 203.12691639927746
Node 734, 478.7302463326334
Node 616, 305.7857308883264
Node 497, 244.03980218825487
Node 592, 290.49462581443237
Node 588, 287.28798362086974
Node 715, 431.9455460134295
Node 664, 352.9245887780784
Node 309, 210.1610811500749
Node 394, 221.4308958512526
Node 910, 1434.5397985579095
Node 630, 320.965358263455
Node 104, 122.60766214123595
Node 832, 885.9732756956427
Node 741, 492.7711712706881
Node 661, 350.5801611092059
Node 608, 300.80388366141074
Node 282, 207.55099636337053
Node 554, 266.00848839215473
Node 256, 205.8555823100043
Node 255, 205.81343571052244
Node 235, 204.45286120531068
Node 648, 336.64500664888936
Node 184, 201.9797011229044
Node 423, 226.22492031868757
Node 262, 206.5182925143818
Node 727, 463.9052413440599
Node 597, 295.594155422374
Node 570, 273.91261693872514
Node 561, 270.74450899245414
Node 548, 262.78945142408696
Node 408, 223.12600024013523
Node 302, 209.24200898310895
Node 123, 159.48881507771952
Node 448, 231.72556599505404
Node 122, 155.71912652426403
Node 676, 367.01196843185573
Node 765, 535.9309484119518
Node 612, 301.8409526679263
Node 609, 301.00211267965585
Node 541, 260.85876219148736
Node 477, 238.27090650292521
Node 283, 207.55207419005717
Node 699, 402.41259042770884
Node 603, 298.74009270782506
Node 544, 261.753547638457
Node 374, 218.3473453172771
Node 316, 210.56891309313616
Node 456, 232.87915276525067
Node 397, 221.62548122440413
Node 130, 176.79061831416178
