node_generations, branch_length
10412.740236914122, 5158.861799210221
195.78017375854236, 10216.960063155579
0.0, 195.78017375854236
119.41981124080564, 76.36036251773672
0.0, 119.41981124080564
0.0, 119.41981124080564
2352.6049336624324, 8060.135303251689
162.70481448049185, 2189.9001191819407
0.0, 162.70481448049185
0.0, 162.70481448049185
2203.4569077618285, 149.1480259006039
166.85594654538016, 2036.6009612164482
0.0, 166.85594654538016
0.0, 166.85594654538016
1972.94571692425, 230.5111908375784
680.8983475011088, 1292.0473694231414
0.0, 680.8983475011088
0.0, 680.8983475011088
1595.9426254748073, 377.00309144944276
0.0, 1595.9426254748073
0.0, 1595.9426254748073
10707.712511357993, 4863.8895247663495
3423.5410799010047, 7284.171431456989
0.0, 3423.5410799010047
1031.6179541263928, 2391.923125774612
138.38767504817005, 893.2302790782227
0.0, 138.38767504817005
118.25763561786579, 20.130039430304265
0.0, 118.25763561786579
0.0, 118.25763561786579
243.74588533828228, 787.8720687881105
0.0, 243.74588533828228
0.0, 243.74588533828228
9873.00069794345, 834.7118134145439
0.0, 9873.00069794345
1238.5110221949137, 8634.489675748535
0.0, 1238.5110221949137
0.0, 1238.5110221949137
