Node, generations
Node 2352, 32081.752188375507
Node 1565, 2667.389022310551
Node 1426, 2224.255669141474
Node 1141, 2026.4685152584566
Node 984, 2007.1620307097246
Node 836, 2000.2245842857894
Node 775, 1901.352238318244
Node 560, 1473.3324838960975
Node 170, 622.7137235308104
Node 1527, 2509.914671173018
Node 1498, 2414.939590535149
Node 41, 16.283132646401285
Node 1439, 2256.6575353790686
Node 240, 794.2092334745043
Node 1355, 2132.8593986608653
Node 440, 1260.530972270731
Node 708, 1754.667641568903
Node 150, 555.349551844384
Node 1641, 3198.7498000520714
Node 1420, 2206.3644069408156
Node 1414, 2197.3933231168535
Node 905, 2003.0735912245182
Node 315, 992.7147947299734
Node 87, 330.1781902815088
Node 40, 3.322873444609126
Node 1266, 2065.389013619264
Node 52, 175.45334569099077
Node 1584, 2794.659130419851
Node 1438, 2255.94127596834
Node 1265, 2064.729049599437
Node 1070, 2016.3636801301902
Node 75, 285.64638728552154
Node 1251, 2058.4385543841568
Node 1200, 2039.4138794128455
Node 957, 2005.466343582716
Node 1424, 2216.8473434297694
Node 1286, 2077.174274536065
Node 521, 1389.8041127113954
Node 213, 744.8211001891614
