node_generations, branch_length
1488.7142667016192, 38866.73940516177
1064.1170127825064, 424.59725391911275
0.0, 1064.1170127825064
1049.930844597007, 14.186168185499355
0.0, 1049.930844597007
63.12776264544609, 986.803081951561
0.0, 63.12776264544609
0.0, 63.12776264544609
1375.763566965415, 112.95069973620411
0.0, 1375.763566965415
1085.763834653322, 289.9997323120931
0.0, 1085.763834653322
0.0, 1085.763834653322
2334.342322415697, 38021.11134944769
1408.2952331330757, 926.0470892826211
0.0, 1408.2952331330757
1399.9066240907205, 8.388609042355256
0.0, 1399.9066240907205
0.0, 1399.9066240907205
2320.3259258161397, 14.016396599557083
68.49183692968701, 2251.8340888864527
0.0, 68.49183692968701
0.0, 68.49183692968701
1988.3623895060543, 331.9635363100854
1230.563410594272, 757.7989789117823
201.0281493769956, 1029.5352612172765
0.0, 201.0281493769956
0.0, 201.0281493769956
1173.3755793381158, 57.18783125615619
0.0, 1173.3755793381158
1068.0628015671052, 105.31277777101059
0.0, 1068.0628015671052
755.4991108358744, 312.56369073123085
0.0, 755.4991108358744
0.0, 755.4991108358744
1375.0367381384099, 613.3256513676445
0.0, 1375.0367381384099
0.0, 1375.0367381384099
