Node, generations
Node 2256, 19467.96311975969
Node 1955, 13820.311350741566
Node 650, 2286.408165271857
Node 186, 228.65609647988103
Node 165, 222.28390714442992
Node 132, 213.74943046810796
Node 40, 7.352774819721054
Node 802, 3038.4215438151905
Node 340, 347.3544216471235
Node 59, 150.08694613050216
Node 305, 309.10228057417896
Node 129, 212.52496978026937
Node 50, 109.89241429018497
Node 354, 374.02164038374724
Node 333, 341.0839081666323
Node 327, 333.42335985006054
Node 111, 210.0167353070684
Node 177, 225.55279639918896
Node 2126, 16908.435780047854
Node 367, 396.0517887256898
Node 182, 227.59031761085495
Node 116, 210.60407722613112
Node 290, 295.24395295156614
Node 147, 217.5655050173497
Node 1223, 5747.906889995884
Node 312, 318.40188865291293
Node 220, 241.80821395628487
Node 197, 234.0451731777521
Node 184, 228.38441565083318
Node 49, 107.17561774917881
Node 1006, 4246.406031111437
Node 464, 1203.8467787146544
Node 263, 270.5467089043256
Node 140, 215.83552480735088
Node 43, 40.26886029019179
Node 42, 19.739880183989474
Node 876, 3497.546718353007
Node 819, 3145.8850387225825
Node 264, 271.24642395988485
