Node, generations
Node 3350, 58319.3590541043
Node 1831, 11001.434229250213
Node 398, 199.30380584822623
Node 236, 78.1278259832072
Node 332, 121.78122148706814
Node 136, 56.743519640641864
Node 139, 57.26604777595826
Node 1494, 7303.38181285108
Node 634, 1395.713429467649
Node 426, 249.11365162291494
Node 392, 190.1901190921817
Node 272, 93.6142308908308
Node 347, 137.67579618403306
Node 182, 64.37581111692826
Node 441, 433.56186665746026
Node 164, 61.007695476939396
Node 134, 56.57401122872545
Node 395, 193.8556693042339
Node 1836, 11112.034964620056
Node 584, 1197.4709410082319
Node 218, 72.20308837906595
Node 138, 57.02064705849581
Node 359, 156.20878379736396
Node 316, 111.11783463643141
Node 132, 55.98895368162391
Node 107, 52.56195942551756
Node 1328, 5931.667410523066
Node 353, 143.24242942655263
Node 294, 100.81225357840235
Node 263, 88.4993332064486
Node 237, 78.18820941872366
Node 174, 62.42968720339205
Node 323, 117.03108438670846
Node 321, 114.61299848877943
Node 235, 77.13949563165738
Node 193, 66.54881746219941
Node 314, 110.90650691104155
Node 243, 80.45383609843063
Node 242, 80.38475547277805
Node 207, 68.87721450483674
Node 202, 68.18869931610053
Node 163, 60.92592307686184
Node 124, 54.98124163766755
Node 711, 1790.2047728754342
Node 429, 278.1668861649666
Node 378, 179.46486759577238
Node 339, 128.7827341826428
Node 301, 101.71062559751088
Node 231, 75.93510343979605
Node 220, 72.34652050690583
Node 175, 62.496303705881594
Node 348, 139.5524972743757
Node 286, 97.42311556957947
Node 241, 79.68191952318132
Node 248, 81.83045159997579
Node 99, 51.748699245463904
Node 404, 205.4884350753232
Node 341, 131.7558578309084
Node 151, 59.01162050067972
Node 279, 94.69149467274103
Node 262, 88.4634272178618
Node 364, 160.6228535197641
Node 311, 108.40751904945259
Node 116, 54.37976745584377
Node 287, 97.59611709574011
Node 150, 59.00863271649443
Node 495, 743.6011448835475
Node 354, 147.17948323345135
Node 198, 67.35869726458137
Node 147, 58.58414272048629
Node 94, 51.138873439112025
Node 418, 235.28792233144085
Node 127, 55.24962704360595
Node 407, 210.36677125624053
Node 373, 174.15064162935482
Node 222, 72.8323118101541
Node 159, 60.20801857015422
Node 98, 51.664880946041556
Node 258, 86.5966504461315
