Node, generations
Node 845, 20662.8970212709
Node 444, 1652.4567357472208
Node 334, 865.7543321495551
Node 246, 642.8603668115142
Node 404, 1310.7046658952231
Node 291, 740.4134560467955
Node 30, 369.8526402285543
Node 462, 1844.1247276262604
Node 344, 921.4349003935456
Node 32, 408.7033346108328
Node 418, 1456.0583161667644
Node 362, 1015.0257835608794
Node 214, 615.26953857205
Node 345, 921.9769623234198
Node 240, 635.5810741763753
Node 168, 563.4260823671661
Node 307, 795.0764816935965
Node 303, 778.4532751939826
Node 205, 596.4253137026337
