Node, generations
Node 1767, 20634.693534784226
Node 844, 1278.4935134385667
Node 823, 1235.656033551605
Node 446, 1008.7787074460707
Node 1259, 8071.876286223872
Node 927, 1574.6325472097474
Node 860, 1318.4846821879455
Node 817, 1226.1883171230197
Node 740, 1104.6953712236625
Node 705, 1074.5018793029114
Node 697, 1069.235362338395
Node 601, 1033.0121581637989
Node 587, 1028.6402217604739
Node 754, 1122.5333200640969
Node 674, 1056.2592872924024
Node 591, 1030.917303396775
Node 610, 1035.4310114915065
Node 732, 1091.009053650586
Node 461, 1009.8125965781913
Node 824, 1238.226253801392
Node 377, 1003.4803603665439
Node 172, 631.8371083434347
Node 821, 1233.9696462026545
Node 543, 1019.3968735079075
Node 149, 555.8689998485133
Node 640, 1044.167913366712
Node 979, 1906.8225076020633
Node 745, 1108.8599981403825
Node 126, 492.34879642556507
Node 40, 8.185128788555108
Node 596, 1031.742378119456
Node 904, 1474.792639473051
Node 806, 1198.501396547395
Node 730, 1087.0860170107298
Node 622, 1038.349825677143
Node 618, 1037.2221776043107
Node 592, 1031.097925700662
Node 354, 1001.9153855185958
Node 855, 1309.1534062911228
