Node, generations
Node 3069, 36326.55859989146
Node 1475, 5953.306220654296
Node 672, 1340.337036169281
Node 483, 347.05147485231663
Node 62, 81.03153745336982
Node 295, 226.35479497671946
Node 73, 134.30682578001606
Node 254, 216.84737492736346
Node 1122, 3525.0314610844944
Node 470, 333.6663595861445
Node 110, 201.21399070199814
Node 104, 200.85189415917094
Node 457, 323.3314080021954
Node 443, 307.21658121145896
Node 306, 230.9119049427897
Node 224, 213.2870504398844
Node 412, 278.68781547831253
Node 271, 220.62952489456674
Node 257, 217.42145951337872
Node 516, 385.1712798434625
Node 458, 324.0574090834357
Node 403, 269.68883441796135
Node 299, 227.95664618248082
Node 1913, 10575.156289026285
Node 467, 332.2077407253516
Node 445, 309.01518299110967
Node 368, 252.6773863761402
Node 355, 246.96779222393585
Node 217, 211.88614073153872
Node 142, 203.56730568336874
Node 1551, 6633.796768044029
Node 449, 314.1404713028523
Node 1184, 3904.2433325391703
Node 823, 1991.0211305428513
Node 441, 306.02805542611617
Node 92, 200.2040365096847
Node 401, 269.22654623759246
Node 333, 237.36612965762768
Node 319, 233.56333677185683
Node 397, 267.75543777937384
Node 498, 366.1374971170676
Node 305, 230.58109377483106
Node 448, 312.35534637939577
Node 444, 308.82236907288905
Node 96, 200.26073947288845
Node 1146, 3672.9246060310406
Node 488, 353.16392508714006
Node 375, 254.44234501912985
Node 194, 208.9616919016749
Node 309, 231.5359232924455
Node 66, 107.14279703440106
Node 830, 2013.8146425025172
Node 507, 371.06497384623015
Node 759, 1708.0075851521483
Node 523, 394.3096509141754
Node 388, 263.7901721088708
Node 329, 235.04653651734102
Node 754, 1679.5403646018112
Node 410, 277.72998765244625
