Node, generations
Node 1890, 55206.463030243656
Node 749, 1442.927996068223
Node 608, 626.0730038934427
Node 209, 210.31831357968392
Node 518, 400.50912420393337
Node 437, 304.187562540117
Node 367, 252.98380339808745
Node 425, 293.01218217864863
Node 89, 156.4094727664956
Node 64, 74.17038338785406
Node 631, 710.6446007960795
Node 377, 256.64625744108685
Node 356, 247.96076321045652
Node 520, 405.94018130589734
Node 460, 328.9001255308487
Node 214, 210.70567714628126
Node 1335, 21443.50859077974
Node 570, 499.1296839642791
Node 502, 383.52143508800765
Node 100, 193.55242793495634
Node 462, 330.8263846073608
Node 404, 275.69456405328447
Node 357, 248.73781026286593
Node 289, 223.6817541296237
Node 400, 272.8090258946261
Node 345, 244.02050979406434
Node 525, 413.1649717386554
Node 392, 267.40366341348164
Node 228, 213.1018528622334
Node 515, 396.15359939924355
Node 186, 207.65537477331347
Node 693, 1002.0268405659514
Node 567, 488.6894789378596
Node 366, 252.56637184735544
Node 449, 316.38048445069904
Node 319, 231.82771067936844
Node 238, 216.0447312140255
Node 376, 256.46105836033473
Node 92, 162.81485358129524
Node 283, 223.1141143868492
Node 249, 218.42203633995962
Node 218, 210.9687526309323
Node 654, 820.0202763701109
Node 300, 226.59972361525828
Node 233, 214.33576584339164
Node 616, 656.8806163140515
Node 546, 443.8245359593111
Node 310, 229.26684113009821
Node 73, 104.99732524138929
Node 483, 351.3562011378056
Node 432, 301.3463183127419
Node 292, 224.63271638507436
Node 288, 223.66742320648723
Node 359, 249.1336870710014
Node 354, 247.39023405343332
Node 194, 208.77055388045426
Node 569, 497.8022332148923
Node 335, 239.0595512415375
Node 287, 223.5647080152492
