Node, generations
Node 3873, 38447.73627501739
Node 2757, 2112.576462059851
Node 1203, 1292.718578140771
Node 2629, 2043.1962675758875
Node 2578, 2031.2953503061804
Node 682, 826.3197598809065
Node 314, 433.4438315167467
Node 202, 293.66979834028444
Node 124, 168.99294133490147
Node 3040, 3324.620936545562
Node 2978, 2762.1562842695403
Node 2856, 2285.806401692893
Node 2817, 2201.840819265455
Node 2505, 2019.2624250499655
Node 2467, 2015.4085154121576
Node 1148, 1255.5440560201434
Node 1813, 1782.1732011486279
Node 2823, 2211.5847727249434
Node 2775, 2138.028735647534
Node 2373, 2009.9655282116514
Node 1651, 1646.9054039737623
Node 1607, 1612.4984902480212
Node 1119, 1227.9576707962779
Node 2799, 2174.8020396274424
Node 772, 904.3034294265816
Node 478, 639.5970690723152
Node 1262, 1339.4134831502106
Node 2943, 2563.845946241786
Node 2734, 2092.717674786629
Node 2219, 2004.1279775774665
Node 956, 1073.2546836295962
Node 2730, 2090.7273243158616
Node 84, 53.09822649632699
Node 2833, 2228.890978177933
Node 2726, 2087.851485997543
Node 2622, 2040.1560360603564
Node 2260, 2005.5041707600838
Node 337, 466.6607491391978
Node 168, 235.3001522828133
Node 321, 439.2265483962021
Node 115, 144.48320844507933
Node 1965, 1925.289489425339
Node 2600, 2034.864841660943
Node 2698, 2069.016867874527
Node 2576, 2031.0131554781985
Node 2692, 2067.3532541466934
Node 1578, 1586.8753844843304
Node 1206, 1293.6835371353789
Node 3031, 3202.9992840823693
Node 2964, 2660.9859048034277
Node 2946, 2582.83827421887
Node 100, 99.30111419617529
Node 88, 71.48556932657961
Node 2953, 2626.4297756145525
Node 2791, 2160.386198208682
Node 106, 121.73825365059429
Node 2816, 2199.6157912786944
Node 2754, 2108.6812613772922
Node 2605, 2036.2996992830558
Node 656, 811.5946152612293
Node 2586, 2032.906810881598
Node 110, 133.7460661737304
Node 2992, 2868.9694728431814
Node 2787, 2151.0287192730393
Node 810, 934.603092833852
Node 2696, 2067.8509654103555
Node 2565, 2029.2050428865073
Node 1904, 1873.6716745188817
Node 2355, 2009.0964855895043
Node 1142, 1250.8735396278464
Node 130, 176.97130226197976
Node 790, 919.2589372206153
Node 2797, 2170.173078751102
Node 2759, 2113.61461757546
Node 120, 161.67498268761904
Node 1383, 1436.6805912277505
Node 93, 89.19159115905495
Node 85, 54.76439013125482
Node 352, 491.72099428518516
