Node, generations
Node 2759, 25331.343082378018
Node 1767, 9311.573711300236
Node 43, 64.04334859755375
Node 97, 117.29915812061716
Node 2334, 17225.093963372714
Node 1896, 10778.02759093845
Node 212, 226.5004808548856
Node 57, 103.33819176557923
Node 193, 178.67109962761762
Node 149, 142.55391742773583
Node 139, 134.9966855972131
Node 140, 136.13914046470944
Node 992, 3622.077664019807
Node 85, 111.71492516777978
Node 713, 2361.4054464980836
Node 206, 195.5360916666671
Node 98, 118.19009944335167
Node 53, 102.96441830431868
Node 179, 165.87503164400025
Node 126, 126.45265675438839
Node 83, 111.60130477220333
Node 41, 40.126689307492946
Node 334, 832.4448990860639
Node 2225, 15266.411967377364
Node 1228, 5030.996801484684
Node 1134, 4477.940112454756
Node 128, 127.63575449337664
Node 406, 1062.9333048626984
Node 214, 248.86967477344467
Node 158, 148.74167053421385
Node 174, 161.43766562449636
Node 104, 119.64141554981556
Node 156, 146.27868903659277
Node 1746, 9098.072736531956
Node 227, 340.7428637882351
Node 1508, 6988.102070167712
Node 151, 144.2794235136752
Node 624, 1992.268338333936
Node 157, 147.66915550514872
