Node, generations
Node 3399, 14177.981581390082
Node 3128, 3279.650090551725
Node 2992, 2409.0187739232742
Node 2814, 2105.0254407246516
Node 1345, 1333.9655887530841
Node 2612, 2026.9912702568345
Node 732, 833.9142758148736
Node 134, 187.34972764736665
Node 2864, 2146.271816554024
Node 2457, 2010.522932092848
Node 283, 401.4019628578819
Node 116, 157.526433935581
Node 2539, 2016.8398237796916
Node 815, 901.0200470238893
Node 617, 742.1074055375374
Node 897, 964.0310600056754
Node 112, 151.55474157498907
Node 3030, 2545.2559237865958
Node 2762, 2069.8626962923645
Node 2531, 2016.0595944633585
Node 2426, 2009.1203330633161
Node 2130, 2000.4991502932378
Node 145, 200.95234037913258
Node 3011, 2472.569650276725
Node 2984, 2365.8939328568777
Node 2954, 2291.765220642615
Node 2947, 2266.4140934305287
Node 2494, 2012.923239501724
Node 1830, 1755.2260477280095
Node 401, 542.4532303263561
Node 376, 505.9600819490249
Node 465, 608.0031035859283
Node 2897, 2194.940758295236
Node 2534, 2016.2257418356696
Node 2812, 2104.0237760965715
Node 2668, 2038.2728379689402
Node 2441, 2009.6378297215556
Node 2366, 2006.3219316086681
Node 1033, 1085.4758671328732
Node 2339, 2005.4811340142537
Node 382, 518.9387857612275
Node 81, 21.15327795140032
Node 2246, 2002.9451908203043
Node 2997, 2438.788430350573
Node 2866, 2147.4059403493015
Node 2488, 2012.5231595011971
Node 888, 957.7654933218141
Node 111, 141.11477010949267
Node 1527, 1501.667803856029
Node 88, 72.38100421981265
Node 192, 282.65101264935714
Node 2738, 2056.9495377320136
Node 2064, 1955.8755202130494
Node 262, 371.740962626548
Node 2729, 2053.2286303610244
Node 1363, 1352.9655034696304
Node 563, 691.1276423021551
Node 1800, 1721.635170871605
Node 2904, 2206.8761962521776
Node 2614, 2027.5073789374158
Node 2667, 2038.1832749745743
Node 1417, 1399.2133624695002
Node 1349, 1342.578437316015
Node 2433, 2009.3723765810792
Node 3193, 4892.628071203801
Node 2991, 2393.118282397817
Node 2847, 2133.2546400218507
Node 968, 1026.0362328323115
Node 2868, 2150.637668728211
Node 3053, 2662.8392099541425
Node 2348, 2005.785679544898
Node 1005, 1063.3315728632292
Node 288, 406.14547771895974
Node 181, 268.08757450117804
Node 2995, 2433.2695003764966
Node 2666, 2037.2887231307834
Node 402, 542.7907671024108
Node 2771, 2073.688852768148
Node 2123, 2000.3829462640042
