node_generations, branch_length
0.0, 18370.419999288657
1693.1352730328624, 16677.284726255795
992.3760004319317, 700.7592726009307
742.3743990611598, 250.00160137077194
505.21815721178575, 237.15624184937406
0.0, 505.21815721178575
0.0, 505.21815721178575
582.7272631897262, 159.64713587143365
512.3697053032641, 70.35755788646202
0.0, 512.3697053032641
0.0, 512.3697053032641
522.2708477348243, 60.456415454901844
0.0, 522.2708477348243
0.0, 522.2708477348243
884.0291491044337, 108.34685132749803
0.0, 884.0291491044337
592.0549519459537, 291.97419715848
576.0366622242947, 16.018289721659016
0.0, 576.0366622242947
542.9200347916444, 33.11662743265026
0.0, 542.9200347916444
0.0, 542.9200347916444
584.40674632044, 7.648205625513697
0.0, 584.40674632044
0.0, 584.40674632044
1543.8237717981406, 149.31150123472185
523.3622049712071, 1020.4615668269334
0.0, 523.3622049712071
0.0, 523.3622049712071
911.9353374072142, 631.8884343909264
0.0, 911.9353374072142
849.4537791991619, 62.48155820805232
539.6027209084833, 309.85105829067857
0.0, 539.6027209084833
0.0, 539.6027209084833
646.7861138057389, 202.66766539342302
0.0, 646.7861138057389
0.0, 646.7861138057389
