Node, generations
Node 2254, 18084.196074274572
Node 1860, 2110.1442772902683
Node 1827, 1810.48660628323
Node 1616, 1122.7690953964316
Node 152, 221.66618694862234
Node 1306, 1017.3385877051865
Node 1768, 1455.7578818711497
Node 1685, 1226.998826644056
Node 1567, 1087.8495127435867
Node 815, 922.0124810170381
Node 1557, 1084.071481009986
Node 1084, 1004.1798593217933
Node 1668, 1187.111468816017
Node 1426, 1035.482343647071
Node 321, 472.45087770256805
Node 1531, 1071.0867820682847
Node 1477, 1050.7728614020884
Node 1690, 1235.823280566154
Node 1559, 1085.040476621155
Node 80, 8.405659589431657
Node 747, 859.5923672161034
Node 1607, 1117.4440246447193
Node 1102, 1004.888908193121
Node 1465, 1045.8716590866445
Node 1092, 1004.6071229547122
Node 922, 1000.3174837912798
Node 950, 1000.9754957595769
Node 104, 116.15507355050316
Node 1185, 1008.6654927990874
Node 1847, 1965.9758726308096
Node 1639, 1146.1813831197937
Node 150, 219.0699115829992
Node 1409, 1032.2277022018152
Node 1152, 1007.3801165992976
Node 589, 714.3220135341999
Node 1762, 1446.1151288832446
Node 1281, 1015.7653036026676
Node 561, 687.4633906568173
Node 1731, 1350.329518649059
Node 1687, 1229.7484293756288
Node 1605, 1114.9951523812185
Node 1303, 1017.2271980199365
Node 1113, 1005.4210544406442
Node 315, 464.96041997689747
Node 1540, 1074.431372758552
Node 1407, 1031.1669106804602
Node 1392, 1027.2691545936666
Node 1372, 1023.8494881669047
Node 131, 190.9405287187366
Node 262, 390.3773374818028
Node 1494, 1054.4424983173717
Node 1637, 1144.0366003663564
Node 1148, 1007.2728556866872
Node 316, 465.8461714563094
Node 1390, 1027.0738276273798
Node 981, 1001.6626590740893
Node 630, 747.1373886700629
Node 1158, 1007.6246414039737
Node 541, 672.6025989261245
Node 961, 1001.1571093717977
Node 151, 221.5766511424896
Node 1863, 2156.5366207685593
Node 1638, 1145.7430201889001
Node 1425, 1035.377892169849
Node 377, 529.4922035014781
Node 1496, 1054.695986221357
Node 1093, 1004.610520005892
Node 1830, 1825.315970388282
Node 1561, 1085.4069205102169
Node 1751, 1402.1182487198305
Node 1215, 1010.4529814970131
Node 1686, 1227.4002727342256
Node 1568, 1089.7592358321147
Node 1387, 1026.7409694243215
Node 1111, 1005.2538147457605
Node 557, 685.1034272302954
Node 1612, 1119.4653567863265
Node 1348, 1021.532084604787
Node 323, 475.20847433177653
