Node, generations
Node 2011, 34304.17128993004
Node 705, 447.3658410458541
Node 480, 244.23720073952686
Node 329, 210.7133002043836
Node 88, 88.86827248722764
Node 321, 210.21999692841868
Node 909, 2561.5795600426723
Node 707, 450.26765255459986
Node 667, 377.06036461231207
Node 378, 217.29325548669647
Node 248, 205.49239999569366
Node 608, 316.2763059445772
Node 506, 256.3256728240827
Node 146, 200.43762178086314
Node 501, 254.59858686897383
Node 332, 211.2546140005855
Node 509, 257.5856033393261
Node 507, 256.5403564118939
Node 697, 424.7001847405513
Node 559, 279.8870095563628
Node 399, 220.0817797950157
Node 222, 203.90739218974562
Node 405, 220.87209412398184
Node 273, 206.99657286686335
Node 657, 366.50436973976565
Node 590, 298.8933264276181
Node 155, 200.91918000950287
Node 269, 206.67479682241165
Node 830, 962.4003379049539
Node 781, 684.7568202843966
Node 556, 278.54445162259697
Node 275, 207.26336188517487
Node 687, 410.6772073021023
Node 643, 346.11546999177017
Node 582, 296.8540222901469
Node 393, 219.64157926777864
Node 133, 191.32211814582558
Node 259, 206.12424444293043
Node 685, 408.85320456354776
Node 635, 338.80503922296424
Node 539, 269.43364249360786
Node 634, 338.03675531975125
Node 553, 275.26566383310933
Node 465, 238.2506742844739
Node 424, 226.15059356365643
Node 114, 166.08793763569332
Node 600, 306.4381499224194
Node 431, 227.61595202014374
Node 502, 254.7933468177119
Node 280, 207.43025292847375
Node 402, 220.55462397516465
Node 84, 59.8404144412275
Node 80, 8.430383082706205
Node 684, 408.19354590386297
Node 538, 269.27983499017705
Node 392, 219.54537231921617
Node 642, 345.1032060112594
Node 256, 205.90165589542968
Node 214, 203.38766123575667
Node 572, 288.3121647868782
Node 825, 936.3617711549059
Node 723, 492.7117012417922
Node 780, 678.3898139035705
Node 703, 442.3577879386242
Node 583, 296.9067402630134
Node 383, 217.5537831863714
Node 356, 213.9007848752319
Node 301, 208.81622598484995
Node 338, 212.15245489174137
Node 289, 208.15896669938394
Node 218, 203.5948740841036
Node 185, 202.20479997770227
Node 577, 292.482015965825
Node 768, 622.2050652274228
Node 467, 238.8474597650802
Node 423, 225.43502636989825
Node 145, 200.37926325303826
Node 649, 355.8468286762348
Node 640, 343.89834831103553
