node_generations, branch_length
5243.883201930994, 37268.55296536193
773.9822695738992, 4469.9009323570945
0.0, 773.9822695738992
186.49131843306225, 587.490951140837
0.0, 186.49131843306225
168.25477170899467, 18.23654672406758
0.0, 168.25477170899467
0.0, 168.25477170899467
4058.4874497416426, 1185.3957521893512
0.0, 4058.4874497416426
3130.7779086799487, 927.7095410616939
0.0, 3130.7779086799487
1800.7874224455006, 1329.990486234448
0.0, 1800.7874224455006
837.1701689701065, 963.6172534753941
0.0, 837.1701689701065
0.0, 837.1701689701065
23513.16690960657, 18999.269257686352
7449.17812251325, 16063.98878709332
3801.4734704967736, 3647.7046520164763
0.0, 3801.4734704967736
3507.8860087797407, 293.58746171703297
480.49245754457786, 3027.3935512351627
0.0, 480.49245754457786
141.62482707243024, 338.86763047214765
0.0, 141.62482707243024
107.56635926677535, 34.058467805654885
0.0, 107.56635926677535
104.6923228006758, 2.874036466099554
0.0, 104.6923228006758
0.0, 104.6923228006758
3506.425497378397, 1.4605114013438651
0.0, 3506.425497378397
2039.461276639489, 1466.964220738908
119.505640334421, 1919.9556363050679
0.0, 119.505640334421
0.0, 119.505640334421
797.1094702829273, 1242.3518063565616
0.0, 797.1094702829273
0.0, 797.1094702829273
4596.070115376821, 2853.1080071364286
0.0, 4596.070115376821
1164.7584369543588, 3431.3116784224626
0.0, 1164.7584369543588
0.0, 1164.7584369543588
14827.511934862914, 8685.654974743657
191.29152422231985, 14636.220410640593
0.0, 191.29152422231985
0.0, 191.29152422231985
4195.231885905722, 10632.280048957193
941.3522467963821, 3253.87963910934
131.92024540227231, 809.4320013941099
0.0, 131.92024540227231
100.20316240154601, 31.717083000726305
0.0, 100.20316240154601
0.0, 100.20316240154601
456.8372657097886, 484.51498108659354
0.0, 456.8372657097886
234.09840292384922, 222.73886278593938
0.0, 234.09840292384922
0.0, 234.09840292384922
2624.646266602586, 1570.5856193031364
329.1005624126354, 2295.5457041899504
0.0, 329.1005624126354
159.50231334753582, 169.59824906509957
0.0, 159.50231334753582
134.50722115801815, 24.995092189517663
109.97462170968811, 24.532599448330046
0.0, 109.97462170968811
0.0, 109.97462170968811
110.4196497370834, 24.08757142093475
0.0, 110.4196497370834
0.0, 110.4196497370834
858.3416600315069, 1766.3046065710791
0.0, 858.3416600315069
304.012016840588, 554.3296431909189
0.0, 304.012016840588
0.0, 304.012016840588
