Node, generations
Node 2620, 25607.74312300043
Node 1864, 11026.402917016334
Node 599, 1655.2511488255534
Node 124, 67.08727197930625
Node 305, 205.49532344109758
Node 94, 56.793060174127966
Node 295, 180.83429355892977
Node 97, 57.76615470940585
Node 248, 133.1491829737994
Node 233, 116.89976612239874
Node 222, 109.97257174494547
Node 194, 98.61022702607823
Node 74, 52.45279523939306
Node 729, 2196.605098169108
Node 297, 185.73722083060338
Node 220, 109.31403655798273
Node 211, 106.29558685881709
Node 195, 99.75691191595634
Node 262, 144.0233432766943
Node 89, 55.48836987628465
Node 239, 121.77679636920391
Node 217, 108.06490460233677
Node 120, 65.83424793658321
Node 75, 52.560830931064615
Node 1980, 12675.58362579007
Node 403, 661.8656968771234
Node 208, 104.42012968996237
Node 184, 94.26959727764878
Node 174, 87.2061215412562
Node 190, 96.8846538011374
Node 100, 58.04996966418774
Node 139, 70.9110999968636
Node 138, 70.84050675795775
Node 321, 224.6978825643442
Node 146, 73.08359584475993
Node 1397, 6302.716266648788
Node 414, 722.0526533491299
Node 121, 65.89625653527916
Node 76, 52.68760027585426
Node 1360, 6003.814345393253
Node 387, 582.117546066856
Node 169, 84.17627388239865
Node 104, 59.292358730431054
Node 73, 52.2690879896595
Node 343, 287.18166107694657
Node 332, 247.0931877034965
Node 255, 139.80200626985538
Node 271, 148.46377880744117
Node 258, 142.6633879813549
Node 148, 75.18110240926674
Node 154, 78.42742505331181
Node 512, 1249.5876200742414
Node 238, 120.22056644309058
Node 179, 90.41083623644825
Node 64, 50.701722922901574
Node 292, 176.2991442885288
Node 288, 167.89217599335305
Node 281, 160.93187323451772
Node 170, 84.72042356741733
