Node, generations
Node 4082, 85709.8220864007
Node 1146, 3183.1498610351387
Node 775, 1579.6635799971546
Node 390, 159.49110503166358
Node 321, 113.50969589435044
Node 203, 69.98222435587141
Node 187, 66.47840336572932
Node 284, 97.20243361887852
Node 226, 76.31869401041058
Node 272, 93.78189707406766
Node 1104, 2959.5209917260177
Node 549, 736.0086940145884
Node 231, 78.27182851002092
Node 120, 55.08685003992198
Node 291, 100.9654228701025
Node 183, 65.26764158111331
Node 129, 56.7222098125043
Node 2302, 12862.169904537077
Node 1301, 4099.849085116649
Node 310, 109.09504269885795
Node 957, 2342.023324887166
Node 773, 1563.5207939987274
Node 544, 709.655271963247
Node 176, 63.85098760680404
Node 707, 1372.3002766387422
Node 704, 1369.7577475811183
Node 361, 135.83051273839123
Node 509, 548.696979507311
Node 356, 130.6025358711143
Node 820, 1758.0075762667327
Node 363, 136.88771551941346
Node 331, 117.96038883364739
Node 1991, 9432.091931496607
Node 1176, 3382.24406067198
Node 939, 2240.0300505938453
Node 352, 128.6936218299795
Node 322, 114.174329644078
Node 230, 77.31049972721586
Node 173, 63.560901444635995
Node 154, 59.26758561030614
Node 108, 53.283472321968205
Node 1857, 8014.009239589006
Node 519, 588.8343616761056
Node 450, 223.1614904815243
Node 304, 106.06377525697566
Node 251, 84.5032764253826
Node 199, 68.98923979528841
Node 218, 73.94166112018111
Node 136, 57.72100651669021
Node 303, 105.92153878126081
Node 295, 103.05483466291987
Node 405, 171.8845283673111
Node 216, 73.44070259585085
Node 112, 53.482646587873695
Node 95, 51.74024614616824
Node 782, 1593.1143238559587
Node 446, 217.540947697804
Node 128, 56.30872569775668
Node 424, 184.4275590324724
Node 220, 74.75134971587704
Node 167, 61.213038315278624
Node 339, 122.41209146079625
Node 458, 234.26802151772324
Node 315, 109.73492673465478
Node 141, 57.89783518074
Node 307, 107.26312923658948
Node 103, 52.26871183686119
Node 396, 166.2899414107792
Node 273, 94.10371015898242
Node 252, 85.37390946583363
Node 208, 71.59496797266013
Node 109, 53.28893739977661
Node 201, 69.77528285219218
Node 181, 64.62502463868447
Node 160, 60.61220863575244
Node 355, 130.0062378040301
Node 215, 73.18824299108299
Node 317, 110.2511516553104
Node 254, 86.03436937276874
