Node, generations
Node 1200, 11907.411418441712
Node 914, 1553.82197808092
Node 580, 283.91447708876404
Node 245, 205.3907958751043
Node 389, 219.00956852942537
Node 836, 943.0254287786829
Node 528, 257.3905510742448
Node 505, 249.50340985385844
Node 525, 255.63133016510142
Node 380, 218.1884982989965
Node 114, 136.16646882841414
Node 433, 226.86507029445696
Node 297, 208.3070711307831
Node 406, 221.4400085488385
Node 762, 582.8185624796511
Node 571, 278.59210502161784
Node 250, 205.58419266536202
Node 168, 201.41472307534147
Node 133, 184.35009721103896
Node 121, 151.68166691480684
Node 497, 247.30097975598335
Node 233, 204.49082257438903
Node 686, 410.0914239659255
Node 542, 262.1515263261179
Node 260, 206.28358257670143
Node 1190, 11435.006364385674
Node 863, 1087.0110140646323
Node 693, 428.0388998850298
Node 400, 220.63741523368523
Node 666, 373.0897859454063
Node 386, 218.8294491562556
Node 635, 331.2866469726978
Node 623, 322.79870241518285
Node 289, 207.98860637986155
Node 296, 208.2458563180003
Node 151, 200.3541089044456
Node 1002, 4598.6565150480565
Node 722, 480.37792089555
Node 543, 262.25936923927753
Node 466, 234.42948555938972
Node 721, 478.807236782141
Node 460, 233.12874331176857
Node 311, 209.66153400409334
Node 118, 144.15657689900524
Node 451, 230.45426802269736
Node 476, 237.33084663573814
Node 385, 218.8195391828153
Node 823, 818.1311678063181
Node 601, 299.8674703595064
Node 598, 298.45315502254437
Node 318, 210.15399146521003
Node 191, 202.44623056333663
Node 504, 249.27657260378646
Node 811, 769.9047353522999
Node 732, 506.66633861390454
Node 581, 285.8455388095965
Node 339, 211.97492262811573
Node 328, 211.3530055210105
Node 494, 245.99876659486827
Node 178, 202.00067221249947
Node 715, 472.1710569159089
Node 369, 216.19562173216255
Node 578, 282.25472421789243
Node 804, 739.8455221617786
Node 698, 436.2884683477432
Node 607, 304.81579152425417
Node 351, 213.38858008718753
Node 305, 209.06597141709557
Node 606, 303.10147419222125
Node 314, 209.984738564379
Node 616, 312.5630101395261
Node 467, 235.15275123032794
Node 412, 222.43862352928915
Node 200, 202.76939013803303
Node 536, 259.4633002611615
Node 529, 257.41739038109756
Node 446, 229.00356334647944
Node 381, 218.19079526534614
Node 315, 210.01758813889498
