Node, generations
Node 992, 20438.148873002876
Node 508, 1547.9890346102068
Node 383, 1171.7389808068438
Node 334, 1104.177872301984
Node 132, 1004.348762537085
Node 22, 87.18717933403973
Node 297, 1070.300652750368
Node 607, 2398.0988992465427
Node 488, 1475.721519269225
Node 465, 1387.5354372098443
Node 603, 2367.929549170162
Node 457, 1356.2077306062297
Node 314, 1087.9356840308822
Node 270, 1053.8099531700923
Node 109, 1001.775364628292
Node 338, 1110.002356977789
Node 247, 1042.6474526755553
Node 43, 418.75529877803166
Node 583, 2160.943592379655
