node_generations, branch_length
7710.177263218619, 18010.047138044396
3739.1367686030912, 3971.040494615528
132.43851574726835, 3606.698252855823
0.0, 132.43851574726835
121.19135985173106, 11.24715589553729
0.0, 121.19135985173106
107.63430634269325, 13.557053509037814
0.0, 107.63430634269325
0.0, 107.63430634269325
494.58265287968356, 3244.5541157234074
185.2907554403899, 309.2918974392937
115.90687109494517, 69.38388434544471
0.0, 115.90687109494517
0.0, 115.90687109494517
175.623606316878, 9.667149123511876
171.8826775188045, 3.7409287980734973
0.0, 171.8826775188045
123.51699444536611, 48.365683073438404
0.0, 123.51699444536611
0.0, 123.51699444536611
174.4863451177735, 1.1372611991045005
0.0, 174.4863451177735
121.42464519553454, 53.06169992223897
0.0, 121.42464519553454
0.0, 121.42464519553454
396.73647413192293, 97.84617874776063
0.0, 396.73647413192293
0.0, 396.73647413192293
7308.751401462364, 401.4258617562555
0.0, 7308.751401462364
2789.633016486453, 4519.118384975911
790.7908028610597, 1998.8422136253935
166.7786780868274, 624.0121247742322
0.0, 166.7786780868274
0.0, 166.7786780868274
741.7265669551828, 49.0642359058769
0.0, 741.7265669551828
188.72096708889651, 553.0055998662863
0.0, 188.72096708889651
166.61974687924507, 22.101220209651444
0.0, 166.61974687924507
0.0, 166.61974687924507
2593.49786744895, 196.1351490375032
0.0, 2593.49786744895
106.51372151753115, 2486.984145931419
0.0, 106.51372151753115
0.0, 106.51372151753115
19663.11380240176, 6057.110598861254
1973.7197275481374, 17689.394074853622
225.54265998743054, 1748.1770675607067
102.27005983292864, 123.2726001545019
0.0, 102.27005983292864
0.0, 102.27005983292864
158.2394547462423, 67.30320524118824
0.0, 158.2394547462423
119.1954800296467, 39.0439747165956
0.0, 119.1954800296467
0.0, 119.1954800296467
233.5719492534416, 1740.1477782946959
0.0, 233.5719492534416
150.61774536415513, 82.95420388928648
0.0, 150.61774536415513
0.0, 150.61774536415513
4695.61992128956, 14967.493881112201
135.70122208309667, 4559.918699206463
0.0, 135.70122208309667
108.08117444293701, 27.620047640159655
0.0, 108.08117444293701
104.28496437647779, 3.796210066459224
0.0, 104.28496437647779
0.0, 104.28496437647779
151.70450716341514, 4543.915414126145
121.53900021770222, 30.16550694571292
0.0, 121.53900021770222
0.0, 121.53900021770222
145.53378691162655, 6.170720251788595
0.0, 145.53378691162655
0.0, 145.53378691162655
