node_generations, branch_length
1053.9412267741493, 25234.14785688528
0.0, 1053.9412267741493
126.90190075081385, 927.0393260233354
0.0, 126.90190075081385
0.0, 126.90190075081385
25445.01654261028, 843.0725410491505
4559.350333701297, 20885.66620890898
237.20364291276692, 4322.146690788531
190.9884435390929, 46.21519937367401
0.0, 190.9884435390929
0.0, 190.9884435390929
200.15247043908383, 37.051172473683096
0.0, 200.15247043908383
173.7082188173925, 26.444251621691336
0.0, 173.7082188173925
0.0, 173.7082188173925
723.1573193827828, 3836.1930143185145
0.0, 723.1573193827828
640.7112878302152, 82.44603155256766
0.0, 640.7112878302152
57.92086631749878, 582.7904215127164
0.0, 57.92086631749878
0.0, 57.92086631749878
6155.105551149403, 19289.910991460878
1673.9975835609641, 4481.107967588439
74.27403450281439, 1599.7235490581497
0.0, 74.27403450281439
58.83820428530305, 15.435830217511338
0.0, 58.83820428530305
0.0, 58.83820428530305
558.2456458440747, 1115.7519377168894
0.0, 558.2456458440747
0.0, 558.2456458440747
4056.996623174697, 2098.108927974706
0.0, 4056.996623174697
2479.8029794474273, 1577.1936437272698
0.0, 2479.8029794474273
0.0, 2479.8029794474273
