Node, generations
Node 2575, 35466.672467853
Node 1371, 9894.801199566045
Node 136, 456.9244780932848
Node 1112, 7294.341581238419
Node 92, 205.11427672538625
Node 58, 149.34608780770844
Node 191, 914.4015945449408
Node 1744, 14964.980044042686
Node 820, 5062.416673182757
Node 786, 4811.38934659679
Node 100, 214.19275714138593
Node 60, 150.51447148454153
Node 116, 241.49646753381933
Node 61, 153.63937644706735
Node 1717, 14701.50276932641
Node 711, 4275.291403137611
Node 1031, 6656.134280261491
Node 91, 204.34403608806315
Node 49, 138.1904258589367
