Node, generations
Node 1642, 24415.832769265042
Node 623, 590.0849151779523
Node 533, 386.95036141592124
Node 352, 237.17983478034472
Node 193, 208.62373032782426
Node 160, 204.43092602629292
Node 604, 544.7250288190892
Node 519, 361.18270384269414
Node 487, 319.78359934016174
Node 351, 237.13017330948267
Node 402, 255.19334743933058
Node 233, 213.52915359450958
Node 384, 245.61643339405958
Node 493, 329.2343772851494
Node 415, 265.4083917429826
Node 273, 218.87745309256292
Node 398, 252.31059088730785
Node 331, 232.24196198463778
Node 460, 299.4736712915487
Node 537, 392.83153297722174
Node 235, 213.64293674259122
Node 87, 184.53869193400013
Node 515, 356.01575623934394
Node 450, 288.8177552888494
Node 1028, 7726.533008668745
Node 558, 438.6390799971506
Node 187, 207.35173799464667
Node 431, 271.7118307427618
Node 819, 3497.2925684950937
Node 654, 695.1119688334946
Node 481, 314.97566699275785
Node 445, 286.4088327491875
Node 607, 547.4685053690575
Node 392, 250.01627207428288
Node 448, 287.655656107774
Node 214, 211.48915727098154
Node 103, 200.54949545813312
Node 676, 782.4971379621993
Node 602, 537.494739285575
Node 456, 293.96418947192086
Node 379, 244.5982234256625
Node 362, 239.40962737485097
Node 67, 99.2051203540268
Node 368, 242.6154086928307
Node 593, 510.3164587634643
Node 365, 240.65315966607147
Node 497, 334.2799192317159
Node 409, 262.3755710482906
Node 259, 216.81511507023728
Node 664, 738.3771446734405
Node 439, 280.2074895617684
Node 353, 237.38320059159182
Node 197, 208.97381592277216
Node 60, 15.540653718508565
Node 346, 235.89978805069669
Node 341, 234.44379559561423
Node 338, 234.1684369026491
Node 121, 201.54380197009803
Node 321, 230.60251977049106
