node_generations, branch_length
2032.6126803176505, 22417.459960323144
1094.4286376639056, 938.1840426537449
0.0, 1094.4286376639056
1055.1133769144558, 39.31526074944986
0.0, 1055.1133769144558
1000.154654723088, 54.95872219136777
0.0, 1000.154654723088
0.0, 1000.154654723088
1106.300027094946, 926.3126532227045
997.862225492242, 108.43780160270398
0.0, 997.862225492242
0.0, 997.862225492242
1016.7847342831179, 89.51529281182809
0.0, 1016.7847342831179
1005.8874533439213, 10.897280939196662
0.0, 1005.8874533439213
86.7446061250191, 919.1428472189021
0.0, 86.7446061250191
0.0, 86.7446061250191
6337.855450351577, 18112.21719028922
1427.0001512267297, 4910.855299124847
0.0, 1427.0001512267297
1311.5433687069647, 115.45678251976506
0.0, 1311.5433687069647
242.15575121614768, 1069.3876174908169
0.0, 242.15575121614768
41.23763330833637, 200.9181179078113
0.0, 41.23763330833637
0.0, 41.23763330833637
2075.5920400252726, 4262.263410326304
1028.8357017743358, 1046.7563382509368
0.0, 1028.8357017743358
441.0220319598638, 587.813669814472
0.0, 441.0220319598638
0.0, 441.0220319598638
1082.6923863710026, 992.89965365427
0.0, 1082.6923863710026
0.0, 1082.6923863710026
