Node, generations
Node 817, 2364.2578384778762
Node 752, 1595.5068727923165
Node 411, 561.2175160125105
Node 388, 550.4202637762099
Node 199, 505.050195995708
Node 341, 530.6461676119927
Node 738, 1464.8167210527126
Node 587, 805.8078087134073
Node 505, 649.889134355789
Node 294, 519.4781811900622
Node 433, 579.1372270133097
Node 584, 795.1675933851282
Node 281, 516.6632267682131
Node 688, 1136.3864333619988
Node 603, 827.6106729143785
Node 566, 744.4169422520703
Node 531, 695.51447593066
Node 447, 586.6005470435873
Node 357, 535.7118219948526
Node 402, 557.6227825198074
Node 40, 51.716458422139134
Node 334, 528.3273674908567
Node 562, 735.8403861702179
Node 410, 561.1266447385603
Node 389, 550.8893691584308
Node 288, 518.4586796576062
Node 784, 1923.0940487195724
Node 551, 720.3293408648341
Node 362, 538.6036298153788
Node 434, 579.326104731099
Node 111, 457.1837631029537
Node 179, 503.27428970237577
Node 660, 1000.8575174483465
Node 430, 577.534672476525
Node 556, 731.60199324395
Node 449, 588.9838079077476
Node 43, 112.82336313761625
Node 472, 611.7841442547901
Node 295, 519.597120991231
