node_generations, branch_length
1159.8618079770224, 13494.34126121972
0.0, 1159.8618079770224
0.0, 1159.8618079770224
5945.841436362641, 8708.361632834101
2551.0863750375556, 3394.755061325085
1064.2440418602155, 1486.8423331773402
0.0, 1064.2440418602155
0.0, 1064.2440418602155
1065.886414102862, 1485.1999609346935
0.0, 1065.886414102862
0.0, 1065.886414102862
2605.7994743145105, 3340.0419620481302
1007.4469568720734, 1598.3525174424371
0.0, 1007.4469568720734
0.0, 1007.4469568720734
2181.9633860916474, 423.83608822286305
1380.950902967524, 801.0124831241235
1122.7656847615847, 258.18521820593924
1032.7831487493338, 89.98253601225088
0.0, 1032.7831487493338
1011.6979265554195, 21.08522219391432
0.0, 1011.6979265554195
0.0, 1011.6979265554195
1048.7676342098412, 73.99805055174352
0.0, 1048.7676342098412
0.0, 1048.7676342098412
1133.0856068311887, 247.86529613633525
0.0, 1133.0856068311887
1033.4367772422004, 99.64882958898829
0.0, 1033.4367772422004
0.0, 1033.4367772422004
1566.1751091464612, 615.7882769451862
1467.2825050516446, 98.89260409481653
0.0, 1467.2825050516446
1324.488268783978, 142.79423626766675
1229.0477909814035, 95.44047780257438
1006.5525479364052, 222.49524304499835
0.0, 1006.5525479364052
0.0, 1006.5525479364052
1176.847174907091, 52.20061607431262
1066.894654009449, 109.95252089764199
0.0, 1066.894654009449
0.0, 1066.894654009449
1148.0848155136064, 28.76235939348453
0.0, 1148.0848155136064
1046.0538231340975, 102.03099237950892
0.0, 1046.0538231340975
1014.7499306184692, 31.303892515628263
0.0, 1014.7499306184692
0.0, 1014.7499306184692
1253.1045242659104, 71.38374451806749
0.0, 1253.1045242659104
1177.7527240955058, 75.35180017040466
289.32922544870263, 888.4234986468032
0.0, 289.32922544870263
0.0, 289.32922544870263
748.2970713708563, 429.45565272464944
0.0, 748.2970713708563
0.0, 748.2970713708563
1489.6538111546477, 76.52129799181353
1137.790132325582, 351.86367882906575
514.2282720988504, 623.5618602267315
0.0, 514.2282720988504
0.0, 514.2282720988504
535.1695218974065, 602.6206104281754
0.0, 535.1695218974065
0.0, 535.1695218974065
1478.4624639395802, 11.19134721506748
0.0, 1478.4624639395802
1029.5139417819353, 448.9485221576449
0.0, 1029.5139417819353
1008.2967552458874, 21.217186536047848
0.0, 1008.2967552458874
1004.613529917605, 3.6832253282824468
0.0, 1004.613529917605
1000.7637250004536, 3.8498049171513458
0.0, 1000.7637250004536
0.0, 1000.7637250004536
