Node, generations
Node 1856, 8802.52899241205
Node 1184, 3756.978029127391
Node 715, 1450.7087687906478
Node 553, 853.0773329989761
Node 431, 246.27966103253476
Node 362, 172.6740665544025
Node 324, 135.0370816533927
Node 149, 60.10424784024239
Node 104, 52.36966043913689
Node 387, 198.7032120250369
Node 332, 140.2073843273372
Node 331, 140.13911417566362
Node 379, 186.8240475778996
Node 369, 176.1516777900818
Node 135, 56.5860802401003
Node 121, 54.93741271192256
Node 220, 78.37888286928104
Node 519, 711.8680287048563
Node 183, 68.50454179938029
Node 518, 708.616392964533
Node 339, 145.27473958603684
Node 322, 134.1458158614059
Node 201, 74.03902824087974
Node 219, 78.19126633108496
Node 176, 65.67700667809483
Node 870, 2138.627220881386
Node 441, 296.1639638221874
Node 145, 59.230651147405965
Node 277, 103.98029114672966
Node 137, 57.56931866056739
Node 192, 72.52714046458604
Node 87, 50.016467597476
Node 1692, 7340.303673827348
Node 337, 142.94438269296668
Node 107, 52.79131544095536
Node 287, 107.3932997294168
Node 189, 71.4241683757448
Node 1616, 6710.760384069989
Node 559, 868.0763935305124
Node 459, 432.9467923595392
Node 297, 117.73054264011223
Node 268, 96.8038202530377
Node 226, 81.22180488229995
Node 407, 217.4615668161605
Node 348, 158.611919378993
Node 286, 107.28639605929432
Node 247, 88.56226761372827
Node 202, 74.10439133801226
Node 515, 701.4329478648395
Node 181, 67.52871376654588
Node 95, 51.297225580961886
Node 276, 102.52471351265207
Node 144, 59.23042168410244
Node 739, 1580.444113762703
Node 351, 160.12569493388216
Node 185, 69.50315081539466
Node 585, 950.4626744489667
Node 433, 248.02155895213764
Node 308, 122.51589739652327
Node 155, 61.03623421794089
Node 307, 122.04332309092148
Node 223, 79.59703115898681
Node 237, 84.27176415142023
Node 213, 77.11131365555917
Node 338, 144.74878543935336
Node 224, 79.87844727251478
Node 102, 52.16480579682865
Node 289, 109.10419701748138
Node 522, 731.8169426725163
Node 225, 81.04319661246983
Node 154, 60.90835540118183
Node 191, 72.48895085408674
Node 386, 197.4477198901282
Node 252, 90.37587109567039
Node 175, 65.61414116059949
Node 158, 61.59501775093369
Node 330, 140.0217879977046
Node 315, 127.97879534214215
Node 281, 104.85520735166983
