Node, generations
Node 632, 2697.1925250616655
Node 588, 2190.249049969413
Node 310, 1072.9731585889356
Node 631, 2695.9308920339695
Node 553, 1842.889382890878
Node 353, 1121.1822546895094
Node 504, 1561.5949207774001
Node 475, 1377.0622682124044
Node 502, 1555.6856880853677
Node 413, 1214.542689067828
Node 451, 1316.7642891676123
Node 242, 1029.4059427820155
Node 617, 2561.626067508495
Node 436, 1261.5680381451002
Node 384, 1160.2874253060386
Node 614, 2535.47937419668
Node 72, 825.9069525255758
Node 393, 1177.5586819522423
Node 253, 1034.3214779344078
