Node, generations
Node 1360, 13265.670564979426
Node 388, 2537.9413572793037
Node 122, 371.4177326561904
Node 103, 228.1567283717354
Node 57, 124.47737515844675
Node 82, 187.60799469117975
Node 256, 1456.9705981210711
Node 93, 211.25989430734842
Node 1298, 12394.431097204168
Node 320, 1906.3980504330325
Node 106, 233.23252419410727
Node 76, 162.93152333653643
Node 36, 79.14959919561637
Node 91, 202.68789872425404
Node 87, 197.76697112711156
Node 64, 143.16269908917153
Node 397, 2600.46103268822
Node 133, 530.1775395748406
Node 51, 114.47717992176362
