Node, generations
Node 1955, 23604.947103376897
Node 714, 4816.190741118013
Node 286, 1447.4317264741492
Node 142, 331.48024711458925
Node 390, 2205.966042189423
Node 197, 685.6423536243911
Node 102, 265.0603147946635
Node 72, 228.29544631029424
Node 1373, 12293.838943958765
Node 1330, 11631.219370608123
Node 43, 206.091748198738
Node 754, 5136.1748918543535
Node 31, 202.50805358828524
Node 237, 1067.1045911699728
Node 176, 428.6995586523801
Node 63, 224.57027256344634
Node 186, 550.8012186254052
Node 107, 269.996284160759
Node 20, 30.29008350702361
