node_generations, branch_length
136.72861589181278, 19953.246159334543
0.0, 136.72861589181278
51.5563240003559, 85.17229189145688
0.0, 51.5563240003559
0.0, 51.5563240003559
17770.68058516857, 2319.294190057786
3851.94301433935, 13918.73757082922
226.31072506188346, 3625.6322892774665
0.0, 226.31072506188346
99.86931134352919, 126.44141371835427
0.0, 99.86931134352919
0.0, 99.86931134352919
3583.111765680443, 268.83124865890704
276.58251740922725, 3306.5292482712157
0.0, 276.58251740922725
0.0, 276.58251740922725
1249.3330923071449, 2333.7786733732983
0.0, 1249.3330923071449
1014.8335997043856, 234.49949260275923
0.0, 1014.8335997043856
760.737998561712, 254.09560114267367
0.0, 760.737998561712
431.6870559029814, 329.05094265873055
0.0, 431.6870559029814
0.0, 431.6870559029814
5818.503972300352, 11952.17661286822
68.19259929707971, 5750.311373003272
0.0, 68.19259929707971
0.0, 68.19259929707971
2005.0173456736327, 3813.486626626719
176.77786228542598, 1828.2394833882067
0.0, 176.77786228542598
64.01957363031802, 112.75828865510796
0.0, 64.01957363031802
0.0, 64.01957363031802
448.1878139601465, 1556.8295317134862
0.0, 448.1878139601465
0.0, 448.1878139601465
