Node, generations
Node 1236, 17645.259533808025
Node 317, 1084.7689175937069
Node 696, 5423.124259041224
Node 494, 1485.5323970884301
Node 268, 1045.198525266106
Node 483, 1415.6589468593704
Node 447, 1292.5246212918323
Node 214, 1020.5798562525491
Node 552, 1845.095925086576
Node 522, 1615.087841948794
Node 511, 1563.81313269892
Node 414, 1207.5335843281111
Node 285, 1058.6107535822139
Node 475, 1397.9792200932568
Node 264, 1042.7058791056234
Node 330, 1093.1013605566704
Node 529, 1656.865544471557
Node 466, 1343.1137088318806
Node 250, 1036.5605377907798
