Node, generations
Node 1099, 12798.90125080771
Node 804, 3960.9899289194555
Node 450, 1550.7206966631004
Node 180, 359.7815782747827
Node 48, 15.740788787048055
Node 78, 59.48827604609991
Node 193, 434.72415721971004
Node 115, 118.735292043491
Node 94, 83.68026563861909
Node 139, 161.5608147795037
Node 788, 3701.9372025091475
Node 62, 37.75317261600992
Node 44, 8.763912364467544
Node 671, 2598.2979336216613
Node 398, 1295.1707762862504
Node 176, 328.9354116150424
Node 146, 168.13780082310626
Node 134, 141.80029629486634
Node 50, 18.050618012331142
Node 47, 14.694199468520134
Node 41, 2.4088832440161347
Node 296, 828.2711415360662
Node 77, 53.21633074571428
Node 148, 172.18092485718728
Node 52, 22.476844899557157
Node 40, 0.6903343156818137
Node 116, 118.77518829772013
Node 1053, 10081.767986019038
Node 441, 1491.7805396984884
Node 107, 108.3556858794974
Node 86, 71.9491058463542
Node 58, 32.89384949190387
Node 118, 120.62428732132209
Node 57, 31.98462172690629
Node 542, 1983.0061599346227
Node 478, 1669.5895900420555
Node 164, 233.8559737895052
Node 67, 47.66018537286409
Node 46, 13.567776125618387
