Node, generations
Node 2977, 47672.65828645548
Node 2206, 21776.64658639404
Node 85, 180.12436515618828
Node 492, 3206.7082257678553
Node 161, 1668.5385304102394
Node 60, 110.96311658368747
Node 369, 2635.1066970776433
Node 22, 16.929144284634834
Node 21, 2.9014455743052108
Node 2288, 23494.795978414473
Node 1204, 7472.338460286517
Node 62, 114.82833788961945
Node 894, 5355.986294780297
Node 170, 1815.4464483323889
Node 53, 95.2251790202503
Node 1446, 9812.010611136135
Node 64, 117.31892072885636
Node 1077, 6414.628754430321
Node 35, 63.857949869452675
