node_generations, branch_length
1004.6603021437402, 26387.54992035272
0.0, 1004.6603021437402
0.0, 1004.6603021437402
6528.124364592853, 20864.085857903607
1064.1122273167696, 5464.012137276084
0.0, 1064.1122273167696
1023.5181548760496, 40.59407244071997
0.0, 1023.5181548760496
886.9972850423976, 136.520869833652
0.0, 886.9972850423976
741.9631191188513, 145.0341659235463
0.0, 741.9631191188513
0.0, 741.9631191188513
5390.504076588619, 1137.6202880042347
1048.0597890889999, 4342.444287499618
0.0, 1048.0597890889999
0.0, 1048.0597890889999
1638.5981310464706, 3751.9059455421484
1553.7019092794515, 84.89622176701914
1062.7514187912418, 490.95049048820965
0.0, 1062.7514187912418
950.8978138712216, 111.85360492002019
0.0, 950.8978138712216
0.0, 950.8978138712216
1398.450779785188, 155.25112949426352
1249.0586856256455, 149.39209415954247
1177.6984742410318, 71.36021138461365
0.0, 1177.6984742410318
1117.361001462766, 60.33747277826592
0.0, 1117.361001462766
1037.6665740013273, 79.69442746143864
0.0, 1037.6665740013273
1037.0829937354147, 0.5835802659125875
0.0, 1037.0829937354147
1000.9757841627257, 36.10720957268893
0.0, 1000.9757841627257
0.0, 1000.9757841627257
1227.9304067369117, 21.128278888733803
0.0, 1227.9304067369117
1114.155925177282, 113.77448155962975
1016.8760742475515, 97.2798509297304
0.0, 1016.8760742475515
627.3932067823177, 389.48286746523377
0.0, 627.3932067823177
0.0, 627.3932067823177
1086.4456270848264, 27.71029809245556
0.0, 1086.4456270848264
0.0, 1086.4456270848264
1275.6131872470105, 122.83759253817743
0.0, 1275.6131872470105
1100.3876732866709, 175.22551396033964
0.0, 1100.3876732866709
1021.2951665171595, 79.09250676951137
0.0, 1021.2951665171595
0.0, 1021.2951665171595
1608.4737031456373, 30.124427900833325
1166.6558934578218, 441.8178096878155
1059.215744152852, 107.44014930496974
0.0, 1059.215744152852
1000.2770793814573, 58.93866477139477
0.0, 1000.2770793814573
0.0, 1000.2770793814573
1109.364161589328, 57.2917318684938
0.0, 1109.364161589328
1040.6419720467507, 68.72218954257733
0.0, 1040.6419720467507
0.0, 1040.6419720467507
1403.7262248188492, 204.74747832678804
0.0, 1403.7262248188492
1152.3613771071293, 251.3648477117199
1018.6221688563372, 133.7392082507921
0.0, 1018.6221688563372
0.0, 1018.6221688563372
1023.6648389418818, 128.6965381652475
0.0, 1023.6648389418818
1007.6396681421346, 16.02517079974723
0.0, 1007.6396681421346
0.0, 1007.6396681421346
