Node, generations
Node 1941, 27715.655181838803
Node 1325, 1734.7689279069705
Node 1086, 670.1097931846949
Node 644, 508.68439242995066
Node 931, 557.9092195961631
Node 724, 515.3104770567414
Node 1293, 1481.4755842705508
Node 1194, 888.1740484526366
Node 1102, 696.7351001969379
Node 463, 501.8718179452618
Node 1088, 674.5624876314861
Node 749, 517.5152204374914
Node 736, 515.9148740175344
Node 549, 504.37235448947627
Node 110, 116.97841344055031
Node 937, 561.2995700738928
Node 814, 525.3489693334077
Node 227, 314.89865512641234
Node 90, 71.42835815932325
Node 1154, 776.9709459066493
Node 1046, 621.0533140537294
Node 208, 288.36638445189067
Node 133, 156.43072889537166
Node 978, 577.3817445400696
Node 933, 558.9497530041865
Node 141, 177.73838954724883
Node 190, 256.4501155231992
Node 151, 200.1206496248592
Node 1150, 771.217599136488
Node 1063, 640.1171769572201
Node 452, 501.5458965231434
Node 917, 552.7633899636803
Node 119, 140.37147199169618
Node 683, 510.8963966034631
Node 619, 507.713117238033
Node 486, 502.73364951080237
Node 109, 114.10405890045521
Node 1213, 970.9479235223181
Node 1141, 760.517608409008
Node 926, 555.9078143508721
Node 620, 507.72076615857145
Node 146, 194.6769636619584
Node 104, 99.33469712465755
Node 535, 503.8765886927668
Node 320, 446.44465993135833
Node 1362, 2258.724176868646
Node 1248, 1156.455683990399
Node 950, 566.6893380654304
Node 788, 522.2927246522497
Node 1138, 751.2161487519392
Node 1008, 593.5019454372598
Node 553, 504.481622810249
Node 1305, 1594.0967435573782
Node 1157, 783.2104855944511
Node 954, 567.6825158721404
Node 962, 570.4224751356169
Node 920, 554.044332387683
Node 597, 506.4730525134112
Node 1203, 928.3158814275697
Node 1009, 594.5158761654112
Node 879, 537.4673708943275
Node 750, 517.632450044042
Node 96, 85.9228322274545
Node 1127, 728.1338889062557
Node 1083, 666.2066568493971
Node 1017, 597.6389508980222
Node 921, 554.2009892685807
Node 918, 552.8957042173361
Node 1000, 589.4306040377949
Node 994, 587.2454097801789
Node 108, 112.01686486279868
Node 80, 15.182837519756465
Node 1094, 686.8142848090913
Node 889, 540.1594980871449
Node 996, 587.7391655591446
Node 909, 548.7618837317744
Node 753, 518.1066891949521
Node 368, 493.0842653318577
Node 698, 512.3916703552738
