node_generations, branch_length
1771.0439756528456, 2335.615586004673
1602.3963246530272, 168.64765099981832
0.0, 1602.3963246530272
1016.0247856614469, 586.3715389915803
0.0, 1016.0247856614469
0.0, 1016.0247856614469
1735.0478907375154, 35.99608491533013
1363.25308749976, 371.79480323775533
0.0, 1363.25308749976
1068.8481698350515, 294.4049176647086
0.0, 1068.8481698350515
0.0, 1068.8481698350515
1567.9404305768192, 167.1074601606963
1278.2252753653606, 289.7151552114585
0.0, 1278.2252753653606
1270.4382019189275, 7.787073446433169
0.0, 1270.4382019189275
1140.9401378314, 129.49806408752738
0.0, 1140.9401378314
0.0, 1140.9401378314
1466.8416812564392, 101.09874932037997
0.0, 1466.8416812564392
0.0, 1466.8416812564392
1923.3335042444637, 2183.326057413055
1249.7295491943182, 673.6039550501455
0.0, 1249.7295491943182
1065.0262597808603, 184.70328941345792
0.0, 1065.0262597808603
1010.8789839510848, 54.14727582977548
0.0, 1010.8789839510848
0.0, 1010.8789839510848
1281.5723575052527, 641.761146739211
1198.6013334816384, 82.97102402361429
0.0, 1198.6013334816384
0.0, 1198.6013334816384
1212.5001183412626, 69.07223916399016
0.0, 1212.5001183412626
0.0, 1212.5001183412626
