node_generations, branch_length
2604.8678258346454, 26388.2579494692
1041.9889429326847, 1562.8788829019607
0.0, 1041.9889429326847
0.0, 1041.9889429326847
1206.6798386990736, 1398.1879871355718
0.0, 1206.6798386990736
1186.4607526416148, 20.219086057458753
0.0, 1186.4607526416148
1034.2779578424731, 152.18279479914167
976.4230176167314, 57.85494022574176
0.0, 976.4230176167314
0.0, 976.4230176167314
1021.4262888268653, 12.851669015607854
0.0, 1021.4262888268653
200.12583681694477, 821.3004520099205
0.0, 200.12583681694477
43.007368668020675, 157.11846814892408
0.0, 43.007368668020675
0.0, 43.007368668020675
8620.871554481077, 20372.254220822768
1258.0568516660642, 7362.814702815012
842.3132674817042, 415.74358418436
0.0, 842.3132674817042
0.0, 842.3132674817042
1256.5976299281797, 1.4592217378844907
1119.6897123865338, 136.90791754164593
0.0, 1119.6897123865338
1071.472735866825, 48.21697651970885
0.0, 1071.472735866825
0.0, 1071.472735866825
1133.9847069647733, 122.61292296340639
0.0, 1133.9847069647733
1076.748522152522, 57.236184812251395
0.0, 1076.748522152522
0.0, 1076.748522152522
4191.620177036793, 4429.251377444283
1137.952374240451, 3053.6678027963426
1033.294722573005, 104.65765166744609
0.0, 1033.294722573005
0.0, 1033.294722573005
1085.2468677855566, 52.705506454894476
0.0, 1085.2468677855566
1008.9776689566783, 76.2691988288783
0.0, 1008.9776689566783
206.1598873368239, 802.8177816198544
0.0, 206.1598873368239
0.0, 206.1598873368239
2048.958792514159, 2142.6613845226343
1042.7954339723854, 1006.1633585417737
1027.4953031290584, 15.300130843326997
0.0, 1027.4953031290584
0.0, 1027.4953031290584
1039.0294313811087, 3.766002591276674
1007.2750795708885, 31.754351810220214
0.0, 1007.2750795708885
0.0, 1007.2750795708885
1034.2857111396252, 4.743720241483516
0.0, 1034.2857111396252
0.0, 1034.2857111396252
1885.3673966006647, 163.59139591349435
1216.0310235255577, 669.3363730751071
0.0, 1216.0310235255577
1082.6596750304896, 133.3713484950681
0.0, 1082.6596750304896
0.0, 1082.6596750304896
1467.52337913659, 417.8440174640748
1033.2241410041586, 434.29923813243136
0.0, 1033.2241410041586
1001.3385691234665, 31.885571880692055
0.0, 1001.3385691234665
0.0, 1001.3385691234665
1066.5999291227101, 400.9234500138798
0.0, 1066.5999291227101
1007.139575006954, 59.460354115756104
0.0, 1007.139575006954
259.3247084014226, 747.8148666055315
0.0, 259.3247084014226
0.0, 259.3247084014226
