node_generations, branch_length
7645.36368609268, 48711.99796473201
980.5127322227278, 6664.850953869952
0.0, 980.5127322227278
377.46317104120595, 603.0495611815218
0.0, 377.46317104120595
0.0, 377.46317104120595
2335.3382005073013, 5310.025485585378
379.5415164219466, 1955.7966840853546
0.0, 379.5415164219466
235.83854489044663, 143.70297153149997
0.0, 235.83854489044663
0.0, 235.83854489044663
1219.557564255652, 1115.7806362516492
0.0, 1219.557564255652
258.6517425497785, 960.9058217058737
0.0, 258.6517425497785
0.0, 258.6517425497785
22406.244198446602, 33951.11745237808
251.54752139073506, 22154.69667705587
0.0, 251.54752139073506
232.70951331636525, 18.83800807436981
0.0, 232.70951331636525
0.0, 232.70951331636525
8846.688968107315, 13559.555230339287
321.7390668715191, 8524.949901235796
0.0, 321.7390668715191
321.24437663610473, 0.49469023541439583
124.96958047730259, 196.27479615880213
0.0, 124.96958047730259
0.0, 124.96958047730259
259.40921469485846, 61.83516194124627
0.0, 259.40921469485846
17.34749802202824, 242.06171667283022
0.0, 17.34749802202824
0.0, 17.34749802202824
1877.602746780859, 6969.086221326456
0.0, 1877.602746780859
0.0, 1877.602746780859
