node_generations, branch_length
2186.3090033108892, 1228.7796286307398
0.0, 2186.3090033108892
2119.402246588905, 66.90675672198404
2018.9300949843544, 100.47215160455085
739.1332456567335, 1279.7968493276207
0.0, 739.1332456567335
0.688371076655625, 738.4448745800779
0.0, 0.688371076655625
0.0, 0.688371076655625
1498.822126872829, 520.1079681115255
0.0, 1498.822126872829
0.0, 1498.822126872829
2030.4263587690245, 88.97588781988065
0.0, 2030.4263587690245
0.0, 2030.4263587690245
2865.0739263266832, 550.0147056149458
2419.3112821649916, 445.7626441616917
2042.690326971942, 376.62095519304944
0.0, 2042.690326971942
2025.7018737034853, 16.98845326845685
0.0, 2025.7018737034853
29.15656751517025, 1996.545306188315
0.0, 29.15656751517025
0.0, 29.15656751517025
2315.8582300930675, 103.45305207192405
2052.2932003383385, 263.56502975472904
2022.3731973587576, 29.920002979580886
0.0, 2022.3731973587576
651.1755309434635, 1371.197666415294
0.0, 651.1755309434635
0.0, 651.1755309434635
2042.5591942506182, 9.734006087720218
0.0, 2042.5591942506182
0.0, 2042.5591942506182
2289.768544139257, 26.08968595381066
414.57641531403044, 1875.1921288252265
0.0, 414.57641531403044
291.87265449259036, 122.70376082144008
0.0, 291.87265449259036
0.0, 291.87265449259036
2208.2019323247378, 81.56661181451909
0.0, 2208.2019323247378
0.0, 2208.2019323247378
2705.0697669942565, 160.00415933242675
2296.3878104229143, 408.6819565713422
2038.1371513642312, 258.25065905868314
0.0, 2038.1371513642312
1637.33194857508, 400.80520278915105
0.0, 1637.33194857508
1315.3329406449348, 321.99900793014535
0.0, 1315.3329406449348
0.0, 1315.3329406449348
2294.170456076011, 2.2173543469034485
0.0, 2294.170456076011
2061.3416746992684, 232.82878137674243
1146.889425157863, 914.4522495414055
0.0, 1146.889425157863
0.0, 1146.889425157863
2038.9826386229995, 22.35903607626892
2018.58038880009, 20.402249822909425
0.0, 2018.58038880009
1879.290056084041, 139.29033271604908
0.0, 1879.290056084041
1721.0555731854074, 158.2344828986336
0.0, 1721.0555731854074
0.0, 1721.0555731854074
2037.6392179209263, 1.3434207020732174
0.0, 2037.6392179209263
0.0, 2037.6392179209263
2319.611551439393, 385.4582155548633
0.0, 2319.611551439393
2029.0661101345072, 290.545441304886
1324.6069050109309, 704.4592051235763
0.0, 1324.6069050109309
0.0, 1324.6069050109309
1901.592824509474, 127.47328562503321
0.0, 1901.592824509474
0.0, 1901.592824509474
