Node, generations
Node 2678, 15511.574189595489
Node 1871, 1548.863099538738
Node 1828, 1400.9682220948298
Node 1184, 1006.7293846674925
Node 646, 773.8422680569786
Node 1049, 1002.5848720286182
Node 1765, 1259.1515997673791
Node 1296, 1012.9914449054169
Node 1751, 1240.3762843853071
Node 1595, 1076.0587272735945
Node 1588, 1072.5528344561662
Node 1462, 1033.2077107014557
Node 477, 603.967017881401
Node 1578, 1066.8187483736567
Node 1453, 1031.590492865136
Node 1701, 1160.8051088288573
Node 1197, 1007.1792489173247
Node 999, 1001.4864293057165
Node 1570, 1063.0933433017017
Node 366, 477.7099758207634
Node 1545, 1055.854962211668
Node 1119, 1004.5473678597599
Node 159, 230.836761015522
Node 880, 966.6701475874712
Node 300, 408.6317483486232
Node 1849, 1468.2056386999775
Node 1511, 1045.3569321876714
Node 1400, 1022.8456751914053
Node 522, 648.4673922187297
Node 1743, 1220.9348866221987
Node 1586, 1071.4848700381851
Node 1402, 1023.2831083793012
Node 1337, 1016.4072235699458
Node 133, 189.62693920051856
Node 2663, 15203.38928753606
Node 1909, 1667.641931102376
Node 1770, 1276.8859091115817
Node 1692, 1150.4243008338874
Node 1581, 1068.7463564376528
Node 1412, 1024.8882890787468
Node 727, 841.1198511728319
Node 776, 875.5099268972897
Node 2216, 6450.83578842684
Node 1827, 1396.970460603129
Node 1795, 1315.6370120425204
Node 1752, 1244.4065112115118
Node 1700, 1157.6910776934515
Node 1475, 1036.4669670135215
Node 464, 591.2039937708095
Node 1809, 1355.4973092305752
Node 1425, 1027.6837919881527
Node 112, 148.92072382835138
Node 1777, 1288.388838797954
Node 1488, 1038.9775814957811
Node 1650, 1109.2496384642868
Node 1334, 1015.882612452579
Node 1357, 1018.1856732762944
Node 777, 876.3214508299733
Node 87, 74.52321570025909
Node 1212, 1007.7272237644029
Node 489, 615.018815415772
Node 1964, 1943.8490582059987
Node 1659, 1114.9628892488288
Node 1470, 1035.8419949800348
Node 1645, 1107.8521276172505
Node 1417, 1026.035310147372
Node 560, 687.7402539839856
Node 1611, 1087.525568449528
Node 1709, 1169.3298988046067
Node 1640, 1100.6119510995816
Node 1609, 1083.9394454011033
Node 1323, 1015.0514015773648
Node 194, 295.68870831815457
Node 167, 245.0567777720053
Node 1702, 1161.4858068859412
Node 1637, 1098.682721956341
Node 1142, 1005.6099227243762
Node 1559, 1059.8262283339798
Node 1452, 1031.5283932324817
