node_generations, branch_length
2778.689439501242, 11141.730846654289
2506.396351874672, 272.29308762657
2126.727808733193, 379.66854314147895
0.0, 2126.727808733193
240.09306940950214, 1886.6347393236908
0.0, 240.09306940950214
0.0, 240.09306940950214
2390.786410314196, 115.60994156047582
0.0, 2390.786410314196
2302.4640804692212, 88.32232984497477
0.0, 2302.4640804692212
2044.4824274229695, 257.9816530462517
0.0, 2044.4824274229695
178.99498806027424, 1865.4874393626953
0.0, 178.99498806027424
0.0, 178.99498806027424
2663.3571343312406, 115.33230517000129
1109.1385277421546, 1554.218606589086
0.0, 1109.1385277421546
0.0, 1109.1385277421546
2404.0513687502184, 259.3057655810221
0.0, 2404.0513687502184
2174.900980529187, 229.15038822103133
1801.2703926267043, 373.63058790248283
0.0, 1801.2703926267043
0.0, 1801.2703926267043
2163.3553750597275, 11.545605469459588
0.0, 2163.3553750597275
94.7996252810808, 2068.5557497786467
0.0, 94.7996252810808
0.0, 94.7996252810808
3755.76907005107, 10164.651216104461
0.0, 3755.76907005107
3321.314787946012, 434.4542821050577
0.0, 3321.314787946012
270.7319845700372, 3050.582803375975
0.0, 270.7319845700372
0.0, 270.7319845700372
