node_generations, branch_length
1643.192420956895, 935.8490556599584
1432.1005782432592, 211.09184271363574
0.0, 1432.1005782432592
1059.8660404094662, 372.23453783379296
0.0, 1059.8660404094662
0.0, 1059.8660404094662
1556.5941093330507, 86.59831162384421
1392.7333514150432, 163.8607579180075
1258.8432299489286, 133.89012146611458
0.0, 1258.8432299489286
1148.7139416246737, 110.12928832425496
0.0, 1148.7139416246737
1052.2152680921317, 96.49867353254194
0.0, 1052.2152680921317
0.0, 1052.2152680921317
1371.9167951835234, 20.816556231519826
0.0, 1371.9167951835234
1137.222092754226, 234.69470242929742
0.0, 1137.222092754226
0.0, 1137.222092754226
1501.8467972846795, 54.747312048371214
0.0, 1501.8467972846795
1015.7312484456152, 486.11554883906433
0.0, 1015.7312484456152
0.0, 1015.7312484456152
2042.1891335185633, 536.85234309829
0.0, 2042.1891335185633
1326.1498165425219, 716.0393169760414
0.0, 1326.1498165425219
1136.3006440278955, 189.8491725146264
0.0, 1136.3006440278955
1048.6739219555902, 87.62672207230526
0.0, 1048.6739219555902
1004.3142906892238, 44.35963126636648
0.0, 1004.3142906892238
906.4142072078649, 97.90008348135882
0.0, 906.4142072078649
0.0, 906.4142072078649
