Node, generations
Node 3059, 3328.451511061668
Node 2944, 2465.044762943836
Node 2863, 2212.828218204179
Node 2744, 2101.077226209439
Node 310, 413.8569536822297
Node 2197, 2002.535523381059
Node 1855, 1825.7455997552693
Node 202, 290.5938154328648
Node 2861, 2212.355820888935
Node 2915, 2365.214196548491
Node 2648, 2052.861275677304
Node 278, 383.10336718587627
Node 211, 294.46288978945813
Node 2483, 2017.2956417868081
Node 325, 430.6985954096325
Node 1138, 1174.7866275659724
Node 472, 583.0640279629796
Node 2858, 2207.4626256860165
Node 2747, 2104.3970662233564
Node 2077, 2000.5894075128542
Node 526, 639.2088915097808
Node 2849, 2190.7722339300344
Node 273, 377.42986973368136
Node 2772, 2124.8389257893978
Node 2642, 2050.1590315749313
Node 1317, 1342.0105064493848
Node 2746, 2101.8178403065526
Node 171, 246.15656629499125
Node 2521, 2021.9022673691827
Node 1781, 1748.1072601364517
Node 565, 679.7452965939792
Node 3038, 3033.181924418777
Node 2896, 2293.7818109671084
Node 1985, 1943.279635224607
Node 2792, 2132.8724531922
Node 2480, 2017.0970659635188
Node 790, 881.7979824385687
Node 543, 654.6129789727836
Node 2549, 2026.7389693058878
Node 281, 387.18873396804594
Node 99, 109.17096382581329
Node 3037, 3030.8800881744182
Node 2898, 2298.1989841870895
Node 1645, 1624.5296832241158
Node 357, 468.49005770794844
Node 2797, 2140.918891160598
Node 2773, 2124.8867743699057
Node 2328, 2007.1504676354878
Node 3025, 2896.945083751796
Node 2895, 2293.485946408452
Node 2765, 2119.524185527101
Node 2505, 2019.7730792410541
Node 1200, 1234.7829281497075
Node 2851, 2192.727672648342
Node 2182, 2002.3042086517542
Node 901, 976.7436685522894
Node 236, 330.9517163359733
Node 2845, 2188.3121950172326
Node 1437, 1439.0440431667876
Node 2611, 2038.47323881061
Node 2560, 2028.1891769579522
Node 2456, 2015.1370970510357
Node 903, 977.7695487078441
Node 489, 602.6181121520143
Node 2300, 2006.1027879723563
Node 920, 988.0706943385458
Node 203, 290.60615799811177
Node 972, 1036.8088816428403
Node 435, 540.8719439726093
Node 462, 572.7514480618028
Node 3021, 2870.541216622452
Node 2645, 2051.56852488144
Node 1795, 1764.5487171563484
Node 2911, 2352.1850795749915
Node 2609, 2037.25499384331
Node 2339, 2007.5270713548316
Node 2740, 2099.20085396471
Node 2664, 2059.983373555655
Node 2454, 2015.0334341208006
