Node, generations
Node 1604, 27609.192084636008
Node 987, 1896.7449152698332
Node 846, 1255.0031087274276
Node 644, 1043.5225475176626
Node 792, 1148.3768214571833
Node 935, 1592.790475732168
Node 628, 1038.966616295515
Node 578, 1027.5418891972454
Node 563, 1024.5408826292496
Node 910, 1442.1297775789
Node 818, 1206.564166548621
Node 851, 1263.0561897753028
Node 825, 1212.6115228548413
Node 690, 1059.7341957982
Node 679, 1055.414125095978
Node 618, 1037.2469636604196
Node 581, 1028.7851656826942
Node 834, 1230.1886226916718
Node 46, 94.12616305132352
Node 81, 343.7553473183482
Node 1121, 6602.913072266522
Node 870, 1303.1134427885643
Node 857, 1273.1677395978522
Node 798, 1158.3857390228716
Node 701, 1067.0035984137992
Node 176, 625.2238769161343
Node 175, 623.1585514279539
Node 135, 530.4819324718223
Node 867, 1298.0750657355613
Node 450, 1008.4886371113251
Node 41, 27.103064024651975
Node 665, 1051.835084049509
Node 449, 1008.4350318756419
Node 152, 566.6187845686197
Node 526, 1016.952553675138
Node 1034, 2409.4542345298846
Node 659, 1049.7137460580918
Node 465, 1009.8988650381926
Node 656, 1048.1435220443502
