Node, generations
Node 2730, 21694.563761308433
Node 1916, 9236.41520523162
Node 1644, 6825.049506435503
Node 1214, 3801.479136704631
Node 248, 82.97031229571577
Node 200, 68.11282021658671
Node 121, 53.540661092639525
Node 219, 73.57835896596306
Node 164, 60.3188323804933
Node 191, 65.11406077700856
Node 96, 51.39559267156877
Node 716, 1425.6125467929369
Node 239, 79.84746967235834
Node 271, 91.87753349107999
Node 251, 83.48569618547737
Node 196, 67.20349281092678
Node 119, 53.41983909525761
Node 1516, 5916.533723937937
Node 455, 276.2466127409724
Node 354, 137.79236764477116
Node 124, 53.996496825902604
Node 232, 76.81046939557504
Node 179, 62.380053619886034
Node 421, 204.46058877606433
Node 199, 67.5694141974644
Node 159, 59.39314801426333
Node 309, 110.09161444699019
Node 260, 87.25481752119454
Node 557, 823.494839274015
Node 401, 180.25788236926502
Node 444, 236.63726767624584
Node 384, 159.86676461815614
Node 308, 109.57819647570835
Node 322, 117.96760363988481
Node 275, 94.06254252798202
Node 245, 81.2182874889152
Node 402, 181.39938081723486
Node 250, 83.28578151511434
Node 85, 50.04089463499039
Node 393, 169.92501527851275
Node 2271, 13431.955160380476
Node 412, 193.44372651395372
Node 390, 167.4063053363733
Node 277, 94.39676436947119
Node 318, 115.14842245469686
Node 129, 54.675007299200765
Node 1929, 9355.936645264552
Node 1464, 5555.692589930548
Node 273, 93.11630941150224
Node 411, 191.00518265091011
Node 284, 97.98499545223363
Node 329, 120.91706914516651
Node 272, 92.71703869984692
Node 198, 67.54627690574657
Node 243, 80.61386320059607
Node 231, 76.71855538380589
Node 216, 72.53286018340593
Node 274, 93.61663706753289
Node 1875, 8914.063258037035
Node 683, 1311.4308869334525
Node 217, 73.13757351276273
Node 582, 899.664164804895
Node 334, 122.38035313201826
Node 328, 120.37842931608611
Node 174, 61.46646730550658
Node 323, 118.07094849493338
Node 183, 63.04876345333568
Node 339, 124.74544208930593
Node 270, 90.99585338218172
Node 999, 2676.790324047801
Node 257, 86.12696616039268
Node 169, 60.8702376137432
Node 387, 161.2945679087533
Node 197, 67.37004600278823
Node 258, 86.27890991436772
Node 247, 81.87608186727822
Node 132, 54.89681457015649
Node 162, 60.14010947062776
Node 141, 56.79846342140934
