Node, generations
Node 833, 5161.572382180239
Node 736, 1431.7581223727814
Node 532, 424.10263171418615
Node 268, 220.75024912914455
Node 465, 323.7278379187112
Node 425, 285.0283056099464
Node 325, 236.34840657011412
Node 191, 208.160078031355
Node 248, 217.18047868821557
Node 365, 249.52434603002433
Node 203, 210.56967270624077
Node 243, 216.12615426318789
Node 680, 946.7883437578001
Node 452, 308.6426725630181
Node 285, 225.87191193148928
Node 345, 243.0584906069868
Node 130, 203.36720287598496
Node 486, 355.20936719002
Node 314, 233.45833918305146
Node 460, 313.6136655281853
Node 742, 1483.7951301743133
Node 614, 657.4357149448098
Node 588, 580.1766460111463
Node 404, 266.6082534397206
Node 169, 206.45664969902035
Node 288, 226.80478110756113
Node 266, 220.13330438159528
Node 573, 516.8613560681688
Node 504, 380.4897513122446
Node 501, 377.3676623599386
Node 322, 235.76435121979253
Node 570, 507.22323385273603
Node 230, 213.75458562793264
Node 255, 218.1097437461724
Node 602, 621.2137085270979
Node 304, 231.15034580221476
Node 60, 17.00159729595982
Node 551, 466.26634075767134
Node 391, 259.35367429458745
Node 622, 690.283057872174
Node 601, 620.5454184594973
Node 484, 352.3310616650893
Node 251, 217.5280660539616
Node 238, 215.28477213447076
Node 223, 212.94709952474824
Node 182, 207.42243833686555
Node 136, 203.88969142463182
Node 78, 167.5930278410269
Node 210, 211.26180905612478
Node 102, 200.97869413000262
Node 231, 213.83978573808588
Node 499, 376.91227747467053
Node 447, 303.0231536151094
Node 271, 221.0029368553616
Node 402, 265.62016703229864
Node 312, 233.17895125448632
Node 468, 327.5403025345994
Node 435, 290.5990109520123
Node 204, 210.7897409586661
