Node, generations
Node 741, 5812.269838449335
Node 391, 2115.047249321717
Node 232, 1045.0176733253613
Node 116, 484.0746372029457
Node 58, 142.27874411735806
Node 32, 52.50390495014957
Node 106, 427.4327357531933
Node 378, 2052.077635786815
Node 55, 137.55278391091724
Node 25, 29.40329836774134
Node 23, 17.524418010309482
Node 83, 237.35825072671676
Node 20, 7.014407555772831
Node 573, 3216.0710671347756
Node 82, 194.1216926271634
Node 56, 137.68228012108136
Node 518, 2776.029946589194
Node 33, 60.1961008789918
Node 27, 43.13343851071078
