Node, generations
Node 1279, 17287.493290154653
Node 451, 304.5046883919295
Node 1118, 12740.183942768504
Node 489, 341.65732159351666
Node 466, 316.97083694845566
Node 140, 203.72434114609914
Node 816, 4942.858248455571
Node 392, 263.2913626497777
Node 357, 245.50068131091103
Node 374, 253.9170139952009
Node 256, 217.86916213055642
Node 685, 1126.64438293983
Node 549, 437.7750712230854
Node 216, 211.4841253571936
Node 667, 959.8262767414019
Node 594, 593.3892049829612
Node 339, 239.62041841885852
Node 151, 205.06067547683242
Node 168, 206.30710668117632
Node 116, 202.43079346289662
Node 571, 503.37405998241144
Node 504, 359.85478065944113
Node 413, 278.9784800868885
Node 484, 337.70871543693846
Node 434, 290.1000289379482
Node 210, 210.70925111798252
Node 176, 206.8191312153599
Node 424, 284.27006588682514
Node 261, 218.36044730732826
Node 347, 242.42539019364193
Node 220, 212.0611298675616
Node 136, 203.61303672715633
Node 312, 229.86664069353057
Node 226, 213.22643181152026
Node 512, 370.5838635246551
Node 470, 320.2083115888114
Node 384, 256.1970570605214
Node 318, 231.53169576062862
Node 185, 207.38168259999944
Node 282, 223.99192606598734
Node 280, 223.74205880212966
Node 208, 210.56659890533973
Node 269, 220.7117674549692
Node 408, 272.5543131237174
Node 218, 211.7215328988383
Node 310, 229.5855515105889
Node 606, 643.3272827679959
Node 336, 238.57190248783223
Node 555, 453.24461909176057
Node 513, 372.4083202039385
Node 154, 205.14742514408601
Node 495, 347.30865056654966
Node 86, 171.3801475334963
Node 482, 337.52730634820296
Node 388, 258.0763024445692
Node 350, 243.8625429068238
Node 114, 202.08601609712179
Node 80, 145.25048739935534
Node 401, 268.04027729799543
