Node, generations
Node 841, 8797.404933733289
Node 268, 1332.3221615354958
Node 84, 229.58031212427463
Node 66, 166.26069964225087
Node 22, 32.41513202613533
Node 89, 302.2521607628807
Node 34, 76.03681682956768
Node 20, 19.073403054366015
Node 556, 2941.51123628203
Node 553, 2907.476509502652
Node 230, 1125.1445869562654
Node 28, 48.98004258693522
Node 181, 840.4710971016623
Node 540, 2722.0314219478087
Node 285, 1408.8448690909302
Node 76, 189.99863691718832
Node 23, 35.09467416147499
Node 231, 1125.2102183890413
Node 42, 87.5854569116207
