Node, generations
Node 3224, 25585.126188704686
Node 2012, 7804.666497350637
Node 1519, 4358.594499632755
Node 950, 1777.2552118057283
Node 551, 267.96796406986704
Node 437, 229.36991840394177
Node 405, 223.57278114451287
Node 367, 217.60288295834098
Node 850, 1311.060341765351
Node 705, 578.302813931796
Node 769, 954.2642846668509
Node 496, 247.32941136568974
Node 279, 207.23661512045274
Node 1424, 3819.54944298922
Node 628, 333.7171326419932
Node 547, 266.4069129778063
Node 403, 223.159535947838
Node 124, 147.34009505729978
Node 123, 147.28334871552275
Node 379, 219.4308987009582
Node 189, 201.97691464160525
Node 521, 254.60519275537595
Node 280, 207.23826031066466
Node 1123, 2417.799142747274
Node 426, 227.60364668074945
Node 1022, 2074.4440764317396
Node 667, 380.17830468066836
Node 92, 67.782018097748
Node 693, 490.18466501297877
Node 669, 382.74253584452237
Node 641, 348.5166498393524
Node 613, 317.28620132491506
Node 261, 205.74387188849633
Node 203, 202.54373417853574
Node 664, 373.406028144446
Node 550, 267.46717614400046
Node 517, 254.07517498703714
Node 575, 285.60596628060057
Node 423, 226.76214031458636
Node 2205, 9620.436046692348
Node 675, 386.9841322134366
Node 81, 8.077899139611219
Node 661, 372.5864764782027
Node 508, 251.6848994801585
Node 171, 200.97545725340197
Node 457, 235.0206544817423
Node 107, 121.49173785255454
Node 205, 202.68983334085144
Node 577, 285.96806195041415
Node 466, 237.8290646129797
Node 407, 223.93571018771334
Node 747, 839.9972967865309
Node 658, 366.9171499715022
Node 549, 266.9462620547364
Node 89, 54.238245936869895
Node 80, 2.831874993602839
Node 525, 255.49934579729342
Node 522, 254.81143588381462
Node 415, 224.7823932264788
Node 353, 214.83552316925352
Node 438, 229.70364863434995
Node 164, 200.84204528638654
Node 523, 254.92859277876258
Node 366, 217.5123877427259
Node 206, 202.69931214407742
Node 389, 220.46435724646517
Node 212, 203.09663221709343
Node 665, 373.70143156753517
Node 645, 351.52102676149286
Node 138, 189.72786499791073
Node 626, 331.51576537257114
Node 416, 225.146034280852
Node 308, 210.0262907903965
Node 537, 260.00511109536836
Node 513, 252.91458547961136
Node 530, 257.31865985696055
Node 471, 238.68153208975497
Node 468, 237.9451702017556
Node 413, 224.65345410833112
