Node, generations
Node 1859, 39118.772259876074
Node 591, 2427.496108308985
Node 457, 1300.3709479879114
Node 315, 1072.5058933919363
Node 239, 1030.5790314885378
Node 274, 1043.74155470018
Node 1202, 16134.036427344254
Node 102, 937.2468983498268
Node 540, 1593.002407760832
Node 496, 1401.2549255644476
Node 472, 1330.9794797230215
Node 460, 1302.6175705867997
Node 439, 1259.770496029825
Node 151, 1006.3309872446838
Node 415, 1212.0901468009042
Node 366, 1126.9360142645673
Node 523, 1505.3814284328932
Node 273, 1041.9238265218466
Node 267, 1039.4427168552506
