node_generations, branch_length
4968.343030290115, 13408.14674708571
539.9723474620189, 4428.3706828280965
0.0, 539.9723474620189
499.2247590867789, 40.747588375240014
0.0, 499.2247590867789
230.72359307755588, 268.50116600922297
0.0, 230.72359307755588
0.0, 230.72359307755588
590.2306998886788, 4378.112330401436
0.0, 590.2306998886788
227.6602448366074, 362.57045505207145
0.0, 227.6602448366074
224.32046861914233, 3.3397762174650722
0.0, 224.32046861914233
0.0, 224.32046861914233
12009.140484606294, 6367.34929276953
458.18794590242527, 11550.952538703868
228.230675584539, 229.95727031788627
0.0, 228.230675584539
203.80531086898333, 24.425364715555673
0.0, 203.80531086898333
0.0, 203.80531086898333
401.61501975321346, 56.57292614921181
0.0, 401.61501975321346
314.9079580145207, 86.70706173869274
202.9752199191599, 111.9327380953608
0.0, 202.9752199191599
0.0, 202.9752199191599
277.98111615114055, 36.92684186338016
0.0, 277.98111615114055
0.0, 277.98111615114055
9822.531960235247, 2186.6085243710477
267.2516657759416, 9555.280294459304
0.0, 267.2516657759416
0.0, 267.2516657759416
549.1234091188103, 9273.408551116436
0.0, 549.1234091188103
0.0, 549.1234091188103
