Node, generations
Node 3665, 177457.87976308208
Node 1124, 5607.570079136975
Node 102, 84.37434844973765
Node 736, 2959.2244270321753
Node 116, 91.22082644710753
Node 97, 81.140227937755
Node 77, 70.39739517418714
Node 94, 79.44940280044965
Node 62, 58.378048896983664
Node 181, 149.89866903081
Node 1762, 11690.945070228396
Node 1363, 7492.228632445237
Node 689, 2735.929466643669
Node 227, 218.16075171847785
Node 56, 56.38456345892532
Node 252, 420.9271652093183
Node 218, 206.92255000056693
Node 126, 99.92420647934743
Node 1720, 11144.39836976402
Node 964, 4462.839015541299
Node 267, 536.8553487690832
Node 242, 295.74146337058795
Node 79, 71.34050168619733
Node 71, 63.26299755766605
Node 264, 525.5344225608013
Node 256, 478.0920272112484
Node 193, 159.456973132729
Node 138, 111.75770647805649
Node 849, 3795.0639213375657
Node 166, 137.7157070941995
Node 106, 85.27029907488671
Node 130, 104.1082081513878
Node 110, 87.1541869537264
Node 1623, 10075.20864267426
Node 147, 122.43536232041002
Node 49, 51.78210862617773
Node 83, 72.6478955374599
Node 43, 50.00963142486746
Node 73, 64.76898615586455
