node_generations, branch_length
3283.103487593693, 30719.034141606393
0.0, 3283.103487593693
0.0, 3283.103487593693
15703.708465535638, 18298.42916366445
3747.9504220715153, 11955.758043464122
281.0015310450543, 3466.948891026461
0.4417659956942438, 280.55976504936007
0.0, 0.4417659956942438
0.0, 0.4417659956942438
230.10641821385607, 50.89511283119825
0.0, 230.10641821385607
0.0, 230.10641821385607
1174.4611124215949, 2573.4893096499204
336.6530064013498, 837.8081060202451
0.0, 336.6530064013498
334.8986803441412, 1.7543260572085728
237.5309680966063, 97.36771224753491
0.0, 237.5309680966063
0.0, 237.5309680966063
293.78028546278745, 41.118394881353765
0.0, 293.78028546278745
0.0, 293.78028546278745
348.25295276976055, 826.2081596518343
0.0, 348.25295276976055
0.0, 348.25295276976055
13220.771463072486, 2482.9370024631517
0.0, 13220.771463072486
5695.955344646071, 7524.8161184264145
2253.822151914819, 3442.133192731252
259.6029274811806, 1994.2192244336386
0.0, 259.6029274811806
0.0, 259.6029274811806
270.28431959684104, 1983.5378323179782
0.0, 270.28431959684104
221.2695527967681, 49.01476680007295
0.0, 221.2695527967681
204.33169758569315, 16.937855211074947
0.0, 204.33169758569315
0.0, 204.33169758569315
4501.004991088938, 1194.950353557133
338.8211055485727, 4162.183885540366
221.98644474953332, 116.83466079903937
0.0, 221.98644474953332
217.67737311457893, 4.3090716349543925
0.0, 217.67737311457893
0.0, 217.67737311457893
309.58705983491615, 29.234045713656542
0.0, 309.58705983491615
289.1577412036464, 20.429318631269723
0.0, 289.1577412036464
217.96539203570728, 71.19234916793914
0.0, 217.96539203570728
216.52978140138384, 1.4356106343234387
0.0, 216.52978140138384
0.0, 216.52978140138384
4166.09985988624, 334.9051312026986
337.55070356657626, 3828.5491563196633
0.0, 337.55070356657626
208.22374874503146, 129.3269548215448
0.0, 208.22374874503146
0.0, 208.22374874503146
3937.289556139954, 228.81030374628563
1504.4014569811848, 2432.8880991587694
0.0, 1504.4014569811848
266.8832890217974, 1237.5181679593875
226.65930551661586, 40.223983505181536
0.0, 226.65930551661586
213.84202765209292, 12.817277864522936
0.0, 213.84202765209292
0.0, 213.84202765209292
229.74677535247946, 37.136513669317935
0.0, 229.74677535247946
0.0, 229.74677535247946
3096.9807848274913, 840.3087713124628
0.0, 3096.9807848274913
231.0068547802875, 2865.973930047204
0.0, 231.0068547802875
0.0, 231.0068547802875
