node_generations, branch_length
1900.2448347564489, 9679.241381032223
828.5817628115756, 1071.6630719448733
0.0, 828.5817628115756
0.0, 828.5817628115756
1840.3679939426097, 59.87684081383918
1015.6531176194513, 824.7148763231584
0.0, 1015.6531176194513
0.0, 1015.6531176194513
1634.0423262658326, 206.32566767677713
1425.1304861414899, 208.9118401243427
208.51305065838875, 1216.6174354831012
0.0, 208.51305065838875
0.0, 208.51305065838875
1147.758391709513, 277.37209443197685
1006.4232081732076, 141.3351835363054
0.0, 1006.4232081732076
0.0, 1006.4232081732076
1138.857906840051, 8.900484869461934
0.0, 1138.857906840051
0.0, 1138.857906840051
1445.3957006229762, 188.6466256428564
1325.96617172568, 119.42952889729622
0.0, 1325.96617172568
1297.1286531742803, 28.837518551399626
1024.547390153645, 272.58126302063533
0.0, 1024.547390153645
0.0, 1024.547390153645
1177.2751771076105, 119.85347606666983
1054.9866533125316, 122.28852379507885
0.0, 1054.9866533125316
0.0, 1054.9866533125316
1109.9200943703347, 67.35508273727578
1033.9928784940248, 75.9272158763099
0.0, 1033.9928784940248
0.0, 1033.9928784940248
1044.3252718272038, 65.59482254313093
0.0, 1044.3252718272038
1039.1743837692222, 5.150888057981547
0.0, 1039.1743837692222
1002.815092102308, 36.35929166691426
0.0, 1002.815092102308
10.034311354505325, 992.7807807478026
0.0, 10.034311354505325
0.0, 10.034311354505325
1417.85501366563, 27.540686957346225
1047.6885001258697, 370.1665135397602
0.0, 1047.6885001258697
0.0, 1047.6885001258697
1407.3972277498426, 10.457785915787326
0.0, 1407.3972277498426
1111.5318015902576, 295.865426159585
0.0, 1111.5318015902576
1027.332652872152, 84.19914871810556
0.0, 1027.332652872152
0.0, 1027.332652872152
7451.663458885622, 4127.8227569030505
1281.4333136848486, 6170.230145200774
1023.6627186050692, 257.77059507977935
0.0, 1023.6627186050692
0.0, 1023.6627186050692
1162.9031374241724, 118.53017626067617
1007.1271540127108, 155.77598341146165
0.0, 1007.1271540127108
752.3446192465304, 254.78253476618033
0.0, 752.3446192465304
0.0, 752.3446192465304
1107.440231586254, 55.46290583791847
0.0, 1107.440231586254
0.0, 1107.440231586254
1736.3138565682982, 5715.349602317324
1096.2424751483072, 640.071381419991
0.0, 1096.2424751483072
0.0, 1096.2424751483072
1120.3123829768488, 616.0014735914494
0.0, 1120.3123829768488
1001.6852235600173, 118.62715941683143
0.0, 1001.6852235600173
0.0, 1001.6852235600173
