node_generations, branch_length
1057.8913523357714, 8462.755980188818
0.0, 1057.8913523357714
704.6241707487828, 353.2671815869886
204.49924160541184, 500.124929143371
0.0, 204.49924160541184
0.0, 204.49924160541184
648.2156838525651, 56.40848689621771
0.0, 648.2156838525651
274.23337259834756, 373.98231125421756
0.0, 274.23337259834756
0.0, 274.23337259834756
1122.9045028538285, 8397.742829670762
595.0776014255468, 527.8269014282816
323.67831059536985, 271.399290830177
0.0, 323.67831059536985
276.62238983659955, 47.0559207587703
270.0067643728482, 6.615625463751371
0.0, 270.0067643728482
0.0, 270.0067643728482
271.05714696898934, 5.565242867610209
203.85399296595867, 67.20315400303068
0.0, 203.85399296595867
0.0, 203.85399296595867
207.04242105752746, 64.01472591146188
0.0, 207.04242105752746
0.0, 207.04242105752746
508.436910812476, 86.64069061307083
213.78628270952746, 294.65062810294853
0.0, 213.78628270952746
0.0, 213.78628270952746
487.0109494165685, 21.425961395907507
257.96636518698506, 229.04458422958345
0.0, 257.96636518698506
0.0, 257.96636518698506
355.65642992418395, 131.35451949238455
0.0, 355.65642992418395
0.0, 355.65642992418395
809.4277943440509, 313.4767085097776
348.074328261122, 461.3534660829289
0.0, 348.074328261122
136.9558048406451, 211.1185234204769
0.0, 136.9558048406451
0.0, 136.9558048406451
721.7169847642756, 87.71080957977529
653.2546742215015, 68.46231054277405
401.0364499048302, 252.21822431667135
352.1958846622726, 48.8405652425576
245.1355100229942, 107.0603746392784
216.47609819041986, 28.659411832574335
0.0, 216.47609819041986
208.12712913244022, 8.348969057979645
0.0, 208.12712913244022
0.0, 208.12712913244022
241.83331387438864, 3.30219614860556
0.0, 241.83331387438864
0.0, 241.83331387438864
350.523197394798, 1.6726872674746005
0.0, 350.523197394798
0.0, 350.523197394798
400.3277114578897, 0.7087384469405151
0.0, 400.3277114578897
0.0, 400.3277114578897
440.2563421006426, 212.99833212085895
0.0, 440.2563421006426
5.032922291347873, 435.22341980929474
0.0, 5.032922291347873
0.0, 5.032922291347873
679.525661721791, 42.191323042484555
0.0, 679.525661721791
284.33281684854865, 395.1928448732424
0.0, 284.33281684854865
252.5360895552134, 31.796727293335238
0.0, 252.5360895552134
245.97431684581804, 6.56177270939537
0.0, 245.97431684581804
224.1521126514745, 21.822204194343527
0.0, 224.1521126514745
0.0, 224.1521126514745
