Node, generations
Node 2380, 21536.8101138897
Node 1295, 4852.951160704963
Node 815, 1124.2629278499373
Node 534, 1014.2077740624081
Node 86, 364.5949752933308
Node 963, 1482.8288238337273
Node 782, 1091.8431406370566
Node 704, 1049.724603190157
Node 687, 1045.4315593015206
Node 567, 1018.4347274074695
Node 855, 1181.92256948679
Node 259, 862.3917786180614
Node 142, 538.3910334504366
Node 1815, 11039.694344177766
Node 880, 1237.8120763147874
Node 866, 1202.7568373334577
Node 581, 1019.6925544570097
Node 1654, 8792.15610635222
Node 965, 1590.2946405039224
Node 877, 1232.5721614635831
Node 578, 1019.1130995186095
Node 867, 1203.1214687958907
Node 791, 1099.8644584089293
Node 776, 1085.2169067763994
Node 768, 1078.4252248436133
Node 611, 1025.1366792785914
Node 291, 925.5825289452107
Node 783, 1092.010668956549
Node 847, 1166.9625647686466
Node 799, 1106.2144363200084
Node 818, 1127.5914234268243
Node 1095, 3089.921064066152
Node 893, 1261.7933809508252
Node 585, 1020.0023836652008
Node 872, 1215.7675450572558
Node 788, 1096.1686574683622
Node 779, 1089.1457911210134
Node 681, 1043.6701050299355
Node 948, 1421.3746472959333
