Node, generations
Node 3284, 42116.28273445291
Node 1906, 10280.215845468232
Node 1430, 5692.380787192206
Node 533, 922.3067349624017
Node 426, 240.21623564052038
Node 293, 101.61425736532934
Node 94, 50.76783563557488
Node 335, 138.6973950928388
Node 491, 684.3741529979259
Node 359, 159.85293606825053
Node 1536, 6558.168552352136
Node 422, 235.0594301964911
Node 156, 58.431392591840776
Node 302, 106.49635331402422
Node 90, 50.57164368000069
Node 461, 458.91069136653533
Node 216, 72.192050156259
Node 154, 57.901942246076956
Node 430, 245.75170926069848
Node 333, 135.30339805237668
Node 417, 230.12261722760164
Node 284, 96.73443003147975
Node 265, 91.1610209238957
Node 222, 73.14788248304251
Node 229, 75.48398736681453
Node 2487, 19185.120103811856
Node 766, 1860.2395163630354
Node 315, 117.68268744044742
Node 195, 65.42708342793479
Node 108, 52.44122533816243
Node 81, 3.9740408015186692
Node 441, 308.40706387543133
Node 181, 62.614220524336204
Node 121, 54.67422298135544
Node 404, 205.74454761462707
Node 116, 53.50140099139357
Node 88, 50.52016861397037
Node 92, 50.65847235496205
Node 307, 108.21555931042191
Node 80, 2.0504610757578434
Node 1062, 3374.175917270466
Node 409, 214.55295701920116
Node 268, 91.37595785529643
Node 400, 203.32391613900796
Node 363, 164.11955283925343
Node 277, 93.81344816176087
Node 351, 152.47737443349774
Node 331, 131.98052042970943
Node 1027, 3184.487151199673
Node 572, 1101.088124004692
Node 332, 133.73301485361597
Node 227, 75.43901128372737
Node 218, 72.79125519567262
Node 162, 59.752312253723304
Node 369, 170.8365227090421
Node 285, 97.02496238629044
Node 261, 89.25003009064821
Node 260, 88.68560353763336
Node 141, 56.73338308724999
Node 263, 90.04622784056028
Node 248, 81.74639299686582
Node 153, 57.73546616468419
Node 262, 89.56366370158554
Node 238, 78.48875507633339
Node 358, 158.8839023053594
Node 213, 71.76206987498672
Node 159, 58.71976331476416
Node 640, 1371.6059192887378
Node 377, 178.98346938690995
Node 212, 71.09783289885421
Node 148, 57.2333022597673
Node 405, 208.04415640059312
Node 179, 62.15617385018016
Node 163, 59.779754238512865
Node 155, 57.94309508532817
Node 85, 50.02019594409617
Node 271, 92.14339467420044
Node 173, 61.07917550614451
Node 241, 79.29070360859858
