node_generations, branch_length
3935.540444903529, 1596.0014809893532
1053.0696453317828, 2882.4707995717463
0.0, 1053.0696453317828
1050.1480131290168, 2.921632202765977
0.0, 1050.1480131290168
1013.6822042584392, 36.465808870577575
0.0, 1013.6822042584392
0.0, 1013.6822042584392
2982.70270378439, 952.8377411191391
0.0, 2982.70270378439
0.0, 2982.70270378439
4839.486925953988, 692.0549999388941
1315.8424168376248, 3523.644509116363
1005.4088502997033, 310.4335665379215
0.0, 1005.4088502997033
0.0, 1005.4088502997033
1266.0942531325431, 49.74816370508165
1054.8462043187283, 211.24804881381488
0.0, 1054.8462043187283
1016.0588914886899, 38.78731283003833
0.0, 1016.0588914886899
1004.811234433327, 11.247657055362993
0.0, 1004.811234433327
648.9170649865322, 355.89416944679476
0.0, 648.9170649865322
0.0, 648.9170649865322
1104.9598263754424, 161.13442675710075
0.0, 1104.9598263754424
512.9022940938265, 592.0575322816159
0.0, 512.9022940938265
0.0, 512.9022940938265
1397.2716754558019, 3442.2152504981864
0.0, 1397.2716754558019
1172.1575897686998, 225.11408568710203
0.0, 1172.1575897686998
995.7106885111752, 176.4469012575246
0.0, 995.7106885111752
0.0, 995.7106885111752
