Node, generations
Node 1676, 56956.02455231102
Node 1060, 2344.836591098903
Node 40, 59.2153408174824
Node 975, 1734.3873454857987
Node 787, 1149.8233409776483
Node 752, 1105.0478789411786
Node 845, 1250.3109083837583
Node 767, 1117.4157696569332
Node 1118, 3648.2788497702695
Node 814, 1189.7034128869934
Node 728, 1085.9913380695803
Node 660, 1049.6717548178044
Node 498, 1012.7554320906634
Node 506, 1013.2378511146699
Node 376, 1003.5452227868884
Node 1013, 1956.4315274756243
Node 721, 1081.040439525627
Node 613, 1032.6096158287332
Node 127, 525.7867000356961
Node 634, 1042.3603074253251
Node 977, 1741.5280490605626
Node 789, 1152.1764129826133
Node 451, 1008.2171414177037
Node 936, 1526.3996400658489
Node 823, 1217.905776787751
Node 818, 1194.2883957152683
Node 694, 1063.2691688717775
Node 248, 874.9717980987614
Node 94, 396.26313028059315
Node 685, 1059.497816828759
Node 805, 1168.7073225557488
Node 65, 261.38650569109456
Node 799, 1162.8592676213805
Node 697, 1064.8358650312975
Node 68, 285.7598762469701
Node 797, 1159.3298329212253
Node 878, 1343.2026011901999
Node 714, 1076.9317945475425
Node 71, 288.6020997849924
