Node, generations
Node 2878, 54432.14207138281
Node 1692, 1259.0430730077894
Node 1690, 1258.3106213787835
Node 1579, 1099.3715140793015
Node 1308, 1016.0032062217482
Node 1386, 1024.4160899519468
Node 1372, 1022.3079450707563
Node 1283, 1014.1069328466195
Node 566, 683.8879117172173
Node 2289, 16874.346456256924
Node 1801, 1635.309976301618
Node 1691, 1258.8100178471132
Node 1468, 1045.8979611179225
Node 80, 8.206643118701768
Node 1127, 1005.9375810930163
Node 1675, 1225.3660789247367
Node 1745, 1391.339219958594
Node 1672, 1215.55818439294
Node 113, 117.92570605957474
Node 1339, 1019.2279351167432
Node 1297, 1015.3791158398285
Node 1039, 1003.1296837445599
Node 81, 19.467041419107126
Node 83, 29.05082330177721
Node 1733, 1365.517025135253
Node 1712, 1298.3450894662358
Node 1637, 1151.966755584732
Node 1271, 1013.5155054730162
Node 1091, 1004.6257961611285
Node 338, 480.2087966387788
Node 1532, 1066.3079660762446
Node 1401, 1027.4673332594011
Node 1373, 1022.4045337772994
Node 413, 546.0394579161724
Node 106, 102.3888683964821
Node 138, 180.18028658134662
Node 1648, 1170.815775587336
Node 1561, 1083.141108586245
Node 1715, 1301.5524061015556
Node 1438, 1036.0078288139405
Node 818, 915.1340079278264
Node 662, 773.0026624490011
Node 177, 267.9642926611761
Node 700, 809.475295983057
Node 576, 690.2230812420912
Node 1710, 1296.7212815846347
Node 376, 510.76339386318347
Node 1569, 1093.22243443218
Node 1507, 1055.6856458607324
Node 303, 441.70194311473887
Node 1407, 1028.8201229783876
Node 407, 538.2469894158971
Node 986, 1001.4728916718614
Node 1871, 2135.33561893381
Node 1608, 1121.7952222067688
Node 987, 1001.4954748859867
Node 88, 54.787889049296965
Node 554, 667.7985458900514
Node 1599, 1116.2215596891726
Node 1254, 1012.3212823390655
Node 1516, 1059.3316910577837
Node 1260, 1012.6579273279735
Node 792, 892.0936881994745
Node 1355, 1020.9957166019802
Node 1198, 1009.0331148076021
Node 591, 704.5325274623297
Node 127, 154.57991323951012
Node 1830, 1780.7064264961732
Node 1591, 1109.2922648846213
Node 128, 156.12478174243483
Node 1578, 1097.1979290918725
Node 1553, 1079.1172873819207
Node 1293, 1014.7171146203252
Node 1201, 1009.2253508263419
Node 1615, 1129.4540889352065
Node 1337, 1018.7218219180805
Node 1586, 1105.302449711817
Node 1462, 1042.0872868176532
Node 1411, 1029.0405453258759
