Node, generations
Node 2409, 37181.74877762095
Node 1489, 2329.603845613562
Node 1284, 1247.344063910779
Node 1061, 1046.5662645302662
Node 655, 1001.4263095317009
Node 998, 1029.4192066222129
Node 1161, 1097.7640038337624
Node 976, 1026.0424515975712
Node 864, 1012.9857429917053
Node 799, 1008.7509237418317
Node 1343, 1434.8074326366934
Node 1217, 1144.6549441714412
Node 490, 856.7081508225301
Node 1113, 1067.61316875987
Node 924, 1017.5221518787547
Node 1970, 18097.104196541477
Node 1520, 3355.715256008933
Node 1223, 1149.9234120938247
Node 1201, 1127.2020110240944
Node 1056, 1046.3503697155443
Node 966, 1023.982287764483
Node 895, 1015.1685651160373
Node 161, 376.80867292602926
Node 1159, 1093.6859081699354
Node 1008, 1031.8447143609712
Node 177, 414.62358592212075
Node 1060, 1046.4998360590323
Node 524, 906.5951647044838
Node 267, 569.5932060093345
Node 935, 1018.552266054531
Node 61, 35.88426145283985
Node 1472, 2152.9277870400474
Node 1462, 2042.8364311187518
Node 1348, 1441.6944050972559
Node 1141, 1080.761537063827
Node 645, 1001.1224252493853
Node 1212, 1136.5708346534889
Node 663, 1001.7212005307726
Node 1360, 1488.9952656077578
Node 1334, 1392.5481059749902
Node 1258, 1191.8315245067306
Node 1220, 1147.1078934262878
Node 1127, 1073.2845559036218
Node 576, 970.354520212153
Node 548, 932.3856318329506
Node 240, 523.6685086889662
Node 1197, 1123.9562731247356
Node 1196, 1123.059557201887
Node 387, 732.7919508824467
Node 192, 449.3819308106604
Node 1338, 1409.2157290098467
Node 1143, 1081.8177205815223
Node 1279, 1230.7205798739362
Node 1186, 1114.8730762848006
Node 361, 698.4326994659955
Node 158, 373.8818201091122
Node 1171, 1103.3434121523608
Node 1092, 1057.4219444171486
Node 97, 215.8594924917901
