Node, generations
Node 2570, 17875.62161775954
Node 1248, 1163.5004779118806
Node 862, 1009.6171372295667
Node 1234, 1143.8623150394149
Node 997, 1026.6417490525714
Node 153, 342.7173444235222
Node 1019, 1030.9340295390648
Node 404, 722.6309360346115
Node 318, 604.5186410339212
Node 704, 1002.4388574758638
Node 2339, 13865.47912566052
Node 1910, 7740.9636744852605
Node 1467, 2656.2569631764673
Node 1116, 1060.846497396632
Node 953, 1018.8963605510157
Node 195, 410.63474604645745
Node 1013, 1029.8209595355822
Node 1356, 1369.9007440035257
Node 1216, 1114.1981666031743
Node 1158, 1080.7733745126225
Node 996, 1026.311380412463
Node 1202, 1101.6223875825879
Node 452, 779.5898565863272
Node 173, 372.37631557670716
Node 1101, 1053.899388792779
Node 835, 1008.3374472737119
Node 2300, 13229.573091884267
Node 1465, 2622.375821266388
Node 1157, 1079.9904313756954
Node 1108, 1057.5389761224646
Node 1305, 1263.8209505080513
Node 1219, 1116.2976888512499
Node 1186, 1092.8277104749138
Node 1184, 1091.9297094255955
Node 1050, 1036.3202973267585
Node 435, 752.7170257454093
Node 191, 402.92498123608084
Node 82, 177.31039829837374
Node 583, 958.3970260582197
Node 1270, 1194.8772162716057
Node 892, 1011.6394822317824
Node 294, 569.3696083812549
Node 1541, 3481.104883749289
Node 753, 1003.7476798474668
Node 1352, 1356.961346590222
Node 1154, 1079.1731242564435
Node 1278, 1212.0322833602288
Node 1170, 1084.3913204637565
Node 506, 849.2685263232993
Node 1113, 1058.9522939111223
Node 122, 282.08486066467236
Node 137, 303.31029224359196
Node 1272, 1199.501227187729
Node 1139, 1070.7397464155144
Node 382, 688.5023293196635
Node 1239, 1151.8213070724207
Node 1033, 1032.4558398474392
Node 972, 1022.2695144894415
Node 1123, 1062.8108791934576
