Node, generations
Node 2205, 29192.112836491135
Node 1503, 13982.723022273613
Node 188, 1093.1972631878084
Node 90, 232.02664129455192
Node 96, 242.15851578192903
Node 413, 2503.67323987964
Node 47, 127.8822165811512
Node 1619, 16080.21987210944
Node 707, 4651.5175430884565
Node 98, 247.4063839353307
Node 83, 208.30080735427873
Node 100, 252.22891530162062
Node 1579, 15322.722948253357
Node 20, 52.81684786556554
Node 1370, 12054.610407294243
Node 130, 320.22990715189445
Node 52, 141.07115556548206
Node 1182, 9501.66087944212
Node 33, 111.87367968924963
