Node, generations
Node 953, 7302.272553775101
Node 146, 157.83871996155366
Node 633, 2737.4064207893407
Node 502, 2029.0716564364875
Node 130, 128.8852963814669
Node 84, 66.646701836428
Node 48, 15.159327983627856
Node 57, 29.948158998201993
Node 44, 11.461557101189467
Node 40, 0.27008196141776397
Node 483, 1981.4737330412916
Node 64, 35.440836662118315
Node 277, 951.8006419748524
Node 118, 113.13622215694235
Node 110, 97.19586300499293
Node 60, 32.645031211500836
Node 46, 13.759121131205058
Node 41, 0.677029646613365
Node 54, 25.011414299427283
Node 51, 17.669075321511205
Node 227, 664.1667032765026
Node 50, 17.591783760601636
Node 566, 2294.8707564112283
Node 381, 1362.8092554397385
Node 307, 1049.021388322646
Node 155, 180.01417927765345
Node 49, 15.634138990520118
Node 233, 706.3102687333613
Node 80, 58.903327775111705
Node 55, 25.121144324893116
Node 514, 2067.8348009447905
Node 90, 70.37215400815073
Node 66, 37.61374028216132
Node 72, 46.0546491785512
Node 221, 610.7504291432842
Node 101, 82.31488925609999
Node 88, 68.15432127970453
Node 132, 136.5308136982106
Node 126, 125.7428704130684
