node_generations, branch_length
166.10341698579268, 18679.048503243448
0.0, 166.10341698579268
119.30232109561689, 46.80109589017579
0.0, 119.30232109561689
0.0, 119.30232109561689
11603.78439443367, 7241.367525795571
5233.000959093691, 6370.7834353399785
0.0, 5233.000959093691
1421.6724620306024, 3811.3284970630884
0.0, 1421.6724620306024
205.8065948217985, 1215.865867208804
0.0, 205.8065948217985
179.36495389072587, 26.44164093107264
0.0, 179.36495389072587
81.13548926782242, 98.22946462290345
0.0, 81.13548926782242
65.18802786959182, 15.947461398230601
0.0, 65.18802786959182
0.0, 65.18802786959182
9140.028083801159, 2463.7563106325106
165.4465912474262, 8974.581492553732
0.0, 165.4465912474262
149.584042198188, 15.862549049238197
0.0, 149.584042198188
0.0, 149.584042198188
8432.26691009031, 707.7611737108491
192.13361385170234, 8240.133296238608
0.0, 192.13361385170234
57.26979892148942, 134.86381493021292
0.0, 57.26979892148942
0.0, 57.26979892148942
4181.741869484673, 4250.525040605637
57.941043671538694, 4123.800825813134
0.0, 57.941043671538694
0.0, 57.941043671538694
717.1250868975103, 3464.6167825871626
0.0, 717.1250868975103
0.0, 717.1250868975103
