Node, generations
Node 755, 8469.731359023343
Node 375, 1141.6410820776478
Node 244, 1032.5580899361826
Node 233, 1027.2335762563703
Node 278, 1052.8920874960086
Node 684, 5882.883710469652
Node 525, 1656.200073836013
Node 245, 1034.5090712756753
Node 56, 608.7483878402965
Node 515, 1578.0568281077747
Node 479, 1441.749932649433
Node 435, 1281.9524451510142
Node 389, 1157.4003772442154
Node 269, 1047.5034721117884
Node 240, 1030.0686963402231
Node 429, 1258.0827328302491
Node 423, 1240.013050407297
Node 392, 1159.9480856135299
Node 20, 16.93821980528932
