Node, generations
Node 3247, 21786.801262610617
Node 2075, 4633.656871308431
Node 1654, 1240.5074953890503
Node 966, 1002.5397483891898
Node 336, 482.40592180266714
Node 1555, 1113.4077372788654
Node 1377, 1035.9141845578042
Node 1515, 1084.6072816304088
Node 963, 1002.515128832249
Node 547, 715.3147664734176
Node 783, 944.1220229191293
Node 1449, 1054.6510729981487
Node 1351, 1027.5950485181622
Node 1295, 1020.2602885111571
Node 454, 615.4299352161502
Node 142, 190.0377726156476
Node 1405, 1041.8735300228363
Node 2023, 4112.212542453995
Node 1710, 1349.2515641708176
Node 1637, 1209.889653611224
Node 1478, 1065.136459233436
Node 409, 558.8967498261201
Node 123, 140.78371865911888
Node 1460, 1057.881391241877
Node 1319, 1022.8787383055247
Node 89, 56.21731418234618
Node 1495, 1072.9879087116012
Node 1673, 1260.9451793721544
Node 1457, 1056.409162548872
Node 1397, 1040.6360109242648
Node 669, 839.6170952795414
Node 1664, 1256.6376335101347
Node 1542, 1103.315231906906
Node 775, 935.6531898766918
Node 1482, 1068.6609053971647
Node 599, 776.537971990382
Node 1163, 1009.8400904575306
Node 97, 77.42023695132619
Node 395, 534.368660301826
Node 92, 60.121608139886
Node 1650, 1234.4636270861877
Node 1021, 1004.295374714576
Node 956, 1002.2743653788879
Node 1585, 1139.928781243918
Node 1569, 1123.0692141079307
Node 1469, 1060.3133034186358
Node 101, 93.7125385133237
Node 1552, 1109.3519592186012
Node 1349, 1027.4263116111804
Node 596, 767.756712128912
Node 261, 387.2911209590439
Node 1477, 1064.929680454021
Node 145, 205.62998350617596
Node 1312, 1022.1849657508941
Node 1153, 1009.2677236159806
Node 523, 689.0934094292342
Node 498, 670.620476044668
Node 1751, 1450.4246781482018
Node 87, 52.94938068043812
Node 2501, 9069.763784241402
Node 2084, 4698.256918618842
Node 1894, 2974.084392881451
Node 835, 997.6833354683821
Node 1748, 1440.279248727689
Node 1485, 1069.9591287000724
Node 1350, 1027.4402423815761
Node 1331, 1024.2401120992085
Node 1370, 1033.5218846840469
Node 182, 283.2061638121888
Node 1682, 1282.2021954096183
Node 540, 709.3295820002587
Node 2058, 4459.7649284964655
Node 1712, 1356.0066096778808
Node 1124, 1008.2404825392487
Node 711, 879.4671636563729
Node 1589, 1147.415462769792
Node 1185, 1010.8371877533774
Node 519, 687.6960562774952
Node 477, 647.7867894925793
