Node, generations
Node 3375, 26620.568333004787
Node 2026, 3929.9784544386403
Node 1794, 1450.5116553906512
Node 1726, 1253.1839187662563
Node 1169, 1006.2326102552096
Node 263, 362.1762000716949
Node 1709, 1227.8577215442815
Node 1591, 1084.0743483618376
Node 1468, 1035.5056001730068
Node 1696, 1193.5825266224679
Node 1616, 1099.7520268462295
Node 1276, 1012.6391001801828
Node 1661, 1149.004704546173
Node 409, 536.292880533546
Node 1479, 1037.5125751040478
Node 91, 53.72549648626631
Node 1289, 1013.41198462301
Node 481, 619.3614724387496
Node 97, 71.56781905780205
Node 222, 289.5460512188746
Node 1830, 2015.750843855837
Node 1357, 1018.6748816228363
Node 204, 274.77920790904005
Node 1714, 1238.2147877519235
Node 1694, 1191.5924567956295
Node 1670, 1159.0665066990125
Node 1480, 1037.8509921526997
Node 1269, 1012.1258894758379
Node 462, 599.7989085890346
Node 1469, 1035.6107034609736
Node 1263, 1011.6107995785817
Node 1669, 1158.9856798339583
Node 1612, 1095.978220268969
Node 1573, 1073.9167126860245
Node 1564, 1070.8563955673537
Node 556, 689.3173159160043
Node 326, 443.2705285178726
Node 139, 149.98189773935349
Node 1164, 1006.1578433788231
Node 1662, 1151.3961333374557
Node 102, 81.22604297195278
Node 100, 76.52979384884279
Node 1619, 1104.589029041816
Node 1392, 1022.7230429846473
Node 1325, 1016.1145475838504
Node 1212, 1008.1767358938232
Node 1356, 1018.4890167677521
Node 1042, 1002.7717130561846
Node 2623, 11222.017841517692
Node 2532, 9842.234666354932
Node 1796, 1465.7616538326258
Node 1651, 1137.9935831153998
Node 232, 307.3255026389974
Node 923, 1000.4135611292702
Node 364, 480.79635720857493
Node 1668, 1158.709732546417
Node 2175, 5357.705806954425
Node 1801, 1484.421740505463
Node 1715, 1239.7558610465592
Node 1554, 1065.9804418108383
Node 1280, 1012.8830037794519
Node 1638, 1122.8127341193574
Node 1351, 1018.2870747566461
Node 1222, 1008.8135834420304
Node 366, 483.31286447978533
Node 1757, 1323.2776450811907
Node 1470, 1035.8140228087875
Node 1150, 1005.6556766653387
Node 1291, 1013.44227940152
Node 1610, 1095.1279759091626
Node 1316, 1015.4167408149258
Node 166, 199.08550507047187
Node 205, 275.5860124556768
Node 1379, 1020.9337783883152
Node 1290, 1013.4189668023748
Node 2077, 4475.04431548986
Node 80, 19.721784529231584
Node 1620, 1104.884407294587
Node 1505, 1043.7697027247216
