Node, generations
Node 1035, 15618.00131572297
Node 539, 2093.284462444211
Node 287, 1057.4232900013167
Node 373, 1164.1117204506397
Node 338, 1116.316252164521
Node 101, 918.841743668002
Node 1031, 15545.791583823562
Node 471, 1494.2080418243402
Node 265, 1046.0415219706604
Node 369, 1162.4696577388581
Node 295, 1070.362454591861
Node 348, 1124.2377085479245
Node 835, 10424.04316823578
Node 447, 1383.3023935173335
Node 436, 1348.5046564026754
Node 250, 1037.636571551119
Node 125, 1001.8972399760293
Node 21, 153.15115317434726
Node 212, 1023.3506877547021
