Node, generations
Node 3552, 61386.856198258465
Node 1618, 1140.2618634299984
Node 183, 269.6514695958271
Node 1313, 1020.3092292170502
Node 3144, 35343.92090158865
Node 1813, 1658.2822184947702
Node 1741, 1364.779991041136
Node 1134, 1006.916337270429
Node 119, 142.50790584565215
Node 862, 979.6324338626985
Node 513, 654.6335688432886
Node 1700, 1265.9554315888456
Node 1625, 1146.269867709408
Node 1614, 1137.3144485240466
Node 935, 1000.8290532012982
Node 107, 119.59795946232111
Node 346, 495.53811840957604
Node 1585, 1110.2133911021383
Node 1389, 1031.8249267651308
Node 1446, 1045.0190119376482
Node 1182, 1009.1451286788732
Node 88, 74.39540091954403
Node 1673, 1212.3238128817243
Node 92, 83.46021134848675
Node 834, 952.1176023088817
Node 146, 199.12147673783886
Node 1805, 1615.6326540209734
Node 441, 593.9321366368112
Node 1642, 1164.5448436812037
Node 81, 36.43633408350073
Node 475, 629.8560271663883
Node 121, 143.86902574370276
Node 363, 521.4040849497078
Node 1955, 4144.772509913798
Node 1735, 1347.5374841551172
Node 484, 638.5975097883596
Node 1675, 1214.7029463933648
Node 1461, 1051.8877061910875
Node 538, 675.2842893578633
Node 1460, 1051.8347297598275
Node 1822, 1724.6047125493321
Node 1723, 1324.8420490906235
Node 1696, 1258.764278937277
Node 1530, 1077.8928967646784
Node 1524, 1075.3579833009533
Node 1468, 1053.5764487519598
Node 1081, 1005.1697895697276
Node 1462, 1052.0995792605208
Node 1291, 1017.666083764094
Node 1144, 1007.2082161938445
Node 1661, 1194.295488493504
Node 1451, 1045.6255101628922
Node 1171, 1008.5061246001063
Node 1415, 1036.9276465786418
Node 1129, 1006.754822679248
Node 860, 976.6096258966909
Node 80, 36.26794277714324
Node 1344, 1023.9844493384728
Node 1061, 1004.414397631209
Node 1246, 1014.2673104050664
Node 1713, 1295.4542844205762
Node 1785, 1512.1003284713602
Node 1592, 1119.4219331174763
Node 1004, 1002.3161811920504
Node 1542, 1083.3003242463742
Node 1340, 1023.6608946438582
Node 889, 1000.1068369100147
Node 1703, 1271.8916376291104
Node 571, 697.5420748747299
Node 1668, 1207.8547939429875
Node 1539, 1081.2688416711374
Node 1352, 1024.8080726337157
Node 1289, 1017.521567933957
Node 649, 776.7258728769772
Node 1582, 1109.3703077768312
Node 1031, 1003.117399558745
Node 168, 242.91406712301057
Node 1130, 1006.8043772437185
Node 870, 985.5262573165761
