Node, generations
Node 2746, 34049.4347760218
Node 1334, 1421.2291644292818
Node 1008, 1037.1545652577934
Node 513, 924.5443761611721
Node 357, 721.3139432744117
Node 1330, 1410.940466425071
Node 1248, 1234.8898131490675
Node 1158, 1122.1762018988823
Node 954, 1026.2431824648568
Node 1226, 1206.2309082902364
Node 1055, 1055.4445307184903
Node 1263, 1261.898908580994
Node 1256, 1249.7488916743046
Node 1243, 1229.9103631409048
Node 1080, 1066.6719230797792
Node 86, 186.17932892957472
Node 1041, 1050.5746707056512
Node 1191, 1150.7374707500032
Node 1967, 11767.75008277125
Node 1419, 1778.713443845807
Node 1266, 1267.886679473226
Node 328, 670.575446603414
Node 283, 615.5041042805701
Node 1025, 1043.6019478043568
Node 916, 1019.6833381995837
Node 1341, 1434.0807986051532
Node 967, 1027.9551903645815
Node 1317, 1374.0192404180964
Node 1201, 1173.1012143347757
Node 1121, 1092.5902761123918
Node 1268, 1272.0328003840857
Node 1060, 1057.0529012475695
Node 89, 198.25985655348927
Node 904, 1017.2469529687343
Node 845, 1011.9197996705204
Node 263, 584.9440572512461
Node 750, 1005.7404592474304
Node 737, 1004.9806289962621
Node 135, 333.33699754838676
Node 1656, 6198.447052771265
Node 347, 709.0870811017551
Node 1439, 1894.0728006767908
Node 1262, 1259.0266518739415
Node 758, 1005.926678737752
Node 208, 506.5417426708137
Node 1308, 1362.5789088295462
Node 1185, 1148.6581293349698
Node 1288, 1311.1582559510819
Node 987, 1031.8541762842049
Node 239, 549.4521631157531
Node 115, 292.0205473134964
Node 1146, 1109.9850182815778
Node 1132, 1101.3141306215136
Node 156, 388.86587063754143
Node 1144, 1108.4458900494474
Node 1029, 1044.9247686056074
Node 1062, 1057.495573241077
Node 1000, 1035.2411237398258
Node 711, 1003.9272153572006
