Node, generations
Node 3310, 13557.592047886721
Node 3035, 2919.061544663101
Node 2969, 2456.00318468515
Node 2921, 2310.5491795006346
Node 2460, 2013.096335038964
Node 157, 223.39196080917523
Node 2890, 2239.1116331678954
Node 2813, 2124.553831351832
Node 704, 821.1096621511615
Node 221, 317.91616844391825
Node 2780, 2101.7894676017263
Node 2222, 2002.5482839869965
Node 192, 276.7616985342473
Node 83, 37.329769204490646
Node 2209, 2002.363604210201
Node 1546, 1513.720157667279
Node 518, 673.5350173546412
Node 99, 114.9800964564831
Node 2765, 2094.1290256609495
Node 134, 188.76223554332444
Node 2929, 2346.6454397146763
Node 2805, 2118.2209725063526
Node 1598, 1553.0513128937291
Node 792, 905.7870445043134
Node 987, 1072.258907240632
Node 2803, 2116.426306465867
Node 2719, 2065.142632440084
Node 2693, 2055.732849934546
Node 2482, 2015.3936267633826
Node 2402, 2008.8788424670126
Node 82, 28.845042756248763
Node 2975, 2533.579655240013
Node 2857, 2187.2521348379387
Node 1218, 1250.046004802811
Node 2668, 2046.0078530152348
Node 2502, 2016.9975557331247
Node 2479, 2015.2406860984488
Node 2589, 2026.9719276992007
Node 2438, 2011.6186990737233
Node 2942, 2389.7471551653252
Node 1953, 1871.49341749766
Node 1320, 1330.7315452593696
Node 104, 121.68482322632917
Node 2863, 2195.3088524539094
Node 2839, 2164.9543893628934
Node 561, 712.1494949435746
Node 2736, 2071.2695491546947
Node 1298, 1312.2160203938047
Node 2849, 2176.456877778528
Node 2610, 2030.272167511711
Node 2794, 2113.9076174998117
Node 761, 871.1616076383626
Node 2688, 2053.859035641373
Node 3214, 9489.314920313223
Node 2852, 2182.8141776374086
Node 2789, 2108.20664373727
Node 2581, 2025.7184729659282
Node 2488, 2015.8403339863582
Node 1022, 1100.8811598854759
Node 2773, 2099.382563575071
Node 486, 646.9496089543592
Node 2770, 2097.628964330944
Node 490, 649.7168068642151
Node 329, 472.19922879559556
Node 204, 294.86249100160336
Node 106, 124.80311761673958
Node 1026, 1105.2505375478204
Node 482, 643.586956804845
Node 563, 713.3413770515189
Node 2966, 2445.2716982289217
Node 2057, 1965.4680080979706
Node 84, 37.69778594085213
Node 2871, 2210.954648297112
Node 2617, 2033.4183896191842
Node 2516, 2018.6029010161253
Node 1247, 1271.9644819107916
Node 954, 1040.3902302103138
Node 229, 339.1390873695499
Node 107, 126.54186726066686
