Node, generations
Node 2430, 22991.453878569442
Node 1782, 11445.833815962495
Node 426, 300.3480960199379
Node 414, 281.2486295521677
Node 412, 277.26005707936514
Node 324, 191.3970356298847
Node 122, 107.56750879362953
Node 423, 297.8898836434279
Node 415, 282.1122000550723
Node 108, 105.83595366744058
Node 355, 218.11323868213066
Node 244, 141.67117633312765
Node 76, 100.40217338050951
Node 990, 4106.888870343198
Node 656, 1870.9533969802671
Node 787, 2668.7043880894375
Node 337, 201.74439279853743
Node 482, 697.2298292111813
Node 433, 318.2684556072529
Node 395, 250.4387589954675
Node 91, 102.37879961999522
Node 323, 191.0466710743103
Node 289, 162.3745569430066
Node 432, 315.67550271693074
Node 399, 255.0398523188936
Node 388, 240.7583791730394
Node 354, 217.1549370643533
Node 326, 191.9396767025116
Node 308, 181.5306117356642
Node 299, 172.60091862978905
Node 126, 108.06863444063075
Node 178, 118.66390178949148
Node 340, 204.21736414016488
Node 406, 269.4683187605156
Node 82, 101.69624708135186
Node 80, 101.31219771465697
Node 1994, 14497.055065243383
Node 440, 324.5530773979183
Node 438, 323.6183863230898
Node 300, 172.82015685988335
Node 74, 100.33286177333278
Node 269, 155.11317075475588
Node 113, 106.28558781674138
Node 321, 190.77533632799273
Node 151, 112.95082879116622
Node 213, 130.16084792714494
Node 78, 100.68469122466252
Node 1753, 11094.193785335918
Node 873, 3252.6874391164
Node 143, 111.22516505605603
Node 389, 242.69345047578733
Node 314, 184.82089318992078
Node 152, 113.06641020844566
Node 305, 177.7826658387882
Node 1066, 4641.94664101045
Node 781, 2634.6513597297303
Node 297, 170.49071317768494
Node 268, 154.9278714292624
Node 339, 202.19693617904946
