node_generations, branch_length
1660.2421485442808, 40663.38932403495
1149.1793310024905, 511.0628175417903
0.0, 1149.1793310024905
0.0, 1149.1793310024905
1250.5993362724325, 409.64281227184824
0.0, 1250.5993362724325
0.0, 1250.5993362724325
2815.611250084103, 39508.02022249513
1717.1811064670646, 1098.4301436170385
1012.9210512327853, 704.2600552342793
0.0, 1012.9210512327853
1011.822822759277, 1.0982284735083567
0.0, 1011.822822759277
0.0, 1011.822822759277
1304.0960184503522, 413.08508801671246
0.0, 1304.0960184503522
1007.0428121326944, 297.0532063176578
0.0, 1007.0428121326944
0.0, 1007.0428121326944
2649.659416756343, 165.95183332776014
39.8507645950779, 2609.808652161265
0.0, 39.8507645950779
0.0, 39.8507645950779
1369.1057708720095, 1280.5536458843335
187.15541952356165, 1181.9503513484478
0.0, 187.15541952356165
0.0, 187.15541952356165
1330.065480516218, 39.04029035579151
1254.8543310701518, 75.2111494460662
0.0, 1254.8543310701518
0.0, 1254.8543310701518
1303.8835344727268, 26.18194604349128
1000.7114530793575, 303.17208139336924
0.0, 1000.7114530793575
0.0, 1000.7114530793575
1115.6725600208363, 188.21097445189048
0.0, 1115.6725600208363
0.0, 1115.6725600208363
