node_generations, branch_length
3258.4851675974483, 73053.56303249528
1178.2122790822873, 2080.272888515161
1096.956308594562, 81.25597048772534
0.0, 1096.956308594562
1060.2074207761877, 36.748887818374214
1007.0674824911197, 53.13993828506807
0.0, 1007.0674824911197
0.0, 1007.0674824911197
1051.8539859590453, 8.353434817142443
0.0, 1051.8539859590453
0.0, 1051.8539859590453
1142.9073482312067, 35.3049308510806
1003.4844238595224, 139.4229243716843
0.0, 1003.4844238595224
0.0, 1003.4844238595224
1071.0235279792582, 71.88382025194846
0.0, 1071.0235279792582
0.0, 1071.0235279792582
2056.6346082155233, 1201.850559381925
1316.7464730597671, 739.8881351557561
1115.4210419075284, 201.3254311522387
0.0, 1115.4210419075284
0.0, 1115.4210419075284
1197.3945776212352, 119.35189543853198
0.0, 1197.3945776212352
0.0, 1197.3945776212352
1396.581311523883, 660.0532966916403
916.3754665570317, 480.20584496685126
0.0, 916.3754665570317
0.0, 916.3754665570317
1356.5139788548781, 40.06733266900483
1094.4592314563408, 262.0547473985373
0.0, 1094.4592314563408
0.0, 1094.4592314563408
1243.6791366476477, 112.8348422072304
0.0, 1243.6791366476477
1232.5373298635307, 11.14180678411708
1015.6587558111843, 216.87857405234638
0.0, 1015.6587558111843
0.0, 1015.6587558111843
1018.8850597731941, 213.65227009033651
0.0, 1018.8850597731941
805.0959604807819, 213.7890992924123
0.0, 805.0959604807819
599.7213750758689, 205.37458540491298
0.0, 599.7213750758689
0.0, 599.7213750758689
20938.09531061881, 55373.95288947392
1244.2674943084692, 19693.827816310342
1012.6977611221058, 231.56973318636335
0.0, 1012.6977611221058
599.4011768435995, 413.2965842785063
0.0, 599.4011768435995
0.0, 599.4011768435995
1013.9882094446403, 230.27928486382882
0.0, 1013.9882094446403
0.0, 1013.9882094446403
7078.864407900866, 13859.230902717944
1442.9880578725206, 5635.876350028346
0.0, 1442.9880578725206
1002.1745462444986, 440.81351162802196
0.0, 1002.1745462444986
633.1359846377375, 369.03856160676116
0.0, 633.1359846377375
0.0, 633.1359846377375
5613.8745496024285, 1464.9898582984379
0.0, 5613.8745496024285
4895.572174352263, 718.3023752501658
1097.8960889825917, 3797.676085369671
0.0, 1097.8960889825917
1002.6601731361887, 95.23591584640292
0.0, 1002.6601731361887
78.63154843913435, 924.0286246970544
0.0, 78.63154843913435
0.0, 78.63154843913435
1130.2809633132767, 3765.291211038986
0.0, 1130.2809633132767
0.0, 1130.2809633132767
