node_generations, branch_length
4830.103891957546, 74130.31257585716
198.09341131428945, 4632.010480643256
0.0, 198.09341131428945
0.0, 198.09341131428945
1661.2181349657694, 3168.8857569917764
0.0, 1661.2181349657694
252.97239957728596, 1408.2457353884834
0.0, 252.97239957728596
157.73612980936838, 95.23626976791758
0.0, 157.73612980936838
0.0, 157.73612980936838
42196.648913531855, 36763.76755428285
4285.816095165883, 37910.832818365976
0.0, 4285.816095165883
622.8322960668055, 3662.9837990990773
312.36357085426977, 310.46872521253573
114.29067395676472, 198.07289689750505
0.0, 114.29067395676472
0.0, 114.29067395676472
289.6426742140957, 22.72089664017409
0.0, 289.6426742140957
0.0, 289.6426742140957
320.39755817301597, 302.43473789378953
0.0, 320.39755817301597
191.37587023460648, 129.02168793840949
0.0, 191.37587023460648
0.0, 191.37587023460648
6335.815713796553, 35860.8331997353
347.2113792257097, 5988.604334570843
0.0, 347.2113792257097
0.0, 347.2113792257097
2217.4181695838283, 4118.397544212725
0.0, 2217.4181695838283
110.12112476592931, 2107.297044817899
0.0, 110.12112476592931
109.06799232903855, 1.0531324368907633
0.0, 109.06799232903855
0.0, 109.06799232903855
