Node, generations
Node 1328, 2440.70755487493
Node 1286, 1940.8064026933664
Node 1103, 793.0463874630562
Node 600, 509.1168712898276
Node 294, 436.00458727911786
Node 958, 603.2664724649397
Node 160, 240.42042655785187
Node 552, 506.6357890633665
Node 343, 492.05914833141964
Node 1240, 1432.0978054328432
Node 1075, 741.4607209466103
Node 929, 584.7148144446727
Node 909, 574.3580830265751
Node 946, 595.4618950086837
Node 241, 368.45430625235514
Node 388, 500.78730892621905
Node 1171, 1026.8042689690046
Node 993, 633.6744332430491
Node 1314, 2317.0885949778362
Node 1110, 822.8378712495675
Node 1069, 736.8094571321923
Node 588, 508.5833666123367
Node 84, 27.102562439470855
Node 180, 271.8820511524108
Node 83, 22.046255944608347
Node 1015, 649.6768872602719
Node 970, 610.1893565507982
Node 793, 531.8853078464704
Node 877, 556.7076963066357
Node 423, 501.900149467834
Node 812, 535.6284395728312
Node 682, 515.5966660158788
Node 611, 509.77433312761116
Node 720, 519.7838808028865
Node 655, 513.6241254430902
Node 1014, 649.5698233136684
Node 1089, 773.1377549295589
Node 1007, 643.8796516444775
Node 1004, 640.4182275851941
Node 998, 636.1691847924544
Node 728, 520.5048292476703
Node 767, 526.2285948211772
Node 1159, 1004.0157299150384
Node 1070, 738.1371169835809
Node 1038, 680.2062439848156
Node 939, 592.3945896673686
Node 432, 502.3200552005232
Node 113, 146.58659475277483
Node 885, 559.4386269998596
Node 584, 508.1938310136599
Node 184, 282.00766664770765
Node 1144, 921.2770022995387
Node 864, 554.7251332939799
Node 777, 527.3553397841278
Node 815, 536.1002151046378
Node 732, 520.9579325287222
Node 597, 508.9277674838146
Node 324, 474.7136791216254
Node 1096, 781.3288308647084
Node 982, 623.0277997696653
Node 823, 537.6391437777952
Node 657, 513.8092684041313
Node 724, 520.221947472849
Node 991, 631.3708969411327
Node 111, 138.45682229349856
Node 977, 618.7256386304315
Node 957, 601.8066330590293
Node 867, 555.573828051652
Node 738, 521.3830226006316
Node 745, 523.3845549355156
Node 238, 364.2472467237345
Node 108, 130.2185642024474
Node 912, 576.1469915174575
Node 399, 501.0222136274685
Node 788, 530.5013905284789
Node 668, 514.4522461917866
Node 92, 77.58660166683936
Node 80, 9.251038664850396
Node 764, 526.130323692508
