Node, generations
Node 859, 18300.755587620377
Node 338, 983.845350840235
Node 266, 712.2123085110097
Node 169, 563.6615630047877
Node 162, 559.8293454233619
Node 147, 547.7109433799149
Node 119, 530.2195548128531
Node 220, 610.7370674996578
Node 158, 557.3446964870035
Node 388, 1294.0858812158147
Node 302, 813.4096944069508
Node 272, 719.2127456381437
Node 269, 715.0903408833332
Node 347, 1045.2666991136844
Node 179, 569.5861262066666
Node 253, 692.5851213541753
Node 170, 564.3918977145972
Node 247, 683.1926225598745
Node 23, 150.34227227345465
