node_generations, branch_length
5022.036235848703, 3803.186932515734
1209.5385892729332, 3812.4976465757695
0.0, 1209.5385892729332
955.0133219787373, 254.52526729419594
0.0, 955.0133219787373
205.40620797448062, 749.6071140042567
0.0, 205.40620797448062
0.0, 205.40620797448062
1406.1798914011688, 3615.856344447534
0.0, 1406.1798914011688
136.9724092776308, 1269.207482123538
0.0, 136.9724092776308
119.66134458855805, 17.311064689072737
0.0, 119.66134458855805
0.0, 119.66134458855805
7504.710860882887, 1320.5123074815501
157.54318619278504, 7347.167674690101
0.0, 157.54318619278504
0.0, 157.54318619278504
2153.348496089121, 5351.362364793766
0.0, 2153.348496089121
854.5139396496581, 1298.8345564394629
157.64246284257544, 696.8714768070827
124.460054049745, 33.182408792830444
0.0, 124.460054049745
0.0, 124.460054049745
144.50204430025832, 13.140418542317121
0.0, 144.50204430025832
134.00788114256616, 10.494163157692157
0.0, 134.00788114256616
103.47841935807043, 30.529461784495737
0.0, 103.47841935807043
0.0, 103.47841935807043
196.1429147150248, 658.3710249346334
0.0, 196.1429147150248
151.71099724970435, 44.43191746532045
0.0, 151.71099724970435
0.0, 151.71099724970435
