node_generations, branch_length
829.569366116718, 31189.469277665517
0.0, 829.569366116718
369.13637423134867, 460.43299188536935
251.25647447103646, 117.87989976031221
0.0, 251.25647447103646
0.0, 251.25647447103646
293.8960362008013, 75.24033803054738
0.0, 293.8960362008013
0.0, 293.8960362008013
5114.304890218021, 26904.733753564215
699.6962463055864, 4414.608643912435
0.0, 699.6962463055864
415.5781913691157, 284.11805493647074
0.0, 415.5781913691157
359.681508837343, 55.89668253177268
0.0, 359.681508837343
250.24674236226844, 109.43476647507458
0.0, 250.24674236226844
0.0, 250.24674236226844
1558.2760357774607, 3556.0288544405603
277.3951907384619, 1280.8808450389988
0.0, 277.3951907384619
215.53393866067742, 61.861252077784485
0.0, 215.53393866067742
0.0, 215.53393866067742
345.75827544233965, 1212.517760335121
0.0, 345.75827544233965
335.60155181553813, 10.156723626801522
291.61228502239766, 43.98926679314047
0.0, 291.61228502239766
210.6926134290959, 80.91967159330176
0.0, 210.6926134290959
0.0, 210.6926134290959
318.5734416181512, 17.028110197386923
0.0, 318.5734416181512
273.1109999320781, 45.462441686073134
0.0, 273.1109999320781
0.0, 273.1109999320781
