Node, generations
Node 1220, 8602.55419181312
Node 150, 373.3058674804679
Node 60, 232.3615315629507
Node 999, 6519.075996090255
Node 298, 1542.0379022987113
Node 104, 273.67534529356124
Node 900, 5656.286994841131
Node 157, 389.50055539721006
Node 52, 220.18209146980567
Node 142, 352.0879802589739
Node 136, 342.2535007222913
Node 100, 271.02655613299663
Node 250, 1243.1323610322563
Node 168, 441.4243887069479
Node 72, 241.94326079828298
Node 68, 237.432156841535
Node 90, 259.4913896674446
Node 169, 442.6731003168034
Node 132, 326.0576257604539
