Node, generations
Node 1579, 4168.126914463076
Node 1483, 2320.321801508206
Node 1382, 1534.5034811707903
Node 1362, 1476.2178384036972
Node 1310, 1296.8059021837498
Node 1127, 1079.2425116969741
Node 171, 366.0572798083958
Node 1089, 1059.9387100832848
Node 867, 1011.4845935145372
Node 113, 260.41460435921306
Node 1212, 1150.9259721866022
Node 1007, 1029.4988931369583
Node 835, 1008.5000671021
Node 792, 1006.4853245732008
Node 74, 119.15678340147502
Node 1087, 1059.256817067271
Node 1002, 1028.6058907253241
Node 1360, 1455.6275239570004
Node 1114, 1070.2596699714438
Node 143, 317.63268440882393
Node 865, 1011.1273244837771
Node 368, 703.3925117707979
Node 312, 620.0709207306672
Node 1277, 1238.7387475928915
Node 1225, 1161.0967242105337
Node 1093, 1062.728225450702
Node 65, 60.52236799375386
Node 62, 27.783167855344065
Node 1014, 1031.8310002050941
Node 1184, 1121.2077441688589
Node 297, 594.7540154705025
Node 100, 213.28102863174243
Node 1383, 1537.2718495779154
Node 1248, 1195.4772494309045
Node 1188, 1124.2603867836879
Node 988, 1026.309483456112
Node 1170, 1107.666647482665
Node 127, 291.5304616781796
Node 1062, 1046.7161082290056
Node 1242, 1183.373855508909
Node 996, 1027.0949977008484
Node 145, 322.3422090101946
Node 1214, 1151.2321389891886
Node 1172, 1110.2805060267033
Node 75, 121.20057277997053
Node 1176, 1114.8764732394359
Node 1009, 1030.451584876885
Node 893, 1014.5800271115045
Node 474, 845.7866724838177
Node 499, 891.2849538511971
Node 962, 1022.4631254573239
Node 220, 451.9662602404808
Node 186, 385.4576958673362
Node 1052, 1043.772503212059
Node 67, 84.38239557343402
Node 1261, 1215.3977715760534
Node 843, 1009.3629238785271
Node 446, 814.2793337904426
Node 1020, 1033.8182227055852
