Node, generations
Node 2115, 28613.28393994526
Node 938, 6966.2493409167555
Node 117, 293.25574663746727
Node 82, 241.6572886882021
Node 634, 4078.336365725295
Node 487, 2989.5428563672963
Node 223, 876.1955639123303
Node 241, 1023.3674478050355
Node 60, 221.13062053421197
Node 26, 200.94046465281872
Node 521, 3254.2967077017875
Node 176, 376.99689363072576
Node 118, 294.8937295455232
Node 23, 156.32052464643468
Node 1401, 13260.183925032938
Node 954, 7114.162985750108
Node 377, 2106.8540415852153
Node 30, 204.0435566381759
Node 191, 479.4880514955575
