Node, generations
Node 2368, 21553.12679863561
Node 1921, 2267.1306678738665
Node 1369, 1021.8276737374556
Node 1280, 1012.896304220202
Node 262, 408.9243773455251
Node 1262, 1011.9661539214746
Node 1824, 1580.2014332775072
Node 1719, 1233.5176796200033
Node 1711, 1220.6595911931718
Node 93, 100.06780452628554
Node 470, 613.5928840566012
Node 1969, 2945.7593745069657
Node 1833, 1633.5151433725441
Node 1738, 1256.4124792802481
Node 1630, 1127.2033531571872
Node 1721, 1237.9707871377045
Node 1535, 1058.6516055703694
Node 1674, 1165.6332087470257
Node 1240, 1010.821168334871
Node 327, 478.05904342960116
Node 1502, 1049.0420574328643
Node 321, 475.81175308837743
Node 242, 382.6736341155202
Node 1018, 1002.5505942393609
Node 1761, 1303.9647063865757
Node 973, 1001.3859875779866
Node 1715, 1226.889050906952
Node 1562, 1070.2155748756506
Node 81, 41.84509924358625
Node 1929, 2346.1668236866153
Node 1695, 1197.4826083459138
Node 1620, 1117.1679977450165
Node 1681, 1172.206786175798
Node 1504, 1049.3971784467544
Node 1420, 1029.115387074824
Node 1137, 1006.0343900423245
Node 1385, 1023.9130753905716
Node 1365, 1021.139342739277
Node 166, 271.53123533983467
Node 1289, 1013.993573100691
Node 1603, 1099.7140767591134
Node 1600, 1095.1370980199501
Node 1278, 1012.8280299859669
Node 1483, 1044.5450734512326
Node 1204, 1008.9054520935953
Node 1136, 1005.9693311205993
Node 1210, 1009.1131523735702
Node 1193, 1008.1801800129124
Node 975, 1001.4649926974607
Node 1793, 1433.0990739374663
Node 1784, 1394.0788294731294
Node 1701, 1208.5822052864005
Node 1219, 1009.3979002823796
Node 859, 972.6188093991266
Node 629, 767.144871937915
Node 926, 1000.5111982932452
Node 85, 66.62662279387597
Node 1652, 1141.18617337389
Node 725, 861.4016503735306
Node 234, 373.88557038764674
Node 1627, 1121.5363710999673
Node 1344, 1018.7184912541638
Node 1255, 1011.5195919151934
Node 1595, 1092.194869919744
Node 1587, 1086.8667429986099
Node 1516, 1053.2769417813631
Node 1734, 1255.6388495770132
Node 1425, 1030.087865760392
Node 1569, 1074.6116527683587
Node 1391, 1024.5300853833105
Node 1102, 1004.8179080413494
Node 1791, 1426.4530349656616
Node 1038, 1003.0050829706624
Node 758, 892.1432744260387
Node 1713, 1220.887555506031
Node 1387, 1024.0523676842477
Node 1619, 1116.9407387859685
Node 1553, 1066.3981635682107
Node 1173, 1007.5057593201406
