Node, generations
Node 2495, 24492.758289925365
Node 1800, 1557.8098778422386
Node 1790, 1520.0191123233353
Node 1225, 1009.7923759493863
Node 143, 191.69904508875203
Node 900, 994.2596817073752
Node 615, 743.5936824496074
Node 376, 511.95064166483314
Node 129, 161.0067783652879
Node 1632, 1142.9412454426777
Node 1264, 1012.1763535088944
Node 734, 849.2712811791172
Node 1631, 1141.8257850338107
Node 385, 516.3034855895513
Node 221, 295.07152419403087
Node 1502, 1051.5122286504659
Node 1340, 1019.4071184227935
Node 133, 170.4125575279231
Node 1389, 1026.0015349282712
Node 1974, 5452.007270788029
Node 1696, 1224.9953578457134
Node 1643, 1157.3637581147452
Node 1561, 1078.8982942600117
Node 889, 983.4882522272658
Node 135, 179.58622702295006
Node 808, 909.4506902339247
Node 726, 843.4872396467396
Node 478, 631.9737423622887
Node 122, 149.36562157378603
Node 487, 649.5509308314922
Node 1038, 1002.885010412504
Node 1582, 1094.443564843055
Node 159, 220.27729708002667
Node 1104, 1004.5056448684951
Node 1858, 1944.2152914859614
Node 1627, 1138.8265442713227
Node 1394, 1027.1225437531289
Node 743, 859.5668204646606
Node 1825, 1695.114065980162
Node 1778, 1444.455505075575
Node 1397, 1027.2637890710273
Node 824, 920.2325582095025
Node 105, 89.40376969340114
Node 1579, 1092.6596088801648
Node 1381, 1025.1213835275464
Node 624, 752.0436937788725
Node 1573, 1088.8072459116963
Node 1817, 1644.4493996953383
Node 1732, 1290.672244820023
Node 1609, 1122.6297273171858
Node 1154, 1006.1862143414847
Node 95, 67.20628668713461
Node 798, 899.748268310609
Node 1565, 1082.6131765950843
Node 981, 1001.3816738160318
Node 1417, 1030.6867283693573
Node 1646, 1161.7970970294882
Node 1622, 1134.956619853961
Node 770, 880.8085470702085
Node 722, 841.8439497973711
Node 1611, 1125.433942593564
Node 1420, 1030.9321830435126
Node 1318, 1017.2989889118084
Node 1069, 1003.6105002996499
Node 87, 58.35894580653366
Node 1755, 1378.3250051911564
Node 1615, 1129.1027741519576
Node 1414, 1030.2636758551484
Node 1749, 1358.7602187902785
Node 1511, 1053.5322345421337
Node 80, 10.306023809596047
Node 1705, 1231.4653463056923
Node 1065, 1003.5372272343565
Node 164, 226.67692515453987
Node 246, 331.6704473191888
Node 206, 286.19969955260245
Node 188, 268.0966037481521
Node 1659, 1179.0877826650371
Node 293, 408.03028274238164
