Node, generations
Node 1496, 19926.021152629637
Node 1118, 3558.5233495827333
Node 815, 690.2673957270388
Node 787, 653.10594012921
Node 590, 535.7805720173034
Node 251, 501.2580967405791
Node 1006, 1385.2476604742526
Node 676, 566.7029298372508
Node 938, 1011.3127389184123
Node 902, 863.8986292802274
Node 812, 685.8808495013088
Node 724, 590.8809973332741
Node 486, 516.7307656329733
Node 449, 513.1478669151832
Node 377, 507.05242548651694
Node 115, 256.75094584400284
Node 157, 373.67779063390327
Node 601, 539.1792877120665
Node 122, 279.55926634277057
Node 439, 511.77474214154057
Node 427, 510.19355076600914
Node 142, 330.28148126151405
Node 898, 854.1112092380317
Node 820, 699.4255267195914
Node 506, 521.0234178891343
Node 798, 666.2585375177773
Node 89, 200.5730718254085
Node 932, 970.9602643137426
Node 69, 109.07916157614692
Node 835, 720.3331752455485
Node 595, 537.691317385484
Node 794, 661.6871448243403
Node 723, 590.5854595172555
Node 119, 267.60910894841425
Node 111, 247.80058670099277
Node 703, 578.7928678117898
Node 767, 634.5903983101741
Node 574, 533.8479983297831
Node 657, 561.3621912689093
Node 479, 515.834848241629
Node 428, 510.3169444251493
Node 1149, 5431.078709662819
Node 829, 712.3281026432237
Node 699, 577.1474376347218
Node 599, 538.575763938753
Node 315, 503.7367662951887
Node 253, 501.41284179249993
Node 687, 572.9502283513054
Node 633, 549.3141065758444
Node 518, 522.6271244550626
Node 825, 707.9180645187282
Node 658, 561.7013961537943
Node 802, 673.036276002752
Node 474, 515.3785039576667
Node 628, 548.7939920360462
Node 990, 1288.6668325694645
Node 783, 647.9999381257421
Node 221, 500.1081115903684
Node 343, 505.44224691828896
