node_generations, branch_length
7304.483285397414, 1689.727570366912
214.99945983699655, 7089.483825560417
0.0, 214.99945983699655
0.0, 214.99945983699655
6476.036322719465, 828.4469626779492
742.9203462623794, 5733.115976457086
222.46637260128782, 520.4539736610916
0.0, 222.46637260128782
0.0, 222.46637260128782
382.32882935182715, 360.5915169105523
0.0, 382.32882935182715
0.0, 382.32882935182715
4967.058278592824, 1508.9780441266412
611.0006101756866, 4356.057668417137
278.84317871221714, 332.15743146346944
0.0, 278.84317871221714
217.9072593783639, 60.935919333853235
0.0, 217.9072593783639
0.0, 217.9072593783639
448.39857533862335, 162.60203483706323
0.0, 448.39857533862335
209.93560852836433, 238.46296681025902
0.0, 209.93560852836433
0.0, 209.93560852836433
2628.8856987019185, 2338.172579890905
0.0, 2628.8856987019185
0.0, 2628.8856987019185
8381.42272814105, 612.7881276232765
3371.8960084822183, 5009.526719658831
0.0, 3371.8960084822183
411.4931921086284, 2960.4028163735898
0.0, 411.4931921086284
0.0, 411.4931921086284
5950.273477758888, 2431.149250382162
0.0, 5950.273477758888
392.1399523506687, 5558.133525408219
0.0, 392.1399523506687
0.0, 392.1399523506687
