Node, generations
Node 1927, 36407.07663411662
Node 1522, 3320.7684156927444
Node 1465, 2679.8055776580986
Node 1416, 2389.495756600996
Node 1272, 2114.7596844813334
Node 1104, 2027.8909774590395
Node 77, 290.6083858489228
Node 1409, 2369.204059481889
Node 1138, 2037.9185186133752
Node 791, 2000.3096788821274
Node 1262, 2103.079411844165
Node 422, 1208.660890955181
Node 402, 1167.529402085762
Node 65, 261.7214892936194
Node 41, 25.73997315904882
Node 50, 190.3981816096466
Node 40, 6.797954159857263
Node 1422, 2412.5966801608265
Node 1387, 2312.5669200628463
Node 1354, 2203.092814575371
Node 1285, 2129.3779218773534
Node 1187, 2051.391537145673
Node 1289, 2130.077516822603
Node 1469, 2707.124731229713
Node 1406, 2360.9095490997624
Node 1468, 2698.9622647819374
Node 1366, 2239.151162533552
Node 101, 406.25789638840564
Node 1532, 3593.241271471297
Node 1427, 2431.0390395118584
Node 1237, 2080.642187805508
Node 1151, 2040.7409829814233
Node 1359, 2211.544050833452
Node 1338, 2181.710236561494
Node 768, 1966.0262657907763
Node 1230, 2073.6605322476203
Node 241, 786.6618059158279
Node 1186, 2051.3467586405254
Node 1103, 2027.8516105568701
