Node, generations
Node 2604, 14347.254099731159
Node 1671, 5367.750401526696
Node 1025, 2249.2083006608887
Node 986, 2093.3465394005025
Node 488, 242.21593735302136
Node 505, 358.084414489124
Node 297, 130.10425739467357
Node 84, 35.13820766081214
Node 456, 221.43381908658304
Node 259, 119.42556274764351
Node 308, 132.88790350228376
Node 174, 106.35914015784137
Node 1516, 4389.651744369834
Node 1036, 2279.4224043849554
Node 660, 961.2794704723925
Node 478, 234.20001161020213
Node 351, 149.82269713827452
Node 96, 77.14499030858788
Node 443, 205.06537920114945
Node 155, 103.86156651038753
Node 206, 109.53168275569769
Node 182, 106.82227314218319
Node 593, 741.2383634527744
Node 218, 111.01238267086526
Node 209, 109.73453978793175
Node 343, 144.9480548942522
Node 210, 110.04850462649166
Node 702, 1090.9895779566607
Node 452, 217.84055554476785
Node 219, 111.10457975565947
Node 460, 224.431202243937
Node 329, 139.38442701214296
Node 231, 113.48564736786378
Node 95, 75.84622348503682
Node 354, 151.11648724376204
Node 217, 110.68940092814555
Node 1212, 2933.3213055381657
Node 267, 120.70576159053817
Node 536, 502.447926640498
Node 342, 144.83349282389477
Node 466, 225.8626197768447
Node 429, 195.2119656031224
Node 261, 119.64775082598287
Node 80, 9.59279743189432
Node 2220, 9877.684260597025
Node 402, 175.63203830297255
Node 265, 120.1340280255804
Node 917, 1834.952592415452
Node 581, 705.3926275571215
Node 147, 103.35012642266877
Node 278, 123.5767406550226
Node 916, 1834.5569233029778
Node 727, 1164.401512814484
Node 404, 178.0943941719465
Node 291, 128.335356111178
Node 379, 165.44752287474492
Node 310, 133.6282510672633
Node 683, 1022.0968604385653
Node 396, 174.19540905534362
Node 233, 113.79611801772694
Node 395, 174.04391701869002
Node 349, 148.5680910816855
Node 242, 116.44933623377689
Node 317, 136.1971325110935
Node 307, 132.33035825419134
Node 288, 127.87405105116902
Node 221, 111.44259314581198
Node 176, 106.4472570398474
Node 85, 35.85631709968311
Node 260, 119.57991668916821
Node 109, 100.52788456369457
Node 566, 643.5778413183829
Node 455, 221.22822955415398
Node 413, 186.32497829283255
Node 212, 110.1629728980759
Node 377, 163.26810914848875
Node 369, 158.85512473434537
Node 364, 155.9199631538309
Node 483, 237.81595202198523
