Node, generations
Node 2646, 61550.38953711844
Node 251, 1037.5906957088775
Node 1884, 24743.082426571305
Node 514, 1483.3408731560023
Node 223, 1027.4651553232088
Node 510, 1475.729520580341
Node 441, 1281.7706271558852
Node 274, 1051.9885183481044
Node 282, 1056.980461991094
Node 460, 1326.6879887840842
Node 397, 1189.1601336881706
Node 365, 1130.4071939389562
Node 1252, 10630.002971886519
Node 421, 1231.4977749283066
Node 364, 1128.4154582915573
Node 409, 1206.1988395082512
Node 1023, 7683.859899295676
Node 366, 1130.8337450588112
Node 180, 1013.4637897515844
