Node, generations
Node 1897, 32885.86445169413
Node 1337, 1735.562331922701
Node 1222, 1226.1913702434363
Node 1056, 1062.1661846739207
Node 200, 440.13590819300737
Node 498, 917.9748163707392
Node 135, 308.6111918364536
Node 1159, 1150.5652652824288
Node 1081, 1071.9282849575688
Node 659, 1002.6310159657814
Node 570, 1000.0305707834361
Node 238, 515.4803459515285
Node 125, 275.18371573721873
Node 63, 51.98797018231401
Node 1109, 1093.4071151913176
Node 1049, 1060.9627396108642
Node 207, 454.5206188015871
Node 197, 436.60324189527387
Node 1000, 1043.9223934350996
Node 717, 1005.3910991249347
Node 1233, 1252.538285290238
Node 1086, 1074.1538850693541
Node 722, 1005.5455544211975
Node 882, 1019.0048223730089
Node 844, 1013.7606020723906
Node 1168, 1157.2232235722513
Node 1486, 6466.520807500155
Node 1003, 1044.4815725714316
Node 1466, 4212.282691124479
Node 1351, 1854.1120691141116
Node 1125, 1107.6121592777886
Node 1095, 1083.5826676806723
Node 1448, 3331.908970458837
Node 1242, 1282.3101611116253
Node 1225, 1234.2020993416936
Node 1119, 1100.766281717293
Node 968, 1034.6247752688603
Node 1115, 1100.1179605108023
Node 896, 1020.7927779941525
Node 1226, 1236.9234245006955
Node 643, 1002.2188133876951
Node 1068, 1066.9158546416347
Node 680, 1003.471732634578
Node 189, 425.5062392984521
Node 1265, 1346.1715781552687
Node 1177, 1164.0095156193358
Node 1123, 1106.8446193030225
Node 789, 1009.1634993368039
Node 1153, 1142.5708727992617
Node 1040, 1057.6806062967876
Node 957, 1031.8117752642165
Node 70, 114.07749736813793
Node 1147, 1135.4101399304689
Node 665, 1002.8426706989343
Node 919, 1025.7144254069008
Node 119, 266.7719541643548
Node 821, 1012.1261657916959
Node 810, 1010.6895139031816
Node 639, 1002.0894333343052
