Node, generations
Node 727, 6906.799176854273
Node 289, 291.8027619442663
Node 259, 267.9680350030944
Node 181, 223.7317813430091
Node 204, 235.41269004243978
Node 268, 274.24997418990046
Node 173, 221.54662490194133
Node 581, 1566.311420818081
Node 194, 227.78760716751825
Node 182, 224.08609805505873
Node 64, 201.00415706406824
Node 557, 1256.239995445598
Node 354, 363.22729509157847
Node 459, 623.4948690420733
Node 440, 557.6217613279392
Node 336, 333.7370528032096
Node 184, 224.47284921225966
Node 127, 209.94908951373407
Node 251, 263.2860092413998
Node 192, 227.20805467050417
Node 146, 214.26476308594007
Node 53, 186.43708588240582
Node 434, 543.4519914439086
Node 45, 143.6315601093882
Node 433, 538.5911172935984
Node 229, 248.21382894092645
Node 43, 127.84869080293616
Node 186, 225.1514792148991
Node 389, 425.17854759842766
Node 360, 371.4890264714396
Node 317, 317.39912770849674
Node 224, 244.76011813743304
Node 101, 204.74879125331782
Node 454, 602.6363483264942
Node 233, 249.7923778872356
Node 401, 444.7444931909141
Node 331, 329.14942763484663
Node 177, 222.21168778937442
Node 162, 216.93130201262332
