Node, generations
Node 2386, 13008.576318824547
Node 1987, 4364.141196426004
Node 1307, 1016.6539976734651
Node 1865, 1775.686079279066
Node 1623, 1111.6674712642864
Node 1493, 1052.4059752373698
Node 87, 67.83139243794447
Node 1692, 1170.9518450960627
Node 1502, 1055.373157099372
Node 1484, 1048.9339718706965
Node 1053, 1002.9534174614481
Node 231, 350.2931135720558
Node 1343, 1022.0016788923787
Node 1288, 1015.1183301353209
Node 147, 218.17048864613892
Node 2293, 10688.069897230496
Node 1579, 1086.9238685542787
Node 110, 128.34054142214336
Node 1518, 1060.6707378772214
Node 1384, 1028.167484115717
Node 1903, 1984.5186418241065
Node 1585, 1089.3708393989007
Node 1354, 1023.8007467361118
Node 1895, 1941.4245492844052
Node 1688, 1164.6541672091212
Node 1526, 1063.100737152223
Node 1686, 1162.8939930439371
Node 1600, 1097.0795064189474
Node 1543, 1071.0528456814175
Node 1480, 1047.8095531162924
Node 1651, 1132.6916725011183
Node 1344, 1022.0314462845063
Node 1445, 1040.0569219318004
Node 1393, 1030.8165509507728
Node 1246, 1011.5164300948641
Node 1207, 1009.0772533983185
Node 1195, 1008.6111584281184
Node 664, 794.1738987822637
Node 1813, 1537.604764126674
Node 1798, 1469.6206558562524
Node 964, 1000.9688425567589
Node 554, 686.8698614523349
Node 1713, 1205.9377559278487
Node 1558, 1077.7831425291697
Node 1451, 1041.2346847575684
Node 315, 444.86221123919546
Node 1253, 1011.9459991116586
Node 980, 1001.3194699553874
Node 1668, 1151.2827398884654
Node 1633, 1116.6740928863246
Node 609, 741.7961202952482
Node 1542, 1070.409925572026
Node 1154, 1007.0262861865664
Node 1804, 1494.5087336466
Node 1765, 1321.8951811576062
Node 1727, 1234.1647322706579
Node 727, 854.3411576820411
Node 1481, 1047.8323482162236
Node 1439, 1038.6871635321916
Node 170, 251.81134606869628
Node 1038, 1002.5044664076263
Node 1009, 1001.8880434531784
Node 1744, 1270.288778576871
Node 1626, 1113.9518032572219
Node 1500, 1054.2861307591497
Node 752, 870.2769273861677
Node 111, 128.38642934304744
Node 1636, 1121.6978578121834
Node 1430, 1036.1616603924797
Node 978, 1001.3170403237723
Node 1627, 1114.383003663758
Node 80, 22.341393011530027
Node 1592, 1093.335404743193
Node 1370, 1025.8928252641665
Node 1283, 1014.65802430029
Node 570, 701.8665568684295
Node 1247, 1011.5475952800076
Node 1513, 1059.278706876334
Node 1396, 1030.976994280959
