node_generations, branch_length
373.3058674804679, 8229.248324332653
0.0, 373.3058674804679
232.3615315629507, 140.9443359175172
0.0, 232.3615315629507
0.0, 232.3615315629507
6519.075996090255, 2083.478195722865
1542.0379022987113, 4977.038093791543
0.0, 1542.0379022987113
273.67534529356124, 1268.36255700515
0.0, 273.67534529356124
0.0, 273.67534529356124
5656.286994841131, 862.7890012491243
389.50055539721006, 5266.78643944392
220.18209146980567, 169.3184639274044
0.0, 220.18209146980567
0.0, 220.18209146980567
352.0879802589739, 37.41257513823615
0.0, 352.0879802589739
342.2535007222913, 9.834479536682636
0.0, 342.2535007222913
271.02655613299663, 71.22694458929465
0.0, 271.02655613299663
0.0, 271.02655613299663
1243.1323610322563, 4413.154633808875
441.4243887069479, 801.7079723253084
241.94326079828298, 199.48112790866494
0.0, 241.94326079828298
237.432156841535, 4.511103956747974
0.0, 237.432156841535
0.0, 237.432156841535
259.4913896674446, 181.93299903950333
0.0, 259.4913896674446
0.0, 259.4913896674446
442.6731003168034, 800.459260715453
0.0, 442.6731003168034
326.0576257604539, 116.61547455634951
0.0, 326.0576257604539
0.0, 326.0576257604539
