node_generations, branch_length
1652.4567357472208, 19010.440285523677
865.7543321495551, 786.7024035976657
0.0, 865.7543321495551
642.8603668115142, 222.89396533804097
0.0, 642.8603668115142
0.0, 642.8603668115142
1310.7046658952231, 341.7520698519977
0.0, 1310.7046658952231
740.4134560467955, 570.2912098484276
0.0, 740.4134560467955
369.8526402285543, 370.5608158182412
0.0, 369.8526402285543
0.0, 369.8526402285543
1844.1247276262604, 18818.772293644637
921.4349003935456, 922.6898272327148
0.0, 921.4349003935456
408.7033346108328, 512.7315657827128
0.0, 408.7033346108328
0.0, 408.7033346108328
1456.0583161667644, 388.06641145949607
0.0, 1456.0583161667644
1015.0257835608794, 441.03253260588497
615.26953857205, 399.7562449888294
0.0, 615.26953857205
0.0, 615.26953857205
921.9769623234198, 93.0488212374596
635.5810741763753, 286.3958881470445
0.0, 635.5810741763753
563.4260823671661, 72.15499180920915
0.0, 563.4260823671661
0.0, 563.4260823671661
795.0764816935965, 126.90048062982328
0.0, 795.0764816935965
778.4532751939826, 16.623206499613957
0.0, 778.4532751939826
596.4253137026337, 182.02796149134883
0.0, 596.4253137026337
0.0, 596.4253137026337
