node_generations, branch_length
3383.466544983143, 16657.51239518842
2015.5821539892484, 1367.8843909938948
0.0, 2015.5821539892484
0.0, 2015.5821539892484
2094.6045396015024, 1288.8620053816408
0.0, 2094.6045396015024
1304.6716898525376, 789.9328497489648
0.0, 1304.6716898525376
0.0, 1304.6716898525376
3439.7563405907354, 16601.22259958083
2687.05711568062, 752.6992249101154
0.0, 2687.05711568062
2149.516359486846, 537.5407561937741
0.0, 2149.516359486846
1432.4704946847037, 717.0458648021422
0.0, 1432.4704946847037
0.0, 1432.4704946847037
2928.824298086787, 510.9320425039482
2075.3777219587682, 853.4465761280189
0.0, 2075.3777219587682
2023.301457228482, 52.07626473028631
0.0, 2023.301457228482
2009.8429051055814, 13.458552122900528
0.0, 2009.8429051055814
0.0, 2009.8429051055814
2591.5985237678597, 337.2257743189275
2209.3189712419876, 382.2795525258721
0.0, 2209.3189712419876
2017.655164323706, 191.66380691828158
0.0, 2017.655164323706
0.0, 2017.655164323706
2295.4820475954734, 296.11647617238623
0.0, 2295.4820475954734
2153.050955920332, 142.4310916751415
0.0, 2153.050955920332
2032.1312694515902, 120.9196864687417
0.0, 2032.1312694515902
0.0, 2032.1312694515902
