node_generations, branch_length
1579.154472337118, 47033.04770224772
0.0, 1579.154472337118
1132.6710192196854, 446.48345311743265
0.0, 1132.6710192196854
0.0, 1132.6710192196854
3244.2799436248984, 45367.92223095994
1327.6909691515864, 1916.588974473312
0.0, 1327.6909691515864
1287.2631479570387, 40.42782119454773
1141.1852045399455, 146.07794341709314
0.0, 1141.1852045399455
1123.105897312251, 18.07930722769447
109.9561862981519, 1013.1497110140991
0.0, 109.9561862981519
0.0, 109.9561862981519
1084.891790600401, 38.214106711850036
0.0, 1084.891790600401
1010.5871469006419, 74.30464369975914
0.0, 1010.5871469006419
0.0, 1010.5871469006419
1253.371903713452, 33.8912442435867
0.0, 1253.371903713452
1170.1028220743638, 83.2690816390882
594.1687082896773, 575.9341137846865
0.0, 594.1687082896773
0.0, 594.1687082896773
1067.5813591565632, 102.52146291780059
0.0, 1067.5813591565632
1014.2921102518366, 53.289248904726605
0.0, 1014.2921102518366
0.0, 1014.2921102518366
2095.052456630035, 1149.2274869948633
0.0, 2095.052456630035
1094.9939477592693, 1000.0585088707658
0.0, 1094.9939477592693
1078.1044846839418, 16.889463075327512
0.0, 1078.1044846839418
0.0, 1078.1044846839418
