node_generations, branch_length
1397.094452958977, 20507.964221981514
0.0, 1397.094452958977
1310.4519266303516, 86.64252632862531
0.0, 1310.4519266303516
1103.2084617411285, 207.2434648892231
0.0, 1103.2084617411285
0.0, 1103.2084617411285
2799.9334987834973, 19105.125176156995
1378.5376120024903, 1421.395886781007
0.0, 1378.5376120024903
0.0, 1378.5376120024903
2170.2128874775285, 629.7206113059688
0.0, 2170.2128874775285
2166.2988311608456, 3.914056316682945
1701.0195448332674, 465.2792863275781
0.0, 1701.0195448332674
1093.7936299518228, 607.2259148814446
0.0, 1093.7936299518228
341.4588825615962, 752.3347473902265
0.0, 341.4588825615962
0.0, 341.4588825615962
1894.7578606039385, 271.54097055690704
1335.5924115562314, 559.1654490477072
0.0, 1335.5924115562314
1151.2723246630094, 184.32008689322197
0.0, 1151.2723246630094
1150.3905068869824, 0.8818177760269919
127.309800191509, 1023.0807066954734
0.0, 127.309800191509
0.0, 127.309800191509
413.68239542399, 736.7081114629924
0.0, 413.68239542399
217.03250019858285, 196.64989522540714
0.0, 217.03250019858285
0.0, 217.03250019858285
1541.8948400811043, 352.8630205228342
1133.705854573923, 408.1889855071813
0.0, 1133.705854573923
1094.6093710487278, 39.096483525195254
1021.9616409998124, 72.64773004891538
0.0, 1021.9616409998124
1014.79026410787, 7.171376891942373
0.0, 1014.79026410787
0.0, 1014.79026410787
1061.7340591642628, 32.87531188446496
1009.5035850351898, 52.23047412907306
0.0, 1009.5035850351898
557.7004374887862, 451.8031475464036
0.0, 557.7004374887862
0.0, 557.7004374887862
1021.756027640144, 39.97803152411882
0.0, 1021.756027640144
0.0, 1021.756027640144
1133.876132147463, 408.0187079336413
1104.4360315726835, 29.440100574779535
0.0, 1104.4360315726835
1014.8253885144103, 89.61064305827324
0.0, 1014.8253885144103
1014.0418020319241, 0.7835864824861574
0.0, 1014.0418020319241
1013.5645263658816, 0.4772756660424875
0.0, 1013.5645263658816
1006.8770992524334, 6.68742711344828
0.0, 1006.8770992524334
1006.395159325521, 0.48193992691233234
0.0, 1006.395159325521
1003.8605122173777, 2.5346471081433037
0.0, 1003.8605122173777
960.517537663213, 43.3429745541647
0.0, 960.517537663213
0.0, 960.517537663213
1133.4177308079418, 0.4584013395212878
0.0, 1133.4177308079418
1022.4468988997905, 110.97083190815124
0.0, 1022.4468988997905
5.442293139471195, 1017.0046057603194
0.0, 5.442293139471195
0.0, 5.442293139471195
