Node, generations
Node 1135, 19077.719364001412
Node 750, 2720.8414807365843
Node 659, 2349.61181990875
Node 623, 2236.3749123911475
Node 47, 557.6736075442604
Node 675, 2390.6708328472114
Node 485, 2058.1179418167944
Node 292, 2004.666546667505
Node 497, 2066.1893807335596
Node 455, 2041.3327019252583
Node 26, 190.43811504125642
Node 819, 3353.4877682903993
Node 605, 2195.3194431750812
Node 540, 2095.8114979409042
Node 714, 2539.270604764464
Node 699, 2464.127267322152
Node 144, 1411.2063755243578
Node 20, 1.1156529377089113
Node 644, 2302.6665314003294
