node_generations, branch_length
1038.2419807429228, 13177.270455330852
0.0, 1038.2419807429228
543.422510519704, 494.8194702232188
0.0, 543.422510519704
541.1155982312807, 2.306912288423291
447.1025936131291, 94.01300461815163
0.0, 447.1025936131291
0.0, 447.1025936131291
529.3137409663655, 11.80185726491527
0.0, 529.3137409663655
0.0, 529.3137409663655
1988.4853128375084, 12227.027123236267
993.949736567161, 994.5355762703474
834.4897567772226, 159.45997978993842
292.5078839451241, 541.9818728320986
0.0, 292.5078839451241
0.0, 292.5078839451241
694.3570051335039, 140.13275164371873
502.1380043328987, 192.21900080060522
0.0, 502.1380043328987
498.02599415703526, 4.112010175863418
0.0, 498.02599415703526
0.0, 498.02599415703526
677.0107169493914, 17.346288184112495
0.0, 677.0107169493914
671.71748352077, 5.29323342862142
89.82502052108836, 581.8924629996816
0.0, 89.82502052108836
0.0, 89.82502052108836
648.6467348278843, 23.070748692885672
0.0, 648.6467348278843
0.0, 648.6467348278843
953.439826658219, 40.50990990894206
0.0, 953.439826658219
706.5836136108557, 246.85621304736333
141.79714438067555, 564.78646923018
0.0, 141.79714438067555
0.0, 141.79714438067555
599.4059928067007, 107.17762080415491
575.0345309188594, 24.371461887841292
0.0, 575.0345309188594
569.150750475109, 5.883780443750425
0.0, 569.150750475109
274.6245345185536, 294.5262159565554
0.0, 274.6245345185536
0.0, 274.6245345185536
595.0975796119668, 4.30841319473393
0.0, 595.0975796119668
545.1128604330866, 49.984719178880255
36.09906735215254, 509.013793080934
0.0, 36.09906735215254
0.0, 36.09906735215254
507.14798026886245, 37.9648801642241
0.0, 507.14798026886245
218.98212825619115, 288.1658520126713
0.0, 218.98212825619115
0.0, 218.98212825619115
1224.2699926209443, 764.2153202165641
525.7668771641983, 698.5031154567461
521.5528493905184, 4.214027773679845
0.0, 521.5528493905184
0.0, 521.5528493905184
521.8870820083087, 3.87979515588961
0.0, 521.8870820083087
0.0, 521.8870820083087
684.6135979135911, 539.6563947073532
606.1988093804996, 78.4147885330915
0.0, 606.1988093804996
0.0, 606.1988093804996
658.1751267806119, 26.438471132979203
0.0, 658.1751267806119
642.1160116750839, 16.059115105528008
105.90812699955832, 536.2078846755255
0.0, 105.90812699955832
0.0, 105.90812699955832
582.0631603883684, 60.05285128671551
0.0, 582.0631603883684
0.0, 582.0631603883684
