Node, generations
Node 2767, 36762.881345365415
Node 2041, 4869.6255516898555
Node 1679, 1209.4013300289969
Node 1669, 1187.5300808354118
Node 1061, 1003.7318191123553
Node 1587, 1107.0483840392317
Node 1557, 1088.6450550193915
Node 1427, 1036.8067274536984
Node 1013, 1002.6451283311841
Node 1473, 1049.3280612063188
Node 2233, 11586.404870575492
Node 1891, 1887.8622130430706
Node 1571, 1096.90280449842
Node 1283, 1014.4019170099073
Node 1236, 1010.572509552163
Node 1503, 1058.549497761699
Node 336, 466.71958024717856
Node 1888, 1879.3946786819456
Node 1810, 1509.2153140933299
Node 1767, 1377.7221026613497
Node 1745, 1332.3210045897058
Node 1728, 1299.8996533667885
Node 1515, 1063.576275599628
Node 743, 873.4776376351608
Node 1698, 1233.8895666537303
Node 984, 1001.8530820536737
Node 1608, 1131.4981014763569
Node 1414, 1034.3817612804992
Node 370, 503.81573182577773
Node 1135, 1005.8567792091503
Node 1057, 1003.6020683682427
Node 474, 625.611294190224
Node 1598, 1117.9044402910133
Node 1483, 1052.049206106848
Node 1482, 1051.7562909945773
Node 271, 397.87652112512967
Node 164, 266.4258907575549
Node 157, 255.07246266743
Node 1733, 1309.8187201752128
Node 999, 1002.3986755309934
Node 1681, 1210.5706663625579
Node 161, 262.273346697686
Node 1648, 1167.6003000713017
Node 1441, 1039.5951422344535
Node 646, 771.8505728719655
Node 1633, 1150.9884706711725
Node 1279, 1014.2352875105288
Node 734, 863.6197149678632
Node 1564, 1094.3347800659217
Node 1306, 1016.6580459497083
Node 184, 296.33774948770065
Node 1293, 1015.234189404749
Node 255, 381.32879991904224
Node 1813, 1527.5864533581062
Node 1592, 1111.7707688685261
Node 1489, 1054.7330413233099
Node 721, 855.4820940551875
Node 142, 221.07921090774607
Node 1696, 1229.097628974417
Node 1599, 1118.1235309198134
Node 1446, 1041.6306268907067
Node 296, 421.5422921853801
Node 1650, 1168.40787210946
Node 1600, 1118.400905102694
Node 1303, 1016.503515133662
Node 285, 412.7136127472239
Node 1553, 1084.4437234068537
Node 769, 891.8201308191019
Node 315, 442.8894255488888
Node 1637, 1155.3419640813931
Node 1525, 1068.0932454862736
Node 1898, 1955.3020160804792
Node 1638, 1157.2388621824098
Node 88, 79.88828578149061
Node 1734, 1309.997235908253
Node 1602, 1119.110364243753
Node 1721, 1281.0561224347357
Node 456, 606.765400900041
Node 153, 249.37159549752272
