Node, generations
Node 2087, 24083.13622353657
Node 2008, 21048.644574494378
Node 1464, 2113.07279184273
Node 1004, 1027.1722245306912
Node 705, 1002.5084989194168
Node 66, 81.99173989235966
Node 1323, 1292.3474819830783
Node 1272, 1200.8340497023764
Node 1154, 1078.9413673009358
Node 1182, 1093.7703453870229
Node 1005, 1027.3881596067622
Node 892, 1012.9458336546211
Node 1130, 1066.4091515046387
Node 318, 602.9947199368164
Node 946, 1017.6183792282097
Node 1491, 2482.2427249626735
Node 1253, 1163.6527464592298
Node 1063, 1041.7842759063274
Node 1379, 1486.221453394587
Node 1309, 1267.1933741074588
Node 1269, 1193.3720920454978
Node 1232, 1143.930878900652
Node 123, 260.59241893581014
Node 406, 718.8878839740253
Node 1267, 1192.5391253653663
Node 995, 1025.2209018222693
Node 810, 1006.700338294232
Node 744, 1003.8790208392873
Node 1189, 1103.492280030849
Node 943, 1016.9367999598132
Node 1356, 1413.4412358316229
Node 1249, 1155.8609604744238
Node 1208, 1121.8092842759038
Node 1175, 1090.6014601359075
Node 902, 1013.5483721347736
Node 1043, 1035.2983713298593
Node 1224, 1133.2629828068852
Node 851, 1009.6310090574459
Node 841, 1008.7517296822081
Node 362, 665.3385470156628
Node 734, 1003.5551544320837
Node 86, 168.40939713768995
Node 1354, 1409.2429852751234
Node 1191, 1106.488814914312
Node 840, 1008.7390705229556
Node 1057, 1039.8807657017242
Node 270, 551.7005208715485
Node 1288, 1224.390939318747
Node 1187, 1097.9645702685248
Node 549, 910.1299978986265
Node 1179, 1091.2077511871278
Node 1079, 1046.2634321899434
Node 704, 1002.4291058216412
Node 1216, 1127.6663264879917
Node 979, 1021.7426176911071
Node 1167, 1085.7347027801263
Node 1007, 1027.7732788828346
Node 60, 4.675325729364719
Node 443, 768.7093880140787
