node_generations, branch_length
5549.426994811837, 27234.786374800206
417.5267587475832, 5131.900236064254
0.0, 417.5267587475832
334.2585906474048, 83.2681681001784
0.0, 334.2585906474048
235.79593024856874, 98.46266039883605
0.0, 235.79593024856874
0.0, 235.79593024856874
3020.912673610008, 2528.5143212018293
628.5384308240017, 2392.374242786006
469.3634091557125, 159.17502166828922
0.0, 469.3634091557125
210.6594327964925, 258.70397635921995
0.0, 210.6594327964925
0.0, 210.6594327964925
594.2793985384941, 34.2590322855076
0.0, 594.2793985384941
394.0283629821613, 200.2510355563328
0.0, 394.0283629821613
0.0, 394.0283629821613
858.4552458006101, 2162.457427809398
0.0, 858.4552458006101
0.0, 858.4552458006101
22729.68566243747, 10054.527707174573
453.3386166270938, 22276.347045810377
315.9178019169781, 137.42081471011574
0.0, 315.9178019169781
0.0, 315.9178019169781
408.3556793161524, 44.982937310941395
0.0, 408.3556793161524
236.47603660570158, 171.87964271045084
0.0, 236.47603660570158
0.0, 236.47603660570158
508.0760636191977, 22221.60959881827
0.0, 508.0760636191977
230.70377615933626, 277.37228745986147
0.0, 230.70377615933626
0.0, 230.70377615933626
