Node, generations
Node 3948, 49065.76711747572
Node 496, 235.7277136886567
Node 222, 114.04453415964196
Node 3003, 18997.73967177654
Node 2781, 15063.885383378876
Node 455, 207.53742183916086
Node 2816, 15601.611559336628
Node 1753, 5280.08967067
Node 1253, 2821.2571112946416
Node 1306, 3011.4264044885285
Node 1282, 2933.2901574867733
Node 1276, 2898.2970176750005
Node 462, 209.87139184063534
Node 364, 145.84397997125893
Node 263, 121.04794604116881
Node 507, 244.17895755180845
Node 404, 164.5672996720797
Node 395, 159.74798560359991
Node 492, 230.70263516989684
Node 453, 205.5788903351853
Node 152, 104.09295957070363
Node 119, 101.41780768494948
Node 490, 228.93534062997495
Node 326, 135.6699041209028
Node 287, 126.14706853907678
Node 277, 123.90740989675068
Node 240, 116.5776180122625
Node 243, 117.1033031402215
Node 159, 105.02546037826066
Node 428, 181.85133827459163
Node 362, 145.30894377130457
Node 351, 142.32849050148735
Node 218, 112.23942243882406
Node 154, 104.70707478872603
Node 125, 101.93421391549893
Node 227, 114.8276083941384
Node 1277, 2899.9101975684757
Node 442, 188.00346984071848
Node 431, 183.3244062329907
Node 304, 130.0794262876135
Node 102, 100.09722571871539
Node 357, 143.8696356238324
Node 168, 106.22740602260768
Node 328, 136.09675974827147
Node 1003, 1862.1608969777071
Node 506, 243.84139970087944
Node 291, 127.66123025811632
Node 113, 100.92857445391459
Node 471, 213.5872750716525
Node 332, 136.7665454172182
Node 446, 195.0873359972129
Node 297, 128.61278832427863
Node 254, 119.640019209258
Node 444, 189.38523902938778
Node 439, 187.42149572730062
Node 164, 105.21839779683852
Node 241, 116.72816463698979
Node 2514, 11586.854465141972
Node 485, 224.83905670043166
Node 401, 161.89054266645357
Node 331, 136.6965969614061
Node 193, 108.18077192935402
Node 82, 27.353252741037657
Node 251, 119.38407105477448
Node 202, 109.44093866816542
Node 248, 118.2299235703759
Node 106, 100.52450261856012
Node 153, 104.28170542276304
Node 466, 211.41888715084116
Node 91, 65.60443761729549
Node 1203, 2610.5831743645517
Node 285, 126.03440455974264
Node 938, 1649.7171916444117
Node 435, 185.3757991703078
Node 911, 1570.854877653203
Node 93, 73.11584025169512
Node 600, 664.5730161638816
Node 438, 186.93735847145902
Node 80, 11.159505829057188
