Node, generations
Node 2170, 23945.613896144758
Node 1677, 14647.348124534592
Node 616, 3692.146440181577
Node 81, 180.71825485679565
Node 48, 128.97980198164922
Node 138, 343.28123277127816
Node 67, 154.4299987492827
Node 92, 199.33526616560155
Node 1406, 10956.397639432791
Node 40, 115.74171028935147
Node 620, 3712.3980956217583
Node 303, 1733.1598241314286
Node 194, 952.9258755846463
Node 78, 172.60802106350678
Node 152, 533.7457621018896
Node 47, 128.69142546853232
Node 26, 106.82600355388544
Node 98, 213.49685081273472
Node 89, 194.09563089415272
