Node, generations
Node 3362, 59287.59135799221
Node 974, 3780.7186209558326
Node 156, 225.5849002231303
Node 904, 3410.912161521468
Node 451, 1080.3042383472396
Node 240, 267.7746414411952
Node 2182, 16913.095264280037
Node 1693, 9930.905111763055
Node 293, 318.6059942194737
Node 248, 271.7675883395804
Node 787, 2732.8099893810017
Node 746, 2517.207457827053
Node 202, 245.6396586138892
Node 462, 1153.1730501483548
Node 346, 399.69797089880734
Node 289, 311.3572436637
Node 204, 245.9624448439456
Node 133, 218.57754579213898
Node 207, 247.9066080739127
Node 338, 375.38476064860674
Node 218, 252.13617984960848
Node 150, 224.48794873295083
Node 51, 198.40621527336023
Node 270, 290.36906651169096
Node 190, 239.2230572132796
Node 70, 202.74014307069402
Node 252, 272.9455966061261
Node 66, 202.12054434824947
Node 441, 1051.166253162501
Node 229, 262.53491486986684
Node 113, 213.61600744915145
Node 96, 209.17536462795096
Node 337, 372.58110698423656
Node 2180, 16892.47649394333
Node 1283, 5897.967651447756
Node 210, 248.81649744597914
Node 153, 225.16187829357185
Node 168, 229.7803449396073
Node 73, 203.0997243408249
