Node, generations
Node 874, 28259.896808826274
Node 302, 1073.8077163676876
Node 218, 564.4685634777417
Node 483, 7916.988743049725
Node 387, 2792.6441602727546
Node 187, 450.88853576835703
Node 173, 403.51370540095684
Node 121, 306.92550983919256
Node 100, 288.5532002391704
Node 165, 384.69330152573355
Node 158, 372.07193748619045
Node 134, 325.9051310032889
Node 40, 210.40602619649533
Node 31, 203.33021190407408
Node 245, 678.8809690618644
Node 44, 216.28232708237016
Node 156, 370.92972446881305
Node 73, 243.31970865709005
Node 56, 222.44505779433325
