Node, generations
Node 2119, 27538.03808361507
Node 559, 3552.1919255626076
Node 39, 207.10229787049758
Node 232, 936.1985669485166
Node 175, 391.0451897141484
Node 154, 341.0264282309607
Node 220, 887.12701135615
Node 123, 272.4605992564235
Node 1030, 7983.360851304218
Node 848, 6078.045608547832
Node 650, 4316.274821791692
Node 75, 227.97311150520227
Node 71, 226.4177706005462
Node 189, 550.1106140257376
Node 156, 344.50222580289454
Node 159, 353.88495353816245
Node 35, 206.1782144405072
Node 145, 318.26753067992377
Node 138, 309.43120618966833
