Node, generations
Node 742, 1428.7158016169737
Node 691, 951.635992158572
Node 615, 589.1348063272956
Node 338, 236.88165601646634
Node 584, 478.6578413099832
Node 482, 318.09085504100085
Node 406, 264.4814723970468
Node 297, 223.49488092815955
Node 328, 234.23424316405394
Node 207, 209.62225489987884
Node 305, 225.99248661442917
Node 236, 212.12798499004072
Node 206, 209.25908306865247
Node 627, 632.011811243796
Node 426, 272.9677461188111
Node 357, 243.63744596982565
Node 258, 214.47799366119497
Node 599, 527.0891538014488
Node 547, 416.20838521466595
Node 264, 215.92155525388048
Node 465, 303.58847978674714
Node 578, 469.6581814740836
Node 214, 210.5038762032798
Node 550, 426.91244802281295
Node 524, 375.92295474130594
Node 461, 300.48873711783995
Node 441, 285.82277523750656
Node 446, 288.4022571125271
Node 425, 272.75327707980205
Node 241, 212.54766421365568
Node 362, 245.0544111834658
Node 467, 306.48625941630235
Node 440, 285.30337047886826
Node 196, 208.23931094366043
Node 463, 301.3582728626748
Node 284, 220.87227169798356
Node 457, 300.04084697940704
Node 455, 299.6543893869748
Node 119, 201.66271418956572
Node 692, 975.3316633883868
Node 678, 898.3232469209154
Node 375, 249.54742689955677
Node 174, 205.5462884885329
Node 108, 201.02783947321794
Node 260, 214.76260429928453
Node 582, 476.61617978008184
Node 563, 438.267511395146
Node 679, 903.45490145861
Node 453, 295.21694515746566
Node 302, 224.83337987336466
Node 409, 266.0455521981165
Node 368, 247.34778733811086
Node 536, 398.9639799629751
Node 317, 230.28912037713803
Node 473, 310.4485183181451
Node 407, 265.7969619535243
Node 70, 97.40811985588658
Node 412, 266.62783777765867
Node 226, 211.2491479158637
