Node, generations
Node 1792, 5810.899836911672
Node 1408, 1473.2649196245845
Node 1399, 1449.1591622464962
Node 1382, 1399.7428116851806
Node 1307, 1211.3009549130575
Node 544, 903.2712520517894
Node 1358, 1337.4875478476167
Node 1040, 1029.97874796091
Node 825, 1006.5922154059334
Node 1334, 1279.3995467153302
Node 1242, 1137.1673383522661
Node 1177, 1074.2832588901435
Node 1078, 1040.8142743226522
Node 693, 1001.8146246495012
Node 1097, 1044.6580475201354
Node 80, 171.94797149173814
Node 1303, 1207.5815775394042
Node 1199, 1095.4232953009705
Node 1299, 1203.2367625448087
Node 1118, 1051.9029968818663
Node 1065, 1036.7971660719704
Node 84, 189.42746274515557
Node 978, 1018.6762372558578
Node 359, 685.9553740542221
Node 832, 1007.0362778766752
Node 823, 1006.4328210280148
Node 360, 686.9969926216174
Node 1258, 1150.3987092913212
Node 668, 1000.9395421115988
Node 124, 290.5448298304851
Node 378, 709.9686418816998
Node 324, 623.928507823104
Node 1000, 1021.9202738358474
Node 1746, 5373.735252129238
Node 1465, 2213.119211458864
Node 1322, 1243.0190974140364
Node 1289, 1182.448895514147
Node 249, 504.2110697702738
Node 1294, 1195.5691469490052
Node 463, 819.3340553003645
Node 1111, 1049.236949836923
Node 1444, 1976.703576047803
Node 1139, 1059.1308389056624
Node 1072, 1039.334735563625
Node 1401, 1462.8240511312702
Node 1291, 1189.5006066422911
Node 977, 1018.6754454828265
Node 1743, 5359.248998333778
Node 1025, 1027.1143558258602
Node 225, 468.5774088816791
Node 158, 357.7559368216918
Node 1133, 1057.045160743495
Node 62, 60.01340512611764
Node 1035, 1028.5447371951652
Node 69, 129.3589884242922
Node 775, 1004.4807996430922
Node 679, 1001.2752552103194
Node 611, 978.8710081750348
Node 166, 370.86455885270937
