Node, generations
Node 1565, 8284.802004056755
Node 1363, 1559.0106742858154
Node 886, 1015.202981045623
Node 1223, 1176.5132805169465
Node 161, 356.3058118147334
Node 1021, 1035.046437986031
Node 1420, 1997.4780530864248
Node 936, 1019.3911608305032
Node 934, 1019.1966302637583
Node 154, 336.3251187121238
Node 679, 1003.2389912336424
Node 1416, 1975.1915072909803
Node 1351, 1502.7035104552197
Node 1256, 1219.9663474543306
Node 1225, 1177.962714500726
Node 1026, 1036.8333162895813
Node 978, 1025.626448444163
Node 1203, 1145.9714739304625
Node 1105, 1067.8641312231518
Node 1127, 1079.5107614576705
Node 454, 835.544397191053
Node 377, 733.0629248429316
Node 241, 506.96111484009083
Node 143, 308.4744466422668
Node 1082, 1055.795525670116
Node 1295, 1293.7706373255537
Node 964, 1022.8384392423576
Node 974, 1024.8010216615014
Node 1362, 1555.7728620331736
Node 1345, 1473.3925087114312
Node 1196, 1137.6134697213677
Node 1116, 1075.3354183710276
Node 921, 1017.7452908260888
Node 694, 1004.0549769866607
Node 349, 682.9923588425611
Node 142, 304.0904295453595
Node 894, 1015.4147802463729
Node 507, 929.1949469815512
Node 68, 62.536014904790115
Node 1155, 1103.7706249697073
Node 1265, 1234.1882900110008
Node 66, 57.288455342246905
Node 1348, 1489.2321352518215
Node 407, 763.451228940977
Node 1346, 1476.2675348234864
Node 1029, 1036.9963532561515
Node 940, 1020.5815915906057
Node 817, 1009.3657232897729
Node 1289, 1280.38073662343
Node 169, 369.3729823784484
Node 72, 96.59758603703112
Node 1257, 1221.961923492098
Node 75, 108.55667971411785
Node 1251, 1210.6434693974036
Node 293, 607.9642283841738
Node 105, 216.1575579696985
Node 1244, 1200.6957087547532
Node 1070, 1048.0877224749438
Node 830, 1009.9900399862435
