node_generations, branch_length
1671.6751870470011, 57057.29068508181
436.5309333834777, 1235.1442536635234
0.0, 436.5309333834777
214.303604502097, 222.2273288813807
0.0, 214.303604502097
0.0, 214.303604502097
901.3498795190409, 770.3253075279603
0.0, 901.3498795190409
0.0, 901.3498795190409
3818.374688515136, 54910.59118361368
0.0, 3818.374688515136
1454.406573439781, 2363.968115075355
364.16501018260533, 1090.2415632571756
0.0, 364.16501018260533
207.04333423653537, 157.12167594606996
0.0, 207.04333423653537
0.0, 207.04333423653537
1183.188186511902, 271.218386927879
524.7448804444095, 658.4433060674924
428.2811736051473, 96.46370683926227
204.62831904556583, 223.65285455958144
0.0, 204.62831904556583
0.0, 204.62831904556583
208.25546224185936, 220.0257113632879
0.0, 208.25546224185936
0.0, 208.25546224185936
480.0651773052524, 44.67970313915714
318.4165634109903, 161.6486138942621
0.0, 318.4165634109903
0.0, 318.4165634109903
368.1806197602293, 111.88455754502309
351.5408610635351, 16.63975869669423
0.0, 351.5408610635351
273.50689885517335, 78.03396220836174
0.0, 273.50689885517335
215.09549895337443, 58.411399901798916
0.0, 215.09549895337443
0.0, 215.09549895337443
360.3101578062306, 7.870461953998699
230.82914510007308, 129.48101270615754
0.0, 230.82914510007308
213.79104498029963, 17.038100119773446
0.0, 213.79104498029963
0.0, 213.79104498029963
280.488446523029, 79.82171128320164
0.0, 280.488446523029
252.8813062119122, 27.60714031111678
0.0, 252.8813062119122
230.56027793848162, 22.321028273430585
0.0, 230.56027793848162
0.0, 230.56027793848162
834.5277775294117, 348.66040898249025
571.6198413482083, 262.90793618120335
293.75663799199134, 277.86320335621696
0.0, 293.75663799199134
260.6662805523196, 33.09035743967172
0.0, 260.6662805523196
0.0, 260.6662805523196
521.1737791245224, 50.446062223685885
0.0, 521.1737791245224
231.4429173824679, 289.7308617420545
0.0, 231.4429173824679
220.57428334182924, 10.868634040638653
0.0, 220.57428334182924
0.0, 220.57428334182924
742.8122543061598, 91.71552322325181
326.09108363381443, 416.7211706723454
0.0, 326.09108363381443
132.12725393953104, 193.9638296942834
0.0, 132.12725393953104
0.0, 132.12725393953104
596.963709821823, 145.8485444843368
215.7563508506311, 381.207358971192
0.0, 215.7563508506311
0.0, 215.7563508506311
479.812722791817, 117.15098703000604
0.0, 479.812722791817
0.0, 479.812722791817
