Node, generations
Node 592, 6624.900834699328
Node 487, 4319.25588531613
Node 462, 3766.2083158814203
Node 88, 321.6271970749868
Node 62, 118.57350340677246
Node 32, 30.450242100033613
Node 30, 27.3662280270999
Node 25, 16.734194578193037
Node 21, 12.785282393720266
Node 425, 3179.5127874063655
Node 417, 3077.049057805226
Node 237, 1675.0170762521145
Node 54, 100.30654151801635
Node 191, 1383.5501019280593
Node 20, 8.54973864185788
Node 106, 573.6750663482337
Node 58, 101.75816271101218
Node 70, 161.60652475615552
Node 41, 61.9069153762734
