Node, generations
Node 1542, 26457.223055098697
Node 823, 1147.6995184063853
Node 820, 1145.8860963546579
Node 627, 1035.0167098683253
Node 583, 1024.5047986210016
Node 495, 1011.4290103389172
Node 412, 1005.0761252812528
Node 601, 1028.9461705959777
Node 456, 1008.1927474617279
Node 491, 1011.2241971879931
Node 755, 1089.2919707731276
Node 719, 1069.4234206501606
Node 684, 1054.154684506813
Node 1009, 1940.488515304567
Node 902, 1314.4175661973984
Node 889, 1279.2876503302268
Node 821, 1146.2228586894219
Node 622, 1032.3827567886633
Node 872, 1239.3935787717087
Node 598, 1028.2116961796114
Node 355, 1001.2657632988013
Node 276, 911.272176064504
Node 696, 1056.7578781900243
Node 523, 1014.6531888118218
Node 901, 1309.13424222392
Node 966, 1629.1453212572771
Node 964, 1626.5108040910945
Node 855, 1204.1631282852327
Node 777, 1105.846980540496
Node 840, 1166.3949413682265
Node 775, 1105.386865784966
Node 665, 1045.649233556426
Node 40, 37.36107339244554
Node 953, 1546.5834827483552
Node 679, 1052.9187905047968
Node 525, 1014.7137069137101
Node 253, 847.651586448342
Node 50, 181.42419222090157
Node 413, 1005.2706900662622
