Node, generations
Node 1085, 3180.390879413583
Node 1022, 1719.4175901253655
Node 841, 736.9421796529483
Node 637, 550.759843843121
Node 344, 504.1158811751648
Node 328, 503.64196211532726
Node 103, 236.96521206531588
Node 698, 581.8067972903959
Node 665, 564.8028771217879
Node 333, 503.8702637158111
Node 967, 1301.5435096334963
Node 915, 984.6164755591942
Node 571, 529.6131896725617
Node 649, 557.4326824176923
Node 947, 1167.9801086517214
Node 151, 334.07802092806986
Node 930, 1037.5718904188068
Node 852, 764.0892776740114
Node 705, 585.2802771145608
Node 190, 415.4057081139178
Node 901, 920.2853657178064
Node 671, 566.5099314006596
Node 308, 502.6314384027443
Node 595, 536.2961699393031
Node 843, 737.3467651011849
Node 789, 663.4316926487362
Node 307, 502.59570900496215
Node 704, 585.0084193030946
Node 826, 714.0006309434239
Node 793, 667.2290222443221
Node 556, 525.8411513720433
Node 183, 405.34202364702577
Node 532, 521.4339860797456
Node 746, 619.8569036958484
Node 562, 526.8764160057884
Node 483, 514.1729169702357
Node 261, 500.80333584634946
Node 176, 399.5873317533884
Node 295, 502.1354569953965
Node 719, 597.7705554182535
Node 709, 588.9801500914065
Node 535, 521.6822527935974
Node 60, 20.89554010633159
Node 478, 513.5592771819632
Node 656, 559.917995525878
Node 551, 524.5112117847586
Node 188, 413.4381458678767
Node 1055, 2046.5005369532232
Node 846, 746.3883221199862
Node 778, 649.3366164377737
Node 711, 590.4307376662305
Node 584, 533.4229616396806
Node 887, 856.519655389395
Node 831, 720.190996417952
Node 650, 557.4703281480392
Node 539, 522.1643881043883
Node 823, 707.7796623784026
Node 769, 640.4079952282534
Node 563, 528.718085226051
