Node, generations
Node 972, 19964.12550616527
Node 635, 2968.3705653024185
Node 345, 1102.1399896531725
Node 521, 1713.283705528716
Node 439, 1268.8152550340262
Node 403, 1192.5355714006857
Node 373, 1132.7621487890287
Node 273, 1052.0075065670583
Node 270, 1050.6078875885278
Node 47, 578.1887080379734
Node 457, 1329.1030549194936
Node 239, 1035.1449419021153
Node 367, 1127.4052958097286
Node 363, 1124.327081936294
Node 303, 1072.051219764609
Node 85, 837.1987079302436
Node 257, 1044.487845742513
Node 20, 63.44891937440376
Node 22, 181.1881390387674
