Node, generations
Node 1097, 22938.976995732464
Node 602, 2325.637344956328
Node 493, 829.5898089343473
Node 476, 718.228564077315
Node 308, 312.45900151700675
Node 76, 202.06893266752837
Node 56, 167.42283561500636
Node 273, 271.99613357993286
Node 250, 255.14441235367607
Node 144, 217.1024569983665
Node 418, 520.1427500289992
Node 410, 507.3493427518058
Node 301, 301.931095590649
Node 859, 12704.638459323061
Node 433, 564.352893114853
Node 394, 463.1995981943053
Node 267, 266.85717589911553
Node 275, 272.72341083679396
Node 514, 944.499021115011
Node 411, 510.78211953969634
Node 408, 502.6920263134047
Node 260, 262.0569321595915
Node 229, 245.18445836166657
Node 173, 222.3267352445324
Node 239, 250.6930195323083
Node 380, 428.2577324203329
Node 324, 329.6970536391241
Node 187, 227.2272504790316
Node 163, 221.1053817339521
Node 78, 202.4468782226863
Node 259, 260.51793658373833
Node 116, 210.90715306340147
Node 225, 244.00311878136134
Node 333, 346.8501540127111
Node 189, 227.4709203604761
Node 184, 226.20280587072057
Node 481, 735.330021575915
Node 179, 224.0143194705603
Node 149, 218.15867857916703
