Node, generations
Node 3110, 30786.43262704855
Node 1824, 5977.657113329911
Node 1302, 1232.5986949870235
Node 1267, 1173.269666215964
Node 1031, 1033.9276480474132
Node 1378, 1415.8040098392144
Node 1153, 1081.2855392098293
Node 1119, 1066.1858739871407
Node 1189, 1100.299749386552
Node 64, 71.29848372529395
Node 2819, 21879.889720360934
Node 2051, 8422.98103333639
Node 1436, 2047.997671970631
Node 1583, 3578.1513799954205
Node 1315, 1266.8352464651946
Node 1239, 1143.4963950717329
Node 1142, 1076.3219575808919
Node 373, 707.6560882531172
Node 947, 1020.0410604985818
Node 901, 1013.5518913316715
Node 716, 1003.0583725514787
Node 1184, 1097.1111302629247
Node 775, 1005.8687271994132
Node 391, 726.0384074879684
Node 61, 20.179685672613896
Node 1171, 1092.6926235014575
Node 984, 1024.8608088674766
Node 77, 108.24271948714726
Node 822, 1008.2264830558623
Node 2323, 12108.305490025532
Node 1422, 1862.2398113985455
Node 1015, 1031.3289207652383
Node 1393, 1467.059755780493
Node 1011, 1030.5711829247844
Node 1348, 1333.9881431692304
Node 1198, 1108.9894416213713
Node 464, 829.5618380026781
Node 985, 1025.198103699853
Node 649, 1001.2630455655868
Node 1942, 7296.845553039227
Node 1292, 1208.5754307830234
Node 1035, 1034.3317779712531
Node 1045, 1037.7316744309271
Node 927, 1016.1913029152547
Node 1345, 1327.5405880671112
Node 1092, 1054.959438171299
Node 573, 967.9526646553115
Node 783, 1006.1635969617207
Node 653, 1001.3886648814996
Node 80, 118.0528981869396
Node 1279, 1189.1284867606464
Node 911, 1014.7720542330809
Node 569, 964.2121468746498
Node 126, 282.405828757532
Node 1018, 1032.545234765241
Node 486, 853.8846741055422
Node 405, 735.7987221951514
Node 631, 1000.6488399109402
Node 231, 481.1532064241224
