Node, generations
Node 908, 9957.435393942036
Node 594, 5160.677972411728
Node 296, 1240.1082980630028
Node 213, 505.74237205723506
Node 23, 200.59946716354742
Node 291, 1056.8649730618808
Node 122, 297.5854046267855
Node 44, 213.1973946493525
Node 135, 314.956896226889
Node 410, 2985.976025912732
Node 216, 519.5406982953324
Node 81, 246.22273289884586
Node 192, 428.75643875408485
Node 137, 315.876959480315
Node 40, 210.59160596989992
Node 279, 780.0028063999263
Node 182, 406.59601493416585
Node 125, 303.2466438846919
Node 62, 227.6648583905212
