Node, generations
Node 727, 14842.552816443385
Node 288, 800.3584337002952
Node 456, 1846.5365480405035
Node 377, 1210.9913200348224
Node 260, 746.8792220979293
Node 198, 611.9798578484528
Node 161, 562.0727280065076
Node 62, 506.4211249505523
Node 241, 698.4686856997786
Node 309, 883.2623990680094
Node 247, 719.46954694221
Node 34, 446.3473627017735
Node 215, 644.9320675373241
Node 430, 1636.8828433351698
Node 32, 435.3816185340361
Node 409, 1508.1465552032564
Node 200, 615.6654078397765
Node 227, 660.7258280833119
Node 219, 649.6436064187818
