node_generations, branch_length
1014.3887410151007, 21085.506708528155
0.0, 1014.3887410151007
1012.1852230963268, 2.203517918773855
0.0, 1012.1852230963268
0.0, 1012.1852230963268
2161.3255158384864, 19938.56993370477
0.0, 2161.3255158384864
2005.0202383407639, 156.3052774977225
1639.5652892724536, 365.45494906831027
1237.6138550683504, 401.9514342041032
0.0, 1237.6138550683504
0.0, 1237.6138550683504
1381.9133617280281, 257.65192754442546
0.0, 1381.9133617280281
1365.2047909121145, 16.708570815913617
92.71026510318582, 1272.4945258089288
0.0, 92.71026510318582
0.0, 92.71026510318582
1167.4187663124671, 197.78602459964736
0.0, 1167.4187663124671
1044.7941812665804, 122.62458504588676
0.0, 1044.7941812665804
0.0, 1044.7941812665804
1770.679382968814, 234.34085537194983
1041.3690809502207, 729.3103020185933
0.0, 1041.3690809502207
0.0, 1041.3690809502207
1282.783230949368, 487.89615201944594
0.0, 1282.783230949368
1179.8240610508951, 102.95916989847296
539.4067135399969, 640.4173475108983
0.0, 539.4067135399969
0.0, 539.4067135399969
1127.4838326262843, 52.340228424610814
0.0, 1127.4838326262843
879.1735066082767, 248.31032601800757
0.0, 879.1735066082767
0.0, 879.1735066082767
