Node, generations
Node 2832, 18742.339277087503
Node 1237, 1126.211546963221
Node 1176, 1079.6164957164376
Node 938, 1016.0363042039012
Node 889, 1012.8828689279951
Node 738, 1003.9464283582035
Node 2364, 11438.228411931877
Node 1287, 1183.8527310075701
Node 1148, 1068.238141696981
Node 1025, 1029.7076557824341
Node 941, 1016.7004046173038
Node 1084, 1045.5661446655718
Node 89, 195.3508902482379
Node 65, 91.68625499291036
Node 453, 818.4418983685243
Node 117, 260.46542653139124
Node 1172, 1076.9900329257011
Node 272, 536.3134912213039
Node 1036, 1032.1854226850528
Node 651, 1001.01447522805
Node 530, 909.4393565289927
Node 61, 65.90353281203193
Node 74, 149.16422878557395
Node 2363, 11436.616690778257
Node 1558, 3447.099824892342
Node 1360, 1382.7808623830936
Node 1356, 1372.8369016812044
Node 1174, 1077.9233344197014
Node 1158, 1072.7110424860255
Node 1325, 1252.0654458487206
Node 1302, 1212.3696016569852
Node 1292, 1189.4898926295728
Node 1021, 1028.521623805871
Node 1298, 1194.3109747700182
Node 1183, 1083.7788285196584
Node 525, 904.1234754473527
Node 1131, 1059.8592503008724
Node 256, 516.475754332619
Node 1192, 1087.045569562091
Node 460, 827.9775802260081
Node 1718, 4659.285692781643
Node 1333, 1278.640859304191
Node 494, 862.3379178076478
Node 77, 159.71721203306294
Node 1305, 1216.9162258673557
Node 1230, 1118.912703648339
Node 1066, 1039.575975564645
Node 757, 1004.6521057635808
Node 1286, 1182.8201966418903
Node 1061, 1038.041005240396
Node 1221, 1108.1728199833315
Node 840, 1009.6973637747197
Node 1012, 1026.9304045489707
Node 140, 326.65426317445656
Node 1408, 1995.6540860744085
Node 1294, 1190.30204688413
Node 1234, 1123.4611064100056
Node 1173, 1077.5601516410004
Node 948, 1018.2975397076023
