Node, generations
Node 3175, 44887.13563650645
Node 476, 1587.6290166842264
Node 152, 119.06829411299267
Node 208, 221.39384866834556
Node 164, 139.82904052048676
Node 133, 107.87576884753834
Node 74, 66.51799357162648
Node 173, 150.44479451061827
Node 108, 89.89403698474153
Node 80, 71.54194722398681
Node 47, 53.66062039513581
Node 127, 104.04039843631688
Node 48, 54.27241130216076
Node 1576, 9142.53118712678
Node 409, 1343.4822258707009
Node 122, 100.60501005168189
Node 95, 78.3043796434685
Node 70, 64.14975413992758
Node 194, 188.64819263628334
Node 87, 74.13804493333534
Node 1480, 8056.460327482471
Node 1124, 5195.892025867858
Node 868, 3576.4423539619465
Node 214, 234.68629934130047
Node 120, 96.71858526791208
Node 51, 54.55015224709305
Node 81, 72.23709125164741
Node 180, 157.77714861318074
Node 52, 55.53477170991437
Node 147, 116.73635711464546
Node 119, 96.65861779430259
Node 59, 60.78853384104677
Node 391, 1289.3738942731604
Node 116, 96.07010887395451
Node 111, 93.29239425237094
Node 216, 239.16056931381073
Node 57, 60.370444423627106
Node 1377, 7230.490427104991
Node 1276, 6442.443165862071
