Node, generations
Node 3821, 48745.552302882665
Node 1782, 1392.5375502376144
Node 1394, 1027.4522029073996
Node 1175, 1007.9558125011285
Node 165, 259.65876082387683
Node 1391, 1026.9797063966294
Node 516, 661.0451065889562
Node 138, 200.01942314236456
Node 1360, 1021.258773401288
Node 267, 409.7620975780345
Node 2912, 17416.89874375346
Node 2340, 7888.3171709020435
Node 1676, 1176.299781189561
Node 1629, 1129.5210959359713
Node 260, 396.76704317491436
Node 86, 56.40965204090302
Node 81, 32.212107075824335
Node 1601, 1102.2449680686825
Node 1585, 1085.120180409234
Node 1441, 1036.3320941960058
Node 1638, 1136.9979995101583
Node 411, 575.6967628219544
Node 208, 325.7305730488578
Node 1627, 1127.2551659423518
Node 1618, 1116.599055582632
Node 1223, 1010.2442008254815
Node 900, 1000.2274696359632
Node 1084, 1004.2009013751979
Node 1543, 1064.805638895706
Node 1465, 1041.9257560296712
Node 765, 894.9214328518483
Node 1510, 1052.3637172029416
Node 1039, 1003.2998019023744
Node 330, 486.8404353504282
Node 2349, 8026.6579345771015
Node 1873, 2472.013178414245
Node 1542, 1062.876262578375
Node 680, 816.371169506654
Node 1790, 1427.4847453646034
Node 1571, 1077.7195423968044
Node 1740, 1271.9626319695362
Node 1586, 1085.3948217282093
Node 1453, 1039.6600381552958
Node 407, 569.6596932295823
Node 1706, 1215.9505502271472
Node 1682, 1179.9456269475993
Node 1185, 1008.4147935946849
Node 1490, 1047.5540365072804
Node 192, 305.2973944631084
Node 182, 285.57858273924643
Node 862, 972.8360608839773
Node 2348, 8021.64951935627
Node 1518, 1056.9095485118394
Node 1386, 1026.2846489279516
Node 1488, 1047.2593141667905
Node 1089, 1004.3473278739344
Node 850, 967.1547581662104
Node 1973, 3589.4995345760553
Node 1705, 1204.7689846702694
Node 637, 781.9274516874314
Node 133, 180.74018146801197
Node 109, 134.12054578026138
Node 1549, 1066.7856481180988
Node 391, 546.1493037912477
Node 107, 131.32322208962444
Node 1359, 1021.2475432088609
Node 1791, 1430.6218616954145
Node 1667, 1165.8930654903772
Node 994, 1001.9804663361558
Node 80, 22.779410574016424
Node 1661, 1161.8444941784583
Node 1578, 1083.1987806451066
Node 1656, 1157.424107001449
Node 1499, 1049.3429507280134
Node 1318, 1017.0866228786773
Node 1690, 1187.7075928002037
Node 1613, 1113.0808945944054
Node 156, 243.69391304418042
Node 120, 148.76363084081748
