Node, generations
Node 1058, 18393.452273308027
Node 870, 13208.026652304876
Node 529, 1205.5673174055357
Node 409, 586.3931657768908
Node 261, 301.13521453204265
Node 309, 363.1300074476049
Node 298, 342.0402923500202
Node 143, 220.55471348216275
Node 40, 7.195147361504489
Node 296, 339.51017512096365
Node 272, 313.07510172866404
Node 59, 202.0375432035742
Node 435, 672.6272049281266
Node 243, 282.2150554754872
Node 402, 570.9706736075751
Node 127, 215.8300559481819
Node 52, 200.6114303211396
Node 203, 245.14803484909234
Node 176, 231.35190360395495
Node 157, 222.81537725471193
Node 96, 208.02668539237553
Node 532, 1246.2598208651295
Node 480, 854.4081271243432
Node 322, 381.4473890438014
Node 280, 324.88565463259613
Node 269, 308.2033938568606
Node 121, 214.97158940518503
Node 103, 209.3981925472266
Node 179, 231.7002393811153
Node 126, 215.7228694253655
Node 511, 1053.7419098733221
Node 273, 317.57431314290176
Node 250, 288.7165418490829
Node 223, 264.27955423695937
Node 155, 222.40086327846214
Node 90, 207.09098591680322
Node 384, 524.3569358871088
Node 144, 220.56820886916617
Node 279, 324.52797489946465
