Node, generations
Node 2680, 33455.18867737393
Node 1864, 1776.3702270894646
Node 1787, 1386.8528316662193
Node 1677, 1136.0225344660555
Node 1298, 1014.523840233312
Node 636, 746.7803182023496
Node 128, 169.74338783927226
Node 1540, 1057.406427550429
Node 141, 187.73289718487567
Node 1410, 1026.185217765578
Node 1184, 1007.6641088543112
Node 1340, 1018.5225995056081
Node 1732, 1232.5906375834559
Node 1033, 1002.4194824577861
Node 1684, 1143.234103875921
Node 1448, 1032.62762832571
Node 1352, 1019.3667480416815
Node 192, 273.5592938285753
Node 1583, 1077.7366141641212
Node 1474, 1038.275217832424
Node 1185, 1007.7838460005214
Node 1572, 1073.633423984998
Node 855, 937.914993036198
Node 459, 593.901205387009
Node 362, 483.42773125339403
Node 129, 170.34644025143936
Node 83, 31.531926305123925
Node 1798, 1421.903033140402
Node 1435, 1029.9364222207378
Node 1418, 1027.4545158343992
Node 1014, 1002.1124130478278
Node 519, 645.9302611365932
Node 91, 83.37833856572885
Node 1500, 1045.6583161085289
Node 667, 780.5705893147538
Node 2492, 24376.576452161895
Node 1598, 1084.0929808504425
Node 1465, 1036.35672399648
Node 1401, 1024.869470378482
Node 1019, 1002.2128433533588
Node 1564, 1069.6141270403182
Node 1496, 1044.664240175619
Node 1361, 1020.4241396785715
Node 429, 558.0274820249556
Node 624, 732.5452892301255
Node 162, 220.38262766157203
Node 264, 376.6417432399242
Node 1900, 2063.159865132291
Node 1731, 1231.8396395579916
Node 1414, 1026.7788620699093
Node 131, 171.96236926732843
Node 1491, 1043.4256991030913
Node 96, 96.13026658499648
Node 1831, 1569.7092585692944
Node 1759, 1298.2990434501341
Node 1669, 1124.8143936712731
Node 1636, 1106.8053943646696
Node 1457, 1034.94806033681
Node 1575, 1074.9734668216697
Node 1529, 1053.5372258208633
Node 364, 486.49191849574964
Node 1262, 1012.3305943292926
Node 1555, 1063.588340655517
Node 1102, 1004.2873897312519
Node 1701, 1170.1733506952799
Node 80, 5.325472975227872
Node 1829, 1553.199701154188
Node 1621, 1097.4955399609373
Node 1204, 1008.7625170794062
Node 1609, 1089.6166432160487
Node 1379, 1022.3578295238782
Node 1596, 1083.2483825455292
Node 1466, 1036.7572423243591
Node 1383, 1022.6891537151041
Node 1442, 1031.2837744302246
Node 1749, 1279.5363185152335
Node 1356, 1020.0006869915769
Node 1721, 1200.3412866306105
Node 1498, 1045.0257411349996
