Node, generations
Node 1915, 10707.53024207916
Node 343, 233.5229560512967
Node 229, 112.32299647421904
Node 123, 66.03457339784524
Node 138, 71.14942403862123
Node 131, 69.66146069795816
Node 130, 68.94979098418523
Node 235, 115.43509113512883
Node 1705, 8425.408471313278
Node 958, 3243.0113881698626
Node 71, 51.88858791548902
Node 957, 3239.073754128791
Node 285, 163.7766594160006
Node 122, 65.52143928006136
Node 480, 1000.4336505015633
Node 225, 110.48098137954085
Node 85, 54.68411989831699
Node 60, 25.50739380113116
Node 147, 75.25079407826237
Node 83, 54.31175442652601
Node 143, 74.21667644346138
Node 91, 56.19310363630886
Node 258, 135.16662522542072
Node 76, 53.14707771447888
Node 256, 134.80740039788108
Node 97, 58.73817903535124
Node 79, 53.606419255763015
Node 1494, 6698.743986211784
Node 390, 536.5308318752167
Node 287, 167.57860503559618
Node 99, 59.793800749355746
Node 282, 156.42802205952174
Node 63, 50.080417002663026
Node 245, 125.45664195692764
Node 324, 211.30729720724898
Node 201, 95.6419567101571
Node 268, 140.6366773636496
Node 236, 115.94218651103498
Node 226, 110.761314220022
Node 136, 70.71783614174498
Node 175, 83.25568569214641
Node 170, 82.01195884531582
Node 92, 56.40066212128743
Node 247, 127.59295263003189
Node 190, 89.32118352737244
Node 110, 62.20655271661162
Node 204, 97.20532772358482
Node 140, 72.73542876069973
Node 1023, 3569.140646930732
Node 508, 1116.3505279841947
Node 358, 312.2260118432023
Node 219, 104.6931373429694
Node 773, 2244.6626079586536
Node 375, 472.84163067095614
Node 197, 92.3736520862851
Node 96, 58.381811774343056
Node 139, 71.62620834692304
Node 269, 141.231108009363
Node 214, 101.63870071797712
