Node, generations
Node 3647, 37730.20348124169
Node 1721, 4874.607191996119
Node 1389, 3309.1261500283304
Node 938, 1640.5734838503026
Node 493, 233.84892925941998
Node 393, 160.79969023423524
Node 199, 107.31344074455623
Node 302, 125.07644497734553
Node 193, 106.64120017289066
Node 118, 100.63123853177623
Node 406, 166.9310437432572
Node 335, 133.95812503252725
Node 325, 131.9479296711343
Node 252, 115.79018497589976
Node 80, 16.1341942342485
Node 310, 126.9281102610599
Node 384, 158.36859611811616
Node 883, 1472.373380926938
Node 290, 122.87881169700182
Node 158, 103.39374204233091
Node 621, 710.6295161609961
Node 382, 157.55282210737064
Node 341, 137.6206923821261
Node 334, 133.61219548767625
Node 133, 101.6018102571469
Node 583, 595.8464661101192
Node 481, 218.08180027082844
Node 106, 88.3061264244697
Node 343, 139.58262841738454
Node 329, 132.8032891225284
Node 82, 26.652259405569396
Node 101, 74.71503481182697
Node 487, 227.22667643432325
Node 246, 114.7244157399451
Node 220, 111.46399763301103
Node 196, 107.01764603194636
Node 124, 100.8887559142629
Node 1017, 1880.5766175020883
Node 521, 313.22612037088436
Node 409, 168.41213541584986
Node 104, 76.68939751902138
Node 461, 201.7745323451379
Node 433, 182.0277378942096
Node 431, 180.5124763228314
Node 377, 153.86501693191948
Node 148, 102.96345486962821
Node 138, 102.02460736893609
Node 84, 28.366782277886653
Node 3471, 31301.246616685392
Node 443, 187.61035849716177
Node 286, 122.0934272800261
Node 368, 148.8923473786821
Node 230, 112.75699983387035
Node 218, 111.16572998249269
Node 140, 102.37495504983656
Node 3269, 25303.420759718378
Node 1306, 2910.668829355888
Node 108, 96.12321583090034
Node 83, 27.38272989579434
Node 477, 215.55551774810777
Node 386, 158.5047293035073
Node 468, 205.26412886116051
Node 245, 114.5999593162739
Node 89, 44.32223890453717
Node 1758, 5080.255190643895
Node 1171, 2422.8235794572274
Node 538, 421.7086906218546
Node 392, 160.73904149547445
Node 135, 101.68472873731145
Node 356, 143.89578754635005
Node 111, 100.03074166230243
Node 224, 111.7856517932223
Node 533, 406.30238853630874
Node 432, 181.0013695122022
Node 319, 129.8586354794551
Node 175, 104.2324552216115
Node 485, 222.0039486545895
Node 173, 104.20139737750164
Node 144, 102.64090469048534
