Node, generations
Node 1658, 47654.16951800464
Node 488, 1030.410966381919
Node 364, 458.99022744613757
Node 212, 248.96904918825555
Node 128, 219.6658189628579
Node 48, 138.68433693259718
Node 357, 427.78682582817635
Node 181, 236.93406662583965
Node 41, 49.58221019162756
Node 319, 345.6683556480239
Node 145, 224.2382316756791
Node 123, 218.50542783681445
Node 79, 205.17068470393357
Node 272, 297.01499632512235
Node 441, 726.5532479098321
Node 196, 243.08884167041356
Node 156, 226.49662914478162
Node 155, 226.39514219910035
Node 405, 584.4163908452693
Node 144, 224.14457381325082
Node 77, 204.99665266676726
Node 396, 547.2275386173686
Node 362, 447.15106984232426
Node 296, 318.79375896141937
Node 273, 297.846814216915
Node 237, 268.07186253077145
Node 1051, 17544.738851274633
Node 390, 526.936512836361
Node 51, 200.13828164631136
Node 315, 340.9161521759256
Node 278, 299.0514217808095
Node 674, 6297.87772733273
Node 368, 478.1304772632986
Node 361, 445.1631147070535
Node 316, 341.11274536296514
Node 160, 228.03103227084645
Node 56, 200.6508267512377
Node 668, 6039.270383996917
Node 157, 227.02927189992698
