node_generations, branch_length
2121.560619809417, 52792.743994590775
0.0, 2121.560619809417
2113.2513224055324, 8.309297403884557
2069.305073859569, 43.9462485459635
511.78826212628866, 1557.5168117332803
0.0, 511.78826212628866
0.0, 511.78826212628866
2056.471291809362, 12.833782050206992
0.0, 2056.471291809362
2044.7061767493142, 11.76511506004772
2031.0096555241353, 13.696521225178913
308.1229741155256, 1722.8866814086095
0.0, 308.1229741155256
0.0, 308.1229741155256
447.372756300284, 1583.6368992238513
0.0, 447.372756300284
0.0, 447.372756300284
2031.9790719577725, 12.727104791541706
0.0, 2031.9790719577725
2020.4912420181367, 11.48782993963573
0.0, 2020.4912420181367
2008.3009153341322, 12.190326684004503
0.0, 2008.3009153341322
0.0, 2008.3009153341322
2071.1748623978337, 42.07646000769864
0.0, 2071.1748623978337
0.0, 2071.1748623978337
23607.7242478437, 31306.580366556493
2210.6530877367045, 21397.071160106996
0.0, 2210.6530877367045
2107.394825262107, 103.25826247459736
0.0, 2107.394825262107
0.0, 2107.394825262107
2844.256793392652, 20763.46745445105
2053.5903584555676, 790.6664349370844
1848.7694219723644, 204.82093648320324
0.0, 1848.7694219723644
0.0, 1848.7694219723644
2047.3763533828167, 6.214005072750979
0.0, 2047.3763533828167
2005.741843893601, 41.63450948921559
0.0, 2005.741843893601
0.0, 2005.741843893601
2721.5663563558633, 122.69043703678881
2229.967890226402, 491.5984661294615
0.0, 2229.967890226402
2021.7566092143911, 208.21128101201066
0.0, 2021.7566092143911
0.0, 2021.7566092143911
2480.15243114181, 241.41392521405305
2097.7965250918987, 382.3559060499115
0.0, 2097.7965250918987
0.0, 2097.7965250918987
2352.791240176291, 127.3611909655192
1173.2493726338043, 1179.5418675424867
0.0, 1173.2493726338043
0.0, 1173.2493726338043
2135.146633121598, 217.6446070546931
2039.0763317976696, 96.07030132392833
496.65392597715214, 1542.4224058205175
0.0, 496.65392597715214
0.0, 496.65392597715214
2008.7354302428478, 30.340901554821812
0.0, 2008.7354302428478
0.0, 2008.7354302428478
2103.160158579662, 31.986474541935877
2060.703343196723, 42.45681538293911
0.0, 2060.703343196723
2036.673352856506, 24.029990340216955
0.0, 2036.673352856506
487.9240437834691, 1548.7493090730368
0.0, 487.9240437834691
305.696369821211, 182.22767396225805
0.0, 305.696369821211
0.0, 305.696369821211
2095.207427693002, 7.952730886659992
0.0, 2095.207427693002
0.0, 2095.207427693002
