Node, generations
Node 2343, 12831.982534620762
Node 1575, 5050.354879083051
Node 933, 1676.052966475472
Node 343, 210.99361860168088
Node 1565, 4994.846228003837
Node 1007, 1988.924292526388
Node 920, 1577.5044740722199
Node 229, 203.15862144662685
Node 484, 235.3168082561688
Node 1272, 3166.357498226059
Node 665, 360.95615368515
Node 505, 242.27331379945647
Node 606, 290.4694224253256
Node 501, 241.04422263230407
Node 730, 693.0492763666616
Node 442, 224.95080164259508
Node 669, 367.988551095283
Node 492, 237.99182772747113
Node 417, 222.26475770455053
Node 575, 274.73838625911486
Node 489, 236.46768530815442
Node 539, 254.20905769792338
Node 124, 167.21556150467407
Node 466, 230.42547430657942
Node 380, 214.7069430716798
Node 216, 202.53931839590174
Node 463, 230.14721254276768
Node 2278, 12105.940866271785
Node 1261, 3100.653122818602
Node 1013, 2010.6778310825653
Node 407, 220.1036851879223
Node 570, 270.79383763573367
Node 467, 230.6246040434898
Node 149, 200.21336739204708
Node 1071, 2214.6386417063286
Node 452, 226.90864749190297
Node 116, 137.3966317089873
Node 134, 188.88240949416684
Node 694, 445.94469702902876
Node 688, 391.5299029000824
Node 340, 210.64678239213677
Node 672, 373.15695853496135
Node 215, 202.52166904821888
Node 664, 360.6768649785571
Node 493, 238.40301999808383
Node 310, 208.49733837531727
Node 569, 270.7528208044008
Node 557, 265.1192623449161
Node 507, 242.49032450330964
Node 373, 214.09873981348218
Node 523, 249.2932764184794
Node 86, 57.24161563938258
Node 415, 221.76865950393412
Node 375, 214.20449412491914
Node 218, 202.61335995878053
Node 2027, 8921.408921739057
Node 687, 388.2076753675748
Node 561, 266.48599696796657
Node 470, 231.6416487269551
Node 651, 344.99827853760246
Node 619, 310.6828778694189
Node 350, 211.63530589074125
Node 291, 206.92246948103212
Node 589, 282.3024751173548
Node 302, 207.91992644300498
Node 632, 320.8484458123275
Node 198, 202.0585178682896
Node 1610, 5312.45550237793
Node 626, 314.12853611179844
Node 601, 288.9350190622218
Node 533, 252.33336429109357
Node 455, 227.71842417038263
Node 580, 277.53397211322033
Node 611, 296.89111729091303
Node 481, 234.91054341491466
Node 120, 158.18104834312524
Node 92, 73.97077030319679
Node 83, 36.479994189653006
Node 674, 374.0275350018214
