node_generations, branch_length
1626.8041235907158, 1364.3650762054663
723.8824200798084, 902.9217035109074
0.0, 723.8824200798084
506.19032311465173, 217.69209696515668
0.0, 506.19032311465173
0.0, 506.19032311465173
1174.5101628826928, 452.29396070802295
578.328696091859, 596.1814667908338
0.0, 578.328696091859
0.0, 578.328696091859
765.2421811738833, 409.26798170880954
0.0, 765.2421811738833
630.4857459197781, 134.7564352541052
0.0, 630.4857459197781
589.3117279991343, 41.17401792064379
0.0, 589.3117279991343
570.163328303949, 19.148399695185276
0.0, 570.163328303949
0.0, 570.163328303949
1853.7488902432008, 1137.4203095529813
1209.5036559375708, 644.24523430563
0.0, 1209.5036559375708
772.2618098265103, 437.24184611106045
292.04602703066917, 480.21578279584116
0.0, 292.04602703066917
0.0, 292.04602703066917
504.5285363283387, 267.7332734981716
0.0, 504.5285363283387
0.0, 504.5285363283387
1773.9019369555317, 79.84695328766907
919.7990141786311, 854.1029227769006
0.0, 919.7990141786311
728.2377569102667, 191.56125726836433
650.413668650662, 77.82408825960476
544.6739334345216, 105.73973521614039
0.0, 544.6739334345216
0.0, 544.6739334345216
632.4671881169639, 17.946480533698036
0.0, 632.4671881169639
592.897270508079, 39.56991760888491
0.0, 592.897270508079
385.47519437090074, 207.4220761371783
0.0, 385.47519437090074
0.0, 385.47519437090074
727.3657957439625, 0.8719611663042315
0.0, 727.3657957439625
632.63535746977, 94.73043827419247
501.61447265169414, 131.0208848180759
0.0, 501.61447265169414
0.0, 501.61447265169414
532.7264625312536, 99.90889493851648
487.0562692401429, 45.67019329111065
0.0, 487.0562692401429
392.9281216821557, 94.12814755798723
0.0, 392.9281216821557
257.3959199501874, 135.53220173196826
0.0, 257.3959199501874
0.0, 257.3959199501874
506.71026504350004, 26.016197487753516
0.0, 506.71026504350004
504.6121242942691, 2.098140749230936
0.0, 504.6121242942691
0.0, 504.6121242942691
1321.946208237369, 451.9557287181626
0.0, 1321.946208237369
576.8333779417374, 745.1128302956317
531.2850507481633, 45.548327193574096
0.0, 531.2850507481633
513.9686642546841, 17.316386493479172
0.0, 513.9686642546841
0.0, 513.9686642546841
561.1868810966052, 15.646496845132106
0.0, 561.1868810966052
353.57850815506015, 207.6083729415451
0.0, 353.57850815506015
143.80446525769062, 209.77404289736953
0.0, 143.80446525769062
0.0, 143.80446525769062
