node_generations, branch_length
1558.3500326244473, 19397.90056677501
0.0, 1558.3500326244473
621.0889873652917, 937.2610452591556
0.0, 621.0889873652917
540.3726744377478, 80.71631292754387
220.71583099512856, 319.6568434426193
0.0, 220.71583099512856
0.0, 220.71583099512856
537.5048766562276, 2.8677977815202667
0.0, 537.5048766562276
290.8638589539643, 246.64101770226324
0.0, 290.8638589539643
276.1435367529303, 14.720322201034037
0.0, 276.1435367529303
0.0, 276.1435367529303
9977.971761006482, 10978.278838392975
422.3101307460611, 9555.66163026042
0.0, 422.3101307460611
0.0, 422.3101307460611
622.3510760713795, 9355.620684935102
448.88707034456917, 173.46400572681029
0.0, 448.88707034456917
394.43937585293673, 54.44769449163243
0.0, 394.43937585293673
0.0, 394.43937585293673
563.7669931050935, 58.584082966285905
243.96154483254384, 319.8054482725497
0.0, 243.96154483254384
0.0, 243.96154483254384
496.88407596755013, 66.88291713754342
277.2256743639673, 219.65840160358283
0.0, 277.2256743639673
233.7969663445503, 43.428708019417
0.0, 233.7969663445503
0.0, 233.7969663445503
354.8056104155084, 142.07846555204173
0.0, 354.8056104155084
0.0, 354.8056104155084
