node_generations, branch_length
14201.98498125551, 4767.334003714424
0.0, 14201.98498125551
6922.085445879098, 7279.899535376411
1372.0580862576649, 5550.027359621434
0.0, 1372.0580862576649
109.6426856677854, 1262.4154005898795
0.0, 109.6426856677854
0.0, 109.6426856677854
3142.9887727128807, 3779.0966731662174
173.58253749279376, 2969.406235220087
0.0, 173.58253749279376
141.14857961982256, 32.433957872971206
0.0, 141.14857961982256
111.65581152001056, 29.492768099811997
0.0, 111.65581152001056
0.0, 111.65581152001056
715.6052836176826, 2427.383489095198
151.2202775678534, 564.3850060498293
0.0, 151.2202775678534
111.71772092192168, 39.50255664593172
0.0, 111.71772092192168
102.44823477831535, 9.26948614360633
0.0, 102.44823477831535
0.0, 102.44823477831535
653.6559496514245, 61.94933396625811
111.45914302302535, 542.1968066283991
0.0, 111.45914302302535
103.07655335744236, 8.382589665582984
0.0, 103.07655335744236
103.03680727363155, 0.03974608381081168
0.0, 103.03680727363155
0.0, 103.03680727363155
142.58732694157746, 511.0686227098471
0.0, 142.58732694157746
0.0, 142.58732694157746
16708.96342000689, 2260.3555649630434
2561.2082966081775, 14147.755123398712
205.01910154578792, 2356.1891950623894
152.02929606840843, 52.98980547737949
0.0, 152.02929606840843
129.85246782293453, 22.1768282454739
0.0, 129.85246782293453
0.0, 129.85246782293453
161.08497227113278, 43.934129274655135
0.0, 161.08497227113278
0.0, 161.08497227113278
849.841749517436, 1711.3665470907415
0.0, 849.841749517436
779.8172502575482, 70.02449925988788
0.0, 779.8172502575482
760.8448741577458, 18.972376099802318
0.0, 760.8448741577458
288.4889781065069, 472.3558960512389
0.0, 288.4889781065069
138.27513241770887, 150.21384568879805
0.0, 138.27513241770887
137.52330003363932, 0.7518323840695587
113.35745881385878, 24.165841219780532
0.0, 113.35745881385878
0.0, 113.35745881385878
116.12799314826904, 21.395306885370275
0.0, 116.12799314826904
0.0, 116.12799314826904
3970.3652806925925, 12738.598139314297
221.44672989267733, 3748.918550799915
0.0, 221.44672989267733
125.71743620649167, 95.72929368618566
0.0, 125.71743620649167
0.0, 125.71743620649167
3034.6039283947066, 935.7613522978859
132.9679000072201, 2901.6360283874865
0.0, 132.9679000072201
0.0, 132.9679000072201
212.95911427019283, 2821.6448141245137
0.0, 212.95911427019283
60.6425281801438, 152.31658609004904
0.0, 60.6425281801438
0.0, 60.6425281801438
