Node, generations
Node 643, 4106.659561657519
Node 549, 1771.0439756528456
Node 534, 1602.3963246530272
Node 206, 1016.0247856614469
Node 547, 1735.0478907375154
Node 475, 1363.25308749976
Node 320, 1068.8481698350515
Node 528, 1567.9404305768192
Node 439, 1278.2252753653606
Node 434, 1270.4382019189275
Node 377, 1140.9401378314
Node 501, 1466.8416812564392
Node 567, 1923.3335042444637
Node 421, 1249.7295491943182
Node 314, 1065.0262597808603
Node 178, 1010.8789839510848
Node 444, 1281.5723575052527
Node 404, 1198.6013334816384
Node 408, 1212.5001183412626
