Node, generations
Node 2727, 17337.91786670518
Node 1855, 6643.234552608958
Node 673, 386.5835299454542
Node 451, 235.60409807855194
Node 245, 205.7607232912518
Node 538, 263.4441146397164
Node 267, 206.90434301868956
Node 1275, 2993.749231458928
Node 590, 302.4649790947834
Node 477, 243.5752993054511
Node 142, 200.38650680062415
Node 129, 183.26691534365204
Node 536, 262.9305046731448
Node 401, 224.01232362130472
Node 365, 217.64050245291077
Node 191, 202.57259091082088
Node 1049, 2021.7828380350331
Node 684, 432.2404639114024
Node 295, 209.53835856980763
Node 445, 234.33366484860298
Node 194, 202.97579592500725
Node 819, 1157.6326259834675
Node 652, 361.6879820234826
Node 437, 232.3985045897783
Node 576, 293.9952728382999
Node 407, 224.53298107801064
Node 402, 224.12214985312457
Node 659, 369.4599492509428
Node 2464, 13502.878890889244
Node 1227, 2789.6821215917025
Node 562, 281.23002805328633
Node 1206, 2646.6934770248713
Node 275, 207.64175601792314
Node 256, 206.31200032721733
Node 253, 206.15632293096135
Node 624, 327.38107410498407
Node 459, 237.96712415085577
Node 84, 46.33406893791335
Node 409, 224.79138357192562
Node 603, 315.0925394179017
Node 596, 307.87031154323483
Node 378, 220.77104810467236
Node 500, 251.01422902286748
Node 498, 249.96249331588223
Node 428, 230.00988016062144
Node 455, 237.6610613729899
Node 293, 209.48833933711003
Node 414, 225.46801633528756
Node 98, 93.8410183133938
Node 1590, 4827.954343823019
Node 852, 1263.9965697603216
Node 134, 200.08558784232446
Node 87, 49.732722796363234
Node 1374, 3499.7935400427846
Node 883, 1387.3959387454508
Node 661, 370.4838032909847
Node 627, 328.56598777769005
Node 270, 207.07045283434107
Node 86, 47.412444256516295
Node 458, 237.92291081481366
Node 1182, 2568.477872306171
Node 550, 271.4331754472243
Node 290, 209.40887626217884
Node 533, 260.4865237969382
Node 456, 237.74196636026164
Node 357, 216.80057440673085
Node 735, 798.9728598274172
Node 526, 259.7128408657326
Node 524, 259.1174398240809
Node 117, 155.34060640238968
Node 666, 378.75765606872534
Node 647, 351.61962160637813
Node 539, 264.56117814293907
Node 474, 242.84805694587155
Node 665, 377.2602007209323
Node 399, 223.4422684153486
Node 239, 205.63679051703105
Node 292, 209.44956262266675
Node 139, 200.31546819229527
