Node, generations
Node 2559, 10751.221876193105
Node 2295, 2685.847553026118
Node 2259, 2511.60104437735
Node 2049, 2082.9537501977943
Node 83, 173.13182952311615
Node 1688, 2007.0465342425275
Node 2154, 2197.1027793317844
Node 1786, 2013.8129567671638
Node 2114, 2144.7877966990927
Node 1619, 2004.8013159093716
Node 997, 1489.8019625535683
Node 296, 621.7129704947232
Node 302, 628.3004180500114
Node 2101, 2129.2958856518485
Node 208, 489.8685727198639
Node 2035, 2075.3831796267173
Node 872, 1353.1089026747252
Node 2293, 2668.428468159335
Node 2151, 2195.137770189356
Node 1985, 2052.6055333583026
Node 1042, 1543.1897776986625
Node 444, 841.0187013767048
Node 95, 201.87606266960844
Node 96, 201.8978308428265
Node 933, 1417.6545906609244
Node 219, 506.154673960041
Node 1293, 1853.8367849910396
Node 2087, 2111.952603945703
Node 868, 1342.8713041315496
Node 2072, 2102.8791326797923
Node 943, 1431.6348573846176
Node 910, 1392.8508279541945
Node 155, 377.4987444104382
Node 1959, 2041.3202899199089
Node 1633, 2005.1228516696926
Node 1909, 2030.384323163257
Node 1132, 1654.9918173343412
Node 1844, 2019.9467978371563
Node 2207, 2311.2008740937117
Node 2104, 2130.123371279438
Node 1876, 2024.2402048975644
Node 1361, 1918.4604063076167
Node 447, 848.8605588699478
Node 152, 376.09049980427034
Node 1555, 2002.8848002005882
Node 846, 1320.029529940688
Node 2168, 2218.9537574763417
Node 593, 1031.1508012525555
Node 1456, 2000.3434528423886
Node 518, 946.3118613146132
Node 308, 633.6209115376263
Node 297, 622.5627285519512
Node 2421, 3974.7502738530948
Node 364, 727.5141301524872
Node 2315, 2779.867068730478
Node 2199, 2293.143160361135
Node 1928, 2033.6110686337506
Node 1012, 1504.4996402692407
Node 350, 699.4071362296785
