Node, generations
Node 1425, 93848.97447647566
Node 295, 1233.5540287571562
Node 261, 985.9826238457655
Node 205, 576.9533724997725
Node 251, 891.6597023259044
Node 175, 476.3628554120147
Node 137, 363.1718668385479
Node 132, 349.2839062203848
Node 99, 283.0427669818098
Node 50, 215.32757450624698
Node 169, 429.57794069312706
Node 94, 275.21096878767236
Node 123, 329.76769002830343
Node 65, 236.07152676651705
Node 233, 778.9177870469426
Node 344, 1944.9610491921537
Node 112, 304.5259522072202
Node 111, 301.7732178068262
Node 253, 905.1261873842047
