node_generations, branch_length
695.4072854311705, 35343.548265614256
0.0, 695.4072854311705
499.73754176730426, 195.66974366386626
0.0, 499.73754176730426
0.0, 499.73754176730426
28696.965994872215, 7341.989556173208
0.0, 28696.965994872215
19001.468624759742, 9695.497370112473
1534.791032960373, 17466.67759179937
0.0, 1534.791032960373
487.787354887341, 1047.003678073032
0.0, 487.787354887341
351.7506870499276, 136.0366678374134
340.89403485356564, 10.85665219636195
213.25840875393519, 127.63562609963046
0.0, 213.25840875393519
0.0, 213.25840875393519
332.019357555394, 8.874677298171662
0.0, 332.019357555394
0.0, 332.019357555394
342.8029502147025, 8.9477368352251
0.0, 342.8029502147025
293.2061578739752, 49.59679234072729
0.0, 293.2061578739752
0.0, 293.2061578739752
5404.841513395295, 13596.627111364447
218.08936932945088, 5186.752144065844
0.0, 218.08936932945088
0.0, 218.08936932945088
1666.7466032594843, 3738.0949101358106
492.67637235507834, 1174.070230904406
106.07194193476148, 386.6044304203169
0.0, 106.07194193476148
0.0, 106.07194193476148
491.0986437034588, 1.5777286516195659
275.5791687579204, 215.51947494553838
271.5439790965702, 4.035189661350216
228.64831366424542, 42.89566543232476
0.0, 228.64831366424542
0.0, 228.64831366424542
270.2767669086419, 1.267212187928294
0.0, 270.2767669086419
0.0, 270.2767669086419
273.3760726851707, 2.2030960727497018
203.8121849905967, 69.56388769457399
0.0, 203.8121849905967
0.0, 203.8121849905967
251.2660282088275, 22.110044476343205
0.0, 251.2660282088275
227.77197631880873, 23.494051890018767
0.0, 227.77197631880873
0.0, 227.77197631880873
281.515355177101, 209.58328852635776
0.0, 281.515355177101
260.3382307030907, 21.177124474010327
202.00585324182248, 58.33237746126821
0.0, 202.00585324182248
77.22450646732123, 124.78134677450124
0.0, 77.22450646732123
0.0, 77.22450646732123
205.80410231800215, 54.534128385088536
0.0, 205.80410231800215
0.0, 205.80410231800215
644.1254236720054, 1022.621179587479
320.7204739458857, 323.40494972611964
0.0, 320.7204739458857
257.8513039253962, 62.86917002048949
0.0, 257.8513039253962
242.06683116824397, 15.784472757152258
36.00125304819308, 206.06557812005087
0.0, 36.00125304819308
0.0, 36.00125304819308
226.88251356417464, 15.18431760406932
0.0, 226.88251356417464
0.0, 226.88251356417464
330.2092240925844, 313.91619957942095
0.0, 330.2092240925844
0.0, 330.2092240925844
