Node, generations
Node 2358, 117499.17030015905
Node 1503, 2003.5390178632529
Node 1471, 1795.7500435745173
Node 1377, 1375.2049492830354
Node 1208, 1111.1316389711133
Node 958, 1020.1231795956319
Node 999, 1028.3714706551586
Node 1319, 1237.908127221689
Node 1142, 1075.996037186845
Node 1300, 1208.064239618623
Node 125, 272.6940327640832
Node 1078, 1047.3449411425252
Node 1417, 1507.1351848181248
Node 1318, 1237.5090974031598
Node 61, 29.68613019994602
Node 1499, 1985.2593552349365
Node 62, 44.4644983084276
Node 1233, 1127.1104670615243
Node 1177, 1093.5780587164932
Node 1166, 1085.616211998015
Node 1063, 1043.578246605978
Node 925, 1015.8330203236875
Node 131, 292.03152641138826
Node 975, 1022.8410845145625
Node 350, 704.0389115716317
Node 1158, 1080.7250268812054
Node 746, 1004.3807790691424
Node 1602, 4653.667889124309
Node 1288, 1187.700703868125
Node 1051, 1039.921923211885
Node 770, 1005.4139689897495
Node 107, 207.86150671813607
Node 1247, 1141.072642103338
Node 802, 1006.9286934106183
Node 94, 168.4558049333372
Node 377, 741.7971055441042
Node 168, 376.88444064662633
Node 67, 75.75199581342602
Node 1502, 2000.9902775703702
Node 1190, 1101.9471842959151
Node 1160, 1081.4716520797272
Node 1136, 1073.7788440566476
Node 1097, 1053.4240612803726
Node 998, 1028.1864818877086
Node 1113, 1062.4607357063835
Node 1488, 1889.6379644676988
Node 1440, 1614.6384826144638
Node 1098, 1053.7695928544188
Node 1073, 1045.5192788061381
Node 1317, 1233.6503415378772
Node 1138, 1074.1486830360363
Node 1152, 1079.511717963864
Node 979, 1023.7656942755774
Node 348, 700.3772383302818
Node 60, 6.161479614902445
Node 1084, 1049.4563185939178
Node 816, 1008.113841900703
Node 736, 1004.0228797770496
Node 149, 345.50567892423277
