node_generations, branch_length
288.94233713113823, 6493.893651791782
0.5406953403616974, 288.4016417907765
0.0, 0.5406953403616974
0.0, 0.5406953403616974
116.15291766761555, 172.78941946352268
0.0, 116.15291766761555
67.12406401255951, 49.02885365505604
0.0, 67.12406401255951
50.203485315955966, 16.92057869660355
0.0, 50.203485315955966
0.0, 50.203485315955966
5902.113837715104, 880.7221512078168
2598.330936308612, 3303.782901406492
504.97646668867145, 2093.3544696199406
0.0, 504.97646668867145
397.4338940716226, 107.54257261704885
0.0, 397.4338940716226
197.91690185761024, 199.51699221401236
0.0, 197.91690185761024
147.7419471889511, 50.174954668659154
0.0, 147.7419471889511
62.0348711136184, 85.70707607533268
0.0, 62.0348711136184
48.46176676032847, 13.573104353289928
0.0, 48.46176676032847
0.0, 48.46176676032847
2310.5827671789266, 287.74816912968527
0.0, 2310.5827671789266
1696.4152715165603, 614.1674956623663
26.103397358293496, 1670.3118741582668
0.0, 26.103397358293496
0.0, 26.103397358293496
618.0188375129164, 1078.396434003644
0.0, 618.0188375129164
0.0, 618.0188375129164
2691.337354861797, 3210.776482853307
0.0, 2691.337354861797
0.0, 2691.337354861797
