Node, generations
Node 3344, 22041.890004216493
Node 2161, 6890.142959436124
Node 786, 1113.0476338906365
Node 549, 495.74887312087736
Node 443, 182.16722106401463
Node 1871, 5108.137519428966
Node 948, 1493.4852879822351
Node 452, 190.56173097124517
Node 444, 182.51764413219138
Node 403, 161.6524133709664
Node 1362, 2831.5683711786055
Node 1092, 1879.0292790021026
Node 423, 170.47404292556024
Node 1058, 1804.8877973931849
Node 440, 181.31215174814923
Node 324, 130.30753417520413
Node 84, 32.02048247484802
Node 198, 106.48713640722846
Node 352, 140.27436907968655
Node 239, 112.3441074662786
Node 181, 105.48086111523409
Node 160, 103.9873747817989
Node 911, 1408.6083792565682
Node 340, 136.71603895434433
Node 82, 28.31249958637408
Node 381, 150.82738097520783
Node 374, 149.16855364889258
Node 315, 129.38685567587396
Node 355, 140.8884652428937
Node 83, 31.381026153167596
Node 379, 150.47195807337272
Node 170, 104.54881298101493
Node 90, 64.72669757321484
Node 81, 16.844072395441092
Node 1235, 2376.403331405882
Node 394, 157.9092088981791
Node 251, 114.01057078430694
Node 760, 1028.4826860507806
Node 388, 153.39636034816866
Node 297, 122.26564640389556
Node 286, 119.37046056019253
Node 202, 107.08567643636505
Node 2520, 10026.782939795597
Node 2081, 6342.835832972316
Node 1475, 3262.8903174443926
Node 770, 1073.926125656956
Node 431, 176.61137757769072
Node 247, 113.50514829639134
Node 185, 105.65422838686557
Node 465, 206.53869434712567
Node 189, 105.81979337174802
Node 121, 101.30284260094565
Node 462, 195.99775852461798
Node 330, 132.7326054121358
Node 1385, 2893.0959027999543
Node 406, 163.13966202067
Node 267, 116.54133070574645
Node 200, 107.0279004553858
Node 1742, 4493.426998449223
Node 680, 842.2910722415844
Node 287, 119.5747717654512
Node 692, 861.3506444731156
Node 487, 315.21498243069817
Node 486, 308.84985335495867
Node 404, 162.0522469320728
Node 308, 126.12190768116055
Node 655, 791.4899781331935
Node 445, 183.5360768162265
Node 221, 109.55743911206496
Node 346, 138.3706254090853
Node 235, 112.2397024786676
Node 451, 189.12626509311247
Node 219, 109.10569316030507
Node 157, 103.73085288495427
Node 2389, 8920.51579245417
Node 371, 147.62346136531997
Node 349, 139.38168690548144
Node 138, 102.23444517574231
Node 184, 105.57602541898069
