Node, generations
Node 2321, 21093.57588769116
Node 1097, 3435.74320575543
Node 271, 903.2184576121919
Node 1000, 2466.5547566380806
Node 923, 1453.3357548613697
Node 953, 1889.6797460913024
Node 824, 1200.4046849714507
Node 101, 437.9425663499856
Node 861, 1269.1084127214851
Node 538, 1016.1739350214117
Node 492, 1011.4730872547906
Node 308, 972.7080947462979
Node 806, 1154.558481439049
Node 746, 1094.1723471929836
Node 2214, 18768.556797793633
Node 1965, 14052.282538944948
Node 981, 2350.6255906585407
Node 878, 1292.6090023730776
Node 640, 1036.8977593082013
Node 852, 1258.1427734951885
Node 766, 1108.2066078585306
Node 675, 1050.0011572055278
Node 451, 1007.9353611147493
Node 49, 199.186448650963
Node 795, 1133.4281950274067
Node 469, 1009.1146584009877
Node 219, 782.8727464206668
Node 1216, 4572.248323204911
Node 873, 1284.737983347784
Node 777, 1113.0199952457308
Node 462, 1008.4714108488739
Node 42, 122.95657906299633
Node 67, 296.9265028096253
Node 740, 1090.6612474063108
Node 636, 1035.7748352851763
Node 578, 1021.8887327367863
Node 778, 1113.328793297279
Node 637, 1036.1186112106795
Node 100, 435.2742845324203
