node_generations, branch_length
1812.2255752584817, 4539.593559140591
1245.8965610316914, 566.3290142267904
0.0, 1245.8965610316914
1228.7561333706815, 17.14042766100988
1104.4086219929604, 124.34751137772105
1013.4766969079279, 90.9319250850325
0.0, 1013.4766969079279
0.0, 1013.4766969079279
1087.0450388737147, 17.36358311924573
1005.8073437074095, 81.23769516630523
0.0, 1005.8073437074095
858.2472318733363, 147.56011183407315
0.0, 858.2472318733363
0.0, 858.2472318733363
1033.8059864961847, 53.239052377530015
1026.399839394239, 7.406147101945635
0.0, 1026.399839394239
804.2696037713879, 222.13023562285116
0.0, 804.2696037713879
124.20724461017477, 680.0623591612132
0.0, 124.20724461017477
0.0, 124.20724461017477
1027.0211872952286, 6.7847992009560585
0.0, 1027.0211872952286
0.0, 1027.0211872952286
1122.8450073856634, 105.91112598501809
0.0, 1122.8450073856634
1091.3524530891455, 31.492554296517937
0.0, 1091.3524530891455
0.0, 1091.3524530891455
1661.2733444014216, 150.95223085706016
1160.8011831268436, 500.47216127457796
0.0, 1160.8011831268436
0.0, 1160.8011831268436
1255.1164694627535, 406.1568749386681
0.0, 1255.1164694627535
829.1413312063162, 425.9751382564373
0.0, 829.1413312063162
0.0, 829.1413312063162
2395.425433431621, 3956.393700967452
1144.8463242975758, 1250.5791091340452
0.0, 1144.8463242975758
1141.488657702736, 3.357666594839884
1109.4933887757563, 31.995268926979634
1042.2785471178145, 67.21484165794186
0.0, 1042.2785471178145
0.0, 1042.2785471178145
1101.061935334796, 8.43145344096024
0.0, 1101.061935334796
1095.6900214783848, 5.371913856411311
0.0, 1095.6900214783848
1025.9235824041402, 69.76643907424454
0.0, 1025.9235824041402
1018.6075286577518, 7.316053746388434
0.0, 1018.6075286577518
1017.3449299800034, 1.2625986777484286
0.0, 1017.3449299800034
474.7086195862301, 542.6363103937733
0.0, 474.7086195862301
31.090083391687077, 443.618536194543
0.0, 31.090083391687077
0.0, 31.090083391687077
1121.2246274320723, 20.264030270663625
1050.4603970454345, 70.76423038663779
0.0, 1050.4603970454345
1023.948575706254, 26.51182133918053
0.0, 1023.948575706254
0.0, 1023.948575706254
1066.4652295233332, 54.759397908739174
0.0, 1066.4652295233332
0.0, 1066.4652295233332
1668.627045353895, 726.798388077726
398.99584437858357, 1269.6312009753115
0.0, 398.99584437858357
0.0, 398.99584437858357
1006.7767721060418, 661.8502732478532
0.0, 1006.7767721060418
0.0, 1006.7767721060418
