Node, generations
Node 2433, 43895.50703384339
Node 669, 3636.9292222009444
Node 245, 1030.9486478101821
Node 142, 1005.1399964434984
Node 69, 757.0245831584036
Node 1741, 19474.23644030553
Node 418, 1204.630559805855
Node 337, 1090.0642814296937
Node 323, 1077.3336491388955
Node 414, 1193.603305544452
Node 385, 1148.2081477815593
Node 317, 1075.1512101915594
Node 273, 1046.8524470418029
Node 371, 1133.637521276809
Node 514, 1641.6943938483605
Node 398, 1160.4102775356198
Node 446, 1279.4209213247896
Node 442, 1266.2752698621036
Node 289, 1054.6552961100283
