Node, generations
Node 3183, 30530.691841792537
Node 2410, 14090.240320052932
Node 1237, 3639.767643787136
Node 810, 1736.1822837000952
Node 462, 293.13053631739473
Node 316, 228.10639014722005
Node 453, 289.30798245789214
Node 537, 437.47695866585275
Node 412, 260.621123159509
Node 980, 2514.3123497250263
Node 220, 209.83554820899602
Node 557, 628.2811735780028
Node 521, 372.60850068356694
Node 444, 284.44351191373664
Node 198, 207.84463471571172
Node 371, 243.06938019900198
Node 509, 352.081968807354
Node 60, 26.35661529891847
Node 343, 234.93976936440032
Node 215, 209.31278553717948
Node 556, 625.9043405638583
Node 320, 229.1117083583615
Node 501, 344.8798107822252
Node 315, 227.92116599589534
Node 285, 219.79532197523213
Node 194, 207.46165146558948
Node 2030, 9576.432399271478
Node 578, 734.7931457633904
Node 370, 242.8646249669701
Node 505, 348.86712042946306
Node 257, 214.61028171718812
Node 731, 1416.6280896876426
Node 601, 805.6634995318382
Node 415, 263.7342089939735
Node 566, 664.2039146287486
Node 299, 223.29719574915322
Node 2818, 21365.480559318275
Node 1349, 4107.426088805026
Node 431, 271.20748134186556
Node 269, 217.44660086185948
Node 125, 200.9131072668865
Node 918, 2215.6407091325937
Node 494, 334.05689776036894
Node 425, 269.3122237232494
Node 77, 120.1375874885882
Node 432, 271.2217259358798
Node 386, 249.657329568797
Node 175, 204.8728491301888
Node 256, 214.42582449124444
Node 157, 202.7389979867883
Node 426, 269.3335511895048
Node 390, 251.2341882137102
Node 321, 229.20332263978878
Node 289, 220.75029186898868
Node 503, 345.2327988135236
Node 469, 299.89756108388127
Node 402, 255.88380233705973
Node 88, 169.214719897661
Node 326, 229.8897657636325
