Node, generations
Node 1925, 2185.901529999809
Node 1816, 1482.3522947261854
Node 960, 1001.497315917623
Node 186, 271.0654607378444
Node 1664, 1169.0110920725508
Node 1554, 1074.971758755675
Node 91, 86.13318096618701
Node 1660, 1163.8946058992926
Node 815, 949.7684072792813
Node 765, 910.3851824369266
Node 507, 671.7192397638843
Node 144, 200.51656221421032
Node 1916, 2127.888581822636
Node 1897, 1961.9273213551483
Node 1738, 1272.9423214982207
Node 1634, 1139.7889061007427
Node 1186, 1009.6798512555139
Node 1138, 1006.9066043030659
Node 1713, 1232.2559186614205
Node 1578, 1088.5352594382578
Node 240, 351.2974914816022
Node 1612, 1115.2007358279666
Node 622, 768.9514909718706
Node 1818, 1504.8901791693831
Node 1454, 1041.306403886187
Node 124, 163.93725803786944
Node 1444, 1039.1613160520062
Node 1434, 1035.6594654321639
Node 1792, 1401.014244817427
Node 1581, 1090.2537648815235
Node 1589, 1096.7813429615946
Node 1900, 1997.3233000681685
Node 1747, 1289.6698579463516
Node 1529, 1063.6720651970613
Node 1527, 1062.6063538326207
Node 669, 813.9325938184336
Node 342, 482.94164885332714
Node 1463, 1045.017393030312
Node 598, 743.0987815162575
Node 1720, 1238.7243514534473
Node 1657, 1161.8971059043636
Node 1356, 1023.6350972695345
Node 136, 190.39408472493446
Node 1642, 1146.074894135981
Node 1534, 1066.0971775512724
Node 1512, 1058.128890118693
Node 163, 229.49520438710152
Node 1572, 1083.7432782474702
Node 1139, 1006.9723391829812
Node 895, 1000.2354637469599
Node 1893, 1926.3724109327336
Node 1801, 1421.4126226314784
Node 1538, 1067.278395784926
Node 96, 101.99701673011853
Node 1503, 1055.2483994782474
Node 1284, 1015.9493888043799
Node 1280, 1015.668118316034
Node 717, 868.091249921799
Node 1698, 1215.7036464695043
Node 1322, 1019.484604484868
Node 137, 191.2560222913543
Node 1310, 1018.1295101290256
Node 589, 738.0816570372858
Node 1671, 1175.7266958482521
Node 1351, 1023.073095948913
Node 207, 311.13127706277066
Node 212, 314.7866937115337
Node 80, 0.9456556387132296
Node 1632, 1138.7681887866443
Node 1414, 1032.5104107746583
Node 1362, 1024.2562896706186
Node 1331, 1021.0111574206054
Node 1131, 1006.6739599159001
Node 1034, 1003.3357217364547
Node 878, 1000.0322869199354
Node 635, 779.1232940531202
Node 105, 128.79729572991292
Node 586, 734.3600907320279
Node 1576, 1086.5300041532482
