Node, generations
Node 1070, 24120.380946768382
Node 435, 780.722413592214
Node 317, 389.8606643917791
Node 106, 211.94180649208482
Node 115, 213.73322085017435
Node 102, 211.15816648335837
Node 385, 546.7984445372269
Node 268, 306.44088661897916
Node 127, 217.79628287439982
Node 237, 272.8388322849915
Node 143, 223.7119663273484
Node 581, 3259.882037166025
Node 417, 670.8630378277516
Node 261, 303.3313769938357
Node 236, 272.69156593319343
Node 91, 209.33420731815406
Node 44, 104.2818821467629
Node 213, 256.2501340546838
Node 153, 227.256852043811
Node 287, 327.2151889168308
Node 195, 243.13419805848685
Node 184, 238.55898758798673
Node 74, 205.90661831990045
Node 538, 1614.8645905971457
Node 397, 592.4139552207464
Node 349, 465.37414937270097
Node 204, 247.26928096563026
Node 72, 205.2636070342922
Node 525, 1509.2998903212515
Node 450, 872.45201107873
Node 238, 273.20709117873986
Node 438, 807.3541530045221
Node 103, 211.34258072299554
Node 41, 34.70075239686086
Node 92, 209.401121714635
Node 460, 918.7004899586651
Node 344, 457.3146283368971
Node 323, 400.96415629805506
Node 225, 264.75605341394146
