Node, generations
Node 1504, 23342.92966549176
Node 1110, 3066.51733215864
Node 920, 1461.6316506651885
Node 814, 1171.9064083804005
Node 284, 916.6733754516735
Node 701, 1067.8810985664911
Node 889, 1352.8765720203999
Node 775, 1125.3535069325808
Node 837, 1220.1571521695262
Node 776, 1128.5606537193883
Node 613, 1033.4814229499684
Node 824, 1184.2612316608045
Node 518, 1014.370480282401
Node 501, 1012.3923116868569
Node 40, 3.91647581001022
Node 768, 1118.9479471488914
Node 752, 1102.5344091189813
Node 188, 658.8509666614216
Node 755, 1106.4612250044945
Node 751, 1102.4743915080303
Node 47, 93.96030205457329
Node 951, 1596.8764074777444
Node 643, 1044.2134059519824
Node 219, 755.5184937956402
Node 949, 1586.5743411230349
Node 786, 1137.9732554961488
Node 654, 1048.188978183331
Node 1132, 4726.83897101378
Node 804, 1158.1435047226887
Node 180, 639.6596474742105
Node 84, 307.7070557358583
Node 174, 614.5280445301227
Node 780, 1131.267560223591
Node 48, 97.0908398038513
Node 368, 1002.3461041357784
Node 864, 1279.0547643565797
Node 712, 1073.131374152791
Node 600, 1030.6838355925574
Node 819, 1176.1154249585138
