Node, generations
Node 1371, 24853.25572834832
Node 477, 1494.843959210372
Node 294, 1084.5783694282295
Node 429, 1316.082484014512
Node 401, 1233.774431466886
Node 356, 1146.1091141650645
Node 242, 1044.3215551463563
Node 348, 1136.6542842895485
Node 420, 1292.0372227627645
Node 680, 6062.6739732920805
Node 284, 1072.5965377678685
Node 451, 1411.1474287492372
Node 396, 1221.7820328908142
Node 215, 1031.4942978113208
Node 381, 1187.1889957756161
Node 322, 1105.2610472571207
Node 47, 508.8639167160911
Node 33, 383.343890620372
Node 445, 1391.089179400882
