Node, generations
Node 3355, 48796.432721320736
Node 2328, 3105.113883702425
Node 2194, 2333.1469613213903
Node 2118, 2187.1028073912917
Node 2093, 2157.3379988742863
Node 327, 665.5711591471575
Node 2140, 2230.474623774477
Node 1795, 2017.5602467578624
Node 193, 430.49324640926994
Node 64, 27.815808297787196
Node 1749, 2013.4796143697297
Node 2067, 2130.519802644311
Node 2257, 2555.4227328369475
Node 2211, 2370.835142257812
Node 2062, 2120.143876223372
Node 2040, 2100.8704167365095
Node 999, 1494.3392154500414
Node 439, 830.2711812113968
Node 2000, 2066.962917866309
Node 1855, 2025.2386523174198
Node 78, 117.94796155711585
Node 902, 1396.081418098235
Node 462, 855.0574790891858
Node 2132, 2210.353508065627
Node 1997, 2066.5890264079776
Node 112, 239.99347600998863
Node 2090, 2156.310734560942
Node 1948, 2048.3621679311445
Node 1824, 2020.3366694289168
Node 1793, 2017.4822979466087
Node 596, 1035.394411941738
Node 1883, 2030.528216483327
Node 1103, 1638.9345846496085
Node 254, 540.6311539261275
Node 288, 590.7166267419132
Node 2086, 2150.916171259136
Node 2046, 2104.9137584809328
Node 1774, 2015.9700263700813
Node 2256, 2549.08453195569
Node 1958, 2051.5533788155662
Node 1543, 2002.5750039245618
Node 1424, 1986.1588472015137
Node 1570, 2003.2750913459925
Node 552, 978.0435808599635
Node 1352, 1887.8528770221503
Node 63, 19.353133334727648
Node 1993, 2065.5803187000547
Node 1871, 2028.3310733178391
Node 1224, 1749.572103079131
Node 1978, 2060.6560530731585
Node 124, 273.9632981821576
Node 1951, 2049.0024991895993
Node 1133, 1664.6979726725465
Node 1177, 1704.0665436515771
Node 435, 827.5146077936795
Node 2407, 4643.725112790264
Node 2150, 2245.178706092764
Node 2002, 2067.8251383680545
Node 761, 1229.1095772417523
