Node, generations
Node 2688, 26738.270869177475
Node 1909, 2181.471004236875
Node 1725, 1266.0239643710179
Node 1662, 1179.9645268917307
Node 1668, 1189.2374006330165
Node 1580, 1095.5258867675118
Node 1596, 1113.8525619183831
Node 1840, 1750.2481453833393
Node 1487, 1050.4527409480588
Node 663, 806.1327872652496
Node 364, 488.8483790262795
Node 96, 102.37451967167299
Node 1505, 1053.2285853634612
Node 1401, 1027.1031412005862
Node 1394, 1026.1807510968042
Node 215, 298.0433250200094
Node 175, 255.51580521643766
Node 2115, 8267.388028802055
Node 1831, 1709.002302459216
Node 1575, 1091.2914267122737
Node 579, 717.4645347684665
Node 411, 539.972315287247
Node 162, 227.88125088597963
Node 1452, 1037.4308318479332
Node 448, 576.1188808707133
Node 420, 553.6947082680911
Node 1824, 1667.4800530079006
Node 1798, 1528.0856091294843
Node 1471, 1043.3807139585651
Node 82, 26.82359257866574
Node 1120, 1005.1498513087851
Node 603, 743.7011729402069
Node 1759, 1357.6365539198848
Node 1703, 1233.0963566448452
Node 1628, 1145.6894163420038
Node 1409, 1029.125523643332
Node 574, 706.5182772544581
Node 874, 982.9201448953908
Node 1636, 1155.647461354784
Node 1318, 1017.7413566871061
Node 1344, 1019.6652678751028
Node 1750, 1337.9199034759556
Node 145, 196.26271511784043
Node 1692, 1220.410900752645
Node 1383, 1024.972282895966
Node 1606, 1119.1168266527113
Node 1563, 1081.3706120653158
Node 1382, 1024.9543629431769
Node 1274, 1014.093378750201
Node 1590, 1107.34965266922
Node 345, 470.3420058329281
Node 184, 270.38866454095285
Node 1522, 1061.1745103212838
Node 583, 718.5997943493976
Node 1889, 2058.272047853049
Node 1584, 1099.93293775503
Node 1306, 1016.4813337275532
Node 1559, 1079.5202152022364
Node 1413, 1029.6578071418444
Node 1118, 1005.116183623798
Node 1407, 1028.6737932387389
Node 146, 197.58335069333378
Node 1644, 1164.959549706913
Node 1556, 1078.3726385233624
Node 575, 708.5549652764025
Node 392, 523.4325300422387
Node 1511, 1055.6897243511105
Node 1478, 1047.1231364181483
Node 1462, 1039.4305673980248
Node 741, 882.7171087226698
Node 1442, 1035.7451827689881
Node 351, 476.3272044821681
Node 1170, 1007.276461945663
Node 1565, 1082.7901793337628
Node 356, 479.8503558954247
Node 1508, 1053.641559422637
Node 80, 17.85324223417553
Node 1345, 1019.7069166537627
Node 1142, 1005.9637765964735
