Node, generations
Node 1579, 5168.262833782347
Node 1464, 1893.674914687722
Node 1421, 1692.328991381705
Node 1234, 1165.5968759758796
Node 1161, 1091.4901389406946
Node 1126, 1059.1636734738909
Node 295, 568.1447228262348
Node 1401, 1618.5415609405372
Node 579, 990.8412779445401
Node 183, 375.8926474182657
Node 1117, 1055.7689707879708
Node 1462, 1889.678066249994
Node 1274, 1228.9936676949812
Node 1168, 1099.815732966764
Node 1243, 1178.3704483567242
Node 1186, 1113.8407757581424
Node 1185, 1113.5760677973299
Node 1065, 1039.4783524521126
Node 199, 408.90749038085283
Node 1450, 1825.9788932690353
Node 1298, 1278.58802318508
Node 228, 460.12774858401986
Node 151, 309.5252806565028
Node 162, 339.5856594371479
Node 1296, 1276.8813539203604
Node 1221, 1147.279082152573
Node 1199, 1123.157653409542
Node 287, 550.0316688909019
Node 1132, 1064.2727623147125
Node 178, 367.00262797879014
Node 84, 149.0634404923791
Node 1053, 1036.7425758859627
Node 710, 1003.6805387176099
Node 1289, 1262.264344602374
Node 1018, 1027.688059226521
Node 835, 1009.5503851060963
Node 1077, 1041.3963670322225
Node 1036, 1030.7373322144533
Node 982, 1022.1906597928393
Node 973, 1020.6354576933477
Node 947, 1016.8000236791505
Node 753, 1005.0407294856625
Node 193, 395.3207588617689
Node 902, 1013.6437637085787
Node 472, 839.3155091276817
Node 1310, 1304.9180976597715
Node 854, 1010.6045854468567
Node 401, 734.617788517678
Node 1308, 1302.4548507810052
Node 1160, 1091.3835221459433
Node 735, 1004.5313339898354
Node 333, 616.5032454833128
Node 929, 1015.7251817507934
Node 1259, 1214.9225931507224
Node 121, 249.84147857054694
Node 1220, 1145.4559596442398
Node 1001, 1025.0735891381223
Node 792, 1006.7361634436613
Node 250, 502.9473106938668
