Node, generations
Node 1321, 16042.929802646708
Node 1022, 2034.4022775352307
Node 763, 1079.012252877159
Node 974, 1606.777341942173
Node 938, 1433.4406192923952
Node 758, 1077.779813951451
Node 349, 1000.8174810961489
Node 726, 1061.7558145132894
Node 795, 1105.5101138224275
Node 956, 1527.1088572520327
Node 782, 1091.793070358108
Node 626, 1028.0964773852781
Node 895, 1280.1920848682773
Node 882, 1234.5779972126559
Node 658, 1033.591112183712
Node 477, 1007.724233064299
Node 730, 1064.2867239768507
Node 1062, 2402.683998501465
Node 943, 1457.6801392337268
Node 1004, 1857.204792816168
Node 873, 1215.0739478766645
Node 596, 1020.3150295916984
Node 467, 1007.1928914519635
Node 44, 119.86287401902798
Node 69, 264.3677053988946
Node 858, 1190.932219291835
Node 798, 1108.5319717724328
Node 842, 1167.800184401305
Node 732, 1064.5511213337422
Node 634, 1029.3180335086122
Node 535, 1012.5011077813266
Node 813, 1128.7531334989567
Node 113, 437.79333065388784
Node 541, 1013.2359345096241
Node 403, 1002.8155563301307
Node 343, 1000.402365020728
Node 487, 1008.9237263342744
Node 275, 867.0572490703387
Node 990, 1724.8146412415474
