node_generations, branch_length
4394.624123956567, 26940.176030817118
129.74115599306586, 4264.882967963501
0.0, 129.74115599306586
0.0, 129.74115599306586
3946.6713649544954, 447.9527590020716
2263.2768408040683, 1683.394524150427
15.688299735547185, 2247.588541068521
0.0, 15.688299735547185
0.0, 15.688299735547185
157.09815790958174, 2106.1786828944864
0.0, 157.09815790958174
0.0, 157.09815790958174
3728.473760809194, 218.19760414530128
0.0, 3728.473760809194
68.11532628518079, 3660.3584345240133
0.0, 68.11532628518079
42.17891070214335, 25.936415583037437
0.0, 42.17891070214335
0.0, 42.17891070214335
14869.638326199434, 16465.16182857425
170.99316441270844, 14698.645161786726
109.54182364392611, 61.45134076878233
0.0, 109.54182364392611
0.0, 109.54182364392611
120.84674087232872, 50.146423540379715
0.0, 120.84674087232872
11.655148451450378, 109.19159242087835
0.0, 11.655148451450378
0.0, 11.655148451450378
12185.232156744483, 2684.406169454951
59.48756039678001, 12125.744596347704
0.0, 59.48756039678001
0.0, 59.48756039678001
2710.3661734844286, 9474.865983260055
0.0, 2710.3661734844286
32.64659925409907, 2677.7195742303297
0.0, 32.64659925409907
0.0, 32.64659925409907
