node_generations, branch_length
0.0, 32401.454597869117
18771.045939817737, 13630.40865805138
730.8701990176589, 18040.175740800078
379.4314188873734, 351.4387801302855
0.0, 379.4314188873734
277.8983940639291, 101.5330248234443
0.0, 277.8983940639291
0.0, 277.8983940639291
454.50784694760995, 276.362352070049
358.1375666801321, 96.37028026747782
0.0, 358.1375666801321
281.37559911779965, 76.76196756233247
0.0, 281.37559911779965
0.0, 281.37559911779965
433.33559517617687, 21.172251771433082
324.1276858088385, 109.20790936733835
0.0, 324.1276858088385
0.0, 324.1276858088385
359.57393721700765, 73.76165795916921
0.0, 359.57393721700765
227.8048507518552, 131.76908646515244
0.0, 227.8048507518552
0.0, 227.8048507518552
1524.0032302388543, 17247.042709578884
0.0, 1524.0032302388543
1480.2120358373998, 43.791194401454504
510.5144987860757, 969.697537051324
0.0, 510.5144987860757
426.714264594526, 83.80023419154969
226.48639739596155, 200.22786719856447
0.0, 226.48639739596155
0.0, 226.48639739596155
354.91841835975, 71.79584623477604
0.0, 354.91841835975
0.0, 354.91841835975
1316.0935358882698, 164.11849994912995
0.0, 1316.0935358882698
0.0, 1316.0935358882698
