Node, generations
Node 1776, 27098.06446881987
Node 915, 1304.8437022965288
Node 687, 396.3509933452071
Node 658, 354.8475290151355
Node 643, 335.55181653917793
Node 531, 254.08374114706098
Node 598, 289.91329854989476
Node 505, 243.54769318328687
Node 391, 218.38820836683684
Node 380, 217.74736860040926
Node 650, 343.6672987243509
Node 129, 162.7834446638321
Node 408, 220.56161414791964
Node 386, 218.1364705033394
Node 666, 364.59682739106216
Node 637, 326.1294924763488
Node 576, 275.9797249097347
Node 559, 264.8737981949868
Node 616, 304.0665603869919
Node 308, 208.5830502790429
Node 248, 204.57186052563637
Node 761, 516.1298756194835
Node 574, 275.5994627765231
Node 352, 213.12142485567637
Node 334, 211.0428306383394
Node 311, 209.16522552659794
Node 697, 406.07423726589775
Node 686, 396.118702894842
Node 440, 226.86804863538646
Node 583, 279.1690535515864
Node 341, 211.8930906203863
Node 571, 274.2729942910391
Node 508, 244.28917480302133
Node 464, 232.08779616288527
Node 191, 201.96379190484342
Node 490, 238.03744125987376
Node 398, 219.3379193269011
Node 234, 203.79821596598606
Node 489, 237.7446197332287
Node 476, 234.5420668669803
Node 220, 203.31016892574985
Node 934, 1475.4059920310945
Node 841, 807.049917979866
Node 809, 693.8262093609309
Node 594, 285.3203920918253
Node 365, 215.12906031247724
Node 754, 502.7993533187663
Node 431, 224.35978624578664
Node 582, 278.0893002053998
Node 859, 907.1594324953328
Node 743, 489.33273832545643
Node 472, 233.6927043692881
Node 232, 203.75326947388882
Node 696, 405.1356593617419
Node 674, 385.8747972314821
Node 395, 219.1852709195436
Node 117, 141.1452056409113
Node 162, 200.69030744227248
Node 160, 200.66195541318248
Node 627, 316.68564452337336
Node 618, 307.56381038868903
Node 612, 301.3823854007474
Node 487, 236.8411666003464
Node 481, 235.42444794190973
Node 491, 238.12490972645332
Node 195, 202.13759401259344
Node 806, 687.7826901932913
Node 669, 372.45730275157314
Node 110, 126.5396282244735
Node 649, 342.13790454829314
Node 134, 172.3403367267894
Node 182, 201.60657744859677
Node 718, 448.7636178288994
Node 495, 239.53829455232218
Node 427, 223.89819471608112
Node 326, 210.5000105344654
Node 224, 203.48490011419042
Node 654, 349.180265794079
Node 113, 133.47417624519932
