Node, generations
Node 2184, 42676.737333550365
Node 835, 7866.350156404778
Node 99, 273.4786301047099
Node 188, 488.76997639944113
Node 79, 250.39636128498586
Node 46, 211.47531673087934
Node 25, 154.20901140819828
Node 100, 274.26537247092085
Node 78, 249.55746037945403
Node 20, 0.5940762308654206
Node 22, 99.12995250875511
Node 1349, 16377.757937762855
Node 838, 7896.307205158943
Node 140, 364.22644740239514
Node 111, 287.9421305261761
Node 81, 253.38309321072703
Node 59, 225.2778545567485
Node 28, 202.4351583777709
Node 466, 3707.3605662158757
