node_generations, branch_length
1025.1540596157802, 8391.526803354402
0.0, 1025.1540596157802
321.2112751669316, 703.9427844488486
0.0, 321.2112751669316
0.0, 321.2112751669316
9047.906455059652, 368.7744079105305
950.4115864400211, 8097.494868619631
668.0631173705077, 282.3484690695134
443.6294615398663, 224.43365583064138
0.0, 443.6294615398663
258.896053722764, 184.73340781710232
0.0, 258.896053722764
0.0, 258.896053722764
647.9301348321122, 20.13298253839548
329.97402473393913, 317.9561100981731
243.80528893315514, 86.16873580078399
0.0, 243.80528893315514
0.0, 243.80528893315514
309.7426494514587, 20.23137528248043
0.0, 309.7426494514587
216.8615016666775, 92.8811477847812
0.0, 216.8615016666775
37.005312259216794, 179.8561894074607
0.0, 37.005312259216794
0.0, 37.005312259216794
337.19659504290985, 310.7335397892024
0.0, 337.19659504290985
317.34548319569166, 19.851111847218192
268.0433686919759, 49.30211450371576
0.0, 268.0433686919759
220.65611902147364, 47.38724967050226
0.0, 220.65611902147364
0.0, 220.65611902147364
293.73304789789813, 23.612435297793525
0.0, 293.73304789789813
0.0, 293.73304789789813
939.4785849379637, 10.933001502057436
434.38054830189105, 505.0980366360726
319.88664705693736, 114.49390124495369
0.0, 319.88664705693736
201.43404020474878, 118.45260685218858
0.0, 201.43404020474878
121.57972975971003, 79.85431044503875
0.0, 121.57972975971003
0.0, 121.57972975971003
362.4562478909515, 71.92430041093957
0.0, 362.4562478909515
302.0266215333695, 60.42962635758198
0.0, 302.0266215333695
0.0, 302.0266215333695
579.395415303784, 360.0831696341796
0.0, 579.395415303784
257.9717381550581, 321.4236771487259
0.0, 257.9717381550581
0.0, 257.9717381550581
5912.101285797921, 3135.805169261731
269.09435719913466, 5643.0069285987865
0.0, 269.09435719913466
0.0, 269.09435719913466
697.5419447791106, 5214.55934101881
0.0, 697.5419447791106
629.3078943961617, 68.23405038294891
34.74021524169306, 594.5676791544687
0.0, 34.74021524169306
0.0, 34.74021524169306
463.3366749498663, 165.97121944629544
0.0, 463.3366749498663
301.38466754157616, 161.95200740829011
0.0, 301.38466754157616
242.6546854423763, 58.72998209919987
0.0, 242.6546854423763
229.61757987373295, 13.03710556864334
0.0, 229.61757987373295
218.00913137380735, 11.6084484999256
0.0, 218.00913137380735
210.73936948516055, 7.269761888646798
0.0, 210.73936948516055
0.0, 210.73936948516055
