node_generations, branch_length
9753.654390602604, 9935.200070827535
329.04475161196774, 9424.609638990636
0.0, 329.04475161196774
0.0, 329.04475161196774
8282.419222794178, 1471.235167808425
282.0949642315192, 8000.324258562659
0.0, 282.0949642315192
0.0, 282.0949642315192
303.89848459995875, 7978.52073819422
0.0, 303.89848459995875
216.5671660895353, 87.33131851042344
0.0, 216.5671660895353
202.78864585818945, 13.778520231345851
0.0, 202.78864585818945
0.0, 202.78864585818945
10127.931308557118, 9560.923152873022
332.71330096430347, 9795.218007592814
0.0, 332.71330096430347
0.0, 332.71330096430347
2551.87618026682, 7576.055128290298
0.0, 2551.87618026682
2074.19595202334, 477.6802282434801
349.77017679068126, 1724.4257752326587
0.0, 349.77017679068126
268.86542500997376, 80.9047517807075
0.0, 268.86542500997376
204.49476539855837, 64.37065961141539
0.0, 204.49476539855837
0.0, 204.49476539855837
1220.4258609113053, 853.7700911120346
212.42974228164084, 1007.9961186296645
0.0, 212.42974228164084
0.0, 212.42974228164084
292.1310131357524, 928.2948477755529
0.0, 292.1310131357524
207.567516291712, 84.56349684404043
0.0, 207.567516291712
0.0, 207.567516291712
