node_generations, branch_length
0.0, 52204.80392250011
24315.350038448432, 27889.45388405168
4882.104425793594, 19433.24561265484
458.6368610829663, 4423.467564710628
267.0368716065533, 191.599989476413
0.0, 267.0368716065533
0.0, 267.0368716065533
389.20999424507744, 69.42686683788884
382.7153059029119, 6.494688342165546
0.0, 382.7153059029119
0.0, 382.7153059029119
388.6839115831517, 0.5260826619257273
0.0, 388.6839115831517
337.13870449004946, 51.54520709310225
0.0, 337.13870449004946
205.94780925587236, 131.1908952341771
0.0, 205.94780925587236
0.0, 205.94780925587236
460.3312290323359, 4421.773196761258
0.0, 460.3312290323359
341.72496049766806, 118.60626853466783
235.7637138871874, 105.96124661048066
0.0, 235.7637138871874
0.0, 235.7637138871874
254.74980784957108, 86.97515264809698
0.0, 254.74980784957108
0.0, 254.74980784957108
9868.145072724148, 14447.204965724284
612.5421972305049, 9255.602875493643
0.0, 612.5421972305049
253.81539901848026, 358.7267982120247
0.0, 253.81539901848026
0.0, 253.81539901848026
5674.716909126551, 4193.428163597597
0.0, 5674.716909126551
545.0327271046502, 5129.6841820219015
0.0, 545.0327271046502
0.0, 545.0327271046502
