Node, generations
Node 3025, 34405.21363051119
Node 1762, 8911.757307750637
Node 1172, 3797.7830388258994
Node 733, 1472.3868208333445
Node 441, 186.66027354078412
Node 256, 117.9029230397232
Node 119, 101.20428389770176
Node 302, 128.17726692641875
Node 80, 1.1799405410092443
Node 683, 1227.4987618618418
Node 572, 478.53705726284403
Node 439, 185.71433566804168
Node 337, 139.19849087247542
Node 192, 107.5979685937169
Node 279, 122.73577917178311
Node 648, 1040.855445172359
Node 369, 150.85733879667958
Node 250, 115.9414893609578
Node 412, 167.5620266932617
Node 1299, 4913.270880997249
Node 1095, 3365.140064122328
Node 459, 202.7302067567106
Node 451, 193.62603177099245
Node 512, 259.26233866677404
Node 464, 209.20177404878712
Node 317, 131.4765214032206
Node 447, 190.2395367305025
Node 195, 107.81907166523646
Node 402, 163.14367630101472
Node 249, 115.83257699794254
Node 166, 104.4658715290639
Node 203, 108.75484216352878
Node 479, 218.793459104941
Node 388, 158.02155710342035
Node 277, 122.17367458192639
Node 111, 100.80900882976103
Node 376, 153.56518241307128
Node 267, 120.15597997998466
Node 227, 112.8379526535976
Node 121, 101.28201408734333
Node 405, 164.62707830992406
Node 362, 147.68625651506275
Node 336, 138.62552454785336
Node 102, 100.04907146441346
Node 1262, 4597.0082333571445
Node 528, 287.8907304317277
Node 368, 150.72167825819372
Node 254, 116.76631847064918
Node 169, 104.83078191534833
Node 308, 129.09036992480327
Node 164, 104.04362098570911
Node 515, 267.3321816364277
Node 198, 108.03957749309856
Node 1084, 3238.1407703132145
Node 656, 1100.2888553344092
Node 394, 160.1653595949874
Node 386, 156.48016707184348
Node 201, 108.38203150513117
Node 808, 1927.657208718671
Node 361, 147.1346536703049
Node 418, 171.70736504982818
Node 417, 170.416720687594
Node 232, 113.24121872165433
Node 355, 144.25989736939337
Node 2160, 14151.141973071748
Node 490, 234.3958661776739
Node 333, 137.18217028973118
Node 272, 121.0489035519062
Node 163, 104.03474851362017
Node 148, 102.77191952350125
Node 485, 227.18774309552828
Node 399, 161.5481860123723
Node 244, 114.9299276682353
Node 83, 46.15693475503439
Node 346, 140.69177961153775
Node 315, 131.1499052857617
Node 234, 113.49174950941064
Node 116, 100.99005295130486
Node 326, 133.88164866067834
