node_generations, branch_length
2019.2447605892828, 27357.48620220002
0.0, 2019.2447605892828
1281.1614904201151, 738.0832701691677
0.0, 1281.1614904201151
0.0, 1281.1614904201151
3323.0936495178908, 26053.63731327141
2314.8395677417507, 1008.2540817761401
0.0, 2314.8395677417507
2313.047577549995, 1.7919901917557581
2101.9965828127824, 211.05099473721248
2070.019873644022, 31.976709168760408
0.0, 2070.019873644022
2000.8007554419348, 69.2191182020872
0.0, 2000.8007554419348
0.0, 2000.8007554419348
2075.2052633808885, 26.791319431893953
0.0, 2075.2052633808885
404.1195320301426, 1671.0857313507458
0.0, 404.1195320301426
323.04414063860787, 81.07539139153471
0.0, 323.04414063860787
0.0, 323.04414063860787
2238.041240609118, 75.00633694087674
0.0, 2238.041240609118
2039.498492760163, 198.5427478489553
0.0, 2039.498492760163
0.0, 2039.498492760163
3299.351821708262, 23.74182780962883
3015.2353553519424, 284.1164663563195
2078.9713507102624, 936.26400464168
0.0, 2078.9713507102624
0.0, 2078.9713507102624
2716.7909522839277, 298.4444030680147
2053.8780738395244, 662.9128784444033
34.99147978977322, 2018.8865940497512
0.0, 34.99147978977322
0.0, 34.99147978977322
1991.5270223709163, 62.35105146860815
0.0, 1991.5270223709163
0.0, 1991.5270223709163
2370.409331081407, 346.3816212025208
2310.2354189596203, 60.17391212178654
2031.9902836313602, 278.2451353282602
1508.9862397810743, 523.0040438502858
0.0, 1508.9862397810743
0.0, 1508.9862397810743
2012.408437044812, 19.58184658654818
0.0, 2012.408437044812
793.2987501131963, 1219.1096869316157
0.0, 793.2987501131963
0.0, 793.2987501131963
2068.2443695748943, 241.991049384726
353.2673668353314, 1714.977002739563
0.0, 353.2673668353314
0.0, 353.2673668353314
2018.4866405710907, 49.75772900380366
0.0, 2018.4866405710907
0.0, 2018.4866405710907
2321.552015921621, 48.857315159785685
0.0, 2321.552015921621
2105.0545935371915, 216.49742238442968
0.0, 2105.0545935371915
2006.560102781987, 98.49449075520442
0.0, 2006.560102781987
1294.576259763675, 711.9838430183122
0.0, 1294.576259763675
0.0, 1294.576259763675
3033.7465697018915, 265.6052520063704
2077.220928969389, 956.5256407325023
0.0, 2077.220928969389
0.0, 2077.220928969389
2215.9772139711267, 817.7693557307648
1896.472303345287, 319.5049106258398
0.0, 1896.472303345287
0.0, 1896.472303345287
2077.391561481336, 138.58565248979085
0.0, 2077.391561481336
0.0, 2077.391561481336
