Node, generations
Node 532, 8915.965695290168
Node 353, 1661.1314895253167
Node 262, 849.0404345404098
Node 70, 230.5055922762997
Node 59, 221.6447311848836
Node 155, 394.16936186381383
Node 114, 287.459944661159
Node 137, 354.7730830952163
Node 345, 1590.3358359425238
Node 302, 1058.7642793334617
Node 202, 569.4723975142007
Node 143, 379.8708638877651
Node 104, 270.58559292575586
Node 65, 226.90188853297875
Node 167, 462.9709515286013
Node 217, 637.1094477435478
Node 195, 549.4793914290435
Node 88, 252.5540023696983
Node 75, 235.12717027137273
