Node, generations
Node 4194, 60149.5190217074
Node 1687, 4599.450267600762
Node 402, 541.8201770799984
Node 388, 494.9228362674259
Node 221, 141.17426632846866
Node 173, 123.29459714309226
Node 113, 109.1727033704191
Node 95, 105.77836490578913
Node 1402, 3350.804252140582
Node 282, 179.90269502154928
Node 250, 157.07781676701404
Node 247, 154.24773369335742
Node 204, 134.33237281902626
Node 2694, 12486.1596468152
Node 2567, 11072.629062019894
Node 2437, 9712.523619080464
Node 965, 1928.708078418923
Node 97, 105.94611779236737
Node 2325, 8635.361276727666
Node 1634, 4405.257349142461
Node 65, 86.22115930584887
Node 1171, 2608.1941185169335
Node 385, 488.5678743688089
Node 91, 104.58289244551419
Node 435, 622.4619936565509
Node 60, 22.286607574059843
Node 303, 209.79340064242143
Node 257, 165.11204785020712
Node 202, 133.56286557826363
Node 222, 141.9908314561571
Node 267, 170.60758355283275
Node 165, 120.0600445367684
Node 1828, 5263.832949339009
Node 1226, 2764.1498474597447
Node 380, 467.3655717680478
Node 125, 110.55370378433716
Node 1071, 2239.759352428793
Node 281, 179.24571183919576
Node 62, 53.635704273486034
Node 707, 1302.512316039985
Node 335, 338.21957168532566
Node 136, 111.75758377214497
Node 108, 108.13225071621571
Node 347, 366.8617831377616
Node 129, 110.90724439760987
Node 278, 177.31169634313846
Node 80, 102.82457561653094
Node 1579, 4142.562723369679
Node 251, 157.2193985460626
Node 1257, 2866.262875794581
Node 239, 151.0149724303024
Node 2514, 10499.369095307115
Node 317, 284.5999825079804
Node 280, 178.4553986156603
Node 148, 115.33459077318498
Node 245, 154.12084966337525
Node 289, 186.55939828681392
Node 208, 135.18223353554504
Node 246, 154.17348614685577
