Node, generations
Node 1129, 20058.315821949764
Node 467, 900.9507339815004
Node 172, 225.86965279241613
Node 371, 465.478877472811
Node 142, 215.8105909609941
Node 70, 203.05718717316964
Node 344, 405.1376114730791
Node 154, 219.3756866732571
Node 83, 205.3177302959095
Node 57, 200.9921781957744
Node 240, 262.04231362451674
Node 195, 235.02808636722938
Node 232, 256.54000162066734
Node 119, 212.04664345402884
Node 556, 2411.8929234387824
Node 448, 793.5475160217161
Node 164, 221.85678982946175
Node 386, 494.82419629695914
Node 261, 282.421294306577
Node 147, 217.47332202383186
Node 340, 398.33096004063367
Node 287, 311.3395254833255
Node 489, 1150.6742572867242
Node 399, 544.6658688233545
Node 214, 246.95721136492847
Node 132, 214.0311346698182
Node 64, 201.64368039417351
Node 307, 340.4946055157194
Node 227, 254.14462778113565
Node 488, 1142.3546042251378
Node 255, 275.4922894312011
Node 215, 247.76604842251842
Node 198, 237.28713504535241
Node 171, 225.21722663256872
Node 475, 984.461489665673
Node 434, 728.2063224781693
Node 336, 392.76298049570624
Node 244, 264.601268385184
Node 279, 299.08832914350086
