node_generations, branch_length
1741.799186941304, 25635.592540216476
1003.1948016818754, 738.6043852594286
0.0, 1003.1948016818754
944.7568138058333, 58.43798787604214
0.0, 944.7568138058333
0.0, 944.7568138058333
1418.2231428155026, 323.57604412580145
1235.7891714777033, 182.43397133779922
1035.694482102601, 200.09468937510246
0.0, 1035.694482102601
0.0, 1035.694482102601
1189.402665843788, 46.38650563391525
1066.3093206286192, 123.09334521516894
0.0, 1066.3093206286192
134.33581024942157, 931.9735103791976
0.0, 134.33581024942157
0.0, 134.33581024942157
1112.7850993634643, 76.61756648032383
0.0, 1112.7850993634643
1088.5131269939034, 24.2719723695609
0.0, 1088.5131269939034
1006.4051822158825, 82.10794477802085
0.0, 1006.4051822158825
0.0, 1006.4051822158825
1259.1641282998562, 159.05901451564637
0.0, 1259.1641282998562
0.0, 1259.1641282998562
18029.89384372727, 9347.497883430511
1267.9575001801322, 16761.93634354714
985.2639351250235, 282.6935650551087
0.0, 985.2639351250235
130.71347741565197, 854.5504577093716
0.0, 130.71347741565197
0.0, 130.71347741565197
1173.6325799461797, 94.32492023395253
0.0, 1173.6325799461797
1077.371048613571, 96.26153133260868
0.0, 1077.371048613571
1075.9131233313835, 1.4579252821874888
0.0, 1075.9131233313835
1074.1825319493003, 1.7305913820832757
286.1180566028982, 788.0644753464021
0.0, 286.1180566028982
0.0, 286.1180566028982
1069.5291277435108, 4.653404205789457
0.0, 1069.5291277435108
0.0, 1069.5291277435108
2083.059579295163, 15946.834264432107
1260.9613653199506, 822.0982139752125
1148.7066968840995, 112.25466843585104
0.0, 1148.7066968840995
0.0, 1148.7066968840995
1227.6115485777284, 33.349816742222174
0.0, 1227.6115485777284
1115.7091923043738, 111.9023562733546
0.0, 1115.7091923043738
1106.1721122807196, 9.537080023654198
0.0, 1106.1721122807196
1049.1506520456392, 57.02146023508044
0.0, 1049.1506520456392
1019.3920635504644, 29.758588495174763
0.0, 1019.3920635504644
1017.4785281259245, 1.913535424539873
0.0, 1017.4785281259245
0.0, 1017.4785281259245
1377.3098230934336, 705.7497562017295
1079.8197122119452, 297.49011088148836
0.0, 1079.8197122119452
0.0, 1079.8197122119452
1251.467405760551, 125.84241733288263
1045.3948141138555, 206.0725916466954
0.0, 1045.3948141138555
0.0, 1045.3948141138555
1046.3743692115947, 205.0930365489562
0.0, 1046.3743692115947
1011.1269751458392, 35.24739406575554
0.0, 1011.1269751458392
0.0, 1011.1269751458392
