node_generations, branch_length
0.0, 46411.38532218063
32430.74470381024, 13980.640618370388
533.9381148662563, 31896.806588943982
373.95935896757504, 159.9787558986813
219.14717176728888, 154.81218720028616
0.0, 219.14717176728888
0.0, 219.14717176728888
334.51984734454766, 39.439511623027386
0.0, 334.51984734454766
218.57327662026364, 115.94657072428402
0.0, 218.57327662026364
0.0, 218.57327662026364
433.83346354033296, 100.10465132592338
0.0, 433.83346354033296
228.11899494424821, 205.71446859608474
0.0, 228.11899494424821
0.0, 228.11899494424821
11483.45665575155, 20947.28804805869
835.4518740884772, 10648.004781663072
0.0, 835.4518740884772
551.4765328289116, 283.97534125956565
203.3904993816415, 348.0860334472701
0.0, 203.3904993816415
0.0, 203.3904993816415
461.1055612081729, 90.37097162073866
0.0, 461.1055612081729
244.23035965321745, 216.87520155495545
0.0, 244.23035965321745
0.0, 244.23035965321745
1774.858850246869, 9708.597805504682
0.0, 1774.858850246869
495.3397801266983, 1279.5190701201707
0.0, 495.3397801266983
288.7720102727634, 206.56776985393492
0.0, 288.7720102727634
245.66052382741194, 43.11148644535146
0.0, 245.66052382741194
0.0, 245.66052382741194
