Node, generations
Node 1334, 13729.942945652912
Node 1073, 9323.252316233977
Node 348, 1133.782470152693
Node 288, 1069.601154026264
Node 241, 1036.5094916088176
Node 33, 281.89696004450775
Node 826, 6151.711511637705
Node 388, 1204.1713884698515
Node 109, 1001.3342348748888
Node 339, 1124.5351272880628
Node 153, 1008.0284369707118
Node 1093, 9581.233451361239
Node 439, 1347.5481319635521
Node 238, 1035.2336587980105
Node 806, 5969.895817054921
Node 415, 1269.4456031620873
Node 204, 1021.4128010154991
Node 203, 1021.0458497435712
Node 398, 1233.7093881790593
