node_generations, branch_length
2485.1807862969567, 68448.20203597544
0.0, 2485.1807862969567
2113.7438270822718, 371.436959214685
214.39428147576172, 1899.34954560651
0.0, 214.39428147576172
156.95884618406126, 57.43543529170046
0.0, 156.95884618406126
0.0, 156.95884618406126
1740.563365074619, 373.18046200765275
51.13312433595885, 1689.4302407386601
0.0, 51.13312433595885
0.0, 51.13312433595885
907.0566344286106, 833.5067306460085
0.0, 907.0566344286106
155.35125355330618, 751.7053808753044
0.0, 155.35125355330618
0.0, 155.35125355330618
38107.348025688254, 32826.03479658414
0.0, 38107.348025688254
6716.276545790928, 31391.071479897328
0.0, 6716.276545790928
3216.5408577446115, 3499.7356880463167
231.90579253116212, 2984.6350652134493
0.0, 231.90579253116212
115.23566576057222, 116.6701267705899
0.0, 115.23566576057222
65.03491880538097, 50.20074695519125
0.0, 65.03491880538097
0.0, 65.03491880538097
1542.02235504738, 1674.5185026972315
0.0, 1542.02235504738
142.34691435024175, 1399.6754406971381
0.0, 142.34691435024175
121.64835362613101, 20.698560724110735
0.0, 121.64835362613101
75.24478099051787, 46.403572635613145
0.0, 75.24478099051787
0.0, 75.24478099051787
