Node, generations
Node 3618, 53909.228881310104
Node 1874, 8265.99981441262
Node 605, 330.9573066345483
Node 380, 218.27266770479918
Node 348, 214.30698625667375
Node 323, 211.2416959826084
Node 319, 211.09834332215468
Node 197, 202.0842304884557
Node 957, 1966.633736503773
Node 561, 286.40646221830684
Node 326, 211.45053971411895
Node 2335, 13545.913512931818
Node 592, 321.60592150583955
Node 514, 261.1353194064114
Node 80, 7.526206308970564
Node 126, 162.03908981741893
Node 540, 274.885934604843
Node 83, 40.704398721696414
Node 521, 262.9246384914925
Node 246, 204.8569371359343
Node 374, 217.71885725896118
Node 119, 148.2023128747792
Node 329, 212.043779238097
Node 2073, 10184.096099846514
Node 1450, 4678.458414253347
Node 1093, 2547.084096783781
Node 629, 358.8500161676198
Node 397, 222.00430656981038
Node 239, 204.3098822708367
Node 543, 276.6104526353429
Node 346, 214.04140796586307
Node 531, 269.1525377529829
Node 460, 237.09603759951688
Node 515, 261.64818753178565
Node 421, 228.56635868481672
Node 352, 214.51298186579524
Node 480, 244.6502500930623
Node 375, 217.9264006631026
Node 477, 243.40945054936978
Node 310, 210.2216766919716
Node 450, 235.58403814009728
Node 95, 77.82187006583803
Node 258, 205.4041468545165
Node 2054, 9998.059920024567
Node 1638, 6161.815361115929
Node 618, 346.45342453108907
Node 418, 227.51936569952875
Node 408, 224.90584408991208
Node 394, 221.15025041721546
Node 406, 224.81397041968853
Node 213, 203.0731946403992
Node 1494, 5075.521927239967
Node 992, 2105.4941325416244
Node 894, 1692.0165015505793
Node 656, 398.76727845868476
Node 567, 290.59781331175986
Node 523, 264.3628193815107
Node 330, 212.09377701159463
Node 248, 204.96407107003918
Node 580, 301.6507629828756
Node 570, 294.2264746217682
Node 493, 249.68221158379487
Node 1392, 4262.627932580757
Node 615, 340.00871145248595
Node 448, 235.3027679365543
Node 438, 233.0090980747219
Node 286, 208.25135587952997
Node 117, 146.23537422030327
Node 546, 277.91906056851064
Node 368, 216.60160321230978
Node 525, 264.68409518451693
Node 1948, 8990.054260508305
Node 512, 260.69489072489375
Node 439, 233.08886336452923
Node 336, 212.55229385036688
Node 447, 235.13448352622984
Node 646, 378.836455491577
Node 360, 215.44865706162187
Node 358, 215.36919411112268
