node_generations, branch_length
8322.787126303469, 20718.304095405998
120.31610569420965, 8202.471020609259
0.0, 120.31610569420965
111.32761128867011, 8.98849440553954
0.0, 111.32761128867011
0.0, 111.32761128867011
1170.8040275250128, 7151.983098778455
0.0, 1170.8040275250128
97.33912217948316, 1073.4649053455296
0.0, 97.33912217948316
0.0, 97.33912217948316
13540.06690225842, 15501.024319451046
2121.2733012715507, 11418.79360098687
0.0, 2121.2733012715507
261.22286707860627, 1860.0504341929445
0.0, 261.22286707860627
122.61528815690315, 138.60757892170312
0.0, 122.61528815690315
113.06851394855812, 9.546774208345028
0.0, 113.06851394855812
107.15996777152354, 5.90854617703458
0.0, 107.15996777152354
0.0, 107.15996777152354
9335.780503372016, 4204.286398886405
236.2718200482707, 9099.508683323746
0.0, 236.2718200482707
131.85497189828342, 104.41684814998729
0.0, 131.85497189828342
0.0, 131.85497189828342
7487.1608169890005, 1848.6196863830155
741.4422309348781, 6745.718586054122
0.0, 741.4422309348781
0.0, 741.4422309348781
5202.2013047720175, 2284.959512216983
0.0, 5202.2013047720175
180.64696207375624, 5021.554342698261
0.0, 180.64696207375624
0.0, 180.64696207375624
