Node, generations
Node 1344, 20188.309402398136
Node 778, 702.7831157480114
Node 713, 492.98692932678614
Node 399, 220.2304490621025
Node 456, 231.55764664676656
Node 185, 202.03327506295219
Node 447, 230.04793950997643
Node 272, 207.25320641427498
Node 387, 218.58068342499064
Node 765, 641.0606050466885
Node 495, 245.57013678379514
Node 83, 27.807423908006033
Node 397, 219.70031549348974
Node 694, 452.5476319301619
Node 514, 251.60736069436942
Node 552, 270.6983049597997
Node 534, 259.49848641877304
Node 389, 219.09843529134267
Node 378, 217.05473927337135
Node 1114, 10536.19291235738
Node 925, 1673.7812734451434
Node 656, 384.5139416208097
Node 580, 285.9727563223981
Node 468, 234.33839320287245
Node 409, 221.9088772389903
Node 213, 203.57927549236103
Node 178, 201.776429835778
Node 466, 234.04128188107708
Node 253, 206.00797024134678
Node 121, 181.36553795313006
Node 321, 211.39803264790407
Node 547, 267.19996289278066
Node 510, 250.2027816666659
Node 248, 205.7362758891973
Node 636, 351.0442904951516
Node 561, 274.47274383780444
Node 453, 230.97390384043533
Node 727, 530.4776858771276
Node 538, 261.79490695299677
Node 230, 204.67780139167832
Node 565, 278.21294797518135
Node 558, 272.1925021607926
Node 166, 201.37087877291265
Node 492, 243.84002897097955
Node 257, 206.27868590374544
Node 563, 276.49892253756786
Node 80, 5.572781650057507
Node 345, 212.90697662638897
Node 927, 1690.272348117875
Node 804, 837.7715745016449
Node 667, 407.6415869358818
Node 373, 216.30927624143206
Node 499, 246.99761776572112
Node 292, 209.13837548865567
Node 771, 667.2364221570672
Node 371, 216.1143828859278
Node 96, 81.80696757778703
Node 344, 212.82076427270127
Node 130, 194.30401340458025
Node 833, 1019.9450624395882
Node 617, 323.15052056435627
Node 521, 255.85242614979128
Node 602, 308.10876517121903
Node 537, 261.111359611229
Node 478, 236.32191680215365
Node 430, 226.0294004932626
Node 530, 258.4285733100573
Node 590, 294.4089848931254
Node 376, 216.7664285965162
Node 150, 200.6393550470239
Node 408, 221.68118114124917
Node 750, 596.4405288451131
Node 283, 208.2354967385767
Node 652, 379.02669088282516
Node 441, 228.94208065626012
Node 219, 204.0695456952208
Node 609, 313.6860550075643
Node 469, 234.59626460005248
Node 432, 226.90229143573137
