Node, generations
Node 1259, 2376.2971713718325
Node 1010, 719.6463623548658
Node 961, 636.4294339414994
Node 932, 605.3747101741958
Node 703, 520.9187426615771
Node 909, 592.0174269621459
Node 692, 519.7975492128368
Node 1169, 1358.0746132396387
Node 1063, 819.1378416540148
Node 612, 510.5662979845986
Node 922, 600.2115579766439
Node 819, 546.0761027444797
Node 1164, 1310.536708800177
Node 1113, 1009.0016176446779
Node 982, 665.0344223349506
Node 925, 602.3084554434541
Node 1062, 815.8227383677985
Node 994, 689.1494497257706
Node 881, 573.5192060526124
Node 857, 563.8249676170346
Node 737, 525.8774797727564
Node 368, 500.6229917294435
Node 250, 391.26782227949735
Node 954, 631.2641431923881
Node 251, 392.66155576094894
Node 790, 539.1088562904704
Node 1054, 798.4984933899395
Node 856, 563.0209956235633
Node 788, 538.6851781567954
Node 827, 548.8712080492247
Node 669, 515.8384227855383
Node 81, 10.102369689661483
Node 477, 503.57184404346583
Node 923, 601.1249736146642
Node 844, 555.5754728013596
Node 799, 540.0825822281158
Node 200, 314.1504077659909
Node 1160, 1269.0232577592092
Node 1101, 945.8321663745074
Node 1051, 797.3570918425827
Node 942, 616.1422890126646
Node 838, 552.1653981002881
Node 130, 189.9824660042576
Node 1096, 937.8091748917722
Node 803, 541.6991872208113
Node 631, 512.2265154418934
Node 545, 506.23607758518966
Node 1095, 933.8834600188942
Node 836, 551.3587012352739
Node 665, 515.6413182409539
Node 871, 569.1885185692665
Node 88, 43.57859406142482
Node 797, 539.8700201611323
Node 708, 521.4923997638725
Node 719, 522.3998236376824
Node 128, 187.61967575252845
Node 1104, 966.3728637950992
Node 859, 563.983205830817
Node 783, 537.8825166243358
Node 651, 513.9619477958522
Node 399, 501.3772912411233
Node 1002, 705.6260367649442
Node 120, 163.80720758522213
Node 974, 651.0018085342815
Node 918, 599.5358905971419
Node 888, 575.4463900252214
Node 875, 570.6481964625588
Node 874, 569.6842407941506
Node 756, 529.5777117586596
Node 697, 520.2116626099781
Node 423, 501.9463047865047
Node 962, 637.3952201452304
Node 730, 525.0361168923466
Node 80, 9.597135358160001
Node 530, 505.6412050539571
Node 915, 594.1119150604858
Node 690, 519.4077914883883
Node 882, 573.6852674193102
Node 597, 509.47548840453834
