Node, generations
Node 1562, 14476.533039335447
Node 1320, 2112.2226503058555
Node 1206, 1134.8163531571638
Node 1142, 888.575238227159
Node 1079, 708.489453938738
Node 895, 556.3081664495844
Node 964, 585.8675214462999
Node 1113, 784.0344509727059
Node 753, 520.7571739512057
Node 1193, 1083.5503662728634
Node 159, 250.20458196828125
Node 1003, 619.5033676375059
Node 509, 503.55922311944096
Node 711, 515.928351535196
Node 222, 352.45707345698287
Node 1281, 1698.5427448276976
Node 1109, 778.3095729741648
Node 941, 575.805656265515
Node 838, 535.7160030852021
Node 675, 511.6482768908076
Node 403, 500.9200855412563
Node 1012, 629.8845203624358
Node 816, 531.0077964992315
Node 915, 565.6300380650654
Node 712, 515.9356744036669
Node 1115, 792.05066966013
Node 1040, 659.9415551651172
Node 87, 45.44436065506147
Node 1014, 632.2856995049405
Node 667, 510.8824073478821
Node 958, 583.4327083695472
Node 802, 528.405862185581
Node 500, 503.3615987846405
Node 161, 254.85650852764576
Node 1102, 755.8343721394496
Node 1051, 666.2005207484996
Node 734, 518.150975406998
Node 708, 515.6734990092858
Node 417, 501.1385959386422
Node 1030, 650.2677694553381
Node 857, 540.5511496890424
Node 133, 209.97834453143233
Node 1057, 671.7283973100591
Node 969, 587.9257425729675
Node 796, 526.8495616084014
Node 602, 507.1123836829423
Node 82, 28.753658600995067
Node 985, 599.7653503681922
Node 192, 304.4056102122649
Node 575, 505.75265726669267
Node 91, 71.70485750546273
Node 1381, 5479.546967737078
Node 1068, 688.9630201010386
Node 879, 551.5070931624543
Node 791, 525.9667613967497
Node 666, 510.8119900310202
Node 647, 509.50257076192236
Node 950, 580.0203912297656
Node 912, 562.63645715272
Node 131, 207.7915255887862
Node 238, 368.62526913572106
Node 1192, 1066.3079680214232
Node 1053, 668.7816240072382
Node 1052, 667.9707546329706
Node 1006, 620.4365357511136
Node 543, 504.64459743817713
Node 974, 589.3178230168683
Node 908, 561.4529264096292
Node 642, 509.23145468624506
Node 1021, 639.2695208183897
Node 980, 591.9938836241728
Node 856, 540.0053417929515
Node 660, 510.1610030790026
Node 1104, 764.9876993801158
Node 682, 512.267364269515
Node 153, 247.15836137817394
Node 1001, 614.8213924123379
Node 945, 579.1136921433306
Node 751, 520.657779762035
