Node, generations
Node 1665, 34130.27552638904
Node 453, 1362.6474681080333
Node 746, 6590.646303770871
Node 494, 1540.2350251403268
Node 425, 1265.4223729527048
Node 481, 1488.5688377004474
Node 434, 1285.861350430455
Node 352, 1134.1438307047522
Node 321, 1089.2975786804375
Node 63, 684.6756751603746
Node 420, 1252.611688745079
Node 385, 1184.9472474143768
Node 274, 1049.4151551124241
Node 338, 1111.8513535397087
Node 88, 916.4024818852259
Node 28, 245.57347493242798
Node 404, 1221.110856247138
Node 530, 1759.1184580650834
Node 216, 1023.7819427180219
