Node, generations
Node 505, 9479.097095551371
Node 286, 1373.690328841624
Node 153, 356.57520995244516
Node 120, 302.77080986846704
Node 99, 256.8047109510153
Node 254, 896.361333454832
Node 117, 295.553907292459
Node 136, 326.1815601724023
Node 60, 217.5694409455726
Node 57, 217.338817598886
Node 424, 6834.28990232338
Node 143, 337.21415705091397
Node 87, 244.64975378734914
Node 171, 415.3369435442102
Node 170, 410.0069256990417
Node 109, 272.6116177858445
Node 77, 234.08249109090949
Node 49, 209.69191935186115
Node 133, 323.17141170740837
