Node, generations
Node 2260, 24566.87324673402
Node 931, 1396.2310193526152
Node 617, 1033.0492852815576
Node 608, 1030.358759744632
Node 892, 1301.6298598687265
Node 741, 1088.025852497895
Node 151, 552.6580984874595
Node 706, 1071.1031474768874
Node 163, 587.0096446446498
Node 871, 1250.1912323415488
Node 677, 1054.9187397838227
Node 414, 1004.9634182617228
Node 200, 676.99702513287
Node 815, 1157.0519471347332
Node 802, 1143.3753727475532
Node 501, 1013.172435724805
Node 246, 809.7349505032503
Node 165, 590.9733046588682
Node 801, 1142.0640867306179
Node 809, 1151.5250340522516
Node 1518, 9388.885896466276
Node 827, 1176.1385493053822
Node 988, 2194.0974628396402
Node 898, 1316.6030485619374
Node 420, 1005.3135685760966
Node 311, 992.8643388226885
Node 187, 648.9388438461772
Node 830, 1176.6098940677014
Node 963, 1641.1029939299435
Node 839, 1191.1634340186965
Node 762, 1102.1610462481945
Node 723, 1078.5672735986366
Node 582, 1024.2555294742308
Node 921, 1374.9193465093153
Node 525, 1016.012580058766
Node 395, 1003.833030801525
Node 890, 1298.574451240323
Node 808, 1151.5138208621026
Node 241, 793.8767368232611
