node_generations, branch_length
16685.939286746758, 25713.909117693347
167.07943389839178, 16518.859852848367
0.0, 167.07943389839178
137.51445673704532, 29.564977161346462
0.0, 137.51445673704532
0.0, 137.51445673704532
1049.7134682336682, 15636.225818513089
91.07214626458344, 958.6413219690847
0.0, 91.07214626458344
0.0, 91.07214626458344
233.2607643091996, 816.4527039244686
0.0, 233.2607643091996
0.0, 233.2607643091996
18278.96731484753, 24120.881089592574
14258.26255861011, 4020.704756237421
80.5332556088268, 14177.729303001282
0.0, 80.5332556088268
60.79435342509223, 19.738902183734574
0.0, 60.79435342509223
0.0, 60.79435342509223
3939.9489711124925, 10318.313587497618
88.93107620161634, 3851.0178949108763
67.08818270146126, 21.84289350015507
0.0, 67.08818270146126
0.0, 67.08818270146126
67.80904781071482, 21.12202839090152
0.0, 67.80904781071482
0.0, 67.80904781071482
2054.663761089253, 1885.2852100232394
71.74838808774824, 1982.9153730015048
0.0, 71.74838808774824
0.0, 71.74838808774824
189.23111863307176, 1865.4326424561814
0.0, 189.23111863307176
0.0, 189.23111863307176
16964.381028123993, 1314.5862867235373
103.15089712887075, 16861.23013099512
0.0, 103.15089712887075
93.550922028011, 9.599975100859751
0.0, 93.550922028011
0.0, 93.550922028011
14493.704375302043, 2470.6766528219505
3534.809448973177, 10958.894926328865
170.5519178335075, 3364.2575311396695
0.0, 170.5519178335075
166.1511323508212, 4.400785482686302
138.95573711631994, 27.195395234501262
0.0, 138.95573711631994
0.0, 138.95573711631994
155.0074134310023, 11.143718919818895
0.0, 155.0074134310023
79.96084783796069, 75.04656559304162
0.0, 79.96084783796069
61.571300504067814, 18.38954733389287
0.0, 61.571300504067814
0.0, 61.571300504067814
2247.8439588544325, 1286.9654901187446
0.0, 2247.8439588544325
158.70230331949833, 2089.141655534934
0.0, 158.70230331949833
120.11880243530747, 38.583500884190855
0.0, 120.11880243530747
0.0, 120.11880243530747
3969.2304354362286, 10524.473939865813
0.0, 3969.2304354362286
1348.4277155400666, 2620.8027198961618
63.933044763866775, 1284.4946707761999
0.0, 63.933044763866775
54.77453891707337, 9.158505846793403
0.0, 54.77453891707337
0.0, 54.77453891707337
153.72380957503495, 1194.7039059650317
78.39058988210513, 75.33321969292982
0.0, 78.39058988210513
0.0, 78.39058988210513
98.1604743649875, 55.563335210047455
0.0, 98.1604743649875
0.0, 98.1604743649875
