Node, generations
Node 2579, 15857.691555821319
Node 462, 345.8591633101925
Node 408, 191.30406136100186
Node 291, 103.02206017559035
Node 160, 60.80840321748088
Node 242, 84.3844760051795
Node 185, 67.15648631955845
Node 132, 56.163970123145496
Node 96, 51.09360813331259
Node 2324, 12293.4847892403
Node 862, 1955.1834187389636
Node 445, 248.38852946023178
Node 401, 182.5612249900486
Node 261, 93.69968712349723
Node 131, 55.99652522872959
Node 422, 212.87934436555204
Node 378, 160.60535176291623
Node 233, 80.75832000115406
Node 197, 70.00213108697687
Node 306, 114.22547820417822
Node 152, 59.09930752709613
Node 150, 58.82381577701697
Node 810, 1725.045845698488
Node 443, 243.06145609501064
Node 322, 121.87236621864406
Node 151, 58.88386470944407
Node 320, 121.5868134303498
Node 162, 61.64325428644202
Node 137, 57.19698052809245
Node 133, 56.243852162541394
Node 163, 61.82260947009928
Node 128, 55.44408532177891
Node 91, 50.366511188266195
Node 1784, 7154.238724264189
Node 564, 802.942163093641
Node 452, 304.4873847961453
Node 367, 152.45324729759415
Node 147, 58.65550911184763
Node 410, 194.83267353737193
Node 1627, 5949.208085893929
Node 770, 1587.9744527158766
Node 501, 539.4514465819765
Node 178, 65.77812547615197
Node 103, 51.45267439815647
Node 436, 230.36726840806986
Node 346, 137.5002842705098
Node 214, 72.91821398348796
Node 430, 221.805389678825
Node 336, 129.10898934788136
Node 427, 219.38195742169415
Node 225, 76.51253811910169
Node 139, 57.54218542552832
Node 330, 125.03512237245168
Node 120, 54.22041313951873
Node 86, 49.61654570241897
Node 317, 118.99219407413148
Node 314, 117.94857592983352
Node 253, 89.01048592673281
Node 548, 763.7499246042876
Node 288, 102.19626561324924
Node 168, 62.6524173710205
Node 316, 118.35062291690285
Node 1285, 3934.7146681120375
Node 216, 73.9161945640315
Node 773, 1595.582282034797
Node 281, 100.0794343818191
Node 194, 68.97509480651
Node 251, 88.11344453681842
Node 102, 51.43856713980966
Node 530, 697.8199616171532
Node 231, 79.00810489889957
Node 207, 71.07012253251204
Node 424, 218.0394510698371
Node 90, 50.36427317569102
Node 348, 138.68257197498687
Node 284, 100.49481372600579
Node 247, 85.96431504605793
Node 171, 63.759124803690305
Node 210, 71.67948522845086
