Node, generations
Node 1880, 26495.417059950407
Node 513, 253.12837186971967
Node 449, 232.5488173018038
Node 308, 211.03705787246417
Node 432, 229.0316560141265
Node 219, 203.62594507957547
Node 511, 251.45582432263942
Node 479, 242.51189243087344
Node 99, 111.86124856209281
Node 499, 248.17671797228164
Node 1847, 25240.090559963053
Node 1100, 6139.965625752253
Node 682, 397.8836931371851
Node 539, 268.4908355102446
Node 480, 242.6489042817823
Node 270, 207.64689119864724
Node 459, 235.71559839933752
Node 254, 205.92338178434434
Node 96, 100.45336666369485
Node 676, 391.75214819853915
Node 579, 291.5605461052931
Node 341, 214.0249766957423
Node 578, 290.17562271883185
Node 396, 221.8939284755974
Node 295, 210.24055212393606
Node 662, 374.5525136464032
Node 492, 246.20906884817407
Node 361, 216.48146662284347
Node 467, 237.91091678060718
Node 321, 212.18340280410118
Node 567, 283.3908993258956
Node 530, 261.79592256145673
Node 899, 999.4494493071685
Node 840, 712.8408283329318
Node 546, 273.21438651081144
Node 149, 200.42499653798941
Node 136, 200.07784390411317
Node 446, 231.9443359537023
Node 324, 212.2795674452741
Node 253, 205.92079412308127
Node 249, 205.44472662307535
Node 732, 472.1429214444761
Node 284, 209.35360781444746
Node 527, 260.2740726215046
Node 855, 796.6306068910159
Node 777, 558.7226517075126
Node 660, 368.68994355568657
Node 419, 226.3746607188743
Node 385, 219.8622480427068
Node 276, 208.181426331564
Node 584, 295.9502546594104
Node 784, 574.2806784241482
Node 507, 250.1190111591753
Node 420, 226.50999247803819
Node 395, 221.7910786523992
Node 128, 185.60716100421968
Node 411, 224.9294867471788
Node 670, 381.61974981280207
Node 570, 284.5461002586854
Node 515, 253.6646532619797
Node 1483, 15175.323250638174
Node 591, 299.3034439978336
Node 548, 274.99805490442884
Node 905, 1031.4038186464438
Node 468, 238.63207287259618
Node 255, 205.94509870947869
Node 241, 204.72640724830228
Node 225, 203.75612159448022
Node 882, 933.8052871522023
Node 593, 300.36070990525866
Node 81, 11.680164115289989
Node 759, 528.0980551693712
Node 635, 333.1208841351194
Node 518, 256.0885700794705
Node 214, 203.295584327127
Node 625, 328.8271455306535
Node 575, 288.42213567409533
Node 569, 284.35940910232506
Node 689, 407.4337118157339
