node_generations, branch_length
0.0, 18515.608932254414
12968.81841458183, 5546.7905176725835
3326.1431769694445, 9642.675237612386
157.05320584692885, 3169.0899711225156
0.0, 157.05320584692885
0.0, 157.05320584692885
1404.4400043313692, 1921.7031726380753
0.0, 1404.4400043313692
112.80212721261972, 1291.6378771187494
0.0, 112.80212721261972
0.0, 112.80212721261972
12899.924675545695, 68.89373903613523
4203.647291022742, 8696.277384522953
0.0, 4203.647291022742
1688.5780323906129, 2515.0692586321293
0.0, 1688.5780323906129
487.6642764905715, 1200.9137559000415
0.0, 487.6642764905715
0.0, 487.6642764905715
7707.208204375129, 5192.716471170566
0.0, 7707.208204375129
2394.0511244261083, 5313.15707994902
123.83569578830209, 2270.2154286378063
0.0, 123.83569578830209
0.0, 123.83569578830209
1193.0792581646274, 1200.971866261481
183.92681564549179, 1009.1524425191355
0.0, 183.92681564549179
113.07048980762677, 70.85632583786501
0.0, 113.07048980762677
102.30107305993536, 10.769416747691409
0.0, 102.30107305993536
0.0, 102.30107305993536
744.2963666881759, 448.7828914764515
0.0, 744.2963666881759
196.19633055073487, 548.1000361374411
0.0, 196.19633055073487
0.0, 196.19633055073487
