node_generations, branch_length
3960.9899289194555, 8837.911321888256
1550.7206966631004, 2410.2692322563553
359.7815782747827, 1190.9391183883176
15.740788787048055, 344.0407894877346
0.0, 15.740788787048055
0.0, 15.740788787048055
59.48827604609991, 300.2933022286828
0.0, 59.48827604609991
0.0, 59.48827604609991
434.72415721971004, 1115.9965394433902
118.735292043491, 315.98886517621906
0.0, 118.735292043491
83.68026563861909, 35.05502640487191
0.0, 83.68026563861909
0.0, 83.68026563861909
161.5608147795037, 273.16334244020635
0.0, 161.5608147795037
0.0, 161.5608147795037
3701.9372025091475, 259.05272641030797
37.75317261600992, 3664.1840298931374
0.0, 37.75317261600992
8.763912364467544, 28.989260251542376
0.0, 8.763912364467544
0.0, 8.763912364467544
2598.2979336216613, 1103.6392688874862
0.0, 2598.2979336216613
1295.1707762862504, 1303.1271573354109
328.9354116150424, 966.235364671208
0.0, 328.9354116150424
168.13780082310626, 160.79761079193617
0.0, 168.13780082310626
141.80029629486634, 26.33750452823992
0.0, 141.80029629486634
18.050618012331142, 123.7496782825352
0.0, 18.050618012331142
14.694199468520134, 3.3564185438110083
0.0, 14.694199468520134
2.4088832440161347, 12.285316224504
0.0, 2.4088832440161347
0.0, 2.4088832440161347
828.2711415360662, 466.8996347501842
53.21633074571428, 775.054810790352
0.0, 53.21633074571428
0.0, 53.21633074571428
172.18092485718728, 656.090216678879
22.476844899557157, 149.7040799576301
0.0, 22.476844899557157
0.6903343156818137, 21.786510583875344
0.0, 0.6903343156818137
0.0, 0.6903343156818137
118.77518829772013, 53.405736559467144
0.0, 118.77518829772013
0.0, 118.77518829772013
10081.767986019038, 2717.133264788672
1491.7805396984884, 8589.98744632055
108.3556858794974, 1383.4248538189909
0.0, 108.3556858794974
71.9491058463542, 36.4065800331432
0.0, 71.9491058463542
32.89384949190387, 39.05525635445033
0.0, 32.89384949190387
0.0, 32.89384949190387
120.62428732132209, 1371.1562523771663
0.0, 120.62428732132209
31.98462172690629, 88.63966559441579
0.0, 31.98462172690629
0.0, 31.98462172690629
1983.0061599346227, 8098.761826084416
0.0, 1983.0061599346227
1669.5895900420555, 313.41656989256717
0.0, 1669.5895900420555
233.8559737895052, 1435.7336162525503
0.0, 233.8559737895052
47.66018537286409, 186.1957884166411
0.0, 47.66018537286409
13.567776125618387, 34.092409247245705
0.0, 13.567776125618387
0.0, 13.567776125618387
