Node, generations
Node 2467, 12766.296871413742
Node 306, 211.0108834402913
Node 2445, 12531.111340436004
Node 1848, 6613.749572488032
Node 1217, 2721.5626875161556
Node 1116, 2370.6895990043904
Node 703, 394.3509595514692
Node 676, 361.29020236834447
Node 590, 285.38707664930195
Node 521, 255.53817543467574
Node 629, 309.332105314509
Node 389, 222.24729397688537
Node 373, 219.87535555566714
Node 355, 216.77213792691833
Node 84, 37.106177734765595
Node 857, 1333.6116476693903
Node 278, 208.34055375385998
Node 753, 805.1383846244115
Node 706, 399.7200322278721
Node 633, 312.05305562843847
Node 367, 218.6673114613611
Node 226, 204.84486308444758
Node 392, 222.5485190785857
Node 356, 216.80984729742468
Node 161, 200.89999574171495
Node 698, 390.9530639355667
Node 598, 287.9832525321123
Node 360, 218.0416763746243
Node 114, 142.50261813475944
Node 480, 242.01746611500107
Node 628, 309.1231356985441
Node 1171, 2549.084060851062
Node 539, 260.9105377959783
Node 510, 253.69426528400544
Node 104, 123.23173628862558
Node 650, 335.30811055107836
Node 1819, 6354.057495268257
Node 697, 390.93375158130794
Node 144, 197.6136447353685
Node 687, 370.0710385048687
Node 549, 264.6409712488508
Node 513, 254.28607419824735
Node 138, 184.2666753704268
Node 485, 244.37256651142218
Node 345, 215.61731646092653
Node 400, 223.21616595534783
Node 601, 288.6492958348534
Node 126, 169.05019473203112
Node 546, 263.47512298690083
Node 1333, 3285.6563376569266
Node 811, 1141.2473271823828
Node 472, 237.83949956765048
Node 423, 227.58772848474683
Node 626, 304.7905048478134
Node 100, 111.13314482062795
Node 96, 94.72959035936886
Node 576, 277.6988257157897
Node 565, 273.39361430830735
Node 440, 230.7742226069052
Node 262, 206.81696764084433
Node 1169, 2534.8598454162893
Node 634, 314.3013333172094
Node 743, 711.2909303751154
Node 583, 283.72187196925756
Node 436, 229.11182496471326
Node 376, 220.29006062181742
Node 425, 227.84463021395166
Node 206, 203.38303309754738
Node 102, 113.50594273209147
Node 218, 204.14445880633508
Node 460, 234.54642889257354
Node 170, 201.30234389279963
Node 139, 186.38914695410864
Node 341, 215.2436998094235
Node 277, 208.144157448376
Node 597, 287.31040109130225
Node 377, 220.3544983089199
Node 577, 277.87752758930895
Node 253, 206.40163831928066
