node_generations, branch_length
631.6406000436534, 2151.3079461590014
0.0, 631.6406000436534
599.5971857476752, 32.04341429597821
548.1271856313928, 51.47000011628245
0.0, 548.1271856313928
529.9519285527819, 18.17525707861091
0.0, 529.9519285527819
521.0614850775152, 8.890443475266693
332.79066800664464, 188.27081707087052
0.0, 332.79066800664464
0.0, 332.79066800664464
518.6701357950403, 2.3913492824748346
0.0, 518.6701357950403
515.9589196412891, 2.711216153751252
0.0, 515.9589196412891
143.02744346160685, 372.93147617968225
0.0, 143.02744346160685
0.0, 143.02744346160685
569.5569087703295, 30.040276977345684
0.0, 569.5569087703295
507.8659220328827, 61.69098673744685
0.0, 507.8659220328827
0.0, 507.8659220328827
1713.364048894816, 1069.5844973078385
890.5631303257125, 822.8009185691036
0.0, 890.5631303257125
827.7968532996596, 62.766277026052876
546.1416198269119, 281.6552334727477
522.7564923451625, 23.38512748174935
510.86233498546164, 11.894157359700898
0.0, 510.86233498546164
0.0, 510.86233498546164
514.3691013737587, 8.387390971403875
0.0, 514.3691013737587
246.11471167302946, 268.25438970072923
0.0, 246.11471167302946
0.0, 246.11471167302946
544.0163408198205, 2.1252790070914216
0.0, 544.0163408198205
0.0, 544.0163408198205
656.5026588033679, 171.29419449629165
0.0, 656.5026588033679
533.9234134840708, 122.57924531929712
0.0, 533.9234134840708
140.80973155064868, 393.11368193342213
0.0, 140.80973155064868
0.0, 140.80973155064868
1426.5588617926378, 286.80518710217825
690.3253707307223, 736.2334910619155
506.75942492468755, 183.56594580603473
0.0, 506.75942492468755
0.0, 506.75942492468755
654.5435537315639, 35.78181699915842
0.0, 654.5435537315639
511.87711795628087, 142.666435775283
0.0, 511.87711795628087
0.0, 511.87711795628087
908.0892722923179, 518.4695895003199
628.0105234869313, 280.07874880538657
572.9609031356194, 55.04962035131189
0.0, 572.9609031356194
0.0, 572.9609031356194
587.4911984386279, 40.51932504830347
0.0, 587.4911984386279
0.0, 587.4911984386279
705.5077298391993, 202.58154245311857
509.7933276797308, 195.71440215946853
0.0, 509.7933276797308
0.0, 509.7933276797308
702.5819754610657, 2.925754378133661
0.0, 702.5819754610657
631.6927472066703, 70.88922825439533
0.0, 631.6927472066703
579.048094835655, 52.644652371015354
0.0, 579.048094835655
549.347956452079, 29.700138383576018
0.0, 549.347956452079
0.0, 549.347956452079
