Node, generations
Node 2461, 26197.315316812124
Node 1055, 3084.095559648072
Node 877, 1304.5265522889863
Node 948, 1750.0044099457377
Node 565, 1019.4134695739292
Node 398, 1002.9262638827024
Node 946, 1698.8190604585182
Node 846, 1232.6241993837532
Node 810, 1145.7357727571975
Node 671, 1046.1048809470697
Node 655, 1039.115385540466
Node 610, 1027.867338465123
Node 702, 1060.1024845363274
Node 601, 1026.0771018594926
Node 406, 1003.6450931248609
Node 910, 1398.3476637348322
Node 802, 1137.2525565888036
Node 745, 1086.144912024357
Node 801, 1136.6361133254948
Node 137, 533.58220332606
Node 258, 812.7090579787156
Node 46, 120.7873693278314
Node 902, 1377.6057671089939
Node 753, 1088.70913709131
Node 465, 1006.98789722726
Node 875, 1294.9303003996856
Node 769, 1102.491670224392
Node 779, 1111.1830791288558
Node 2064, 16868.961901072165
Node 913, 1417.9330162260362
Node 855, 1256.7325362187062
Node 689, 1053.3752586707596
Node 635, 1033.8828795510174
Node 51, 179.12764529495144
Node 1154, 3973.112492681174
Node 762, 1098.3832856100926
Node 545, 1016.3508485582918
Node 908, 1392.5413213739837
Node 239, 780.5941484822986
