Node, generations
Node 3330, 36209.441938331984
Node 2147, 10128.274992086515
Node 612, 317.4715733472126
Node 419, 221.25986097112514
Node 407, 219.9918672382346
Node 161, 201.50851562397744
Node 1891, 7376.392958999778
Node 502, 241.87609809179077
Node 441, 224.7656971261933
Node 457, 228.97452648111184
Node 1631, 5388.758179821344
Node 927, 1515.8990921279062
Node 527, 254.80352905336505
Node 329, 210.71061075148333
Node 906, 1440.5569375362481
Node 303, 208.3882207488798
Node 819, 1065.4807277054872
Node 671, 382.0901302665129
Node 642, 346.1543064106964
Node 338, 211.79835396118898
Node 312, 209.22764316781215
Node 463, 230.4971628016877
Node 747, 823.1679391334533
Node 676, 387.14475939502597
Node 566, 276.6627515801459
Node 325, 210.49103660878214
Node 509, 243.82900035470695
Node 92, 59.41622241799449
Node 630, 332.7182912008287
Node 591, 294.91036794876703
Node 450, 227.4359825658888
Node 449, 226.73803834623743
Node 617, 323.9258601138665
Node 683, 398.73424967044633
Node 639, 341.0208342705642
Node 604, 306.87965141971046
Node 374, 215.80094036857503
Node 257, 205.43329854834025
Node 595, 296.82986601382754
Node 533, 258.2655397132214
Node 442, 224.8389279267183
Node 226, 203.95639945571747
Node 530, 256.1706708341045
Node 503, 242.09164894912573
Node 317, 209.44601170020476
Node 456, 228.8827377342354
Node 99, 97.75375067782126
Node 2525, 15757.191016028126
Node 1427, 4030.026431052654
Node 781, 952.2770795056249
Node 632, 334.93548975509606
Node 438, 224.50693228912516
Node 631, 333.933962494254
Node 413, 220.48831415949422
Node 394, 218.72031800985084
Node 336, 211.67737855090257
Node 518, 246.81614838865457
Node 231, 204.2134097401358
Node 324, 210.43864374963414
Node 1388, 3850.722987496607
Node 667, 379.50126507200287
Node 461, 229.9526900357461
Node 422, 221.5526652104933
Node 371, 215.7305711706637
Node 497, 241.19094629766104
Node 85, 45.94912294869173
Node 1088, 2292.3983502440014
Node 520, 249.49295227353403
Node 376, 215.978680177215
Node 97, 90.06835066749524
Node 297, 207.78323660094074
Node 400, 219.39169131212347
Node 853, 1224.3561381631018
Node 700, 547.6827455520319
Node 550, 266.50913780387697
Node 410, 220.2368117328063
Node 600, 304.64984712427014
Node 488, 237.11679841907275
Node 585, 291.0856322597359
