Node, generations
Node 2027, 39630.438899948706
Node 999, 1648.9637463112842
Node 855, 1226.7436567145853
Node 708, 1073.3105946359783
Node 979, 1570.4493455095915
Node 704, 1071.369263630783
Node 637, 1044.283639464152
Node 970, 1514.2961296294136
Node 739, 1086.4312317456759
Node 413, 1004.5149270781733
Node 88, 363.7993740510681
Node 963, 1504.5634423966267
Node 714, 1074.8908677378217
Node 166, 616.7904700139133
Node 671, 1057.001293347176
Node 474, 1009.5979685760808
Node 402, 1003.918120386927
Node 129, 510.874748056096
Node 253, 869.4285443365537
Node 87, 361.78162398482243
Node 900, 1300.0777463498994
Node 832, 1197.476406993075
Node 730, 1080.9119929548053
Node 646, 1047.6925260686407
Node 390, 1003.4658113612309
Node 595, 1033.073502569623
Node 825, 1181.8848861657211
Node 809, 1161.6369304074549
Node 511, 1014.5496600749348
Node 1624, 20774.370854174613
Node 997, 1645.7535861287358
Node 725, 1078.418222811122
Node 538, 1020.1164851632886
Node 973, 1533.4831824238806
Node 673, 1058.8195907383738
Node 358, 1002.1818070356184
Node 48, 130.21087222753226
Node 833, 1198.1439204764358
Node 526, 1017.7942322061502
