Node, generations
Node 3721, 53481.678623522355
Node 2312, 8572.27760343838
Node 1360, 1024.3921760599123
Node 1135, 1006.0656344251635
Node 582, 729.354952452692
Node 1346, 1021.9558017784545
Node 1276, 1014.8203136088907
Node 250, 383.0924394568358
Node 586, 733.2846655698426
Node 2002, 4222.440671748262
Node 1737, 1295.9731331168155
Node 1455, 1041.4042739456697
Node 1215, 1010.7545057021212
Node 314, 450.28594643837397
Node 1079, 1004.1593869497822
Node 1004, 1002.1584817852911
Node 474, 617.7590564752657
Node 969, 1001.2081154670302
Node 1443, 1039.3580217206365
Node 713, 842.6967283234198
Node 243, 371.20604920359654
Node 961, 1001.0680115655651
Node 1714, 1247.9433675716584
Node 1428, 1036.2430874556424
Node 1399, 1029.9949690772612
Node 1479, 1046.4142761931957
Node 1475, 1045.3260845765867
Node 1938, 3511.9712109387483
Node 1787, 1421.7068626349303
Node 89, 77.53633520058023
Node 1717, 1259.3315980429104
Node 119, 167.6574584501984
Node 1918, 3242.0036418882632
Node 1171, 1008.4182653316757
Node 98, 104.37945053490097
Node 1790, 1425.267896235617
Node 1695, 1208.8857455245893
Node 1520, 1066.5578768164808
Node 467, 601.0109998687104
Node 263, 393.8756944412187
Node 1597, 1103.5302679402814
Node 1161, 1007.6847048244598
Node 1478, 1045.9344690004798
Node 1427, 1036.0956524672667
Node 162, 257.0068062054539
Node 80, 26.87988635014071
Node 1429, 1036.4858693676213
Node 2798, 16893.32477745072
Node 1728, 1282.5438306343717
Node 1390, 1029.1987442855886
Node 1285, 1015.7032408057352
Node 1206, 1010.0878971395608
Node 1772, 1379.6797739485544
Node 1722, 1271.9978772036843
Node 1660, 1176.9933992781948
Node 1548, 1078.4795263452181
Node 1485, 1050.2438873584615
Node 1495, 1053.5865610318351
Node 1435, 1037.5934028692895
Node 1464, 1042.8327243782453
Node 1397, 1029.9162978687843
Node 151, 226.9061341538901
Node 1388, 1029.1216305055993
Node 452, 590.5754712089184
Node 1554, 1082.1465885718455
Node 1674, 1188.7368964583516
Node 1516, 1062.5596151968468
Node 746, 874.712902386758
Node 201, 316.50190242857485
Node 91, 82.26352521806872
Node 1760, 1344.2273803214305
Node 1315, 1019.0127513889929
Node 685, 827.5485097539015
Node 1668, 1184.4722369897231
Node 1575, 1092.1282331224832
Node 1505, 1057.346845444597
Node 1364, 1025.0227294709318
Node 1658, 1175.9487399572301
Node 449, 588.681218486689
