Node, generations
Node 2020, 37460.95428577736
Node 1289, 1407.42939648526
Node 1239, 1078.6999956209345
Node 1062, 659.9503828509608
Node 1241, 1092.7592302482726
Node 1187, 858.2191089633681
Node 451, 502.4382518375296
Node 1095, 696.0718365162861
Node 1023, 614.135355091111
Node 941, 565.0618205518396
Node 109, 133.49084749716104
Node 935, 562.3104038280296
Node 770, 521.2000073406865
Node 908, 551.6525285593555
Node 732, 516.2265456349833
Node 899, 547.4418057120911
Node 787, 522.9141316148657
Node 779, 522.1624241574183
Node 83, 17.858025962538033
Node 1188, 862.754226000395
Node 1184, 853.2886732922594
Node 877, 541.002660873472
Node 687, 512.7005882322298
Node 1135, 740.4630247436012
Node 788, 522.9310758937582
Node 551, 505.98653888501826
Node 823, 528.6460818869875
Node 735, 516.5236588964797
Node 1365, 2457.134279016445
Node 1287, 1394.3117495434565
Node 918, 556.5206689683024
Node 286, 426.9173793643226
Node 1214, 970.4094427532613
Node 1134, 740.0117492399582
Node 1012, 604.5663762833
Node 856, 535.3236908874651
Node 665, 511.18261354453415
Node 1005, 600.8608170749646
Node 242, 374.6036959352324
Node 834, 530.3934994423779
Node 1114, 717.2094254056902
Node 679, 511.9105993247425
Node 584, 507.36570265791806
Node 245, 376.9199498283298
Node 120, 175.82525120470186
Node 1052, 648.5102595641124
Node 213, 332.4207908210661
Node 812, 526.3674307367979
Node 1181, 840.981719799826
Node 1136, 741.2278338728638
Node 909, 551.8755971113345
Node 510, 503.9524911186599
Node 1013, 606.928687537055
Node 844, 532.5384041372954
Node 254, 383.43145442037934
Node 806, 525.266641964175
Node 988, 588.3758724221059
Node 1307, 1611.3182827837647
Node 681, 512.0609706605774
Node 1286, 1394.06647650564
Node 1120, 724.0310604086808
Node 942, 565.434714040438
Node 161, 257.9988613634763
Node 929, 559.0480244327567
Node 199, 313.30811208902605
Node 873, 540.3244092284099
Node 1039, 629.9972560312764
Node 999, 595.0478346698372
Node 121, 176.99023986216412
Node 1124, 728.853938261379
Node 1025, 615.6403327006393
Node 975, 579.1025873213068
Node 886, 543.7091659134373
Node 945, 566.0494181635663
Node 923, 557.9315543965505
Node 1089, 687.6043889169136
Node 764, 520.3589171505839
Node 872, 540.2715285360196
Node 80, 6.995575581653209
