Node, generations
Node 1549, 2964.5111918484695
Node 1528, 2811.4574263950203
Node 1455, 2470.9653840582328
Node 1267, 2110.7535489944844
Node 1345, 2195.114677676497
Node 1265, 2110.087471158875
Node 822, 2002.0185657947943
Node 237, 874.3371463622005
Node 1330, 2169.5187837145304
Node 1219, 2079.906675491426
Node 45, 71.72151916049326
Node 1002, 2015.8107008293598
Node 1462, 2498.965121819737
Node 1401, 2307.1300955804595
Node 1221, 2080.1611921888643
Node 1200, 2068.5248245579683
Node 960, 2010.1043825032905
Node 292, 1013.7314575618424
Node 77, 343.53082673272587
Node 1347, 2200.5338720343325
Node 1450, 2463.8844522736654
Node 1337, 2185.1111372554333
Node 359, 1181.9804311504588
Node 1135, 2046.1557298198309
Node 1442, 2436.3305017602024
Node 1070, 2026.7705492233513
Node 1377, 2253.9556096729625
Node 1087, 2032.5265406059286
Node 1309, 2144.542278865887
Node 1050, 2021.7947051076878
Node 198, 760.3557888507326
Node 1031, 2018.4185267595064
Node 854, 2003.2614915214633
Node 1236, 2087.4978286093706
Node 40, 7.626998532023189
Node 602, 1693.4451248716578
Node 1533, 2839.121862093191
Node 1358, 2222.5137924915275
Node 1325, 2159.7877314676807
