Node, generations
Node 660, 6025.4247678179145
Node 441, 1391.6674547717253
Node 329, 1103.5881332727233
Node 270, 1053.707640702971
Node 81, 1000.0112516549337
Node 247, 1041.6572151657908
Node 427, 1334.0173352289696
Node 26, 329.1258294540937
Node 401, 1255.3921922968957
Node 90, 1001.229082316015
Node 299, 1075.7794507465692
Node 576, 2411.7972403074273
Node 362, 1157.1014202350664
Node 507, 1759.2937284491122
Node 442, 1398.888798124922
Node 381, 1189.0190325625463
Node 49, 672.4230967267572
Node 48, 650.2320113236806
Node 422, 1304.2766649850994
