Node, generations
Node 2010, 21415.844445272152
Node 1451, 2722.9359374976366
Node 1081, 2030.5101893051099
Node 143, 574.2021231554593
Node 954, 2011.7281449075622
Node 41, 2.7120331364989747
Node 1414, 2528.7826169663726
Node 1364, 2344.3069693861635
Node 701, 1860.638513284182
Node 1360, 2334.3639950940596
Node 977, 2014.359577267736
Node 1284, 2152.3121090928657
Node 1165, 2061.23633730203
Node 507, 1482.167786735163
Node 1210, 2087.3122260255896
Node 344, 1056.3489078765122
Node 163, 622.6308439890662
Node 1386, 2411.753973294182
Node 1203, 2079.8958795641165
Node 1236, 2104.53806012366
Node 42, 13.851289874121152
Node 1549, 3715.9407542332674
Node 1359, 2331.396986759507
Node 1278, 2143.2048769909775
Node 726, 1902.6820630095156
Node 916, 2008.3676555302823
Node 47, 93.67913513734113
Node 1449, 2716.0113369812916
Node 1283, 2151.1033602693337
Node 1030, 2021.1507906944917
Node 76, 304.42736866729905
Node 1431, 2607.7026964475613
Node 1340, 2276.9302228570227
Node 699, 1853.912736615654
Node 40, 1.3225673141626828
Node 1276, 2142.325799872739
Node 1372, 2358.011966677818
Node 55, 158.81214767531884
Node 1291, 2164.8138931894478
