node_generations, branch_length
2260.7022127501014, 11727.41641306525
2065.1504482853866, 195.55176446471478
2016.5505185295694, 48.59992975581713
0.0, 2016.5505185295694
0.0, 2016.5505185295694
2059.4490645127053, 5.701383772681311
0.0, 2059.4490645127053
2043.4065127635906, 16.042551749114637
0.0, 2043.4065127635906
0.0, 2043.4065127635906
2108.5416442227274, 152.16056852737393
1147.0393759622007, 961.5022682605268
0.0, 1147.0393759622007
0.0, 1147.0393759622007
2047.7054739961295, 60.836170226597915
0.0, 2047.7054739961295
2002.5470569918882, 45.1584170042413
0.0, 2002.5470569918882
1067.173909277585, 935.3731477143033
0.0, 1067.173909277585
156.4662416250135, 910.7076676525714
0.0, 156.4662416250135
0.0, 156.4662416250135
4454.149071116994, 9533.969554698357
2265.3554697728196, 2188.793601344174
2145.0168243430126, 120.338645429807
0.0, 2145.0168243430126
2041.0334465053152, 103.98337783769739
0.0, 2041.0334465053152
2003.4747446067172, 37.558701898597974
0.0, 2003.4747446067172
0.0, 2003.4747446067172
2257.8832552590075, 7.472214513812105
0.0, 2257.8832552590075
1015.6027762460485, 1242.280479012959
0.0, 1015.6027762460485
0.0, 1015.6027762460485
3812.001234915656, 642.1478362013377
2774.1440750551415, 1037.8571598605145
2510.95895999585, 263.18511505929155
2168.6014268445715, 342.3575331512784
0.0, 2168.6014268445715
2036.8513933760894, 131.75003346848212
0.0, 2036.8513933760894
0.0, 2036.8513933760894
2324.2999401766615, 186.65901981918842
0.0, 2324.2999401766615
2289.0493368774632, 35.25060329919825
2149.066959655054, 139.98237722240947
0.0, 2149.066959655054
0.0, 2149.066959655054
2151.7277306544843, 137.32160622297897
0.0, 2151.7277306544843
2052.4131947804212, 99.31453587406304
0.0, 2052.4131947804212
0.0, 2052.4131947804212
2771.142072181601, 3.0020028735402775
241.79547099988883, 2529.3466011817122
0.0, 241.79547099988883
0.0, 241.79547099988883
2413.8550989698792, 357.28697321172194
414.5186833443717, 1999.3364156255075
0.0, 414.5186833443717
0.0, 414.5186833443717
2173.1021225391382, 240.752976430741
2032.7597663317808, 140.3423562073574
0.0, 2032.7597663317808
0.0, 2032.7597663317808
2116.94237006669, 56.15975247244842
0.0, 2116.94237006669
330.20632979435203, 1786.7360402723377
0.0, 330.20632979435203
0.0, 330.20632979435203
3093.8612035904252, 718.1400313252307
0.0, 3093.8612035904252
1980.2426819261184, 1113.6185216643069
0.0, 1980.2426819261184
0.0, 1980.2426819261184
