node_generations, branch_length
1626.5753343556755, 758.1092731297574
1323.6254448686882, 302.94988948698733
0.0, 1323.6254448686882
1062.5676056180478, 261.0578392506404
0.0, 1062.5676056180478
0.0, 1062.5676056180478
1471.3671501895194, 155.20818416615612
0.0, 1471.3671501895194
1425.8778428615158, 45.48930732800363
0.0, 1425.8778428615158
0.0, 1425.8778428615158
1978.924895021892, 405.75971246354084
1127.1315515234285, 851.7933434984636
0.0, 1127.1315515234285
1065.786934356285, 61.3446171671435
956.0246785858116, 109.76225577047342
0.0, 956.0246785858116
0.0, 956.0246785858116
1004.4097862138293, 61.37714814245567
0.0, 1004.4097862138293
0.0, 1004.4097862138293
1308.8451968598024, 670.0796981620897
1143.1421575446673, 165.70303931513513
792.9034364202558, 350.2387211244114
0.0, 792.9034364202558
0.0, 792.9034364202558
1097.4455616845023, 45.69659586016496
0.0, 1097.4455616845023
0.0, 1097.4455616845023
1147.9134226887627, 160.9317741710397
1012.7693093170063, 135.14411337175636
0.0, 1012.7693093170063
0.0, 1012.7693093170063
1112.102699260224, 35.81072342853872
0.0, 1112.102699260224
772.0628199539891, 340.03987930623487
0.0, 772.0628199539891
0.0, 772.0628199539891
