Node, generations
Node 2041, 17056.143847074964
Node 947, 1628.4439070706912
Node 712, 1071.2506575548496
Node 693, 1061.7206757576153
Node 647, 1041.043289447782
Node 1553, 8654.782787568514
Node 1024, 2660.5523321158876
Node 777, 1122.1894714582556
Node 942, 1530.5624731452142
Node 881, 1298.6638174388056
Node 814, 1164.6650481259092
Node 750, 1101.7503901238679
Node 169, 693.8472875290888
Node 773, 1116.4797492676596
Node 573, 1022.3248956573494
Node 739, 1093.0281845939342
Node 110, 481.15561207643515
Node 443, 1007.7301103915419
Node 367, 1002.7920362814644
Node 834, 1194.1446117174262
Node 820, 1172.947402326116
Node 605, 1028.9597763640331
Node 273, 932.1496165959933
Node 764, 1109.0848996812786
Node 725, 1080.9340001711982
Node 650, 1042.3107025900065
Node 177, 716.7588382842328
Node 44, 123.069744061791
Node 911, 1379.2511937039606
Node 821, 1173.8021688212457
Node 1039, 2806.7917343005997
Node 936, 1479.5897817573418
Node 864, 1249.2986553001726
Node 793, 1137.7435175304431
Node 807, 1154.981008732786
Node 753, 1104.3347371234372
Node 463, 1009.4030456504598
Node 766, 1111.4788983732312
Node 745, 1097.1565342019355
