node_generations, branch_length
8034.520255436477, 44802.47058464702
1183.3641833257311, 6851.156072110745
0.0, 1183.3641833257311
1045.7368232748631, 137.627360050868
0.0, 1045.7368232748631
1028.1990016841153, 17.537821590747853
0.0, 1028.1990016841153
0.0, 1028.1990016841153
1385.3113893280724, 6649.208866108404
1234.6089683666514, 150.702420961421
1140.5914032188714, 94.01756514778003
1026.5241352097503, 114.06726800912111
0.0, 1026.5241352097503
0.0, 1026.5241352097503
1058.4704237717474, 82.120979447124
0.0, 1058.4704237717474
1055.2762358330099, 3.194187938737514
0.0, 1055.2762358330099
1005.2837132097605, 49.99252262324933
0.0, 1005.2837132097605
0.0, 1005.2837132097605
1184.7424723743854, 49.86649599226598
1005.0148232114984, 179.72764916288702
0.0, 1005.0148232114984
0.0, 1005.0148232114984
1120.2746649806681, 64.4678073937173
0.0, 1120.2746649806681
730.4565906183094, 389.81807436235874
0.0, 730.4565906183094
0.0, 730.4565906183094
1337.2504076045775, 48.06098172349493
784.7030195722837, 552.5473880322938
0.0, 784.7030195722837
0.0, 784.7030195722837
1324.2203078935186, 13.030099711058938
1143.5326749927024, 180.6876329008162
0.0, 1143.5326749927024
1008.601079182884, 134.93159580981842
0.0, 1008.601079182884
1000.7037107490943, 7.897368433789666
0.0, 1000.7037107490943
0.0, 1000.7037107490943
1285.8771186003369, 38.343189293181695
0.0, 1285.8771186003369
1064.8241010406662, 221.0530175596707
0.0, 1064.8241010406662
0.0, 1064.8241010406662
26819.426264046866, 26017.564576036624
1040.346408469733, 25779.079855577133
0.0, 1040.346408469733
0.0, 1040.346408469733
8599.379741251929, 18220.04652279494
1010.0787674668547, 7589.300973785074
0.0, 1010.0787674668547
0.0, 1010.0787674668547
1275.5774183714582, 7323.8023228804705
405.317027157358, 870.2603912141002
0.0, 405.317027157358
0.0, 405.317027157358
1148.9476754102864, 126.62974296117181
1077.4067986995606, 71.5408767107258
0.0, 1077.4067986995606
1050.9040780389134, 26.502720660647128
0.0, 1050.9040780389134
143.98878671958974, 906.9152913193237
0.0, 143.98878671958974
0.0, 143.98878671958974
1085.4229368851168, 63.524738525169596
1020.2610461535584, 65.1618907315584
0.0, 1020.2610461535584
878.5258992304163, 141.7351469231421
0.0, 878.5258992304163
0.0, 878.5258992304163
1065.8927239872235, 19.530212897893307
0.0, 1065.8927239872235
1037.1931547673873, 28.69956921983612
0.0, 1037.1931547673873
0.0, 1037.1931547673873
