node_generations, branch_length
0.0, 16484.051589190498
10240.55523071754, 6243.496358472958
1458.1753449198636, 8782.379885797676
217.52348476846592, 1240.6518601513976
0.0, 217.52348476846592
214.54737618132197, 2.9761085871439548
0.0, 214.54737618132197
211.00036169574594, 3.547014485576028
0.0, 211.00036169574594
0.0, 211.00036169574594
1325.8073178959864, 132.36802702387718
0.0, 1325.8073178959864
92.0351860772479, 1233.7721318187384
0.0, 92.0351860772479
0.0, 92.0351860772479
7668.494641030193, 2572.0605896873476
335.4833275249465, 7333.011313505246
0.0, 335.4833275249465
324.65711982570866, 10.826207699237841
0.0, 324.65711982570866
309.94651196377305, 14.710607861935614
0.0, 309.94651196377305
0.0, 309.94651196377305
7346.281110654477, 322.2135303757159
3747.9822106739107, 3598.298899980566
248.5717944545826, 3499.410416219328
0.0, 248.5717944545826
229.86838689359456, 18.70340756098804
0.0, 229.86838689359456
216.51954841294517, 13.348838480649391
0.0, 216.51954841294517
213.05555988820518, 3.463988524739989
0.0, 213.05555988820518
0.0, 213.05555988820518
444.2150886412776, 3303.767122032633
0.0, 444.2150886412776
354.56179089189476, 89.65329774938283
0.0, 354.56179089189476
324.61083556400746, 29.9509553278873
0.0, 324.61083556400746
244.8086994545129, 79.80213610949457
0.0, 244.8086994545129
232.02137307447072, 12.787326380042174
0.0, 232.02137307447072
217.46055848918132, 14.560814585289393
0.0, 217.46055848918132
0.0, 217.46055848918132
4701.362491685388, 2644.918618969089
369.2238780370778, 4332.13861364831
0.0, 369.2238780370778
260.08896627129394, 109.13491176578384
0.0, 260.08896627129394
220.0518270243502, 40.03713924694375
0.0, 220.0518270243502
117.64302711196949, 102.4087999123807
0.0, 117.64302711196949
0.0, 117.64302711196949
4365.431741529863, 335.93075015552495
310.4786260502139, 4054.953115479649
0.0, 310.4786260502139
0.0, 310.4786260502139
1042.0950231808692, 3323.3367183489936
292.9367608991952, 749.1582622816741
253.79858831100438, 39.1381725881908
0.0, 253.79858831100438
0.0, 253.79858831100438
267.56091787683897, 25.375843022356207
0.0, 267.56091787683897
249.5600927486244, 18.000825128214558
0.0, 249.5600927486244
215.34114367636323, 34.21894907226118
0.0, 215.34114367636323
0.0, 215.34114367636323
1030.139613208068, 11.955409972801135
0.0, 1030.139613208068
266.0795858029494, 764.0600274051187
0.0, 266.0795858029494
0.0, 266.0795858029494
