Node, generations
Node 455, 1942.3384937583235
Node 378, 1186.3495084206236
Node 328, 920.6048815661989
Node 327, 912.5785643733032
Node 201, 615.1950043224002
Node 21, 106.8780519689769
Node 360, 1078.4812500754688
Node 196, 608.7211321402497
Node 346, 1012.7233959013882
Node 332, 945.3056805337271
Node 258, 710.822501810502
Node 297, 783.4212303521086
Node 251, 691.0127365096796
Node 240, 675.89444401304
Node 259, 712.8719643506345
Node 422, 1586.4803310824432
Node 308, 826.9898443958849
Node 156, 556.3063152639819
Node 147, 544.9062577417205
