Node, generations
Node 1007, 1984.972567850178
Node 995, 1841.5187891821859
Node 939, 1254.056815326209
Node 859, 887.1630740788645
Node 496, 522.324991349091
Node 264, 501.48008884339845
Node 609, 551.3281802374693
Node 130, 296.69452604808083
Node 877, 938.9785795714032
Node 628, 560.4025402468833
Node 275, 501.74730891846036
Node 751, 653.0280503507964
Node 955, 1401.1449739227667
Node 876, 937.2721481866452
Node 465, 518.1087054471412
Node 826, 788.1941915203346
Node 618, 556.381356738866
Node 780, 690.3767472497764
Node 542, 531.0891290512891
Node 761, 658.9500127609984
Node 687, 591.2611098375268
Node 428, 513.6060555796755
Node 233, 500.04746033977233
Node 329, 504.6694269423296
Node 951, 1340.10375791639
Node 801, 724.6481488574653
Node 680, 587.8179350591033
Node 673, 586.1381521051568
Node 423, 512.8102311276853
Node 729, 625.8183272671622
Node 432, 514.2491760682486
Node 75, 126.09622064947199
Node 552, 533.9075223365056
Node 376, 508.0534727249607
Node 93, 178.68586182010688
Node 81, 151.1325701744396
Node 439, 515.3519531689809
Node 103, 196.03250525617662
Node 1005, 1977.2172655170298
Node 889, 979.6031759153598
Node 769, 669.9123724520874
Node 731, 626.4807821437903
Node 427, 513.5366699195299
Node 150, 341.7529789481874
Node 443, 515.7820544396357
Node 812, 760.8070923145868
Node 611, 551.8532330613299
Node 221, 471.9745145848684
Node 766, 666.787855344946
Node 737, 632.8628197670663
Node 610, 551.7358878697964
Node 569, 537.3890922981946
Node 450, 516.6830240109279
Node 498, 522.4865373641845
Node 322, 504.43502764430565
Node 138, 320.38869552418134
Node 671, 585.5847126488444
Node 291, 502.5986316024403
Node 608, 551.0483146012666
