node_generations, branch_length
3878.9791968091195, 17246.355804296734
11.876479440960964, 3867.1027173681587
0.0, 11.876479440960964
0.0, 11.876479440960964
2884.703168996163, 994.2760278129563
0.0, 2884.703168996163
2235.567757582919, 649.1354114132441
0.0, 2235.567757582919
0.0, 2235.567757582919
19140.907439794046, 1984.427561311808
14.360763913436289, 19126.54667588061
0.0, 14.360763913436289
9.707633494152246, 4.653130419284043
0.0, 9.707633494152246
0.0, 9.707633494152246
12301.78567729957, 6839.121762494477
2012.096450839343, 10289.689226460227
0.0, 2012.096450839343
80.4173363360571, 1931.679114503286
0.0, 80.4173363360571
0.0, 80.4173363360571
11304.651913247872, 997.1337640516977
565.6291245024363, 10739.022788745435
0.0, 565.6291245024363
0.0, 565.6291245024363
5559.611150562791, 5745.04076268508
57.05635887729484, 5502.554791685497
0.0, 57.05635887729484
39.780662575905225, 17.275696301389615
0.0, 39.780662575905225
0.0, 39.780662575905225
4391.769266858232, 1167.8418837045592
0.0, 4391.769266858232
47.03851258995463, 4344.730754268277
0.0, 47.03851258995463
9.96498278207437, 37.073529807880256
0.0, 9.96498278207437
0.0, 9.96498278207437
