node_generations, branch_length
2246.7124791399556, 58207.773116407065
1147.7464606468043, 1098.9660184931513
0.0, 1147.7464606468043
1005.0017873934466, 142.74467325335763
0.0, 1005.0017873934466
0.0, 1005.0017873934466
1169.6999425773306, 1077.012536562625
0.0, 1169.6999425773306
470.929242630739, 698.7706999465915
0.0, 470.929242630739
406.97269940306927, 63.95654322766973
0.0, 406.97269940306927
0.0, 406.97269940306927
17240.78694400592, 43213.6986515411
1695.9405171502128, 15544.846426855705
1016.3695526061123, 679.5709645441005
0.0, 1016.3695526061123
1010.2149706879676, 6.154581918144686
0.0, 1010.2149706879676
0.0, 1010.2149706879676
1574.429848941958, 121.51066820825486
1350.1598028363223, 224.27004610563563
0.0, 1350.1598028363223
1008.1044477512885, 342.05535508503385
0.0, 1008.1044477512885
869.5782097706602, 138.52623798062825
0.0, 869.5782097706602
533.3596807665015, 336.21852900415877
0.0, 533.3596807665015
0.0, 533.3596807665015
1549.1415312540132, 25.288317687944755
1040.043526452528, 509.0980048014851
0.0, 1040.043526452528
862.2173064383962, 177.82622001413188
0.0, 862.2173064383962
0.0, 862.2173064383962
1210.1082112190345, 339.0333200349787
363.4937625425593, 846.6144486764751
0.0, 363.4937625425593
334.6876165328294, 28.8061460097299
0.0, 334.6876165328294
276.94080018879254, 57.74681634403686
0.0, 276.94080018879254
0.0, 276.94080018879254
434.5617033282081, 775.5465078908264
0.0, 434.5617033282081
72.87031630942741, 361.6913870187807
0.0, 72.87031630942741
0.0, 72.87031630942741
2316.806466689549, 14923.98047731637
1477.61579101743, 839.1906756721189
0.0, 1477.61579101743
1140.8332021033832, 336.78258891404676
0.0, 1140.8332021033832
0.0, 1140.8332021033832
2283.9040877602974, 32.90237892925143
1002.1410800528422, 1281.7630077074552
0.0, 1002.1410800528422
877.0744818310465, 125.06659822179574
0.0, 877.0744818310465
0.0, 877.0744818310465
1620.412350176377, 663.4917375839204
0.0, 1620.412350176377
1388.7034917961867, 231.70885838019035
1039.2721839344786, 349.4313078617081
0.0, 1039.2721839344786
1014.3304150693024, 24.941768865176186
0.0, 1014.3304150693024
0.0, 1014.3304150693024
1308.242016151611, 80.46147564457556
0.0, 1308.242016151611
1287.092520705267, 21.14949544634419
0.0, 1287.092520705267
1132.974123879656, 154.11839682561094
0.0, 1132.974123879656
1000.4408097052835, 132.53331417437244
0.0, 1000.4408097052835
0.0, 1000.4408097052835
