Node, generations
Node 1741, 7662.24242552806
Node 1159, 3422.9543164811735
Node 620, 1017.1070109685465
Node 282, 90.7409275806546
Node 342, 115.40704903507267
Node 1123, 3266.5438940413082
Node 1030, 2845.598269826347
Node 405, 153.1114399504251
Node 234, 75.06728605203331
Node 385, 140.21263714938482
Node 272, 87.71258138001986
Node 123, 53.943893902748215
Node 950, 2308.4344353318047
Node 186, 64.04287210661367
Node 585, 842.1196643589819
Node 362, 127.88202590505183
Node 469, 226.0442207165811
Node 202, 65.8591118809776
Node 437, 181.0806452944243
Node 275, 87.92204597396608
Node 204, 66.99382248869072
Node 197, 65.37436589914493
Node 395, 144.3317298047692
Node 245, 76.54450247808204
Node 130, 55.36125705352351
Node 1111, 3217.0264645481316
Node 651, 1145.4532257155229
Node 425, 170.7678403004194
Node 384, 140.17472028162206
Node 244, 76.17291905508246
Node 410, 155.84131497420552
Node 274, 87.88019663260118
Node 164, 59.398169544416014
Node 454, 204.95053181313233
Node 340, 114.67719639469266
Node 390, 141.382771847597
Node 310, 100.45219955407467
Node 153, 57.52089630651914
Node 129, 55.32453160853698
Node 279, 89.11142528013569
Node 379, 138.5322413722093
Node 173, 60.33178135052235
Node 93, 50.697339219657124
Node 120, 53.63137784490057
Node 794, 1629.3345511468428
Node 511, 510.87885871615237
Node 455, 205.44134014364565
Node 439, 181.1363053208275
Node 266, 85.14978347037281
Node 416, 158.4037185658841
Node 213, 69.33767816641668
Node 269, 86.82522176813025
Node 488, 359.00889517971507
Node 99, 51.03654725134781
Node 335, 111.5607813811905
Node 247, 77.05648092888555
Node 161, 58.63858635080667
Node 196, 65.30888037422788
Node 627, 1044.5021688768172
Node 419, 163.06879928497483
Node 478, 240.09831321611824
Node 230, 73.99094872686004
Node 1706, 7386.117171177767
Node 484, 266.10947876920176
Node 179, 61.77063711464251
Node 263, 83.98043879609284
Node 88, 50.42711378612471
Node 218, 70.17126903133732
Node 952, 2328.2297759703265
Node 471, 230.39566507501596
Node 229, 73.9672431260171
Node 378, 138.4170086290792
Node 283, 90.869119255045
Node 162, 59.00684491384493
Node 199, 65.73186731787685
Node 98, 50.936187480831904
Node 293, 93.73573816462287
Node 200, 65.76471800706594
Node 145, 56.997685046680125
