Node, generations
Node 3487, 28865.12637089953
Node 2809, 2197.4537729505473
Node 2755, 2113.879145411183
Node 2358, 2009.9020876220206
Node 2532, 2025.6344899288922
Node 369, 502.89934000021964
Node 2024, 1967.3772623890668
Node 290, 425.3928025236289
Node 89, 59.013574983008866
Node 91, 62.593810927032386
Node 3020, 3229.964058215446
Node 3008, 3119.867982985253
Node 2974, 2846.8571499899112
Node 2840, 2249.2588017041508
Node 2623, 2046.0490213302803
Node 2827, 2227.020747292946
Node 80, 11.660951243860644
Node 2818, 2216.333629363568
Node 2706, 2081.9798753005794
Node 2560, 2032.8159341830424
Node 2541, 2026.8552300908889
Node 2527, 2025.4728933496556
Node 2815, 2209.2006553207957
Node 2790, 2157.246308282168
Node 2694, 2075.226794353686
Node 2564, 2033.0205900369153
Node 479, 611.8311662152095
Node 2812, 2204.0166778721223
Node 495, 636.8271829264653
Node 2798, 2169.5550648730064
Node 2659, 2059.8793261342103
Node 525, 669.9343413611512
Node 2736, 2101.172458372463
Node 354, 488.32640029758153
Node 191, 302.39695180611915
Node 98, 99.9664458622968
Node 2379, 2011.06378072843
Node 84, 39.396787632509465
Node 2880, 2387.646037384243
Node 2842, 2258.086045170847
Node 2647, 2055.606572039954
Node 2612, 2043.4935176479569
Node 587, 729.2711363429279
Node 2524, 2024.9380908136795
Node 90, 60.501030810087364
Node 1738, 1723.6500875005001
Node 2828, 2227.32158071371
Node 2795, 2164.671191782641
Node 2437, 2014.37995553524
Node 261, 398.9294991344188
Node 1849, 1836.9359725909758
Node 1743, 1726.89833926616
Node 2756, 2113.8982208450343
Node 2492, 2020.6466286272153
Node 449, 576.8401886510698
Node 2296, 2006.5893995677566
Node 2716, 2086.386742302862
Node 2043, 1981.29879917197
Node 2872, 2347.6643262997754
Node 2679, 2068.7433828223607
Node 1756, 1741.412895558586
Node 1682, 1674.9306584406004
Node 639, 766.9112638098762
Node 2764, 2122.2856082561375
Node 2308, 2007.4376985769538
Node 3010, 3144.646686427328
Node 2867, 2335.941111784864
Node 2860, 2320.4495849546934
Node 1683, 1676.2003165208146
Node 124, 183.60450820338258
Node 613, 746.9832969778455
Node 2914, 2513.1831098584476
Node 1349, 1372.5509655113106
Node 829, 920.255571184
Node 86, 44.020741325994216
Node 615, 747.8695432663038
Node 1082, 1145.0919846271588
Node 307, 440.8345825190047
Node 2185, 2002.8543559413915
