Node, generations
Node 4542, 62983.5638725562
Node 787, 956.4174637029747
Node 262, 123.60240671815842
Node 82, 42.85684008398531
Node 343, 147.81718929814346
Node 3657, 25956.339636291283
Node 2384, 7256.949717057983
Node 1276, 2062.5604626306153
Node 320, 140.11801310411303
Node 1129, 1692.5508517064152
Node 293, 131.6025476857049
Node 170, 107.64645988658503
Node 557, 556.0190069372085
Node 257, 122.83904479067422
Node 221, 115.70451427231734
Node 85, 57.02261262354267
Node 1632, 3175.11743132659
Node 1513, 2792.7249835346133
Node 858, 1091.1433309803904
Node 437, 350.50604371092726
Node 405, 279.51900201457113
Node 314, 138.88341024065448
Node 211, 113.58792198209919
Node 124, 102.79987355681392
Node 276, 126.70726321620052
Node 241, 119.53411671698589
Node 1182, 1808.7035277434434
Node 540, 527.6730138672744
Node 290, 130.5835885525
Node 281, 128.355014035355
Node 346, 148.6510208917497
Node 338, 146.18241949792608
Node 286, 129.2295185647515
Node 106, 101.07624533991876
Node 708, 808.5861200961086
Node 3455, 21320.9271642557
Node 251, 121.29771761656006
Node 134, 103.70736222177263
Node 189, 110.58708950531654
Node 3229, 17046.35721073989
Node 577, 587.4580702916054
Node 212, 113.60556598912589
Node 2985, 13650.784939192477
Node 1552, 2926.553045334259
Node 280, 127.88533532018594
Node 148, 104.77186353303037
Node 1428, 2479.1206982026683
Node 361, 173.49392681412223
Node 310, 136.9293614491514
Node 235, 117.83606001662865
Node 316, 139.47786900041032
Node 267, 125.60481641597809
Node 1290, 2094.095727537531
Node 1051, 1496.824443141287
Node 296, 132.12150666224528
Node 633, 672.9524596757761
Node 327, 142.24330445222392
Node 379, 227.6586603271823
Node 273, 126.29225064422324
Node 174, 108.13288263424727
Node 268, 125.63093922247899
Node 81, 27.127430281579414
Node 294, 131.75041676588046
Node 252, 121.95923201005341
Node 1122, 1682.2126133856787
Node 309, 136.13019760798113
Node 119, 102.2426362567904
Node 266, 125.53694174213933
Node 177, 108.21860193865187
Node 2494, 8233.446763807706
Node 1107, 1642.6909546404738
Node 501, 447.78441916257106
Node 910, 1187.2641459143965
Node 509, 462.5215166746894
Node 162, 106.3536276459629
Node 230, 117.29075312419518
Node 569, 578.5031308402076
Node 1411, 2415.9091016971556
Node 95, 100.20852494914328
