Node, generations
Node 1781, 34709.07478795222
Node 1026, 2156.570701473691
Node 911, 1326.3762865666242
Node 902, 1310.8768898079993
Node 842, 1197.196788629185
Node 584, 1022.6904568588685
Node 192, 653.9391835906863
Node 68, 267.01970579284216
Node 1216, 9537.071562396355
Node 962, 1553.791708423878
Node 862, 1233.6396330344544
Node 534, 1015.6972872087618
Node 40, 16.361328649822454
Node 920, 1362.3725082331957
Node 849, 1205.1985457671788
Node 835, 1189.0222994064347
Node 610, 1029.811343996693
Node 555, 1018.4891038658432
Node 255, 842.5027967239962
Node 127, 453.45311528333986
Node 651, 1043.9240617236646
Node 1011, 1899.6425958200696
Node 883, 1273.247763565544
Node 589, 1024.5918298494116
Node 749, 1092.7050611290122
Node 487, 1011.4281500635072
Node 1000, 1788.9089703613772
Node 873, 1260.4191595325376
Node 805, 1151.5680607452314
Node 568, 1019.9399917752144
Node 642, 1041.804512877271
Node 302, 955.9969386498603
Node 860, 1232.3365879670064
Node 800, 1144.340802204416
Node 729, 1078.438029356313
Node 786, 1124.7777258970746
Node 853, 1208.8691925419064
Node 922, 1372.0382294998117
Node 791, 1130.6233300175957
