Node, generations
Node 2507, 48686.253994841296
Node 479, 3418.175151228895
Node 80, 180.77267222570393
Node 427, 3018.346341339321
Node 71, 170.35205230746595
Node 166, 786.5963036993685
Node 143, 377.29725164067247
Node 49, 128.8226041137384
Node 32, 111.63957290502654
Node 31, 109.62318603552689
Node 1226, 11249.479146441821
Node 1026, 8625.243069116825
Node 294, 1899.445805860367
Node 237, 1490.1917452018938
Node 126, 293.943257129634
Node 72, 171.1779894842274
Node 88, 192.09147092192913
Node 77, 176.09772564472095
Node 204, 1290.9558750101075
