Node, generations
Node 743, 11913.705943775178
Node 306, 1149.9739978603154
Node 255, 809.9655229962228
Node 108, 269.48434837056385
Node 96, 259.46214859168145
Node 171, 406.56637442893486
Node 77, 234.52701803911702
Node 287, 1039.829282845707
Node 196, 507.3442926435751
Node 244, 748.1156304816675
Node 165, 395.3118026686094
Node 139, 321.6942931467093
Node 53, 218.28237797181333
Node 240, 723.3314606830768
Node 172, 406.8985456498289
Node 113, 276.23066199096587
Node 445, 5097.131986305375
Node 214, 563.6962792205925
Node 85, 249.34387973499992
