Node, generations
Node 3200, 23126.573913751177
Node 1676, 5094.562611935556
Node 592, 1175.0506451617914
Node 1019, 2337.2745303431675
Node 135, 135.21267215025145
Node 825, 1741.5432268745703
Node 234, 387.1979904628137
Node 2710, 15004.350578640226
Node 1925, 6649.309558301516
Node 837, 1770.1209234916323
Node 624, 1226.6648441312188
Node 371, 708.2528914952599
Node 107, 119.56479008823636
Node 1815, 5947.936561834373
Node 1615, 4803.926628040705
Node 1592, 4628.367051165765
Node 486, 934.5733076421516
Node 318, 582.6875205785892
Node 48, 102.1750676691751
Node 1322, 3412.1536034671385
Node 615, 1212.7508838771143
Node 229, 378.73711562885796
Node 141, 142.308124431914
Node 80, 110.48330360591352
Node 1249, 3131.8292425023697
Node 585, 1165.3926911572191
Node 888, 1939.0626673276413
Node 158, 156.7364789701857
Node 144, 143.5211314600476
Node 610, 1209.1773648556557
Node 1691, 5182.657685631569
Node 266, 467.4806812465741
Node 138, 139.24998006731877
Node 1929, 6703.179158177992
Node 528, 1008.7279696754899
Node 321, 589.1725650046292
Node 1258, 3161.6091014465824
Node 67, 106.32517811602395
Node 81, 110.88301128823048
