node_generations, branch_length
1177.5340192131337, 1224.1142079980225
0.0, 1177.5340192131337
1173.708325516131, 3.8256936970026345
0.0, 1173.708325516131
1133.1374514069423, 40.57087410918871
0.0, 1133.1374514069423
612.0387563681112, 521.0986950388311
0.0, 612.0387563681112
0.0, 612.0387563681112
2143.640271501972, 258.007955709184
0.0, 2143.640271501972
1833.2537726491475, 310.3864988528246
1374.5467113924324, 458.7070612567152
0.0, 1374.5467113924324
0.0, 1374.5467113924324
1709.6533050681935, 123.60046758095405
1385.6796134508463, 323.9736916173472
1170.1897142381251, 215.48989921272118
0.0, 1170.1897142381251
0.0, 1170.1897142381251
1182.719203636397, 202.96040981444935
0.0, 1182.719203636397
0.0, 1182.719203636397
1676.60678669771, 33.046518370483454
601.2232243583234, 1075.3835623393866
0.0, 601.2232243583234
0.0, 601.2232243583234
1537.102458710211, 139.50432798749898
0.0, 1537.102458710211
1365.6083199733164, 171.49413873689468
0.0, 1365.6083199733164
1170.9962233474846, 194.61209662583178
0.0, 1170.9962233474846
1104.8334840795164, 66.16273926796816
0.0, 1104.8334840795164
1001.2015746617675, 103.63190941774894
0.0, 1001.2015746617675
0.0, 1001.2015746617675
