Node, generations
Node 2946, 30509.932327726783
Node 2366, 16295.111511653951
Node 925, 2140.6504775352614
Node 629, 616.7193077947996
Node 516, 243.73486330441906
Node 190, 108.25457827197819
Node 356, 144.14251754417768
Node 537, 261.233382091128
Node 431, 174.28246653287675
Node 179, 107.32974797385637
Node 144, 103.54086080742643
Node 488, 218.87850933468442
Node 487, 215.4094429522772
Node 448, 184.14308367988832
Node 175, 106.88535549096717
Node 397, 159.44720291952225
Node 1356, 4669.853616724254
Node 570, 296.51812348906776
Node 475, 207.8459706538826
Node 191, 108.3858496451186
Node 189, 108.24902971918908
Node 138, 102.80554882287248
Node 208, 110.2972866776392
Node 166, 106.17707999366742
Node 621, 544.9456033838669
Node 463, 195.26895104982043
Node 200, 109.62978454387081
Node 384, 153.65479281618568
Node 494, 225.0980063641089
Node 479, 210.4292607739179
Node 107, 101.09242195112823
Node 405, 162.4200412546211
Node 383, 153.54235333522527
Node 236, 113.72403806656021
Node 340, 136.93120789164178
Node 484, 214.72339984216802
Node 247, 114.986791258678
Node 85, 73.38050632871168
Node 2463, 17985.61832984889
Node 1359, 4711.457115530608
Node 576, 301.75651668226544
Node 1555, 6289.931885422868
Node 590, 330.7002570421024
Node 544, 267.3107704974973
Node 226, 112.4268248955521
Node 539, 263.11942344819244
Node 161, 105.65448335671329
Node 151, 103.96348440722687
Node 300, 125.26073020930079
Node 204, 109.94180850968534
Node 1330, 4516.681168213882
Node 624, 576.3987497432934
Node 252, 115.72963640043672
Node 96, 100.38191893145316
Node 577, 306.9203319538503
Node 376, 149.70245459563517
Node 1258, 4010.873039440205
Node 434, 176.05345335214125
Node 316, 130.20430157545468
Node 159, 105.36834618663481
Node 309, 128.05257683841035
Node 193, 108.92342529548644
Node 581, 315.25472819006575
Node 470, 200.79078976304135
Node 336, 136.264271812478
Node 244, 114.56786550468209
Node 469, 198.66435937923094
Node 361, 145.70332384968248
Node 333, 134.9175632492213
Node 220, 111.6908086981195
Node 123, 102.03667287240516
Node 255, 115.92897691394325
Node 426, 173.04939371746642
Node 241, 114.14098005187441
Node 522, 253.31128745859579
Node 328, 134.13746979841764
Node 217, 111.33323352110037
Node 286, 120.9825388170868
Node 481, 212.16240887958764
