Node, generations
Node 2508, 54188.5147344669
Node 1421, 1839.4920503469182
Node 1144, 1080.0441256451995
Node 338, 660.4038226433038
Node 60, 10.213741139649837
Node 1293, 1268.728519292137
Node 1152, 1082.7912311856835
Node 755, 1005.1929400644258
Node 694, 1003.0004953475831
Node 818, 1008.5225582712368
Node 1230, 1158.0894364739752
Node 381, 720.7434025656918
Node 1120, 1061.6249593533128
Node 143, 320.79317851885014
Node 1118, 1060.8355333055313
Node 1060, 1038.063645166494
Node 975, 1022.0143094878956
Node 72, 77.2630832719436
Node 91, 161.66149622352626
Node 1467, 2254.4975644135748
Node 1400, 1685.4884653867955
Node 1192, 1119.7238821027931
Node 198, 435.5630388920835
Node 1333, 1433.3650388214014
Node 1206, 1130.5368420077866
Node 1445, 1974.274729648638
Node 1404, 1710.1901552384259
Node 1439, 1949.9539391337407
Node 201, 438.3329596004286
Node 1363, 1504.1880364033486
Node 1153, 1083.3775046670614
Node 164, 358.63806492718356
Node 1048, 1035.200695929244
Node 808, 1008.0708041377815
Node 1292, 1267.4851138407844
Node 1266, 1209.6110730585312
Node 1210, 1135.3374243462017
Node 276, 579.5011489633491
Node 1246, 1180.7484056378653
Node 81, 130.18564074700762
Node 1062, 1038.4494578992965
Node 902, 1014.1107272281698
Node 810, 1008.1800730010127
Node 1272, 1222.938773850823
Node 1094, 1051.4094115159055
Node 1256, 1192.3193914567773
Node 1220, 1147.5380956688932
Node 948, 1018.7786363473655
Node 1171, 1101.5476013765694
Node 750, 1005.0172848936751
Node 554, 954.0730610338214
Node 1126, 1065.7600513661687
Node 999, 1026.8148206858411
Node 315, 633.3043833828077
Node 781, 1006.6838563969555
Node 1070, 1040.416808584903
Node 1064, 1038.5111015893733
Node 257, 545.9568670199403
Node 643, 1001.4274781046266
