Node, generations
Node 3813, 41413.159820324116
Node 2927, 2960.5892300261553
Node 2701, 2122.9247354173403
Node 1051, 1160.540793737766
Node 924, 1055.4394440420867
Node 2275, 2008.0816950988267
Node 296, 415.4533910595009
Node 1320, 1389.3332229769908
Node 82, 21.883429159316336
Node 83, 27.661776425916504
Node 2800, 2293.412557044571
Node 2453, 2023.5794071606751
Node 1219, 1299.8534021036921
Node 2788, 2253.6702200745726
Node 2745, 2169.1261586070073
Node 2336, 2012.142062004792
Node 2314, 2010.8878320852546
Node 80, 19.026652661780208
Node 2704, 2125.5520131599465
Node 2435, 2020.6088773307142
Node 2279, 2008.4066719784605
Node 195, 292.7328750156067
Node 2681, 2107.064214703096
Node 458, 617.3143349319253
Node 2598, 2060.8568410253874
Node 1647, 1673.6007833936733
Node 2427, 2019.2803315281808
Node 2784, 2241.514488202986
Node 2631, 2078.8676623346173
Node 244, 351.21048527690414
Node 211, 310.94583239725466
Node 2706, 2126.5425642389087
Node 2013, 2000.2570904689846
Node 2943, 3072.233181172339
Node 2857, 2509.754201485489
Node 2439, 2021.1746735684496
Node 2356, 2013.864822538621
Node 365, 505.0519722411563
Node 112, 142.90387109933243
Node 2591, 2059.551085994142
Node 2883, 2670.4429761934466
Node 2820, 2360.122200119776
Node 2707, 2126.731065038449
Node 1460, 1521.5903390357166
Node 2563, 2049.4368555009096
Node 2447, 2021.9667154291278
Node 99, 102.24078590745607
Node 2767, 2210.9687866038316
Node 2653, 2088.1820600390797
Node 2537, 2040.6493588526373
Node 1012, 1129.067555992041
Node 885, 1021.9879131665052
Node 250, 354.43511968059073
Node 906, 1040.3300250451325
Node 310, 436.69875359428147
Node 2510, 2032.9022788543411
Node 1133, 1229.9025912481457
Node 2754, 2184.557122032437
Node 1988, 1986.188688213018
Node 2630, 2078.326991373213
Node 2485, 2027.1286942946242
Node 644, 813.4054765472971
Node 2327, 2011.5790703959112
Node 167, 242.86632255113412
Node 2833, 2379.07275896866
Node 2796, 2273.5611472459927
Node 2579, 2056.6163267805086
Node 2281, 2008.6275528216327
Node 2019, 2000.3825865384604
Node 2374, 2014.8034565759365
Node 2793, 2269.0074171900924
Node 610, 773.4363010504522
Node 2750, 2174.766641355371
Node 2610, 2067.4433680847073
Node 2503, 2031.184690320704
Node 2668, 2100.207423133903
Node 1923, 1918.9940314221249
Node 341, 477.11871671122617
Node 2410, 2017.6743264498773
