Node, generations
Node 2215, 62136.004698545694
Node 999, 4373.461298167586
Node 813, 673.6498323206539
Node 791, 615.3223092487808
Node 707, 429.63648253788847
Node 598, 306.58385559797875
Node 141, 186.5718512343453
Node 492, 245.95276611321648
Node 395, 219.52694496199985
Node 449, 230.266084824038
Node 230, 203.26914432591522
Node 686, 406.85897528833846
Node 534, 262.6156389932242
Node 509, 251.94124493425798
Node 119, 136.22923885302637
Node 545, 268.76219706903254
Node 416, 223.43533621247516
Node 155, 200.1964282172878
Node 340, 212.0329190721107
Node 724, 450.3506882828947
Node 328, 210.99358482848044
Node 317, 209.50314855265083
Node 811, 665.8700450882756
Node 507, 251.284094456675
Node 746, 508.3243540000306
Node 506, 250.78164651074084
Node 270, 206.19480890883545
Node 728, 463.949128844847
Node 548, 270.52636954000155
Node 472, 239.03889079370913
Node 366, 215.71298166459127
Node 409, 221.72871064360461
Node 130, 162.03631646417662
Node 103, 97.20041004140947
Node 486, 244.2364868815089
Node 417, 223.80267308522227
Node 815, 677.4221485035138
Node 702, 423.41908142346455
Node 604, 315.50216130760435
Node 519, 254.27783037881224
Node 1049, 5843.434818819636
Node 784, 598.0621538722279
Node 671, 394.64366712493273
Node 122, 143.30138102706528
Node 432, 225.5216444123675
Node 85, 29.66989803365183
Node 692, 415.48512668125164
Node 88, 45.62462581950433
Node 118, 134.72813418246122
Node 899, 1219.5562713514016
Node 873, 1001.9891897737278
Node 741, 491.2743559133911
Node 582, 289.9956626416373
Node 566, 279.12080953134443
Node 564, 278.319001591151
Node 727, 462.9845270174969
Node 474, 239.21699309460607
Node 241, 203.81950223314044
Node 369, 215.94449909677638
Node 135, 172.70568192962716
Node 575, 283.4768850061582
Node 277, 206.7480919940448
Node 80, 5.76130555390752
Node 569, 279.8942805826295
Node 765, 553.1996408299943
Node 596, 306.08220667093536
Node 527, 258.6914707551081
Node 424, 224.31881470064894
Node 248, 204.62125326067576
Node 104, 104.30616270531769
Node 339, 212.0286502063338
Node 737, 486.2321665100532
Node 612, 326.18487709015153
Node 311, 208.94045001418513
Node 182, 201.3257241214357
Node 572, 281.30318589662306
Node 84, 25.291164059242497
Node 623, 333.9506350499191
Node 405, 220.8190563614533
