Node, generations
Node 2843, 26604.083492178605
Node 920, 2979.373636506265
Node 150, 139.9443374472196
Node 147, 138.66945208614794
Node 266, 258.8327158092678
Node 200, 172.4598599674727
Node 115, 121.68682557183766
Node 2387, 16689.347569739577
Node 440, 1034.0775287519452
Node 94, 115.52081044809297
Node 1879, 9747.038576650824
Node 279, 354.5020939588387
Node 249, 232.24443734908672
Node 106, 118.16380829577069
Node 49, 101.91428242744121
Node 105, 118.00281300917501
Node 1829, 9078.403014802192
Node 767, 2384.9398891362657
Node 459, 1105.2399007950694
Node 205, 183.55344073710734
Node 120, 125.83182555073196
Node 59, 104.63919123717601
Node 1812, 8992.633974595636
Node 1386, 5683.622813796429
Node 258, 247.46123734628026
Node 672, 1972.4037391641273
Node 61, 105.33864731922431
Node 615, 1688.8457199174188
Node 485, 1193.7035848181408
Node 162, 147.35704695580299
Node 134, 132.9300800346681
Node 533, 1350.4177788243203
Node 161, 146.90218295812522
Node 129, 131.35027291335706
Node 520, 1320.8581966087343
Node 308, 484.868036225764
Node 98, 116.92133020364952
Node 197, 171.4236937122154
Node 189, 165.32742641126785
