node_generations, branch_length
10367.684022560148, 40052.49696321427
0.0, 10367.684022560148
8905.53948878355, 1462.144533776598
0.0, 8905.53948878355
5288.206901573418, 3617.3325872101323
456.82001851571397, 4831.386883057704
103.1252834523527, 353.69473506336124
0.0, 103.1252834523527
0.0, 103.1252834523527
453.96775108507546, 2.8522674306385056
186.88758864492704, 267.08016244014846
0.0, 186.88758864492704
161.2134364713134, 25.674152173613635
0.0, 161.2134364713134
148.6569247823177, 12.556511688995698
0.0, 148.6569247823177
0.0, 148.6569247823177
207.7936007352041, 246.17415034987135
85.30265012922317, 122.49095060598094
0.0, 85.30265012922317
0.0, 85.30265012922317
110.35801937562606, 97.43558135957805
0.0, 110.35801937562606
0.0, 110.35801937562606
775.2465878332481, 4512.96031374017
111.20225209059146, 664.0443357426566
0.0, 111.20225209059146
0.0, 111.20225209059146
188.45658237729333, 586.7900054559548
0.0, 188.45658237729333
0.0, 188.45658237729333
25510.122004328994, 24910.05898144542
2220.032142233991, 23290.089862095003
146.43836671612917, 2073.593775517862
0.0, 146.43836671612917
129.87368410884966, 16.564682607279508
0.0, 129.87368410884966
0.0, 129.87368410884966
790.1069292625633, 1429.9252129714278
642.4582034944514, 147.64872576811194
0.0, 642.4582034944514
0.0, 642.4582034944514
690.9645859619427, 99.14234330062061
0.0, 690.9645859619427
440.2692826302674, 250.6953033316753
397.7762588292012, 42.493023801066215
0.0, 397.7762588292012
172.72856282968968, 225.04769599951152
0.0, 172.72856282968968
153.31024349584462, 19.418319333845062
0.0, 153.31024349584462
101.42648212258646, 51.88376137325815
0.0, 101.42648212258646
0.0, 101.42648212258646
425.47674033814127, 14.792542292126143
0.0, 425.47674033814127
107.49275545380877, 317.9839848843325
0.0, 107.49275545380877
0.0, 107.49275545380877
5520.8217067738215, 19989.30029755517
129.88737778423112, 5390.9343289895905
0.0, 129.88737778423112
0.0, 129.88737778423112
3175.742757907985, 2345.0789488658365
501.8439865427845, 2673.8987713652004
153.15420997808664, 348.6897765646978
0.0, 153.15420997808664
121.25591338867872, 31.89829658940792
0.0, 121.25591338867872
0.0, 121.25591338867872
495.0187450170119, 6.825241525772583
0.0, 495.0187450170119
0.0, 495.0187450170119
701.6035777075549, 2474.13918020043
0.0, 701.6035777075549
112.58609772816847, 589.0174799793864
0.0, 112.58609772816847
0.0, 112.58609772816847
