node_generations, branch_length
1885.1628806106885, 1952.7107328135564
0.0, 1885.1628806106885
1138.8952115027923, 746.2676691078962
1080.6573005835698, 58.237910919222486
0.0, 1080.6573005835698
0.0, 1080.6573005835698
1110.6585350947828, 28.236676408009544
0.0, 1110.6585350947828
837.6530734902004, 273.00546160458236
0.0, 837.6530734902004
0.0, 837.6530734902004
2514.3582595997314, 1323.5153538245136
1607.7401543923695, 906.6181052073619
1323.1628889270391, 284.57726546533036
0.0, 1323.1628889270391
0.0, 1323.1628889270391
1405.8748816112122, 201.86527278115727
1332.4370655060604, 73.4378161051518
0.0, 1332.4370655060604
1243.3695010887184, 89.06756441734206
1099.5964155250736, 143.77308556364483
0.0, 1099.5964155250736
1096.1695274675906, 3.4268880574829836
0.0, 1096.1695274675906
1058.7367146138145, 37.43281285377611
0.0, 1058.7367146138145
628.1953162302777, 430.5413983835367
0.0, 628.1953162302777
0.0, 628.1953162302777
1212.0212213839022, 31.34827970481615
0.0, 1212.0212213839022
1098.039082811307, 113.9821385725952
0.0, 1098.039082811307
0.0, 1098.039082811307
1360.7335366323007, 45.14134497891155
1182.7669488301212, 177.96658780217945
0.0, 1182.7669488301212
1046.0699890228782, 136.69695980724305
0.0, 1046.0699890228782
1040.0166398677331, 6.0533491551450425
0.0, 1040.0166398677331
524.7489396462472, 515.2677002214859
0.0, 524.7489396462472
0.0, 524.7489396462472
1281.6916043194888, 79.04193231281192
0.0, 1281.6916043194888
0.0, 1281.6916043194888
2145.731697153874, 368.6265624458574
1398.3617344142901, 747.3699627395838
1037.6382451388483, 360.7234892754418
0.0, 1037.6382451388483
0.0, 1037.6382451388483
1275.6559730988295, 122.70576131546068
0.0, 1275.6559730988295
1272.708819779119, 2.9471533197104236
0.0, 1272.708819779119
1096.1686228128929, 176.54019696622618
1058.7160285629477, 37.45259424994515
0.0, 1058.7160285629477
0.0, 1058.7160285629477
1071.1518714473816, 25.016751365511254
0.0, 1071.1518714473816
1013.7666828327001, 57.38518861468151
0.0, 1013.7666828327001
1006.3232242910512, 7.443458541648852
0.0, 1006.3232242910512
0.0, 1006.3232242910512
1493.526787996806, 652.204909157068
0.0, 1493.526787996806
1125.3984829473884, 368.1283050494176
542.1876497550026, 583.2108331923858
0.0, 542.1876497550026
279.4464648444007, 262.7411849106019
0.0, 279.4464648444007
0.0, 279.4464648444007
1084.6502724546174, 40.74821049277102
0.0, 1084.6502724546174
0.0, 1084.6502724546174
