node_generations, branch_length
1897.342405079277, 12630.529776571824
1617.715607101331, 279.6267979779459
1185.9935112347027, 431.72209586662825
0.0, 1185.9935112347027
1058.451835274117, 127.54167596058574
0.0, 1058.451835274117
0.0, 1058.451835274117
1524.9949952870793, 92.7206118142517
0.0, 1524.9949952870793
1080.379376348757, 444.6156189383223
0.0, 1080.379376348757
244.07108429579242, 836.3082920529646
0.0, 244.07108429579242
0.0, 244.07108429579242
1806.4855772754565, 90.85682780382035
0.0, 1806.4855772754565
1671.0963367756144, 135.38924049984212
0.0, 1671.0963367756144
1267.0159623838335, 404.0803743917809
1104.8646682211106, 162.15129416272293
580.2363046119817, 524.6283636091289
0.0, 580.2363046119817
0.0, 580.2363046119817
1040.7577157132232, 64.1069525078874
0.0, 1040.7577157132232
0.0, 1040.7577157132232
1232.0886835307947, 34.92727885303884
0.0, 1232.0886835307947
120.19853510911162, 1111.890148421683
0.0, 120.19853510911162
0.0, 120.19853510911162
10367.738399566913, 4160.133782084187
576.770250569442, 9790.968148997472
0.0, 576.770250569442
0.0, 576.770250569442
9470.881007893418, 896.8573916734949
0.0, 9470.881007893418
0.0, 9470.881007893418
