Node, generations
Node 3029, 3394.1998426547298
Node 2942, 2610.7138951541015
Node 2926, 2483.9525546851523
Node 2832, 2229.4441681907315
Node 617, 733.726601964719
Node 86, 59.33561183432904
Node 434, 557.6442350189817
Node 2807, 2174.8032039302693
Node 2678, 2064.0631614750228
Node 2693, 2071.019484711405
Node 1808, 1792.5864634749767
Node 889, 959.6991776829574
Node 321, 436.8698130048345
Node 328, 446.9773464507502
Node 2573, 2034.9980951344344
Node 2417, 2012.4554164310237
Node 167, 240.11974421148813
Node 80, 30.76821108956706
Node 150, 214.66644379427356
Node 2559, 2032.3045395499641
Node 2555, 2031.5380544699606
Node 126, 176.3231381723223
Node 893, 962.5136680521515
Node 149, 214.33361986780253
Node 2890, 2352.2829808942033
Node 2689, 2069.6433929635436
Node 2675, 2063.7132708847566
Node 1588, 1595.2062309170199
Node 1477, 1480.3029106229385
Node 2661, 2058.69444328791
Node 936, 999.7190312581173
Node 2320, 2006.6300708889307
Node 246, 335.01912693547524
Node 2784, 2146.4400293725216
Node 1819, 1799.1375302915278
Node 2930, 2519.223837439065
Node 2718, 2086.006511824207
Node 2637, 2049.816286758137
Node 2276, 2005.3959437938954
Node 1353, 1372.2400647445063
Node 540, 671.2525002638702
Node 2458, 2016.064267108556
Node 1443, 1445.9885629135338
Node 2691, 2070.302326022615
Node 1538, 1531.7846590359236
Node 708, 819.3318843896213
Node 156, 221.50193148513185
Node 1322, 1336.839986433948
Node 1022, 1064.774327186526
Node 2000, 1942.042381123638
Node 3001, 3092.9319214231778
Node 2954, 2700.040116743864
Node 2891, 2352.5697682277214
Node 2767, 2130.026809396258
Node 2882, 2330.2865830552837
Node 2692, 2070.6615657849115
Node 2542, 2029.0148856999842
Node 2976, 2901.792825969067
Node 2644, 2051.6796817874974
Node 2436, 2014.2561826453084
Node 2350, 2007.573419857835
Node 1037, 1083.7756454479093
Node 2586, 2036.6018461349445
Node 2572, 2034.8992917656176
Node 2084, 2000.1848202484032
Node 390, 505.49659159906787
Node 2824, 2206.294199930573
Node 351, 468.24003345835183
Node 103, 103.7498297798926
Node 2688, 2068.893437001095
Node 1824, 1803.1538365697281
Node 2671, 2062.394510918419
Node 2606, 2039.3662337292478
Node 2062, 1991.291721218739
Node 1420, 1419.1038221939007
Node 116, 145.419189345124
Node 2552, 2030.9929341128668
Node 2437, 2014.3109864430928
Node 82, 44.60375144968351
