node_generations, branch_length
9567.85795492181, 2418.0684441793364
1998.9346236591018, 7568.923331262708
0.0, 1998.9346236591018
597.6242175878482, 1401.3104060712535
0.0, 597.6242175878482
339.4712841295618, 258.1529334582864
0.0, 339.4712841295618
303.3938470614791, 36.0774370680827
0.0, 303.3938470614791
249.6962489951152, 53.697598066363895
0.0, 249.6962489951152
220.38062072262574, 29.315628272489477
0.0, 220.38062072262574
0.0, 220.38062072262574
3894.186976377404, 5673.670978544406
0.0, 3894.186976377404
2701.4601995274625, 1192.7267768499414
1755.9946201866433, 945.4655793408192
582.1493274192445, 1173.8452927673989
211.43191880501888, 370.71740861422563
0.0, 211.43191880501888
0.0, 211.43191880501888
242.4011510771677, 339.7481763420768
0.0, 242.4011510771677
0.0, 242.4011510771677
1067.2943269167076, 688.7002932699356
209.6834090628983, 857.6109178538093
0.0, 209.6834090628983
0.0, 209.6834090628983
267.48488530464647, 799.8094416120612
0.0, 267.48488530464647
0.0, 267.48488530464647
1899.344207593825, 802.1159919336374
337.0061333540885, 1562.3380742397367
0.0, 337.0061333540885
236.9514967546813, 100.05463659940719
0.0, 236.9514967546813
0.0, 236.9514967546813
1479.1986783839156, 420.14552920990945
296.91841993175734, 1182.2802584521583
0.0, 296.91841993175734
289.9544119521774, 6.9640079795799466
209.8503967496328, 80.10401520254459
0.0, 209.8503967496328
41.72903012643518, 168.12136662319762
0.0, 41.72903012643518
0.0, 41.72903012643518
282.4991381119375, 7.455273840239897
0.0, 282.4991381119375
0.0, 282.4991381119375
393.4731622138584, 1085.7255161700573
239.62540237960792, 153.8477598342505
0.0, 239.62540237960792
200.02244760209882, 39.6029547775091
0.0, 200.02244760209882
0.0, 200.02244760209882
382.5156332890985, 10.957528924759913
223.8316617085508, 158.6839715805477
0.0, 223.8316617085508
214.86654840013188, 8.965113308418921
0.0, 214.86654840013188
0.0, 214.86654840013188
325.2988759208392, 57.21675736825932
0.0, 325.2988759208392
0.0, 325.2988759208392
10460.92899055276, 1524.9974085483864
288.12061601960295, 10172.808374533157
0.0, 288.12061601960295
212.85219304491125, 75.2684229746917
0.0, 212.85219304491125
0.0, 212.85219304491125
324.11736004919163, 10136.81163050357
0.0, 324.11736004919163
312.92722077122863, 11.190139277962999
0.0, 312.92722077122863
266.5838374538275, 46.343383317401106
0.0, 266.5838374538275
0.0, 266.5838374538275
