Node, generations
Node 3323, 70176.36751666821
Node 1821, 1409.6506469840008
Node 1809, 1376.05828330382
Node 1550, 1053.8279470311486
Node 1495, 1039.143261160958
Node 312, 428.77799576041497
Node 80, 10.43288241118697
Node 1527, 1049.2149006207535
Node 1759, 1249.30460115914
Node 1132, 1004.1397473822368
Node 1817, 1400.2288054678536
Node 1583, 1070.9536585556766
Node 1311, 1012.5018125799869
Node 1017, 1001.145315490626
Node 129, 176.7112084152037
Node 1551, 1054.0463722667832
Node 1471, 1033.4853479891704
Node 1402, 1020.903308821497
Node 264, 366.8634265941842
Node 357, 468.9035978259731
Node 1789, 1305.3965103970336
Node 841, 880.5247373545625
Node 1715, 1184.8735723321424
Node 127, 173.94782388214767
Node 1628, 1093.7173232698237
Node 1467, 1032.817823020945
Node 89, 75.97839019186445
Node 822, 868.0190961221953
Node 737, 796.1367133100073
Node 1971, 3282.920712027252
Node 1758, 1247.313762756739
Node 1531, 1049.913928556206
Node 1285, 1011.233487082125
Node 717, 778.4237378930272
Node 1690, 1156.3865922213201
Node 1899, 1818.6256326097669
Node 1849, 1494.7880314234483
Node 1788, 1303.7795729340676
Node 1730, 1208.8937108386976
Node 1655, 1112.8532156194867
Node 1653, 1111.3754145653436
Node 1219, 1007.252082381892
Node 193, 276.3074006615962
Node 867, 913.8230391847211
Node 839, 877.7000069418781
Node 421, 527.6998646097562
Node 1469, 1032.9037331830011
Node 253, 355.0419599983425
Node 1738, 1219.8400646057014
Node 1554, 1054.6238833664358
Node 534, 624.7400020736967
Node 1589, 1072.572112112795
Node 1579, 1068.2922537482796
Node 1329, 1013.6680339556344
Node 1567, 1060.9541374198357
Node 289, 402.80826837754705
Node 1840, 1463.82985956814
Node 1526, 1049.0593380221794
Node 814, 861.635296620715
Node 1658, 1114.2257170649864
Node 763, 821.9912126647761
Node 81, 13.259607526351484
Node 1884, 1732.8023584783448
Node 1617, 1086.2752367285502
Node 1512, 1043.2286558499993
Node 961, 1000.1598927485163
Node 1415, 1022.0347554080312
Node 1152, 1004.5927293754125
Node 1542, 1052.8177404127944
Node 1299, 1011.9540738522444
Node 393, 500.57886332100946
Node 1827, 1423.456335668229
Node 1645, 1106.4118361350006
Node 173, 246.63591541195046
Node 1711, 1181.6786870576634
Node 143, 202.63440555446067
Node 1624, 1092.7185437777882
Node 111, 147.93942202631516
Node 1310, 1012.4706813237483
