Node, generations
Node 2749, 19941.920895468054
Node 1001, 1043.7990003270456
Node 929, 1024.461677669311
Node 428, 807.0518195801493
Node 947, 1027.1662665052952
Node 70, 95.86956707558123
Node 790, 1009.9225040565116
Node 2547, 15823.049290844281
Node 2082, 9084.091032923854
Node 73, 107.89294524451631
Node 1693, 4941.393776017704
Node 668, 1002.9082812908151
Node 107, 231.30929589403505
Node 1299, 1383.027114512618
Node 1164, 1127.7900195825835
Node 442, 829.7093331263897
Node 114, 248.3935885107183
Node 1283, 1332.2803123817412
Node 1066, 1067.4990270519904
Node 507, 938.2499991703322
Node 1214, 1178.493814267846
Node 1154, 1118.3412343428472
Node 1002, 1044.326006165981
Node 783, 1008.9763710095399
Node 697, 1004.5079257664077
Node 1084, 1073.4300061489412
Node 910, 1021.710999721794
Node 2087, 9136.087552882786
Node 1202, 1164.0856661972339
Node 1870, 6770.021132394421
Node 1256, 1259.3701952987549
Node 996, 1043.17840178665
Node 364, 714.012703583513
Node 1204, 1166.2254710471213
Node 1198, 1158.9669548821641
Node 194, 439.4056973900125
Node 60, 3.968157412479865
Node 1175, 1140.4613370788993
Node 1038, 1055.143927482583
Node 621, 1001.617731607765
Node 1126, 1100.9137938547717
Node 977, 1035.8927963308536
Node 1080, 1072.0480981161297
Node 595, 1001.005379694561
Node 197, 445.31910494464563
Node 474, 879.083359486198
Node 1330, 1479.6192296005363
Node 1152, 1117.333747377817
Node 351, 698.193887540402
Node 83, 147.96584753378875
Node 1043, 1057.4137603176075
Node 64, 58.65512962041403
Node 1244, 1230.193654164234
Node 956, 1028.6227476236072
Node 955, 1028.587179349038
Node 1122, 1097.9373739416048
Node 818, 1011.5431183012397
Node 756, 1007.4556281958271
Node 136, 279.9391801457582
