Node, generations
Node 2465, 41760.97683263049
Node 49, 93.8094342721706
Node 1486, 13610.056103885325
Node 1063, 8012.634744812547
Node 27, 62.01444573240813
Node 887, 6136.915080423845
Node 288, 1561.5498032402124
Node 50, 94.65535621432134
Node 21, 51.26991302106664
Node 87, 174.441472772048
Node 1271, 10571.587169759085
Node 142, 492.60461986880523
Node 119, 226.19159988246972
Node 588, 3520.3764449951027
Node 505, 2980.8888902813146
Node 428, 2459.8314117843634
Node 42, 79.75035437593014
Node 71, 149.23830702715298
Node 550, 3272.006396774899
