Node, generations
Node 1920, 43560.87639324157
Node 167, 1013.3736214192471
Node 605, 2804.895360225687
Node 269, 1059.8202246006724
Node 208, 1026.7270900501742
Node 36, 540.9399414189701
Node 239, 1040.7954815766782
Node 564, 1807.4520126477692
Node 532, 1660.057067614209
Node 229, 1036.0489320330278
Node 477, 1450.458934738084
Node 374, 1181.1775252544792
Node 113, 1004.1767737144006
Node 326, 1110.1110689380014
Node 290, 1075.6491266006217
Node 561, 1798.9527508919434
Node 353, 1154.857937147521
Node 125, 1005.6614824188988
Node 67, 788.477374610537
