Node, generations
Node 3287, 52902.337904972934
Node 647, 3059.424934060604
Node 432, 1944.7316451508623
Node 91, 237.69673178848362
Node 28, 105.22652138071984
Node 1339, 7754.325210643807
Node 608, 2743.778038868947
Node 152, 712.1225660892305
Node 85, 190.54734532393755
Node 30, 105.70546964388943
Node 53, 136.65051705321966
Node 98, 340.0432248255595
Node 92, 243.63220840265794
Node 370, 1705.601239299504
Node 1280, 7227.820336619136
Node 65, 152.07091547164552
Node 1118, 5994.251373391263
Node 291, 1394.2010650785658
Node 33, 107.51001461597996
