node_generations, branch_length
8636.626115410294, 17903.32441177041
296.91841993175734, 8339.707695478537
0.0, 296.91841993175734
289.9544119521774, 6.9640079795799466
209.8503967496328, 80.10401520254459
0.0, 209.8503967496328
41.72903012643518, 168.12136662319762
0.0, 41.72903012643518
0.0, 41.72903012643518
282.4991381119375, 7.455273840239897
0.0, 282.4991381119375
0.0, 282.4991381119375
3789.8186789921465, 4846.8074364181475
713.2711464661462, 3076.5475325260004
0.0, 713.2711464661462
324.11736004919163, 389.1537864169546
0.0, 324.11736004919163
312.92722077122863, 11.190139277962999
0.0, 312.92722077122863
266.5838374538275, 46.343383317401106
0.0, 266.5838374538275
0.0, 266.5838374538275
3369.86673115423, 419.9519478379166
477.01069192993475, 2892.8560392242953
242.4011510771677, 234.60954085276705
0.0, 242.4011510771677
0.0, 242.4011510771677
465.0376534245257, 11.973038505409079
209.6834090628983, 255.35424436162737
0.0, 209.6834090628983
0.0, 209.6834090628983
393.4731622138584, 71.56449121066726
239.62540237960792, 153.8477598342505
0.0, 239.62540237960792
200.02244760209882, 39.6029547775091
0.0, 200.02244760209882
0.0, 200.02244760209882
382.5156332890985, 10.957528924759913
223.8316617085508, 158.6839715805477
0.0, 223.8316617085508
214.86654840013188, 8.965113308418921
0.0, 214.86654840013188
0.0, 214.86654840013188
325.2988759208392, 57.21675736825932
0.0, 325.2988759208392
0.0, 325.2988759208392
795.5405414089724, 2574.3261897452576
288.12061601960295, 507.4199253893695
0.0, 288.12061601960295
212.85219304491125, 75.2684229746917
0.0, 212.85219304491125
0.0, 212.85219304491125
337.0061333540885, 458.53440805488395
0.0, 337.0061333540885
236.9514967546813, 100.05463659940719
0.0, 236.9514967546813
0.0, 236.9514967546813
13101.964914389597, 13437.985612791106
0.0, 13101.964914389597
592.0159085613651, 12509.949005828232
490.9451602460165, 101.07074831534862
0.0, 490.9451602460165
267.48488530464647, 223.46027494137002
0.0, 267.48488530464647
0.0, 267.48488530464647
545.226077067355, 46.78983149401006
211.43191880501888, 333.79415826233617
0.0, 211.43191880501888
0.0, 211.43191880501888
339.4712841295618, 205.75479293779324
0.0, 339.4712841295618
303.3938470614791, 36.0774370680827
0.0, 303.3938470614791
249.6962489951152, 53.697598066363895
0.0, 249.6962489951152
220.38062072262574, 29.315628272489477
0.0, 220.38062072262574
0.0, 220.38062072262574
