Node, generations
Node 724, 1889.9895207678444
Node 684, 1372.729662697143
Node 538, 528.528842104326
Node 479, 374.2363867017141
Node 452, 341.55721418038377
Node 69, 83.90100872812705
Node 526, 483.79923467266724
Node 226, 212.86592460893937
Node 223, 212.47521444686998
Node 617, 896.5508377515645
Node 462, 356.5077116065932
Node 404, 280.57471559936084
Node 384, 265.5009721373027
Node 307, 234.5649680102581
Node 165, 206.18742638498458
Node 67, 74.73658972484198
Node 75, 112.84459789910132
Node 437, 312.89348247294765
Node 60, 23.054377060785153
Node 298, 229.42680705244305
Node 173, 206.95712900674008
Node 480, 374.241345432597
Node 419, 289.26193718301795
Node 311, 234.7342914595068
Node 232, 213.47759426220793
Node 713, 1740.0708548183386
Node 670, 1181.8292538745357
Node 351, 251.85695958403954
Node 487, 390.6781863836026
Node 485, 388.20873525116383
Node 445, 330.897828111726
Node 442, 318.2441797964347
Node 199, 209.77735533569518
Node 453, 341.9175796064106
Node 401, 279.1241761623924
Node 333, 243.13087720282638
Node 692, 1451.659544704622
Node 578, 691.368582468136
Node 457, 345.96614113998544
Node 439, 314.87167675421944
Node 260, 219.81904756369548
Node 427, 302.15589070294254
Node 285, 226.6463430738033
Node 398, 276.4868231854483
Node 259, 219.55434588288907
Node 112, 201.71349692437633
Node 63, 35.66774755199286
Node 200, 209.92045465399374
Node 286, 227.04048817869338
Node 523, 462.3113198372476
Node 416, 289.0359197949395
Node 514, 434.62368232731654
Node 458, 347.3364693606168
Node 371, 260.7219913887818
Node 178, 207.45378055256185
Node 168, 206.50277555191337
Node 94, 181.46435444202987
Node 176, 207.21472680973753
Node 281, 225.1802432155518
