Node, generations
Node 664, 4661.389093506528
Node 525, 1636.921816672077
Node 443, 1260.3418835374846
Node 437, 1245.145930068536
Node 231, 1025.5032251125583
Node 625, 2604.307006189024
Node 508, 1547.5013320856328
Node 441, 1256.1733505952516
Node 387, 1168.2532071445999
Node 139, 1004.2984469046177
Node 502, 1506.473753640964
Node 26, 298.1433840347219
Node 487, 1449.7270526174866
Node 326, 1087.3862158767595
Node 88, 860.5825092969453
Node 521, 1619.2220086297768
Node 71, 746.6762712454438
Node 432, 1236.649622853492
Node 268, 1046.9065253092813
