node_generations, branch_length
2190.3861450126847, 24103.360737291034
1187.7093572689173, 1002.6767877437674
1182.2632263046114, 5.446130964305894
960.0152741333007, 222.24795217131066
0.0, 960.0152741333007
0.0, 960.0152741333007
1102.7446927057474, 79.518533598864
0.0, 1102.7446927057474
0.0, 1102.7446927057474
1186.970433740362, 0.7389235285552331
0.0, 1186.970433740362
1061.5449318065187, 125.4255019338434
0.0, 1061.5449318065187
1060.8021585700803, 0.7427732364383246
0.0, 1060.8021585700803
782.1654922921117, 278.63666627796863
0.0, 782.1654922921117
115.39466073828368, 666.770831553828
0.0, 115.39466073828368
0.0, 115.39466073828368
1584.976933314646, 605.4092116980387
0.0, 1584.976933314646
1405.122404709167, 179.8545286054789
1105.441982381314, 299.6804223278532
1026.2808138609184, 79.16116852039545
1005.0594384808969, 21.221375380021527
0.0, 1005.0594384808969
0.0, 1005.0594384808969
1020.7865942754452, 5.4942195854732745
0.0, 1020.7865942754452
1015.0517499993737, 5.734844276071499
0.0, 1015.0517499993737
340.3014451998807, 674.750304799493
0.0, 340.3014451998807
0.0, 340.3014451998807
1093.7920656636752, 11.649916717638689
0.0, 1093.7920656636752
1079.9975895309658, 13.794476132709406
0.0, 1079.9975895309658
0.0, 1079.9975895309658
1367.7248450778375, 37.397559631329614
1112.6634370099034, 255.06140806793405
0.0, 1112.6634370099034
0.0, 1112.6634370099034
1317.3554392517458, 50.36940582609168
1163.4751672919353, 153.88027195981044
0.0, 1163.4751672919353
1087.2898459403148, 76.18532135162059
0.0, 1087.2898459403148
1005.5493483250821, 81.7404976152327
0.0, 1005.5493483250821
0.0, 1005.5493483250821
1250.9752755442862, 66.38016370745959
0.0, 1250.9752755442862
1243.3329781197674, 7.642297424518802
1125.91250302774, 117.42047509202735
0.0, 1125.91250302774
1099.7749179198956, 26.137585107844416
733.5699130995775, 366.2050048203181
0.0, 733.5699130995775
669.5684003256191, 64.00151277395844
0.0, 669.5684003256191
0.0, 669.5684003256191
1003.5739900221605, 96.20092789773514
0.0, 1003.5739900221605
0.0, 1003.5739900221605
1217.4593235571674, 25.873654562599995
0.0, 1217.4593235571674
1011.8148904604437, 205.64443309672367
0.0, 1011.8148904604437
824.7069159021157, 187.107974558328
0.0, 824.7069159021157
0.0, 824.7069159021157
6956.564788724289, 19337.18209357943
0.0, 6956.564788724289
1011.969777111545, 5944.595011612744
0.0, 1011.969777111545
0.0, 1011.969777111545
