Node, generations
Node 2033, 6180.181164871512
Node 1656, 1212.7167870095761
Node 1005, 1002.8074424611327
Node 1620, 1157.2750739844782
Node 615, 748.4215855510284
Node 1562, 1105.1176097421162
Node 87, 62.848062941968486
Node 1184, 1010.1679937942775
Node 1791, 1638.096168113184
Node 1733, 1364.2390615111563
Node 1051, 1003.8520971945853
Node 1644, 1189.8967052118946
Node 1437, 1049.5205445876568
Node 464, 598.5974417339565
Node 1576, 1115.8336448749287
Node 911, 1000.398633824177
Node 169, 229.0772676228124
Node 1438, 1050.04636263067
Node 1291, 1020.2249099343378
Node 1765, 1512.4706526613254
Node 1725, 1337.5606638805325
Node 1652, 1198.5649118985
Node 1486, 1062.2698076835104
Node 338, 460.13115816346925
Node 1380, 1035.363025990841
Node 1274, 1018.0154037405985
Node 1371, 1033.3560159944439
Node 415, 544.3179831108788
Node 1635, 1178.2818062762276
Node 926, 1000.6708198785516
Node 1420, 1045.234179103031
Node 275, 380.21288473952933
Node 226, 311.8247477773823
Node 148, 184.8571555476892
Node 1693, 1274.562268191828
Node 1594, 1127.6607355157278
Node 1376, 1034.7782920333314
Node 1010, 1002.9693416867572
Node 290, 403.8648881003836
Node 242, 334.4252387343345
Node 1343, 1028.3457628116278
Node 1591, 1126.9306641920405
Node 1365, 1032.5273680359605
Node 580, 714.2157835690028
Node 877, 981.8571876900456
Node 683, 817.2370338346199
Node 1488, 1063.0799133473765
Node 1734, 1365.5251668263845
Node 1654, 1202.0369758312527
Node 1275, 1018.1616634990366
Node 155, 200.96725941968674
Node 1600, 1137.9703014545394
Node 1474, 1059.5895275199252
Node 1529, 1082.0621257418843
Node 1521, 1078.749475812001
Node 82, 35.10870180923323
Node 359, 475.4194344228331
Node 1732, 1352.6679818247849
Node 1638, 1181.0720977067665
Node 1398, 1039.9845320566753
Node 1347, 1028.94351611442
Node 1386, 1036.1263375745207
Node 471, 612.6841144065392
Node 1627, 1165.1884818235385
Node 1607, 1146.0541183472365
Node 1552, 1097.9235234674106
Node 388, 512.1112876103557
Node 1105, 1006.272136793134
Node 1618, 1156.4940324424063
Node 1378, 1034.898708172567
Node 1255, 1015.7215092385903
Node 312, 427.26611122212563
Node 1303, 1021.9568998023038
Node 1416, 1043.4674122899614
Node 481, 626.2630556261915
Node 490, 634.110099749336
Node 1707, 1287.3503088257582
Node 1566, 1108.9739535444
Node 1461, 1054.5973562605345
