Node, generations
Node 1983, 3035.045543832449
Node 1775, 1394.1248506367617
Node 1751, 1309.519490793743
Node 276, 386.93460527591037
Node 1717, 1245.6193173915258
Node 1342, 1018.4726300524578
Node 1374, 1023.1725820503822
Node 324, 434.0765206562258
Node 166, 258.0484432630494
Node 1955, 2509.3420176602426
Node 1733, 1276.5648191902997
Node 1479, 1044.4573570047212
Node 1410, 1029.0142363228526
Node 1365, 1021.9058561244674
Node 1319, 1015.8404019603271
Node 426, 560.8142826776763
Node 784, 902.0670384801706
Node 1390, 1025.8343256304183
Node 886, 997.4768867550133
Node 1690, 1209.9354354522884
Node 1600, 1111.1543143608826
Node 1444, 1033.6075762145465
Node 248, 354.29854583124944
Node 1282, 1012.8320728114576
Node 1598, 1109.9818094435511
Node 1432, 1031.835907316348
Node 1324, 1016.0900498403929
Node 1685, 1206.0393805726203
Node 1406, 1028.3213808350113
Node 716, 827.9098158583937
Node 616, 750.6717165382556
Node 1883, 1872.800695997363
Node 1640, 1148.1672918871113
Node 1521, 1057.178998249865
Node 1379, 1023.9583726806466
Node 461, 590.2301509885427
Node 83, 52.98308104983666
Node 1345, 1019.1345565838525
Node 1290, 1013.386235081034
Node 485, 611.1034670781461
Node 512, 638.0568649051004
Node 1847, 1672.4559179941632
Node 1747, 1301.267008977078
Node 1300, 1014.4851677444061
Node 1739, 1281.1282816363362
Node 1695, 1213.8566167075462
Node 1498, 1049.9165676244504
Node 1235, 1009.6716309409503
Node 125, 173.01963864159907
Node 1311, 1015.0842662042955
Node 1299, 1013.9334427888257
Node 1660, 1170.7031714178052
Node 1534, 1062.0249484464389
Node 1490, 1047.433356172966
Node 1438, 1032.4135026834836
Node 1042, 1003.1938976642267
Node 240, 346.2567692410164
Node 1617, 1129.0520161591694
Node 1111, 1005.1820346838051
Node 1035, 1003.013569904875
Node 1607, 1118.8296729280469
Node 1582, 1096.8973865078185
Node 1702, 1225.4093906893722
Node 1315, 1015.5067812657046
Node 1642, 1150.2703755220957
Node 1557, 1077.184124643879
Node 1437, 1032.3148455207702
Node 1352, 1020.0508347822816
Node 870, 986.2089729251039
Node 729, 840.7961829135055
Node 1529, 1059.6851270610725
Node 1496, 1049.338404692466
Node 585, 723.8568969492334
Node 1798, 1447.3235818931098
Node 93, 86.02741718156022
Node 1737, 1280.0800237005278
Node 87, 72.32941237328968
Node 1648, 1155.770139099121
Node 453, 583.8381356798103
