node_generations, branch_length
1665.4420884321596, 36023.65573128954
1025.3027936948406, 640.139294737319
0.0, 1025.3027936948406
0.0, 1025.3027936948406
1304.6155049793297, 360.82658345282994
1183.0244569299084, 121.59104804942126
0.0, 1183.0244569299084
1069.3854914452927, 113.63896548461571
0.0, 1069.3854914452927
250.66520544744546, 818.7202859978472
0.0, 250.66520544744546
0.0, 250.66520544744546
1229.3275288142952, 75.28797616503448
0.0, 1229.3275288142952
1045.8723483821375, 183.4551804321577
0.0, 1045.8723483821375
0.0, 1045.8723483821375
21862.573176680755, 15826.524643040942
1405.5816606889211, 20456.991515991835
0.0, 1405.5816606889211
1062.8911618178888, 342.69049887103233
0.0, 1062.8911618178888
1025.1808910334732, 37.71027078441557
0.0, 1025.1808910334732
0.0, 1025.1808910334732
1788.595978372059, 20073.977198308698
1017.2401987926418, 771.3557795794173
0.0, 1017.2401987926418
630.9709427196394, 386.26925607300234
0.0, 630.9709427196394
59.961261333758316, 571.0096813858811
0.0, 59.961261333758316
0.0, 59.961261333758316
1281.4435389330224, 507.1524394390367
0.0, 1281.4435389330224
769.6093185088506, 511.8342204241718
0.0, 769.6093185088506
0.0, 769.6093185088506
