node_generations, branch_length
4125.302824085447, 2063.364372370658
0.0, 4125.302824085447
3091.499010031624, 1033.8038140538233
57.05789876366047, 3034.4411112679636
0.0, 57.05789876366047
0.0, 57.05789876366047
129.04168455182952, 2962.4573254797947
6.85227472484167, 122.18940982698786
0.0, 6.85227472484167
0.0, 6.85227472484167
51.78215030642669, 77.25953424540282
0.0, 51.78215030642669
0.0, 51.78215030642669
4282.454940480265, 1906.212255975841
2498.4645628326007, 1783.990377647664
101.40907003200147, 2397.055492800599
0.0, 101.40907003200147
0.0, 101.40907003200147
517.1692608120686, 1981.295302020532
0.0, 517.1692608120686
77.34443962941135, 439.8248211826573
0.0, 77.34443962941135
0.0, 77.34443962941135
3388.8095674693254, 893.6453730109392
0.0, 3388.8095674693254
849.009644520351, 2539.799922948974
0.0, 849.009644520351
686.5307415206329, 162.47890299971812
25.05875233996186, 661.471989180671
0.0, 25.05875233996186
0.0, 25.05875233996186
155.44864578825883, 531.082095732374
36.06397175311659, 119.38467403514224
0.0, 36.06397175311659
0.0, 36.06397175311659
92.48291956518726, 62.96572622307157
0.0, 92.48291956518726
0.0, 92.48291956518726
