node_generations, branch_length
6809.268423568761, 21734.50137100609
372.6644316189151, 6436.603991949846
89.3936874951682, 283.2707441237469
0.0, 89.3936874951682
0.0, 89.3936874951682
158.8216776376412, 213.84275398127392
0.0, 158.8216776376412
67.37183262691144, 91.44984501072975
0.0, 67.37183262691144
0.0, 67.37183262691144
865.5459758415179, 5943.722447727243
140.02636278698458, 725.5196130545334
0.0, 140.02636278698458
0.0, 140.02636278698458
694.1779168553168, 171.36805898620116
0.0, 694.1779168553168
84.75012577311333, 609.4277910822034
0.0, 84.75012577311333
0.0, 84.75012577311333
19028.08041195747, 9515.689382617376
184.88350784981483, 18843.196904107655
0.0, 184.88350784981483
162.11230473113773, 22.771203118677107
0.0, 162.11230473113773
129.5272965732534, 32.58500815788432
0.0, 129.5272965732534
0.0, 129.5272965732534
9039.002532063281, 9989.07787989419
2738.2497703509543, 6300.752761712327
61.16197358179151, 2677.0877967691627
0.0, 61.16197358179151
0.0, 61.16197358179151
220.10232358973826, 2518.147446761216
0.0, 220.10232358973826
0.0, 220.10232358973826
4429.57725364075, 4609.425278422531
224.0785141342854, 4205.4987395064645
206.91560257677028, 17.162911557515116
0.0, 206.91560257677028
87.82852513891159, 119.0870774378587
62.810151199894236, 25.01837393901735
0.0, 62.810151199894236
0.0, 62.810151199894236
81.99364419071503, 5.834880948196556
0.0, 81.99364419071503
79.41288223001894, 2.580761960696094
0.0, 79.41288223001894
0.0, 79.41288223001894
222.7752498159305, 1.3032643183549055
150.1240701456777, 72.65117967025279
60.3131086216231, 89.8109615240546
0.0, 60.3131086216231
0.0, 60.3131086216231
139.68809254634667, 10.43597759933104
0.0, 139.68809254634667
0.0, 139.68809254634667
161.22625436897417, 61.548995446956326
0.0, 161.22625436897417
79.33842117490431, 81.88783319406986
0.0, 79.33842117490431
62.12485538860543, 17.21356578629888
0.0, 62.12485538860543
0.0, 62.12485538860543
1804.3696751414452, 2625.207578499305
106.13787815181806, 1698.2317969896271
0.0, 106.13787815181806
0.0, 106.13787815181806
952.3652182700558, 852.0044568713894
94.38102581858432, 857.9841924514715
0.0, 94.38102581858432
92.63513622679879, 1.7458895917855273
0.0, 92.63513622679879
51.18910177326633, 41.44603445353246
0.0, 51.18910177326633
0.0, 51.18910177326633
101.3371557522186, 851.0280625178373
0.0, 101.3371557522186
0.0, 101.3371557522186
