Node, generations
Node 2904, 38735.101590000595
Node 1417, 8615.678748098762
Node 366, 1346.041367257155
Node 172, 176.8118136704918
Node 72, 72.6375388690457
Node 563, 2453.231542470893
Node 555, 2403.710921295939
Node 195, 211.12080797780376
Node 95, 85.82448425753567
Node 171, 175.01184465989002
Node 41, 43.87071704949165
Node 121, 108.90791112910826
Node 110, 98.70843983032539
Node 90, 82.02825623078841
Node 63, 63.21221911171119
Node 61, 61.886099078650076
Node 2451, 24919.751745346417
Node 1281, 7442.977474903053
Node 123, 109.22470900878551
Node 375, 1429.1287297464905
Node 100, 88.8333092031567
Node 235, 414.47314019617926
Node 68, 66.96168489029182
Node 54, 57.471184985294855
Node 51, 56.0566260302427
Node 189, 199.73575979588864
Node 1627, 10750.991425262268
Node 141, 131.11492988046052
Node 92, 84.97642152633027
Node 62, 62.22196194210306
Node 45, 50.877231932482665
Node 103, 92.34851517378505
Node 410, 1669.197895778731
Node 176, 182.01035372237953
Node 148, 138.99928994097397
Node 119, 107.0027060269492
Node 149, 139.40597268088237
Node 53, 57.24801366383869
Node 59, 60.37027298786061
