node_generations, branch_length
1098.5805861713247, 1291.082256906096
0.0, 1098.5805861713247
1015.9010070822069, 82.67957908911785
34.72637638602116, 981.1746306961858
0.0, 34.72637638602116
0.0, 34.72637638602116
802.757789978613, 213.14321710359388
0.0, 802.757789978613
0.0, 802.757789978613
2222.0455216554506, 167.61732142197025
1798.9612330305688, 423.08428862488176
0.0, 1798.9612330305688
1341.6593162070822, 457.30191682348664
1214.407996489869, 127.25131971721316
0.0, 1214.407996489869
1190.4580578382402, 23.949938651628827
0.0, 1190.4580578382402
1058.6254719869507, 131.83258585128942
0.0, 1058.6254719869507
0.0, 1058.6254719869507
1237.27716798266, 104.38214822442205
827.8021627248389, 409.4750052578212
0.0, 827.8021627248389
0.0, 827.8021627248389
1137.8733416815621, 99.40382630109798
0.0, 1137.8733416815621
1008.3497431565147, 129.52359852504742
0.0, 1008.3497431565147
0.0, 1008.3497431565147
2134.54318729464, 87.50233436081044
1682.0151394553554, 452.5280478392847
1164.37579716749, 517.6393422878655
1029.6036655606817, 134.77213160680822
1006.6255669813655, 22.978098579316224
0.0, 1006.6255669813655
0.0, 1006.6255669813655
1015.7278156091166, 13.875849951565101
0.0, 1015.7278156091166
0.0, 1015.7278156091166
1140.506932433883, 23.86886473360687
0.0, 1140.506932433883
1125.9035153387538, 14.603417095129316
0.0, 1125.9035153387538
1010.5284510947192, 115.37506424403455
0.0, 1010.5284510947192
0.0, 1010.5284510947192
1361.348026858046, 320.66711259730937
1072.6826194245575, 288.66540743348855
1028.9911137600989, 43.691505664458646
0.0, 1028.9911137600989
0.0, 1028.9911137600989
1034.4283677458923, 38.25425167866524
0.0, 1034.4283677458923
0.0, 1034.4283677458923
1244.0708824524993, 117.27714440554678
325.55183514111457, 918.5190473113847
0.0, 325.55183514111457
0.0, 325.55183514111457
1182.4757872159896, 61.59509523650968
0.0, 1182.4757872159896
1045.2613651940276, 137.21442202196204
1004.2530643962855, 41.008300797742095
0.0, 1004.2530643962855
0.0, 1004.2530643962855
1044.8808578678502, 0.38050732617739413
178.6576215984499, 866.2232362694003
0.0, 178.6576215984499
0.0, 178.6576215984499
494.4037035044343, 550.4771543634158
0.0, 494.4037035044343
0.0, 494.4037035044343
1752.6522711991415, 381.8909160954986
0.0, 1752.6522711991415
1042.2241681582564, 710.4281030408852
0.0, 1042.2241681582564
1040.4435990905183, 1.7805690677380426
0.0, 1040.4435990905183
0.0, 1040.4435990905183
