Node, generations
Node 1641, 47412.706112635664
Node 760, 2729.2111362295964
Node 693, 2372.5286202753045
Node 607, 2177.6610740945134
Node 568, 2113.5741841450745
Node 634, 2220.452743008582
Node 727, 2576.579481901774
Node 645, 2234.6298375755982
Node 253, 1906.6567279170142
Node 785, 2845.090856891257
Node 490, 2053.13213409513
Node 773, 2794.759565244363
Node 712, 2467.678305777994
Node 546, 2094.806516644129
Node 287, 2001.68667530174
Node 69, 809.0561156632468
Node 55, 632.9799650712058
Node 483, 2050.3156540440355
Node 201, 1702.1593872277508
