Node, generations
Node 1807, 20699.849503556285
Node 980, 6693.009031292428
Node 512, 1616.54083305023
Node 354, 400.06480863904807
Node 256, 276.39059619370585
Node 326, 357.3433428079588
Node 418, 565.3569901009114
Node 290, 314.137808761277
Node 384, 477.2917506028892
Node 111, 208.52817256156956
Node 333, 368.24792475180703
Node 135, 213.21458424332093
Node 163, 219.31841961346657
Node 796, 4822.446580051167
Node 463, 745.0563164600521
Node 414, 558.2090240429443
Node 1530, 14294.105035453338
Node 271, 291.9884066923214
Node 175, 223.09923791476834
Node 473, 786.2978103219315
Node 395, 498.76741031543975
Node 123, 211.281986729623
Node 380, 465.08251149171616
Node 245, 265.65100227847853
Node 235, 255.05125938538487
Node 242, 261.6615834606789
Node 61, 201.62846862683236
Node 427, 580.7843319519341
Node 261, 279.83974314693796
Node 194, 230.88821073619317
Node 164, 220.1112016784668
Node 416, 561.3141277827486
Node 167, 220.37787927819352
Node 65, 202.44849849282707
Node 340, 382.0628931386145
Node 128, 212.01107078294635
Node 40, 4.653605876337449
Node 220, 244.95730300375862
Node 84, 205.12294372832477
