node_generations, branch_length
11406.12311457162, 11390.99413634558
157.7948348267122, 11248.328279744906
0.0, 157.7948348267122
0.0, 157.7948348267122
7210.093355485856, 4196.0297590857635
3617.6371038711272, 3592.4562516147284
0.0, 3617.6371038711272
3534.7968489166956, 82.84025495443166
515.5468845848054, 3019.24996433189
0.0, 515.5468845848054
268.61915237469395, 246.92773221011146
0.0, 268.61915237469395
177.02731647552656, 91.59183589916739
0.0, 177.02731647552656
0.0, 177.02731647552656
2274.5992856036796, 1260.197563313016
0.0, 2274.5992856036796
0.0, 2274.5992856036796
5868.4980447551, 1341.595310730756
103.88146494562558, 5764.616579809474
0.0, 103.88146494562558
0.0, 103.88146494562558
1160.0138454236237, 4708.484199331476
0.0, 1160.0138454236237
0.0, 1160.0138454236237
19706.176016967434, 3090.941233949765
0.0, 19706.176016967434
3386.063815005847, 16320.112201961587
199.83756638160432, 3186.226248624243
0.0, 199.83756638160432
71.35657665838286, 128.48098972322146
0.0, 71.35657665838286
70.18942207807791, 1.1671545803049526
0.0, 70.18942207807791
0.0, 70.18942207807791
283.8449542217295, 3102.2188607841176
0.0, 283.8449542217295
0.0, 283.8449542217295
