Node, generations
Node 1923, 16902.52315126171
Node 1600, 3178.4345550929843
Node 1379, 2155.578890593666
Node 58, 211.2652574529256
Node 1355, 2123.039450814137
Node 1328, 2097.332643856337
Node 40, 37.84563074142753
Node 385, 1125.0173894056534
Node 42, 61.203902134652274
Node 1558, 2813.68959710075
Node 1258, 2059.927494835952
Node 181, 680.6454189159689
Node 1099, 2016.4363602506733
Node 896, 2001.7623073446268
Node 533, 1443.0618861100122
Node 1622, 3502.9094644895376
Node 1495, 2452.059008289048
Node 1387, 2163.3230771298845
Node 1363, 2134.622785329071
Node 484, 1346.9455906279343
Node 1285, 2075.053077163146
Node 1276, 2070.558482568827
Node 115, 486.9762362175226
Node 1485, 2423.604480970833
Node 1319, 2092.6690439520194
Node 1282, 2073.146144552326
Node 1321, 2093.072862425784
Node 1205, 2039.0506020972607
Node 1017, 2009.6746180078324
Node 63, 249.90627452460984
Node 1520, 2573.5287762405997
Node 1292, 2080.408557873035
Node 1008, 2009.131680100605
Node 1290, 2079.8514342072313
Node 1284, 2074.1649214795284
Node 1157, 2026.9733129695496
Node 1511, 2524.6552312209274
Node 613, 1592.9584485742973
Node 323, 1006.6887797007387
