Node, generations
Node 2348, 19810.888697223458
Node 1872, 11658.078832615014
Node 1019, 3961.372281309305
Node 1101, 4556.370868610268
Node 218, 215.8167484203906
Node 87, 74.38682941835683
Node 76, 69.86371630799003
Node 2244, 17548.003058766437
Node 573, 1819.6851704889673
Node 113, 91.77663409460833
Node 105, 83.9091691012407
Node 74, 65.3316668982235
Node 541, 1680.9340386941142
Node 306, 611.8815754557447
Node 191, 172.33137931028443
Node 146, 120.48687843223576
Node 45, 50.81070839927804
Node 95, 79.59702210300523
Node 173, 141.55744648986098
Node 304, 603.730790722486
Node 63, 60.584385283598664
Node 520, 1622.227864452569
Node 1278, 5751.9843284815815
Node 44, 50.790339057006754
Node 953, 3575.438901238275
Node 269, 411.31976838679003
Node 166, 136.38113112410886
Node 148, 122.09820697970962
Node 91, 77.35286864076969
Node 82, 71.10842738348371
Node 88, 74.47573887725817
Node 139, 113.0402626055974
Node 653, 2163.898654031051
Node 201, 194.5811676596228
Node 152, 126.67568823189727
Node 147, 121.11830799562796
Node 200, 193.98614922959482
Node 51, 52.978032057551005
Node 110, 88.84301775182855
