Node, generations
Node 2664, 29409.61784184559
Node 1829, 2262.82591645843
Node 1783, 1851.512215224594
Node 1583, 1125.7859179990555
Node 1526, 1081.6061761887986
Node 1442, 1049.849705335629
Node 866, 997.7226372667557
Node 1197, 1011.6051489195836
Node 259, 378.3103975988308
Node 708, 865.020651978451
Node 109, 124.79762893753559
Node 1507, 1074.973102312764
Node 1266, 1017.6568814761176
Node 1451, 1051.8302031061735
Node 671, 824.7770504907842
Node 1577, 1121.499720527459
Node 1512, 1076.675870906848
Node 1462, 1057.7038622399868
Node 948, 1001.5974960208454
Node 1162, 1009.0131390825037
Node 952, 1001.7128059531555
Node 1483, 1065.7316927098307
Node 1529, 1085.156597326041
Node 167, 223.67822306598492
Node 1679, 1272.9512241737332
Node 1502, 1074.471850686687
Node 163, 218.61331223549232
Node 1603, 1139.3905893693511
Node 1584, 1127.239126723916
Node 1600, 1137.7056340996262
Node 262, 381.1093423602174
Node 419, 583.4831439721412
Node 154, 198.62048210547792
Node 1793, 1922.7602814294128
Node 1766, 1747.682464976132
Node 1760, 1688.487559362592
Node 1709, 1387.079854119639
Node 1433, 1048.7250593792467
Node 392, 549.1483396888667
Node 222, 327.5240167399838
Node 816, 957.4416545935084
Node 562, 710.1182943988297
Node 180, 248.76673787157745
Node 1586, 1128.0166528329103
Node 1459, 1055.4624173858183
Node 1449, 1051.4349781708459
Node 1370, 1031.5384905966807
Node 84, 47.58080916407867
Node 1531, 1086.2330069861057
Node 91, 74.93713170653763
Node 1740, 1519.9237271811548
Node 601, 754.2457521414781
Node 452, 619.2581357716423
Node 305, 436.09955768982934
Node 269, 395.55458947623464
Node 429, 593.9181349252807
Node 1637, 1194.5218456664766
Node 754, 897.3266532186616
Node 1491, 1068.1345026780482
Node 688, 845.2874507615618
Node 1785, 1861.0733220614104
Node 122, 148.69952958811155
Node 1633, 1186.306561100669
Node 1544, 1101.3072663177602
Node 1487, 1067.322884453847
Node 1464, 1058.9161325106518
Node 342, 486.9979705313941
Node 568, 715.6016905927144
Node 225, 333.05395361386
Node 208, 307.64265396253904
Node 1591, 1130.662555544977
Node 166, 223.46060398694405
Node 1843, 2491.6554014230396
Node 1440, 1049.8309800083832
Node 1694, 1316.032533581147
Node 1392, 1036.9129612926997
Node 164, 221.69327288127852
Node 150, 192.1411035000031
Node 80, 11.57605596633946
