node_generations, branch_length
3431.920751900686, 8377.996879259052
844.6802618657155, 2587.24049003497
389.52271738244116, 455.1575444832743
0.0, 389.52271738244116
208.6417289767835, 180.88098840565766
0.0, 208.6417289767835
202.173061517091, 6.468667459692483
0.0, 202.173061517091
0.0, 202.173061517091
631.4764181018754, 213.20384376384004
73.97662731060011, 557.4997907912754
0.0, 73.97662731060011
0.0, 73.97662731060011
608.055373440482, 23.421044661393466
0.0, 608.055373440482
598.7780256503818, 9.27734779010018
0.0, 598.7780256503818
444.54430538799653, 154.23372026238525
243.9036345617172, 200.64067082627932
0.0, 243.9036345617172
223.26012091286776, 20.64351364884945
0.0, 223.26012091286776
212.11081946073395, 11.149301452133813
0.0, 212.11081946073395
0.0, 212.11081946073395
285.36228537001284, 159.1820200179837
0.0, 285.36228537001284
258.0875787083908, 27.27470666162202
0.0, 258.0875787083908
0.0, 258.0875787083908
936.7931949790928, 2495.127556921593
0.0, 936.7931949790928
624.36784443706, 312.4253505420329
431.64826086467576, 192.71958357238418
0.0, 431.64826086467576
82.5601008846926, 349.0881599799832
0.0, 82.5601008846926
0.0, 82.5601008846926
473.95688820865513, 150.4109562284048
363.03193155888493, 110.9249566497702
0.0, 363.03193155888493
0.0, 363.03193155888493
371.21019864591165, 102.74668956274348
0.0, 371.21019864591165
365.52771136736015, 5.682487278551491
0.0, 365.52771136736015
324.90522301767675, 40.62248834968341
0.0, 324.90522301767675
0.0, 324.90522301767675
7595.5759398358505, 4214.341691323888
222.9930385193646, 7372.582901316486
39.0237518877523, 183.9692866316123
0.0, 39.0237518877523
0.0, 39.0237518877523
212.7984434630309, 10.194595056333696
0.0, 212.7984434630309
211.60547615344413, 1.192967309586777
0.0, 211.60547615344413
0.0, 211.60547615344413
1408.7874933054584, 6186.788446530392
405.6590483382056, 1003.1284449672528
0.0, 405.6590483382056
225.2693834206011, 180.3896649176045
0.0, 225.2693834206011
222.65463352126767, 2.614749899333418
0.0, 222.65463352126767
0.0, 222.65463352126767
423.99372350497003, 984.7937698004883
0.0, 423.99372350497003
292.08549858459224, 131.9082249203778
229.01622340359017, 63.06927518100207
0.0, 229.01622340359017
212.58143590890887, 16.434787494681302
0.0, 212.58143590890887
0.0, 212.58143590890887
239.39557058890355, 52.68992799568869
0.0, 239.39557058890355
0.0, 239.39557058890355
