Node, generations
Node 1756, 18223.833141525316
Node 752, 519.7753834931235
Node 699, 391.6735281558661
Node 516, 252.460467464653
Node 474, 236.5391564674205
Node 458, 231.60743569198627
Node 749, 516.011096769492
Node 663, 346.680148472361
Node 662, 346.4589127510438
Node 505, 247.12673802524384
Node 364, 216.84692996312248
Node 218, 203.94794676863208
Node 644, 336.386626764603
Node 621, 312.4580388826537
Node 536, 257.65105710297144
Node 286, 208.0446635884333
Node 181, 201.95268979566882
Node 582, 280.26662467985017
Node 384, 220.04993191469595
Node 562, 271.18111073501683
Node 395, 221.61716303927327
Node 1083, 4977.567542070241
Node 842, 864.6062595774337
Node 766, 550.0033753130183
Node 577, 279.2006843992979
Node 403, 222.6879456788622
Node 729, 452.823260437243
Node 653, 341.7834079754431
Node 503, 246.3215709919819
Node 103, 100.84282478118665
Node 220, 203.9864632814578
Node 656, 344.89191691871144
Node 310, 210.02718008613064
Node 636, 330.90355121627914
Node 486, 241.38000629133643
Node 559, 268.28573898022165
Node 512, 249.58866418952488
Node 390, 221.1593952078021
Node 308, 209.94253465143314
Node 134, 182.10751807033938
Node 513, 250.0947297677854
Node 228, 204.4165891752689
Node 227, 204.3968286125771
Node 302, 209.58181975287525
Node 270, 207.00675810913995
Node 817, 735.6796494766058
Node 537, 258.43752281737585
Node 473, 236.30466980370443
Node 410, 223.54000041350946
Node 898, 1681.9013597879762
Node 667, 347.692903929824
Node 649, 339.48599564698196
Node 460, 232.07242702540057
Node 96, 87.99113107443277
Node 453, 230.91256703120067
Node 301, 209.3256241279832
Node 583, 280.8101114147397
Node 655, 344.147117600599
Node 602, 295.91404995679443
Node 206, 203.13815394609196
Node 634, 328.5607748135772
Node 510, 248.83603507616155
Node 101, 97.36840422657374
Node 412, 223.82448786735392
Node 253, 205.79781160885565
Node 584, 281.9834119115014
Node 468, 235.09416145784505
Node 553, 265.4957979118103
Node 383, 219.96529457477385
Node 219, 203.95168264649888
Node 323, 210.9894969840629
Node 452, 230.32376248943532
Node 764, 543.926967538187
Node 462, 232.35442197504779
Node 566, 272.33978636503423
Node 335, 212.58532976643917
Node 402, 222.51472511254715
Node 317, 210.48544333534232
Node 257, 206.22751874723588
