node_generations, branch_length
0.0, 8790.434882273052
5953.372416781054, 2837.0624654919975
0.0, 5953.372416781054
4810.823918938852, 1142.5484978422019
1398.1377219741134, 3412.686196964739
0.0, 1398.1377219741134
1004.585593442068, 393.55212853204546
0.0, 1004.585593442068
973.7747103174289, 30.810883124639076
0.0, 973.7747103174289
77.23871528943165, 896.5359950279973
0.0, 77.23871528943165
0.0, 77.23871528943165
1425.6757036766842, 3385.1482152621684
1274.4252653956485, 151.2504382810357
1043.5131045337764, 230.91216086187205
0.0, 1043.5131045337764
0.0, 1043.5131045337764
1177.7343081339543, 96.69095726169417
1014.5527750196371, 163.18153311431718
0.0, 1014.5527750196371
0.0, 1014.5527750196371
1014.6812528257249, 163.05305530822943
0.0, 1014.6812528257249
92.43648693900923, 922.2447658867156
0.0, 92.43648693900923
0.0, 92.43648693900923
1415.510803212829, 10.164900463855247
0.0, 1415.510803212829
1360.5199530077502, 54.99085020507869
0.0, 1360.5199530077502
1293.7764257849794, 66.74352722277081
1023.0325026041536, 270.74392318082585
0.0, 1023.0325026041536
0.0, 1023.0325026041536
1027.2742278622784, 266.50219792270104
0.0, 1027.2742278622784
0.0, 1027.2742278622784
