Node, generations
Node 1074, 9894.62960152548
Node 336, 1117.9498395811406
Node 218, 1026.4529758869144
Node 71, 794.0100978211822
Node 56, 609.3065016614231
Node 720, 5179.870960900488
Node 333, 1115.5507791008577
Node 496, 2176.900381198353
Node 313, 1089.9311686900278
Node 91, 965.5922834138963
Node 169, 1013.4416289746364
Node 452, 1446.7757022277829
Node 219, 1027.1583075243784
Node 153, 1010.938964904579
Node 122, 1005.7234155276619
Node 382, 1212.9100438525174
Node 376, 1189.7646071904721
Node 271, 1052.4252581816033
Node 243, 1036.5828111395354
