node_generations, branch_length
2613.4561017925603, 5590.609972137914
535.004817112299, 2078.4512846802613
25.07460379364106, 509.9302133186579
0.0, 25.07460379364106
14.104254394656325, 10.970349398984736
0.0, 14.104254394656325
0.0, 14.104254394656325
154.89634483746974, 380.1084722748292
0.0, 154.89634483746974
50.4375693501625, 104.45877548730724
0.0, 50.4375693501625
34.17023742565002, 16.267331924512476
1.080968111029163, 33.08926931462086
0.0, 1.080968111029163
0.0, 1.080968111029163
24.84963823786407, 9.320599187785952
0.0, 24.84963823786407
0.0, 24.84963823786407
1621.6016420488552, 991.8544597437051
0.0, 1621.6016420488552
1219.6045184244774, 401.99712362437776
0.0, 1219.6045184244774
619.6830819921271, 599.9214364323503
0.0, 619.6830819921271
199.465289836447, 420.21779215568006
0.0, 199.465289836447
135.0617800282478, 64.4035098081992
62.33552415159236, 72.72625587665544
0.0, 62.33552415159236
17.54557712603093, 44.78994702556143
0.0, 17.54557712603093
1.9069598412513913, 15.63861728477954
0.0, 1.9069598412513913
0.0, 1.9069598412513913
102.71337398948036, 32.348406038767436
25.34258064923145, 77.37079334024891
0.0, 25.34258064923145
0.0, 25.34258064923145
94.87660423288746, 7.836769756592901
0.0, 94.87660423288746
0.0, 94.87660423288746
2754.0770581643033, 5449.989015766172
186.6305537287828, 2567.4465044355206
14.587018718388647, 172.04353501039415
0.0, 14.587018718388647
0.0, 14.587018718388647
29.19134966123072, 157.43920406755205
0.0, 29.19134966123072
0.0, 29.19134966123072
1309.0416842437921, 1445.0353739205111
404.27796408129825, 904.7637201624939
0.0, 404.27796408129825
171.26728948939012, 233.01067459190813
0.0, 171.26728948939012
72.70849584640236, 98.55879364298777
0.0, 72.70849584640236
22.530867176372357, 50.17762867003
0.0, 22.530867176372357
14.34298402557419, 8.187883150798168
0.0, 14.34298402557419
13.952093246813883, 0.39089077876030665
0.0, 13.952093246813883
0.0, 13.952093246813883
674.6159221873344, 634.4257620564578
75.36572926404578, 599.2501929232886
0.0, 75.36572926404578
0.0, 75.36572926404578
140.5200431602633, 534.0958790270711
5.476760875107596, 135.0432822851557
0.0, 5.476760875107596
2.3135664862290493, 3.1631943888785465
0.0, 2.3135664862290493
0.0, 2.3135664862290493
57.92106111234368, 82.59898204791962
0.0, 57.92106111234368
16.663091606794932, 41.25796950554874
0.0, 16.663091606794932
0.0, 16.663091606794932
