node_generations, branch_length
1609.0662326021697, 21937.4185602849
1127.7281206179605, 481.33811198420926
0.0, 1127.7281206179605
1006.7125747206557, 121.01554589730483
0.0, 1006.7125747206557
0.0, 1006.7125747206557
1565.1739536650423, 43.89227893712746
0.0, 1565.1739536650423
1342.755606289644, 222.4183473753983
0.0, 1342.755606289644
1274.3558979849886, 68.3997083046554
0.0, 1274.3558979849886
1200.0849925935188, 74.2709053914698
0.0, 1200.0849925935188
1003.4067314949511, 196.67826109856765
0.0, 1003.4067314949511
0.0, 1003.4067314949511
2549.6299857150975, 20996.85480717197
1321.992071952158, 1227.6379137629394
0.0, 1321.992071952158
0.0, 1321.992071952158
2060.1553822732394, 489.4746034418581
1544.382330363744, 515.7730519094955
0.0, 1544.382330363744
1078.5197145384186, 465.8626158253253
0.0, 1078.5197145384186
67.95785307307231, 1010.5618614653463
0.0, 67.95785307307231
0.0, 67.95785307307231
1634.3834227901018, 425.7719594831376
1196.1905036964845, 438.1929190936173
0.0, 1196.1905036964845
1059.1342571597645, 137.05624653671998
0.0, 1059.1342571597645
0.0, 1059.1342571597645
1229.409001079935, 404.9744217101668
0.0, 1229.409001079935
0.0, 1229.409001079935
