Node, generations
Node 2009, 11323.083713165977
Node 1970, 8289.290644073004
Node 1876, 2590.8522135618055
Node 1762, 1517.6776710738684
Node 1641, 1174.4864911421084
Node 1621, 1146.07146790191
Node 1619, 1143.8728498590822
Node 1435, 1043.596798014549
Node 146, 207.772653019199
Node 1600, 1120.9039996784734
Node 1429, 1042.4615011062435
Node 1732, 1377.9502550769676
Node 1570, 1096.5847521300939
Node 1076, 1004.3172825430196
Node 1691, 1266.359615496232
Node 1644, 1178.5412627521357
Node 267, 400.93210593193413
Node 1231, 1012.5083626973658
Node 933, 1001.2045772898468
Node 1188, 1009.3334853522243
Node 115, 148.58219506394136
Node 1680, 1233.3002969591696
Node 1582, 1105.8482537906943
Node 1385, 1033.723034990446
Node 693, 837.2704413620202
Node 397, 535.4499156207357
Node 1378, 1031.7808633729585
Node 1277, 1016.9400558098375
Node 776, 914.7997241487575
Node 132, 186.17619660611743
Node 1487, 1059.437704401444
Node 985, 1002.3499562065768
Node 1664, 1208.6058379967358
Node 1563, 1088.9247135187738
Node 1169, 1008.5268198010931
Node 1373, 1030.497478051032
Node 202, 309.17470151619375
Node 1604, 1124.2804530269573
Node 1360, 1027.557424856436
Node 276, 408.3722030046726
Node 155, 229.9026292372404
Node 1057, 1003.925242531346
Node 195, 294.0161068647373
Node 93, 89.51470934881293
Node 1581, 1105.6566978214262
Node 84, 43.23227009221651
Node 1508, 1067.7442548423055
Node 1490, 1060.3909239346299
Node 1918, 4767.789200633533
Node 1796, 1699.2993834606955
Node 1626, 1149.5568415368148
Node 1611, 1129.7379074945313
Node 1483, 1057.6360609406026
Node 1298, 1019.3613659410631
Node 653, 805.3621951265216
Node 1458, 1049.1840201151065
Node 1573, 1099.8574865742019
Node 1541, 1080.8976390646199
Node 493, 640.0653828378511
Node 1477, 1055.4553344435128
Node 1375, 1031.0031967864775
Node 1173, 1008.6603046784056
Node 870, 1000.019099140498
Node 1463, 1050.9384406592474
Node 1407, 1037.8283335144565
Node 1554, 1084.3516916652984
Node 111, 145.8206114693732
Node 1475, 1054.837154538614
Node 1422, 1040.3634561720587
Node 118, 152.16179290396263
Node 1369, 1029.4032583620433
Node 1221, 1011.386824250678
Node 128, 172.44526838366903
Node 1363, 1027.8324045870513
Node 1612, 1130.1426678127468
Node 1671, 1215.979945887272
Node 1516, 1072.163264447233
Node 1401, 1036.2681851209995
Node 92, 85.67282504842345
