node_generations, branch_length
0.0, 25361.365504819947
4497.770548556666, 20863.59495626328
533.9381148662563, 3963.8324336904093
373.95935896757504, 159.9787558986813
219.14717176728888, 154.81218720028616
0.0, 219.14717176728888
0.0, 219.14717176728888
334.51984734454766, 39.439511623027386
0.0, 334.51984734454766
218.57327662026364, 115.94657072428402
0.0, 218.57327662026364
0.0, 218.57327662026364
433.83346354033296, 100.10465132592338
0.0, 433.83346354033296
228.11899494424821, 205.71446859608474
0.0, 228.11899494424821
0.0, 228.11899494424821
4463.139586127287, 34.630962429379
835.4518740884772, 3627.6877120388094
0.0, 835.4518740884772
551.4765328289116, 283.97534125956565
203.3904993816415, 348.0860334472701
0.0, 203.3904993816415
0.0, 203.3904993816415
461.1055612081729, 90.37097162073866
0.0, 461.1055612081729
244.23035965321745, 216.87520155495545
0.0, 244.23035965321745
0.0, 244.23035965321745
2237.8049350494266, 2225.33465107786
0.0, 2237.8049350494266
495.3397801266983, 1742.4651549227283
0.0, 495.3397801266983
288.7720102727634, 206.56776985393492
0.0, 288.7720102727634
245.66052382741194, 43.11148644535146
0.0, 245.66052382741194
0.0, 245.66052382741194
