node_generations, branch_length
473.0459249025386, 6093.793216913507
237.4885537851336, 235.557371117405
0.0, 237.4885537851336
0.0, 237.4885537851336
353.69534447952384, 119.35058042301478
0.0, 353.69534447952384
312.4388983502332, 41.25644612929062
0.0, 312.4388983502332
0.0, 312.4388983502332
941.9463362821499, 5624.8928055338965
541.1817728142835, 400.7645634678664
0.0, 541.1817728142835
205.50076113107875, 335.6810116832047
0.0, 205.50076113107875
0.0, 205.50076113107875
716.1066617864581, 225.83967449569184
0.0, 716.1066617864581
715.6009221614004, 0.5057396250576858
0.0, 715.6009221614004
713.3976786995805, 2.203243461819852
444.56831214592825, 268.8293665536523
321.4898856705224, 123.07842647540582
0.0, 321.4898856705224
246.05124998578648, 75.43863568473594
0.0, 246.05124998578648
0.0, 246.05124998578648
385.0132809100676, 59.55503123586067
0.0, 385.0132809100676
332.83433503470036, 52.17894587536722
0.0, 332.83433503470036
0.0, 332.83433503470036
493.33123620754185, 220.06644249203868
214.4696040974162, 278.86163211012564
0.0, 214.4696040974162
0.0, 214.4696040974162
357.7168703603033, 135.61436584723856
0.0, 357.7168703603033
0.0, 357.7168703603033
