Node, generations
Node 3389, 41985.94615147777
Node 1254, 3873.172650366897
Node 574, 332.15369539906237
Node 505, 248.54241079548714
Node 370, 144.0943441667958
Node 355, 141.87485574364808
Node 367, 143.70053668405896
Node 166, 105.04070126717359
Node 499, 243.6610120610709
Node 262, 119.1763143971974
Node 554, 301.8593672775633
Node 507, 250.07317157723372
Node 328, 135.89108021673664
Node 265, 119.67737955225624
Node 449, 200.2706890598131
Node 536, 284.23702300418876
Node 368, 143.7412041689507
Node 734, 1240.0174058345249
Node 483, 232.4585023556213
Node 315, 131.4862417964177
Node 582, 345.8931574036321
Node 270, 121.16013938203119
Node 153, 104.26102299404972
Node 1849, 8393.282735655252
Node 541, 290.0250939126991
Node 425, 175.75005484582434
Node 309, 129.94518513704614
Node 177, 106.90736876566808
Node 188, 108.23796185475207
Node 178, 107.15656195375664
Node 1656, 6645.526773306975
Node 1278, 4009.665088099863
Node 513, 256.6029989093931
Node 375, 146.0013995303545
Node 274, 122.2508192123972
Node 80, 11.626259709998537
Node 256, 118.26290729668406
Node 211, 110.27659190789345
Node 97, 100.044896402411
Node 249, 117.0111977723418
Node 330, 136.38118255806626
Node 276, 122.68232328223898
Node 169, 105.44197135269233
Node 604, 546.1144281409163
Node 462, 208.47112212162423
Node 388, 153.33054924774768
Node 320, 133.8973281862612
Node 245, 116.44674169254192
Node 238, 114.94756063293826
Node 314, 131.4120960411194
Node 168, 105.26464207786883
Node 377, 146.31385910283822
Node 471, 218.7367619019982
Node 426, 176.09879374045852
Node 143, 103.14962642968666
Node 455, 206.25089601609108
Node 221, 111.66349638604939
Node 1639, 6539.802790076823
Node 383, 150.55299423067765
Node 358, 142.13743669102792
Node 191, 108.51041940907011
Node 111, 100.69642621755138
Node 151, 103.98593326141807
Node 203, 109.33287539953294
Node 961, 2360.4468584336605
Node 648, 758.7073199922098
Node 484, 234.03995360257815
Node 269, 120.79279012063027
Node 81, 17.18279627007974
Node 411, 164.15166043468128
Node 189, 108.27151214668159
Node 740, 1271.8279572014478
Node 535, 282.6034607936764
Node 338, 137.9632902283532
Node 232, 114.20911799707065
Node 502, 245.05878260564853
Node 278, 122.91320974059465
Node 430, 179.90252386057014
Node 408, 160.8109865762463
