Node, generations
Node 1893, 37309.42981651174
Node 1160, 10060.2742643689
Node 653, 359.7535057401208
Node 580, 284.90788816239933
Node 346, 214.71975338935601
Node 871, 1288.7097843449462
Node 603, 304.6825857387059
Node 578, 284.7476730527834
Node 480, 240.08730197405583
Node 435, 231.1869100022949
Node 696, 419.3337209096425
Node 628, 334.14488611015395
Node 590, 294.00881183773464
Node 206, 202.87204889022607
Node 184, 201.62850540596267
Node 122, 156.70756418937145
Node 575, 282.8148923062198
Node 428, 229.3479652299485
Node 1275, 13504.49673527757
Node 743, 520.604838601786
Node 325, 212.503308873584
Node 535, 262.0918091183288
Node 494, 244.26563127313054
Node 485, 241.93123859969594
Node 306, 210.6318449493285
Node 202, 202.4421724509414
Node 1121, 9030.854753934773
Node 814, 846.5194095762567
Node 382, 218.31728156969032
Node 367, 216.86316761519777
Node 100, 99.36008478637298
Node 128, 165.40794702069334
Node 85, 50.995889073808506
Node 802, 751.0622889795384
Node 197, 202.05327177044228
Node 643, 347.3278563339501
Node 307, 210.9449889996553
Node 155, 200.32118549675866
Node 93, 79.41900131926457
Node 573, 281.91180473224813
Node 458, 235.4167605920464
Node 80, 24.437191924788788
Node 390, 219.81982776747896
Node 566, 278.1400023889494
Node 337, 213.8546767100421
Node 326, 212.58367420196782
Node 472, 239.00020034452925
Node 196, 201.97285121513247
Node 98, 94.2117530836933
Node 84, 48.11333374147149
Node 395, 221.217611435511
Node 893, 1455.4335629177122
Node 735, 501.4154954749283
Node 596, 299.10310271214354
Node 550, 269.9984206410509
Node 391, 220.0651983480939
Node 654, 360.3994132783938
Node 790, 697.8764241078767
Node 740, 514.4283453459662
Node 562, 277.2551570312039
Node 359, 215.48323314216086
Node 663, 373.6106851711315
Node 358, 215.40365580563358
Node 272, 206.9278407991371
Node 745, 523.3018579551751
Node 579, 284.90321502278647
Node 715, 445.3561399239212
Node 605, 305.3022209611049
Node 659, 369.8096898063998
Node 440, 232.33263683104022
Node 145, 191.25918526169147
Node 81, 34.16217152871538
Node 291, 209.04399636553893
Node 656, 363.9529516857581
Node 646, 351.06891301441925
Node 351, 214.95267450117768
Node 477, 239.78497280132808
Node 91, 73.66904201224725
Node 83, 41.96717464335911
