Node, generations
Node 2546, 23973.31893876136
Node 1474, 7822.29863116718
Node 66, 200.4363979651701
Node 244, 257.496723414868
Node 182, 224.74801556192688
Node 2315, 19337.436347523773
Node 1619, 9229.488941302163
Node 191, 227.43375484122998
Node 268, 274.21123048691567
Node 134, 210.82220061924397
Node 2150, 16581.9604323897
Node 1959, 13531.01553894527
Node 987, 3852.1157180937353
Node 442, 1052.1314009582607
Node 650, 2038.6154875765924
Node 247, 258.9590047717226
Node 128, 209.06178889989306
Node 1577, 8748.481695983955
Node 588, 1714.1907311769396
Node 358, 389.53869367318794
Node 54, 151.45316202442643
Node 480, 1211.423188781223
Node 157, 216.0101199529746
Node 328, 347.3594469456079
Node 287, 290.5592676907113
Node 41, 71.41800513993894
Node 628, 1926.9906826516449
Node 289, 292.1376465796766
Node 199, 230.75279398741924
Node 195, 229.0790024547909
Node 165, 217.8409871542256
Node 344, 364.72443271162246
Node 300, 302.06729905830235
Node 194, 228.5827954138855
Node 321, 333.0722107429452
Node 179, 224.35749401629351
Node 82, 202.80121387881397
Node 315, 323.9027668795419
Node 144, 212.95038295044
