node_generations, branch_length
1468.6073940708618, 60495.669671428564
0.0, 1468.6073940708618
1221.3030269168003, 247.30436715406154
0.0, 1221.3030269168003
0.0, 1221.3030269168003
1576.0654437011492, 60388.21162179828
1193.2793206076822, 382.78612309346704
0.0, 1193.2793206076822
1189.5538385962195, 3.7254820114626455
1055.4394530155378, 134.11438558068176
0.0, 1055.4394530155378
1016.8746788344184, 38.56477418111933
0.0, 1016.8746788344184
0.0, 1016.8746788344184
1157.2583907711773, 32.295447825042174
638.1668190755537, 519.0915716956237
0.0, 638.1668190755537
0.0, 638.1668190755537
1069.0647948404608, 88.19359593071658
0.0, 1069.0647948404608
1035.7389767329018, 33.325818107558916
0.0, 1035.7389767329018
0.0, 1035.7389767329018
1369.492907699797, 206.57253600135232
1167.7641770685482, 201.7287306312487
249.34801209499076, 918.4161649735574
0.0, 249.34801209499076
0.0, 249.34801209499076
1122.330444274055, 45.43373279449315
0.0, 1122.330444274055
0.0, 1122.330444274055
1217.1507827462847, 152.3421249535122
1069.9595234777871, 147.19125926849756
0.0, 1069.9595234777871
0.0, 1069.9595234777871
1183.5662955071518, 33.58448723913284
0.0, 1183.5662955071518
0.0, 1183.5662955071518
