node_generations, branch_length
224.78914726358158, 7856.594540513906
0.0, 224.78914726358158
212.47580901147484, 12.313338252106746
0.0, 212.47580901147484
0.0, 212.47580901147484
7384.098843600415, 697.284844177073
0.0, 7384.098843600415
1473.2438882317865, 5910.854955368629
644.8836407881466, 828.3602474436399
564.754961395101, 80.12867939304567
370.80589826117944, 193.94906313392153
259.6696343749626, 111.13626388621685
0.0, 259.6696343749626
0.0, 259.6696343749626
315.82704743042825, 54.978850830751185
211.9323161311772, 103.89473129925105
0.0, 211.9323161311772
0.0, 211.9323161311772
240.4896388661485, 75.33740856427974
0.0, 240.4896388661485
31.441938747958897, 209.04770011818962
0.0, 31.441938747958897
0.0, 31.441938747958897
387.25039723416324, 177.50456416093772
203.15508896545035, 184.0953082687129
0.0, 203.15508896545035
201.3277362654854, 1.8273526999649334
0.0, 201.3277362654854
0.0, 201.3277362654854
251.00972133673903, 136.2406758974242
0.0, 251.00972133673903
245.00992987395085, 5.999791462788181
0.0, 245.00992987395085
0.0, 245.00992987395085
602.2040891558202, 42.67955163232648
0.0, 602.2040891558202
256.01485383452734, 346.1892353212928
0.0, 256.01485383452734
201.3384265806568, 54.67642725387054
0.0, 201.3384265806568
0.0, 201.3384265806568
1331.002996284545, 142.2408919472416
381.91316223272855, 949.0898340518163
0.0, 381.91316223272855
260.6464456332273, 121.26671659950125
209.1438756074812, 51.50257002574611
0.0, 209.1438756074812
0.0, 209.1438756074812
221.53856127172028, 39.10788436150702
0.0, 221.53856127172028
0.0, 221.53856127172028
1001.396545307135, 329.60645097740985
111.3977802325108, 889.9987650746243
0.0, 111.3977802325108
0.0, 111.3977802325108
784.53424408784, 216.8623012192951
395.3803717115117, 389.15387237632825
245.93476072057675, 149.44561099093497
0.0, 245.93476072057675
0.0, 245.93476072057675
388.65967308751493, 6.720698623996782
0.0, 388.65967308751493
297.6587460142135, 91.00092707330145
0.0, 297.6587460142135
215.67028389071376, 81.98846212349972
0.0, 215.67028389071376
0.0, 215.67028389071376
641.2672007287024, 143.26704335913757
211.78579692293454, 429.48140380576785
0.0, 211.78579692293454
0.0, 211.78579692293454
251.21962779503713, 390.04757293366526
71.85413194136865, 179.36549585366848
0.0, 71.85413194136865
0.0, 71.85413194136865
249.3830639256415, 1.8365638693956328
0.0, 249.3830639256415
0.0, 249.3830639256415
