Node, generations
Node 3878, 44831.204862801285
Node 2870, 14525.742052354808
Node 1712, 1270.8515061087917
Node 1651, 1156.7793687207954
Node 1208, 1009.7337425234623
Node 976, 1002.1764300325854
Node 192, 300.3323556004784
Node 1635, 1144.1065542887688
Node 1616, 1133.4892758940748
Node 1477, 1053.4264864287793
Node 1401, 1031.5742854549592
Node 1570, 1097.5963287639145
Node 660, 822.537835064696
Node 1301, 1017.7024687750254
Node 1277, 1014.9240790498744
Node 509, 695.7218862380757
Node 1234, 1011.2421538500367
Node 697, 853.9397271109688
Node 1041, 1003.7344348184488
Node 84, 58.83072348042327
Node 81, 46.69392799621072
Node 425, 596.9397325096446
Node 148, 226.5924153631332
Node 1682, 1207.7284757120408
Node 83, 47.31487037121076
Node 1640, 1147.9478000501672
Node 2772, 12734.913139514218
Node 1272, 1014.2761977210538
Node 424, 596.5081159420615
Node 361, 534.5697015695257
Node 1121, 1006.3538395628115
Node 2207, 6074.593704581329
Node 1672, 1189.4459393466861
Node 1586, 1114.2634070169588
Node 1286, 1015.8155837228419
Node 1814, 2108.4449569181397
Node 1648, 1155.7476581425933
Node 683, 841.403568266507
Node 1568, 1096.091397598738
Node 1474, 1052.6954138048418
Node 721, 874.5292910033942
Node 87, 76.24462323994196
Node 1419, 1034.4215315024746
Node 1515, 1069.4118009652896
Node 1421, 1034.687628225368
Node 1498, 1063.9158121871822
Node 1389, 1029.2017220079701
Node 220, 333.22741488776603
Node 104, 146.02564204725294
Node 1387, 1028.937377455803
Node 1493, 1060.994162508945
Node 269, 401.3857193918895
Node 1145, 1007.1935067719497
Node 337, 499.4741811575377
Node 1701, 1250.2681134612958
Node 1684, 1211.2011448395342
Node 1598, 1122.8633275046705
Node 885, 1000.4701544342608
Node 1122, 1006.3905151300754
Node 86, 64.93257619611074
Node 136, 207.74230366795754
Node 1665, 1175.5744247110265
Node 1478, 1053.4461777225604
Node 1280, 1015.0671763123964
Node 3593, 34080.551039915794
Node 451, 622.0764112425118
Node 2300, 6839.053044175542
Node 1695, 1238.6195355442928
Node 233, 356.3791248022307
Node 1443, 1040.8593274024738
Node 88, 77.29945332701533
Node 1079, 1004.8112248273158
Node 1876, 2659.936534892626
Node 1621, 1136.3789566194052
Node 1412, 1032.9434480799061
Node 1177, 1008.4287000202996
Node 80, 21.162560343291588
Node 1639, 1146.0786882364732
Node 1229, 1011.108904918201
