Node, generations
Node 3450, 13055.670014409325
Node 2926, 2284.613086050158
Node 2726, 2058.067310184978
Node 2709, 2053.5508642799523
Node 2075, 1977.4039190630845
Node 1325, 1328.1684952857013
Node 443, 572.2291531665588
Node 1525, 1487.549226756874
Node 365, 498.0655182656156
Node 93, 84.84052475901203
Node 2585, 2026.4427608067263
Node 2101, 1994.9132425549064
Node 1169, 1210.5981776555573
Node 2831, 2120.5488110164097
Node 2556, 2021.9630615365663
Node 3172, 3804.4745538467437
Node 3060, 2828.832764789173
Node 1814, 1729.2628706449457
Node 2867, 2162.1652543567175
Node 2806, 2099.6165526505956
Node 1303, 1308.8955030079192
Node 473, 601.2977293215102
Node 2700, 2050.7391231063684
Node 2653, 2038.3319232449344
Node 2587, 2026.855049900039
Node 1363, 1355.7695051144676
Node 80, 9.812011517903086
Node 2595, 2027.8660134584359
Node 368, 501.3599795613773
Node 3127, 3347.1532996640863
Node 808, 914.8706969002328
Node 3094, 3048.6013894338907
Node 2978, 2435.8453579212373
Node 2856, 2148.9386728567415
Node 2778, 2076.714275848634
Node 2720, 2056.05269659602
Node 901, 985.1358501488686
Node 846, 938.9407770703066
Node 85, 43.65614947799215
Node 2390, 2008.5037321531897
Node 668, 793.412916871951
Node 506, 632.7032824669201
Node 106, 130.14251909547065
Node 182, 291.76314108670084
Node 1916, 1818.2483127781793
Node 89, 62.71682455591394
Node 1726, 1642.9798515318262
Node 1256, 1276.1299884586904
Node 1461, 1422.7758164389975
Node 2855, 2145.2821643516454
Node 2903, 2219.173411868669
Node 2422, 2010.1899006242957
Node 2304, 2005.1084161505755
Node 2381, 2007.9477156369924
Node 1055, 1115.6288233567234
Node 2666, 2041.9566245370954
Node 251, 383.615626672323
Node 877, 969.0136042904726
Node 234, 349.29422607304747
Node 227, 343.6481115400744
Node 3006, 2563.7182847715344
Node 1917, 1818.7194073154117
Node 729, 839.2563137830119
Node 2909, 2239.853034742311
Node 2574, 2025.1815607578485
Node 2886, 2189.2961718805027
Node 2827, 2116.514358225718
Node 2451, 2011.744353320818
Node 927, 1010.3029034031539
Node 221, 337.8100169299693
Node 2731, 2059.426942486719
Node 1262, 1279.8084477992911
Node 515, 646.4484064345983
Node 2608, 2030.1145280190512
Node 97, 87.70648624358691
Node 2866, 2162.0341140412465
Node 2800, 2094.1597733439253
Node 86, 49.325666975318434
Node 2630, 2034.5076301212384
