node_generations, branch_length
2002.4941618425896, 52343.57694375579
0.0, 2002.4941618425896
1739.8134559874156, 262.680705855174
0.0, 1739.8134559874156
0.0, 1739.8134559874156
3137.2924058831195, 51208.77869971526
2778.3435021423434, 358.94890374077613
2700.6569124573425, 77.68658968500085
2240.756562546966, 459.90034991037646
0.0, 2240.756562546966
0.0, 2240.756562546966
2272.663004496392, 427.9939079609503
0.0, 2272.663004496392
687.0958392105654, 1585.5671652858268
0.0, 687.0958392105654
0.0, 687.0958392105654
2735.9165609235893, 42.42694121875411
2037.2277669853952, 698.6887939381941
0.0, 2037.2277669853952
2023.38813062751, 13.839636357885183
0.0, 2023.38813062751
0.0, 2023.38813062751
2556.275491123164, 179.64106980042516
0.0, 2556.275491123164
2224.1636010087996, 332.11189011436454
2005.0144912719036, 219.14910973689598
0.0, 2005.0144912719036
0.0, 2005.0144912719036
2128.171859833823, 95.9917411749766
0.0, 2128.171859833823
2062.715080151691, 65.45677968213204
0.0, 2062.715080151691
898.963446456929, 1163.751633694762
0.0, 898.963446456929
0.0, 898.963446456929
3085.296601274539, 51.99580460858033
0.0, 3085.296601274539
0.0, 3085.296601274539
