Node, generations
Node 2995, 48539.42910312418
Node 1366, 1689.4993464111676
Node 1263, 1238.6808813523194
Node 1067, 1048.3324703682065
Node 901, 1016.653200280168
Node 256, 556.2555688749512
Node 1058, 1046.3275957525225
Node 1212, 1156.4930946376871
Node 963, 1025.2242190150587
Node 187, 445.5026966219738
Node 71, 125.99086604830745
Node 939, 1021.8569295122303
Node 1054, 1045.5581321328734
Node 63, 64.5215508062438
Node 1337, 1492.2742400937263
Node 1314, 1397.8078864430622
Node 1271, 1255.2901617959365
Node 1065, 1048.085236569857
Node 932, 1020.8982882938283
Node 392, 785.1594392173449
Node 117, 308.7183722427917
Node 1966, 13387.489147999424
Node 1308, 1373.0981432756707
Node 1269, 1250.3605599278262
Node 562, 996.4479559006317
Node 954, 1023.8009900635608
Node 1279, 1275.6419641178998
Node 1017, 1036.5242024324118
Node 1010, 1034.2282436753687
Node 443, 858.8593087836325
Node 242, 537.7821666528259
Node 1072, 1051.0013986307035
Node 1345, 1541.1908908315343
Node 1266, 1242.8039157659903
Node 1208, 1149.449175881263
Node 1094, 1062.188506805127
Node 263, 571.0694555095405
Node 1159, 1101.6721524733348
Node 475, 894.5072063325593
Node 1324, 1440.513111820805
Node 1290, 1303.6710584776108
Node 1109, 1070.3197174948768
Node 871, 1013.3666645642436
Node 1178, 1118.1068226034693
Node 934, 1021.0936855793724
Node 721, 1004.9915520322215
Node 350, 720.4120624833324
Node 816, 1009.3287741541509
Node 771, 1006.8938376654546
Node 998, 1031.9203154600552
Node 1322, 1414.3453119151716
Node 1203, 1145.6309689302066
Node 142, 352.5954704259901
Node 1027, 1038.9137747362395
Node 756, 1006.1533955357498
Node 610, 1001.2153725315909
Node 1246, 1215.1302779676137
Node 1179, 1118.1431236805765
Node 740, 1005.5381986291687
