node_generations, branch_length
2891.797828945308, 15426.13674371776
0.0, 2891.797828945308
0.0, 2891.797828945308
10349.887888730116, 7968.046683932951
0.0, 10349.887888730116
6929.630716895248, 3420.257171834868
1489.7809536582035, 5439.8497632370445
201.8217023541215, 1287.959251304082
0.0, 201.8217023541215
0.0, 201.8217023541215
304.50996929588587, 1185.2709843623177
0.0, 304.50996929588587
264.1842774645067, 40.325691831379174
9.862347909091842, 254.32192955541484
0.0, 9.862347909091842
0.0, 9.862347909091842
210.58988670848433, 53.594390756022364
0.0, 210.58988670848433
135.6638048108001, 74.92608189768424
0.0, 135.6638048108001
0.0, 135.6638048108001
4497.440973998842, 2432.1897428964057
262.1691528561907, 4235.271821142652
244.57469862924353, 17.594454226947164
0.0, 244.57469862924353
0.0, 244.57469862924353
244.7766290945026, 17.392523761688096
0.0, 244.7766290945026
0.0, 244.7766290945026
2452.7352771108176, 2044.7056968880247
0.0, 2452.7352771108176
754.3620576032298, 1698.3732195075877
202.8043002825229, 551.557757320707
0.0, 202.8043002825229
0.0, 202.8043002825229
219.78853577561824, 534.5735218276116
0.0, 219.78853577561824
0.0, 219.78853577561824
