Node, generations
Node 2913, 44989.716571317585
Node 931, 1434.3979566292458
Node 851, 1213.5460462775147
Node 914, 1382.6298411093646
Node 786, 1147.501950118644
Node 503, 1017.3684955478263
Node 1092, 3406.5649029521232
Node 624, 1044.5731623586653
Node 1084, 3295.724033033385
Node 586, 1032.8394345708666
Node 1076, 3179.9707497431273
Node 912, 1369.7160263121555
Node 45, 142.07196481597387
Node 962, 1828.2956510248955
Node 711, 1081.5287452093173
Node 362, 1003.9899528893623
Node 348, 1003.1612188815029
Node 883, 1291.1653361782937
Node 866, 1245.5467906834367
Node 807, 1173.038467138145
Node 511, 1018.962171027021
Node 698, 1076.5821550486332
Node 842, 1201.4958183856015
Node 555, 1027.4844291280433
Node 824, 1186.8733515607908
Node 808, 1173.1379872595683
Node 783, 1142.5873159751916
Node 757, 1123.1115030931812
Node 188, 722.8670327906683
Node 85, 393.17097273050035
Node 873, 1260.1978444056704
Node 756, 1121.9654217396771
Node 618, 1043.3359459591309
Node 871, 1258.5902707408789
Node 787, 1150.96097831717
Node 735, 1100.7086839469498
Node 710, 1081.5201078228733
Node 685, 1067.5461776973004
Node 870, 1257.0310924765142
