Node, generations
Node 2775, 97981.80080448781
Node 604, 3176.8704965742213
Node 466, 1354.1258750706456
Node 377, 1159.4725974000103
Node 535, 2238.580474090046
Node 430, 1263.5501237463086
Node 487, 1409.7544379302453
Node 426, 1252.479203801293
Node 75, 786.6457179623536
Node 470, 1378.972451691728
Node 450, 1323.0518821529806
Node 56, 650.2591919557531
Node 301, 1069.4647518235195
Node 460, 1345.2931119217005
Node 367, 1139.1343770664776
Node 190, 1017.9321027303502
Node 383, 1170.2556435103445
Node 160, 1010.8821818883464
Node 1715, 22726.673567367656
