Node, generations
Node 2447, 40521.54721086325
Node 1110, 4548.792834129551
Node 977, 1734.2566094779575
Node 998, 1896.056633206381
Node 61, 287.29282667611443
Node 953, 1578.3843675517417
Node 824, 1210.8607605703203
Node 799, 1164.8843373353511
Node 623, 1042.1213321952819
Node 725, 1095.0404863850995
Node 721, 1090.0144488551364
Node 873, 1314.4617422650908
Node 841, 1233.8434151822796
Node 786, 1153.3548555863815
Node 781, 1148.7290591224555
Node 528, 1020.0312252051626
Node 677, 1062.362752592256
Node 47, 118.3014600655937
Node 244, 898.9086382815836
Node 50, 194.17767737099425
Node 1818, 18476.903070247325
Node 964, 1633.6815129550976
Node 903, 1397.593320334788
Node 801, 1165.9732132542943
Node 700, 1074.9303051516251
Node 771, 1132.6547871447444
Node 479, 1012.5558413597129
Node 753, 1116.4771662668804
Node 736, 1102.1462849090965
Node 212, 812.7234236716345
Node 816, 1191.4298445967283
Node 752, 1116.3839911369234
Node 707, 1079.345031131678
Node 509, 1016.0968958353128
Node 475, 1012.2160130300127
Node 278, 958.2650709812673
Node 675, 1061.1936504365574
Node 963, 1630.984213883564
Node 778, 1146.3817440241428
