node_generations, branch_length
3735.5708811905643, 61910.16550984001
1152.1768293477157, 2583.3940518428485
180.96089208452523, 971.2159372631905
0.0, 180.96089208452523
0.0, 180.96089208452523
196.03573567137846, 956.1410936763373
0.0, 196.03573567137846
111.78847416026787, 84.2472615111106
0.0, 111.78847416026787
0.0, 111.78847416026787
1165.5780871395848, 2569.9927940509797
0.0, 1165.5780871395848
197.98598020769614, 967.5921069318887
0.0, 197.98598020769614
15.93202656484789, 182.05395364284826
0.0, 15.93202656484789
0.0, 15.93202656484789
13680.307186614145, 51965.429204416425
2191.6927593905343, 11488.61442722361
0.0, 2191.6927593905343
634.6769595268044, 1557.01579986373
145.1665377438495, 489.51042178295484
0.0, 145.1665377438495
0.0, 145.1665377438495
147.19849498072315, 487.4784645460812
0.0, 147.19849498072315
123.17295670669864, 24.025538274024512
104.63526790100173, 18.537688805696916
0.0, 104.63526790100173
0.0, 104.63526790100173
119.7571489607692, 3.415807745929442
111.80791268281088, 7.94923627795832
0.0, 111.80791268281088
105.56630135180312, 6.2416113310077606
0.0, 105.56630135180312
0.0, 105.56630135180312
113.94688277226811, 5.810266188501089
0.0, 113.94688277226811
108.06267650811446, 5.884206264153647
0.0, 108.06267650811446
100.56239163619767, 7.50028487191679
0.0, 100.56239163619767
0.0, 100.56239163619767
9761.165250150043, 3919.1419364641024
0.0, 9761.165250150043
5798.084221799504, 3963.081028350539
1071.6002408936008, 4726.483980905903
0.0, 1071.6002408936008
166.125250042203, 905.4749908513978
0.0, 166.125250042203
117.8296024455452, 48.29564759665779
0.0, 117.8296024455452
0.0, 117.8296024455452
3558.4637623311223, 2239.620459468382
1033.943989398042, 2524.5197729330803
139.06939200836027, 894.8745973896818
108.11536589650346, 30.954026111856805
0.0, 108.11536589650346
0.0, 108.11536589650346
125.80000501159844, 13.269386996761824
0.0, 125.80000501159844
0.0, 125.80000501159844
171.0861155348901, 862.857873863152
0.0, 171.0861155348901
0.0, 171.0861155348901
1771.9716666684426, 1786.4920956626797
0.0, 1771.9716666684426
739.4800650887805, 1032.491601579662
127.8557153690198, 611.6243497197607
0.0, 127.8557153690198
47.97188534020069, 79.88383002881912
0.0, 47.97188534020069
0.0, 47.97188534020069
187.65909557864944, 551.8209695101311
0.0, 187.65909557864944
115.83147538212654, 71.8276201965229
0.0, 115.83147538212654
0.0, 115.83147538212654
