node_generations, branch_length
2854.0448099843366, 24855.30237154585
151.8972934468586, 2702.1475165374777
0.0, 151.8972934468586
110.67199423364414, 41.22529921321447
0.0, 110.67199423364414
0.0, 110.67199423364414
2423.2445033378613, 430.8003066464753
229.32643050909354, 2193.918072828768
207.54819685173473, 21.77823365735881
0.0, 207.54819685173473
164.75727082630098, 42.79092602543375
0.0, 164.75727082630098
0.0, 164.75727082630098
226.64515832184745, 2.681272187246094
0.0, 226.64515832184745
213.365200364969, 13.279957956878434
104.35775623511142, 109.00744412985759
0.0, 104.35775623511142
102.73220312109362, 1.625553114017805
101.62629667687449, 1.10590644421913
0.0, 101.62629667687449
0.0, 101.62629667687449
102.31150735316855, 0.4206957679250678
30.828142045197282, 71.48336530797127
0.0, 30.828142045197282
0.0, 30.828142045197282
101.44878363219328, 0.8627237209752678
0.0, 101.44878363219328
0.0, 101.44878363219328
105.8244282407181, 107.5407721242509
0.0, 105.8244282407181
0.0, 105.8244282407181
1200.203291826807, 1223.0412115110544
0.0, 1200.203291826807
191.2432943199555, 1008.9599975068513
0.0, 191.2432943199555
0.0, 191.2432943199555
15302.568530012535, 12406.778651517654
966.3951597991918, 14336.173370213342
108.45264850299588, 857.9425112961959
0.0, 108.45264850299588
0.0, 108.45264850299588
564.9736570508137, 401.4215027483781
0.0, 564.9736570508137
0.0, 564.9736570508137
6948.257760898339, 8354.310769114196
1210.4386066463314, 5737.819154252008
0.0, 1210.4386066463314
278.0889202033844, 932.349686442947
141.47059603592157, 136.61832416746284
0.0, 141.47059603592157
139.92915165680185, 1.5414443791197243
0.0, 139.92915165680185
0.0, 139.92915165680185
158.67025670093483, 119.41866350244959
0.0, 158.67025670093483
0.0, 158.67025670093483
1705.7744560975402, 5242.483304800799
0.0, 1705.7744560975402
248.55549534681498, 1457.2189607507253
193.2531922550872, 55.302303091727765
110.81357140050167, 82.43962085458554
0.0, 110.81357140050167
0.0, 110.81357140050167
128.973354240636, 64.2798380144512
0.0, 128.973354240636
119.51829415027265, 9.45506009036336
0.0, 119.51829415027265
0.0, 119.51829415027265
213.210258817733, 35.34523652908197
154.8439114707196, 58.3663473470134
0.0, 154.8439114707196
0.0, 154.8439114707196
159.70882178138797, 53.50143703634504
0.0, 159.70882178138797
102.60194877789982, 57.10687300348815
0.0, 102.60194877789982
0.0, 102.60194877789982
