node_generations, branch_length
981.3600157618207, 29867.244713195043
0.0, 981.3600157618207
662.9032447790689, 318.4567709827518
116.5165587185852, 546.3866860604837
0.0, 116.5165587185852
0.0, 116.5165587185852
651.1342539228223, 11.76899085624666
0.0, 651.1342539228223
571.3404283251353, 79.79382559768692
0.0, 571.3404283251353
533.137445339921, 38.20298298521436
0.0, 533.137445339921
507.85630162237226, 25.28114371754873
0.0, 507.85630162237226
0.0, 507.85630162237226
7767.832657983882, 23080.77207097298
1478.5507317875722, 6289.28192619631
846.0047764833288, 632.5459553042434
0.0, 846.0047764833288
844.3277654767202, 1.677011006608609
568.0070700688458, 276.3206954078744
0.0, 568.0070700688458
559.2120902280327, 8.794979840813085
0.0, 559.2120902280327
0.0, 559.2120902280327
643.6200624940133, 200.7077029827069
0.0, 643.6200624940133
0.0, 643.6200624940133
902.7423113553971, 575.8084204321751
0.0, 902.7423113553971
754.6350277006502, 148.10728365474688
0.0, 754.6350277006502
598.6856299540046, 155.94939774664556
0.0, 598.6856299540046
516.3616484665071, 82.32398148749758
0.0, 516.3616484665071
0.0, 516.3616484665071
4553.4056887668585, 3214.4269692170237
0.0, 4553.4056887668585
1315.2255036101774, 3238.180185156681
797.1013279893325, 518.1241756208449
534.9643532181046, 262.13697477122787
0.0, 534.9643532181046
0.0, 534.9643532181046
537.9859003334809, 259.1154276558516
0.0, 537.9859003334809
0.0, 537.9859003334809
1029.9714210585132, 285.25408255166417
676.2878998277858, 353.68352123072737
0.0, 676.2878998277858
576.5127793213345, 99.77512050645134
500.98344762339264, 75.52933169794187
0.0, 500.98344762339264
0.0, 500.98344762339264
561.2884776321682, 15.224301689166282
0.0, 561.2884776321682
526.1437275729916, 35.14475005917666
0.0, 526.1437275729916
0.0, 526.1437275729916
709.3382497536885, 320.6331713048247
555.0694033012192, 154.26884645246935
0.0, 555.0694033012192
544.378574339257, 10.690828961962097
512.2452786274166, 32.13329571184045
0.0, 512.2452786274166
51.487995261847544, 460.75728336556904
0.0, 51.487995261847544
0.0, 51.487995261847544
522.9716563020969, 21.406918037160153
0.0, 522.9716563020969
504.42795893011527, 18.543697371981636
0.0, 504.42795893011527
0.0, 504.42795893011527
636.0970027719709, 73.24124698171761
0.0, 636.0970027719709
559.4705435422223, 76.62645922974855
0.0, 559.4705435422223
0.0, 559.4705435422223
