Node, generations
Node 2160, 14973.148012705675
Node 1862, 2546.6337604062824
Node 1583, 1149.0317570979314
Node 1525, 1095.6888199380244
Node 83, 32.56156159007488
Node 1373, 1033.3686588836426
Node 190, 264.9782543249979
Node 1749, 1611.560296778381
Node 1724, 1473.3209249775982
Node 1456, 1055.44485624961
Node 89, 53.95956948633686
Node 1712, 1429.3046932629888
Node 1605, 1184.0535812713904
Node 1393, 1037.9741764045082
Node 1573, 1137.5760876458448
Node 1520, 1090.823902789046
Node 776, 905.1025410539504
Node 223, 336.9772418588667
Node 487, 631.212692598912
Node 485, 630.4796010164565
Node 407, 553.178664900018
Node 1536, 1101.8091061863383
Node 1469, 1062.7946060097115
Node 1258, 1017.3269488246914
Node 1688, 1359.4617043905441
Node 1345, 1026.8998795041941
Node 1939, 5921.96943723693
Node 1670, 1295.2729897312026
Node 1061, 1004.7630201665175
Node 977, 1002.258265416623
Node 1635, 1230.090822862948
Node 1404, 1039.7649375349913
Node 1235, 1015.5109888272947
Node 1596, 1171.977438607561
Node 1429, 1046.8532335559964
Node 1412, 1042.8413951294326
Node 1006, 1003.0139804296156
Node 681, 818.9909641550347
Node 1198, 1011.799460707835
Node 1147, 1008.5176513352973
Node 95, 77.6924793161676
Node 1423, 1045.5976454824915
Node 1389, 1035.9664399319759
Node 546, 684.5651369333848
Node 82, 21.404488481476797
Node 1461, 1056.672228861584
Node 502, 642.3293323261094
Node 1816, 1968.6605655750207
Node 1470, 1063.2548409653682
Node 1294, 1020.5505996762121
Node 303, 433.53694474478436
Node 1784, 1759.0941388485348
Node 1402, 1039.6781484072824
Node 1342, 1026.8166703624047
Node 1304, 1021.4070909743801
Node 1010, 1003.0917877407172
Node 1769, 1694.3477432284476
Node 1476, 1065.3772225192556
Node 413, 559.8072897468927
Node 131, 184.03411474915114
Node 1719, 1449.9807609011925
Node 1651, 1258.783738975999
Node 85, 40.435515973304064
Node 217, 322.4643696828365
Node 1684, 1350.7876462226682
Node 1606, 1184.2784731275015
Node 1517, 1088.940302196508
Node 1485, 1070.1321454725178
Node 1396, 1038.3816542904365
Node 1321, 1023.0487255728113
Node 1017, 1003.2686097433885
Node 852, 978.4233383470773
Node 231, 344.6442913633187
Node 374, 516.5259234487941
Node 109, 116.61579554954737
Node 1403, 1039.7166843431694
Node 722, 859.7868334433476
Node 238, 355.7542572207603
Node 1323, 1023.5294550607667
