Node, generations
Node 2979, 70823.02222607101
Node 114, 289.64673202271433
Node 80, 240.0151688684201
Node 60, 227.23716243078496
Node 2711, 48747.410288733896
Node 2047, 23022.76661270886
Node 470, 2680.017211001856
Node 130, 327.2894489279566
Node 63, 230.0601218111161
Node 65, 231.07005477439267
Node 1618, 14396.646563739869
Node 670, 4006.3864502303504
Node 120, 304.1788504571674
Node 622, 3701.3977171270476
Node 98, 259.52443220562026
Node 141, 343.73357457976863
Node 140, 342.7992583065306
Node 1016, 6749.405406675753
Node 407, 2346.995452510193
