Node, generations
Node 2325, 34257.693825534705
Node 856, 1205.4936596645787
Node 774, 1099.2669615832776
Node 843, 1175.2200146353077
Node 41, 51.949427691684186
Node 552, 1018.8991442242487
Node 351, 1000.389619249571
Node 198, 642.4606990107239
Node 1598, 13159.605224593952
Node 977, 1562.2526437408926
Node 929, 1362.1302651196117
Node 467, 1007.434212021969
Node 192, 616.4334575545324
Node 923, 1346.986079512703
Node 389, 1002.5069527596074
Node 703, 1062.590691445858
Node 65, 226.08250370603145
Node 695, 1059.3758471709532
Node 583, 1024.969660544615
Node 1055, 2625.092541461103
Node 936, 1382.0355477084909
Node 677, 1053.022854595339
Node 43, 55.87871875711101
Node 534, 1015.7218766190836
Node 432, 1005.1059724818492
Node 866, 1224.8228749616555
Node 802, 1121.599750867505
Node 82, 325.4195152673205
Node 848, 1184.4377875149346
Node 704, 1063.6329410364583
Node 95, 379.3999685287174
Node 838, 1168.1764630350376
Node 366, 1001.1949798232059
Node 1010, 1791.334878206421
Node 832, 1159.9149194700256
Node 921, 1337.904118324823
Node 77, 274.41191937712415
Node 894, 1264.7629002031883
Node 877, 1236.0793577936909
