Node, generations
Node 860, 7343.850575526725
Node 557, 535.9807965626883
Node 392, 276.60560217075266
Node 441, 313.6368482917224
Node 426, 305.12000034416536
Node 731, 1846.1557432132806
Node 663, 1129.3920790342452
Node 527, 464.96717820244385
Node 490, 391.33461990901617
Node 218, 212.56471142086227
Node 485, 386.3255358237805
Node 440, 313.2785848958927
Node 110, 201.9252732635996
Node 451, 327.40188330535716
Node 413, 294.47370490282793
Node 302, 237.1882836926266
Node 232, 214.56151577897157
Node 76, 130.95554970124633
Node 60, 8.843490385399262
Node 501, 405.2662094901042
Node 484, 384.4363475169249
Node 450, 324.4846036105486
Node 290, 232.65385846969494
Node 480, 375.1758563251835
Node 323, 242.83840318208712
Node 278, 227.58356810305395
Node 625, 850.421402247978
Node 583, 624.6094727943462
Node 561, 547.5087284107761
Node 404, 286.09394930082755
Node 667, 1142.181682882349
Node 412, 293.78045849206836
Node 378, 267.4587576324612
Node 335, 244.91034397799507
Node 111, 202.0754126042089
Node 346, 249.79707819830904
Node 649, 951.4444566061144
Node 374, 264.0652555431018
Node 266, 221.73399229381872
Node 361, 259.1338663099619
Node 257, 219.9528985064453
Node 177, 208.52913252513184
Node 351, 253.26106559777193
Node 321, 242.2752702427423
Node 90, 200.11050926925972
Node 564, 552.2909643623436
Node 365, 260.60666509758863
Node 227, 213.8305833577219
Node 550, 528.5316295486637
Node 489, 391.00397606130525
Node 377, 265.8584162064257
Node 337, 245.71183614956368
Node 144, 204.51445134754042
Node 217, 212.56297952023158
Node 526, 457.8705310246231
Node 405, 287.91328617373296
Node 461, 341.5446235499305
Node 81, 160.2237074904066
Node 367, 261.87329292668664
