Node, generations
Node 1951, 54624.328514086454
Node 732, 461.1273161563542
Node 296, 208.95394401962466
Node 200, 202.8615947635338
Node 96, 92.33183302318577
Node 709, 411.3639685267698
Node 517, 253.99645410029197
Node 320, 210.57805126628347
Node 436, 227.6237849729952
Node 681, 367.56106054042584
Node 293, 208.80542402231669
Node 975, 4153.323233349544
Node 549, 269.0520976664025
Node 485, 240.69319163279968
Node 445, 230.03491428821752
Node 945, 1896.7008520853235
Node 805, 665.9824714878807
Node 771, 540.0397144489893
Node 748, 479.97496304614805
Node 680, 367.4018851839106
Node 440, 228.52693151700487
Node 630, 322.5720873379657
Node 613, 308.90217430493425
Node 405, 221.85681595072379
Node 277, 207.22161031482622
Node 270, 206.8892828268907
Node 162, 200.68548848662047
Node 760, 506.7219082088226
Node 362, 214.69932850708727
Node 775, 547.592868177975
Node 749, 481.66316589923724
Node 628, 319.6481331278887
Node 565, 276.97319516136946
Node 434, 227.56729135374152
Node 261, 206.1177170554192
Node 289, 208.33355181363888
Node 494, 243.73651219906517
Node 275, 207.155940470698
Node 600, 302.24450099052325
Node 900, 1407.7447061342077
Node 493, 243.09369405780788
Node 843, 857.152025434545
Node 787, 584.5822039308805
Node 765, 511.11255226187774
Node 552, 270.73556260772557
Node 294, 208.884647337196
Node 784, 572.1557581452139
Node 686, 373.1855300205334
Node 636, 326.3039257981889
Node 608, 307.21465212968167
Node 435, 227.57474518222583
Node 234, 204.374420765525
Node 167, 200.80579580485798
Node 534, 261.20324723515506
Node 311, 209.72245687137675
Node 456, 233.59722879847465
Node 272, 206.93324599377266
Node 91, 78.99582588945157
Node 672, 360.5750073567715
Node 594, 299.11812800449826
Node 590, 296.90788774374266
Node 586, 293.76860575337224
Node 407, 222.05866847890036
Node 587, 294.5694872779322
Node 142, 195.73080667343547
Node 579, 286.9310385187001
Node 556, 272.96581307151365
Node 728, 448.77993925064845
Node 194, 202.5040399336996
Node 536, 263.53304045949795
Node 375, 216.45646251635185
Node 271, 206.89117586993163
Node 231, 204.29136881625712
Node 521, 256.3833740753097
Node 409, 222.2868377298546
Node 811, 685.1276380319146
Node 463, 235.96828087140412
Node 720, 424.9912696710596
Node 339, 212.27994400706922
