Node, generations
Node 2819, 27852.959612560255
Node 2084, 13038.880776329914
Node 2647, 23191.313989006972
Node 2249, 15707.606793846897
Node 1594, 7648.850769256655
Node 403, 745.4121301672893
Node 328, 226.21264750848917
Node 177, 84.80549901193555
Node 111, 61.82612145624945
Node 152, 75.55953907078757
Node 221, 113.8137470321398
Node 331, 237.07178028407643
Node 170, 82.45516889594019
Node 1247, 4966.90892412966
Node 180, 85.23645174965972
Node 64, 50.29648611306522
Node 678, 1972.6671637441264
Node 313, 203.77580991438245
Node 283, 165.9818210898144
Node 200, 98.31289927835054
Node 185, 87.94560682600337
Node 213, 107.14151284125388
Node 301, 186.47205678691216
Node 240, 132.38791102375916
Node 82, 53.91966709711655
Node 255, 141.81184407670662
Node 73, 52.78304134823989
Node 239, 130.97320198017573
Node 193, 92.03655851868832
Node 156, 76.2441302439975
Node 176, 84.71516164929304
Node 201, 99.03378612565518
Node 1651, 8089.088766868893
Node 232, 124.77300256537809
Node 620, 1641.8128453498512
Node 323, 221.6517666547737
Node 162, 79.6041798444224
Node 250, 135.62098200038676
Node 117, 62.957975496222424
Node 474, 1048.9966509368328
Node 248, 134.42047674794406
Node 148, 73.69674936789775
Node 125, 65.71633705906957
Node 79, 53.58158067313765
Node 91, 55.428580399112924
Node 415, 808.440491461878
Node 259, 146.1098665028489
Node 220, 113.73719086547396
Node 160, 79.05231832988241
Node 241, 132.72449797297583
Node 60, 13.509953437619389
Node 218, 112.65572304659919
Node 373, 575.8246021894574
Node 352, 416.10559808312337
Node 210, 105.34112831255734
Node 314, 207.00046423995468
Node 252, 138.904564175911
Node 164, 80.17182003117739
Node 123, 65.47584425541591
