node_generations, branch_length
1741.7445497584163, 11662.607306464339
1078.797744164391, 662.9468055940254
0.0, 1078.797744164391
0.0, 1078.797744164391
1549.7471214130078, 191.99742834540848
1077.4223271289416, 472.32479428406623
0.0, 1077.4223271289416
1058.7369794677752, 18.68534766116636
0.0, 1058.7369794677752
0.0, 1058.7369794677752
1150.0467520264106, 399.70036938659723
1060.3366885636115, 89.7100634627991
0.0, 1060.3366885636115
0.0, 1060.3366885636115
1069.3550487253785, 80.69170330103202
0.0, 1069.3550487253785
1038.4149182133608, 30.94013051201773
0.0, 1038.4149182133608
1015.4769698431711, 22.9379483701897
0.0, 1015.4769698431711
0.0, 1015.4769698431711
10431.627315803402, 2972.7245404193527
1853.059487670073, 8578.56782813333
1360.0801819413493, 492.9793057287236
1038.0434704914896, 322.0367114498597
0.0, 1038.0434704914896
1032.32028659742, 5.723183894069734
0.0, 1032.32028659742
610.7183378248728, 421.6019487725471
0.0, 610.7183378248728
0.0, 610.7183378248728
1289.4576800149025, 70.62250192644683
0.0, 1289.4576800149025
1216.6668100958561, 72.79086991904637
0.0, 1216.6668100958561
98.76663291133887, 1117.9001771845174
0.0, 98.76663291133887
0.0, 98.76663291133887
1715.7963488462506, 137.26313882382237
1160.9160123233448, 554.8803365229057
0.0, 1160.9160123233448
1146.918342913946, 13.997669409398895
1084.9804174712363, 61.937925442709684
0.0, 1084.9804174712363
1022.7043254262594, 62.27609204497685
0.0, 1022.7043254262594
791.6148494960454, 231.089475930214
0.0, 791.6148494960454
275.02537055629193, 516.5894789397535
0.0, 275.02537055629193
0.0, 275.02537055629193
1088.5567066490833, 58.36163626486268
0.0, 1088.5567066490833
1007.3354115928274, 81.22129505625583
0.0, 1007.3354115928274
0.0, 1007.3354115928274
1508.0948569641134, 207.70149188213713
1133.3783216963318, 374.71653526778164
0.0, 1133.3783216963318
1002.4949450135276, 130.88337668280417
0.0, 1002.4949450135276
0.0, 1002.4949450135276
1441.5556248057464, 66.53923215836699
2.7599508854946255, 1438.7956739202518
0.0, 2.7599508854946255
0.0, 2.7599508854946255
1085.5486003075903, 356.00702449815617
1027.6423781164378, 57.90622219115244
0.0, 1027.6423781164378
0.0, 1027.6423781164378
1076.8025815596397, 8.74601874795053
0.0, 1076.8025815596397
0.0, 1076.8025815596397
1983.3791792973677, 8448.248136506034
0.0, 1983.3791792973677
1172.6769839371054, 810.7021953602623
0.0, 1172.6769839371054
0.0, 1172.6769839371054
