node_generations, branch_length
1365.5651009740834, 15000.886634592223
330.3832739048767, 1035.1818270692067
0.0, 330.3832739048767
274.48877088238225, 55.89450302249446
0.0, 274.48877088238225
203.08423710139303, 71.40453378098923
0.0, 203.08423710139303
0.0, 203.08423710139303
907.1211899263046, 458.4439110477788
230.59543004198943, 676.5257598843152
0.0, 230.59543004198943
226.92371355057827, 3.6717164914111606
0.0, 226.92371355057827
0.0, 226.92371355057827
315.84013826439457, 591.28105166191
0.0, 315.84013826439457
0.0, 315.84013826439457
8416.809987088029, 7949.641748478278
7637.605674975191, 779.2043121128381
0.0, 7637.605674975191
1069.4996978574875, 6568.105977117703
0.0, 1069.4996978574875
0.0, 1069.4996978574875
7816.9248491116905, 599.8851379763382
261.32021342832877, 7555.604635683361
0.0, 261.32021342832877
0.0, 261.32021342832877
5023.2142316859545, 2793.710617425736
222.66425591720946, 4800.549975768745
0.0, 222.66425591720946
0.0, 222.66425591720946
2611.641998790452, 2411.5722328955026
21.98717693685621, 2589.654821853596
0.0, 21.98717693685621
0.0, 21.98717693685621
290.8594260756047, 2320.7825727148474
0.0, 290.8594260756047
0.0, 290.8594260756047
