Node, generations
Node 2901, 26581.370542006505
Node 1865, 9279.351527234754
Node 566, 310.6778801125452
Node 512, 241.2615405386214
Node 142, 103.9448606179231
Node 443, 182.70553423537277
Node 216, 110.40758587089772
Node 1549, 6354.323315414796
Node 645, 857.5107655427383
Node 376, 144.28875237755975
Node 310, 124.27456325932326
Node 173, 105.89742582488553
Node 137, 103.37575625192547
Node 242, 113.95689347978954
Node 82, 54.08821767956504
Node 416, 164.22544209031398
Node 269, 117.12099580313738
Node 1098, 3321.330069630372
Node 441, 182.3424759845426
Node 374, 143.78057243206953
Node 134, 103.27751322998138
Node 114, 101.81816656032363
Node 307, 123.60775176070321
Node 771, 1515.023037666266
Node 451, 185.03944209806468
Node 378, 144.73763636619222
Node 437, 178.99896816685674
Node 410, 160.92038686418428
Node 377, 144.41392210614086
Node 686, 1048.362582441124
Node 513, 243.7618797542869
Node 486, 221.57733040490461
Node 511, 238.95188642803922
Node 396, 152.50090317473288
Node 319, 127.16407053948296
Node 305, 123.06742732083116
Node 466, 199.0653176022019
Node 402, 156.49682107583683
Node 359, 137.65458453342242
Node 202, 108.7640646422523
Node 383, 147.05224662614276
Node 289, 120.33685432480303
Node 300, 122.3771785972297
Node 259, 115.62721882508104
Node 107, 101.15112041516781
Node 601, 483.3679795658318
Node 223, 111.19493179786375
Node 2664, 20923.219789477647
Node 1626, 6993.283993280302
Node 518, 246.48939686192324
Node 343, 133.46781198632243
Node 231, 112.85271627281205
Node 498, 226.3919791568842
Node 372, 142.88554789522064
Node 271, 117.49065046476338
Node 211, 109.58956301056008
Node 228, 112.55723286606568
Node 178, 106.12045205282125
Node 126, 102.6116512980532
Node 2303, 14687.282809397966
Node 408, 159.71474494070327
Node 1409, 5292.494247015004
Node 1170, 3774.3861677009945
Node 448, 183.87756924472384
Node 347, 134.2647777463236
Node 935, 2434.560162027693
Node 545, 279.46085803774554
Node 479, 214.36579449026095
Node 328, 129.71062064108003
Node 91, 79.26572655995668
Node 475, 209.81142885024778
Node 368, 142.4199925614099
Node 264, 116.56513357082433
Node 387, 148.89396609549195
Node 783, 1592.3876770847119
Node 678, 1006.2808417330791
Node 338, 132.6928229126141
Node 399, 155.38708787833946
Node 340, 133.0370516799585
