Node, generations
Node 2449, 84951.70035445686
Node 223, 708.1941817441526
Node 126, 323.36773642327995
Node 1351, 20519.00647463567
Node 206, 608.7570117966887
Node 148, 386.05362620747024
Node 97, 256.54527362489097
Node 20, 19.270039118683673
Node 110, 280.13634357153734
Node 94, 254.500150232284
Node 109, 279.15101199430825
Node 28, 201.6914018414645
Node 23, 152.73627620580845
Node 1081, 15155.052945810325
Node 49, 220.8932830351969
Node 205, 596.7890199476902
Node 135, 352.36699113924624
Node 101, 260.0123147371802
Node 168, 440.8241214154354
