Node, generations
Node 2014, 17738.360478393235
Node 278, 336.0626733349608
Node 221, 228.4463310736862
Node 100, 116.94289713645222
Node 205, 203.24815420168508
Node 1606, 11037.959138770573
Node 282, 343.1672391060789
Node 134, 136.35547095304204
Node 79, 108.13983936098822
Node 59, 103.21594041934647
Node 272, 332.04099301667225
Node 1301, 7467.819117720642
Node 891, 4011.1201663082775
Node 327, 680.2557617953322
Node 216, 220.91429652833438
Node 179, 176.6635902222956
Node 111, 123.03231602665522
Node 1005, 4955.629138912716
Node 447, 1417.5169464605558
Node 131, 133.86786843346826
Node 269, 319.2911902630885
Node 168, 157.8530285611705
Node 159, 152.8397456157156
Node 99, 116.27066900199554
Node 871, 3885.723407683029
Node 241, 257.1442201598696
Node 123, 130.27626017453267
Node 57, 102.92379332218448
Node 226, 237.06882534733538
Node 124, 130.32291018427176
Node 187, 185.30737131318128
Node 148, 146.5820493531214
Node 95, 114.19923300056776
Node 339, 744.1987748834648
Node 149, 147.2827776201283
Node 121, 129.0884579464681
Node 112, 123.85941512653758
Node 265, 309.9531878989948
Node 167, 157.831644646238
