Node, generations
Node 1749, 12485.243942735726
Node 1437, 2329.456577428176
Node 1120, 1078.1863553751189
Node 569, 982.6950986606716
Node 1420, 2084.382796075528
Node 1253, 1225.6837111466436
Node 66, 95.57600568976146
Node 1250, 1223.0844701882238
Node 1171, 1117.3265939878147
Node 1108, 1073.5037987387032
Node 752, 1005.7104284162235
Node 1315, 1411.5766974661262
Node 1131, 1082.5210059536414
Node 467, 851.3610590728993
Node 1188, 1131.1788286076503
Node 1057, 1047.433008491897
Node 1047, 1043.9107795650207
Node 160, 359.26828946953725
Node 995, 1030.8537451689765
Node 767, 1006.44743030881
Node 895, 1014.734545853925
Node 1141, 1090.7096227911782
Node 1576, 7592.969732217913
Node 1290, 1330.2971980058287
Node 1234, 1194.4997062710215
Node 1200, 1139.8616066322134
Node 122, 286.85140249190596
Node 1227, 1183.3872396992106
Node 1150, 1099.9266438475986
Node 1026, 1038.0200371732806
Node 1018, 1035.1067801359488
Node 737, 1005.0674302335958
Node 910, 1016.5896372468586
Node 678, 1003.0050951173037
Node 254, 533.6604584167657
Node 1121, 1078.4719220282698
Node 1073, 1053.8803857354187
Node 956, 1023.3985429826777
Node 1284, 1315.1092325894735
Node 1270, 1275.3630851432201
Node 1044, 1043.3378246997063
Node 632, 1001.4858158742632
Node 330, 648.0183599587809
Node 1010, 1033.8582338429055
Node 1248, 1221.6227153387758
Node 804, 1008.3998146575794
Node 983, 1027.9804340988862
Node 726, 1004.5438090222327
Node 908, 1016.1464584215495
Node 1281, 1299.6981074305565
Node 1203, 1148.4408318462242
Node 1039, 1042.1117250596255
Node 201, 439.6257803891276
Node 1313, 1398.7141636735082
Node 1312, 1393.735029470281
Node 905, 1015.9021774155747
Node 304, 607.936961981456
Node 871, 1012.998130764565
Node 208, 448.93928656171715
