node_generations, branch_length
891.5570563811361, 38803.82924390515
431.685341953694, 459.87171442744216
0.0, 431.685341953694
215.80603466643024, 215.87930728726374
0.0, 215.80603466643024
0.0, 215.80603466643024
460.0328074741161, 431.52424890702
0.0, 460.0328074741161
0.0, 460.0328074741161
12786.928417863794, 26908.457882422492
241.2408042264605, 12545.687613637334
0.0, 241.2408042264605
0.0, 241.2408042264605
793.6731136798313, 11993.255304183962
407.809379781904, 385.8637338979273
0.0, 407.809379781904
0.0, 407.809379781904
704.2204489164363, 89.45266476339498
368.69822001848, 335.5222288979563
0.0, 368.69822001848
305.3790923662297, 63.3191276522503
0.0, 305.3790923662297
269.1736795843803, 36.20541278184942
0.0, 269.1736795843803
0.0, 269.1736795843803
595.5270566142414, 108.69339230219498
342.94451024381124, 252.58254637043012
0.0, 342.94451024381124
214.0181526664845, 128.92635757732674
0.0, 214.0181526664845
0.0, 214.0181526664845
444.2824380837487, 151.2446185304927
200.07466938109175, 244.20776870265692
0.0, 200.07466938109175
0.0, 200.07466938109175
209.64985898590646, 234.6325790978422
0.0, 209.64985898590646
0.0, 209.64985898590646
