Node, generations
Node 697, 5020.1991479200915
Node 611, 2329.6795387799807
Node 475, 1416.0169450154865
Node 242, 1039.0793642991705
Node 459, 1374.5920465383806
Node 245, 1040.62024118956
Node 483, 1438.9350204276466
Node 304, 1076.937516536401
Node 466, 1389.799192242928
Node 420, 1272.1174971143796
Node 227, 1031.3489616809877
Node 365, 1142.7683774480986
Node 170, 1012.5059939364877
Node 638, 2622.9783540075778
Node 602, 2185.253888610151
Node 339, 1107.6773345476552
Node 35, 524.6304872259288
Node 344, 1115.111581614126
Node 306, 1078.2852466159484
