node_generations, branch_length
459.09710480861474, 11566.544878397493
352.7055709667563, 106.39153384185846
0.0, 352.7055709667563
310.83928475514347, 41.86628621161282
0.0, 310.83928475514347
0.0, 310.83928475514347
434.5135727680532, 24.583532040561522
265.59409008370665, 168.91948268434658
200.58668715058292, 65.00740293312373
0.0, 200.58668715058292
0.0, 200.58668715058292
241.23350141968209, 24.36058866402456
0.0, 241.23350141968209
0.0, 241.23350141968209
318.8393344742561, 115.67423829379715
0.0, 318.8393344742561
239.21132062404652, 79.62801385020956
0.0, 239.21132062404652
219.47769641088215, 19.733624213164376
0.0, 219.47769641088215
200.8581422304462, 18.619554180435955
0.0, 200.8581422304462
0.0, 200.8581422304462
11003.819046581963, 1021.8229366241449
656.9756568573443, 10346.843389724618
235.7357831454116, 421.2398737119328
0.0, 235.7357831454116
206.7830505891835, 28.952732556228113
0.0, 206.7830505891835
0.0, 206.7830505891835
284.8927966188775, 372.0828602384668
0.0, 284.8927966188775
0.0, 284.8927966188775
1058.9921416161937, 9944.826904965768
527.332001600792, 531.6601400154018
331.02197875306916, 196.3100228477228
0.0, 331.02197875306916
249.88799888363815, 81.13397986943102
0.0, 249.88799888363815
125.27325753834879, 124.61474134528936
0.0, 125.27325753834879
0.0, 125.27325753834879
348.1227343158382, 179.20926728495374
0.0, 348.1227343158382
322.2196647189055, 25.90306959693271
276.5074823654736, 45.7121823534319
0.0, 276.5074823654736
240.61335828011903, 35.894124085354576
0.0, 240.61335828011903
0.0, 240.61335828011903
286.03186306390296, 36.187801655002545
0.0, 286.03186306390296
270.3970606310015, 15.634802432901438
0.0, 270.3970606310015
270.3565401232066, 0.04052050779489491
0.0, 270.3565401232066
233.06407363988998, 37.292466483316645
201.7251950966936, 31.338878543196387
0.0, 201.7251950966936
0.0, 201.7251950966936
225.23668500200648, 7.827388637883502
0.0, 225.23668500200648
0.0, 225.23668500200648
767.422249753882, 291.5698918623117
414.46234375529974, 352.9599059985823
0.0, 414.46234375529974
406.8945947726612, 7.567748982638534
242.0885192939439, 164.8060754787173
0.0, 242.0885192939439
0.0, 242.0885192939439
281.605148348208, 125.28944642445322
0.0, 281.605148348208
0.0, 281.605148348208
622.3423046296161, 145.07994512426592
0.0, 622.3423046296161
253.16163826249064, 369.18066636712547
0.0, 253.16163826249064
0.0, 253.16163826249064
