node_generations, branch_length
0.0, 24593.087058491517
15686.47527549201, 8906.611782999507
1691.3018805293657, 13995.173394962645
748.7149167433739, 942.5869637859918
0.0, 748.7149167433739
216.35644191776368, 532.3584748256103
0.0, 216.35644191776368
173.47780318945132, 42.87863872831235
0.0, 173.47780318945132
0.0, 173.47780318945132
1659.6180613661102, 31.68381916325552
0.0, 1659.6180613661102
0.0, 1659.6180613661102
13953.564164276857, 1732.9111112151531
0.0, 13953.564164276857
7038.52771812549, 6915.036446151367
3602.7341156725915, 3435.793602452898
0.0, 3602.7341156725915
0.0, 3602.7341156725915
4445.160948259853, 2593.3667698656363
2044.270849450958, 2400.8900988088953
205.6193021334681, 1838.6515473174898
0.0, 205.6193021334681
0.0, 205.6193021334681
1529.529230665743, 514.741618785215
449.9084196637414, 1079.6208110020016
0.0, 449.9084196637414
110.20811198978807, 339.7003076739534
0.0, 110.20811198978807
0.0, 110.20811198978807
1361.5967288690188, 167.93250179672418
187.9201980131488, 1173.67653085587
171.5746718531306, 16.34552616001818
146.68221238150394, 24.892459471626665
0.0, 146.68221238150394
138.484014606493, 8.198197775010954
0.0, 138.484014606493
0.0, 138.484014606493
150.78249386943736, 20.79217798369325
0.0, 150.78249386943736
124.60676309440622, 26.17573077503114
0.0, 124.60676309440622
101.25860736691861, 23.348155727487608
0.0, 101.25860736691861
100.6220504852719, 0.6365568816467118
0.0, 100.6220504852719
0.0, 100.6220504852719
178.15800485714834, 9.76219315600045
0.0, 178.15800485714834
0.0, 178.15800485714834
434.624006754286, 926.9727221147327
0.0, 434.624006754286
195.53461534556254, 239.08939140872343
114.50173313350238, 81.03288221206016
0.0, 114.50173313350238
0.0, 114.50173313350238
194.93143441122942, 0.6031809343331247
0.0, 194.93143441122942
181.90100952814706, 13.030424883082361
117.6424515191041, 64.25855800904296
0.0, 117.6424515191041
0.0, 117.6424515191041
134.97412909190342, 46.926880436243636
0.0, 134.97412909190342
0.0, 134.97412909190342
3350.1166349400305, 1095.0443133198228
0.0, 3350.1166349400305
1220.3252621746772, 2129.791372765353
137.88282912173722, 1082.44243305294
0.0, 137.88282912173722
0.0, 137.88282912173722
247.70604601582212, 972.619216158855
0.0, 247.70604601582212
122.0189270938966, 125.68711892192553
0.0, 122.0189270938966
104.23805752257535, 17.780869571321247
0.0, 104.23805752257535
0.0, 104.23805752257535
