Node, generations
Node 1779, 27523.42777651539
Node 762, 6926.976834713126
Node 327, 2117.7906946049015
Node 215, 533.9381148662563
Node 165, 373.95935896757504
Node 58, 219.14717176728888
Node 149, 334.51984734454766
Node 57, 218.57327662026364
Node 185, 433.83346354033296
Node 68, 228.11899494424821
Node 238, 826.4347077068148
Node 1489, 19584.816620005953
Node 205, 495.3397801266983
Node 126, 288.7720102727634
Node 97, 245.66052382741194
Node 223, 551.4765328289116
Node 27, 203.3904993816415
Node 196, 461.1055612081729
Node 94, 244.23035965321745
