Node, generations
Node 3257, 37722.45767183147
Node 2049, 10773.448117268721
Node 698, 1295.7212124153905
Node 499, 328.1064884677681
Node 556, 499.7618759811912
Node 380, 248.138533807172
Node 240, 211.55319127348935
Node 457, 288.3467772514409
Node 1027, 2692.057550703435
Node 534, 381.18247832099075
Node 521, 355.5895080250046
Node 417, 264.9873751154555
Node 356, 234.3602417155181
Node 339, 230.18983013690072
Node 321, 225.0746404610023
Node 526, 370.74868067652983
Node 498, 325.59265693286295
Node 410, 260.90116489845616
Node 505, 337.23467654297906
Node 456, 288.2662933657286
Node 2213, 12806.656274146104
Node 360, 236.42732930913337
Node 255, 213.8799692883922
Node 223, 209.90399899828623
Node 1627, 6477.095173657822
Node 289, 220.00372287844874
Node 125, 201.92980003659295
Node 1057, 2830.591697462719
Node 559, 506.0052262412568
Node 334, 228.76197418656704
Node 286, 219.43703965697574
Node 71, 86.92942020829408
Node 492, 320.1737903124844
Node 345, 231.68944382432142
Node 477, 308.9625241339218
Node 342, 231.19135361631305
Node 185, 206.39975031692336
Node 147, 203.2958332477233
Node 271, 215.72777087681686
Node 214, 209.1009282241029
Node 77, 121.4596298794152
Node 433, 276.7327562967385
Node 227, 210.34833096177883
Node 927, 2195.516904827031
Node 504, 335.9629596645975
Node 284, 218.9020141632997
Node 253, 213.46324889280294
Node 728, 1422.5122573472772
Node 518, 352.39800292229535
Node 725, 1415.496438656689
Node 536, 382.8428575059269
Node 496, 324.86803178000156
Node 441, 279.403019015478
Node 241, 211.5706674396755
Node 486, 316.6656297581843
Node 131, 202.2705897319272
Node 114, 201.02267368558847
Node 349, 232.94465191642067
Node 193, 207.21991028169379
