Node, generations
Node 2955, 35933.191447216836
Node 1542, 8429.57275419252
Node 482, 1587.8671745066702
Node 41, 62.2519098749567
Node 942, 4011.193117784597
Node 90, 112.8012686644673
Node 764, 2953.0761790917936
Node 209, 202.79298578423584
Node 169, 160.22712370861254
Node 158, 149.63620134418494
Node 50, 101.5543787734679
Node 336, 927.6302678936069
Node 110, 122.89048813425117
Node 194, 181.50409470017152
Node 131, 134.24105681679245
Node 1727, 10488.838325249906
Node 1124, 5206.179174317454
Node 299, 700.2737086357181
Node 166, 157.87234590743452
Node 49, 101.50837132071771
Node 968, 4184.965232119906
Node 1322, 6687.603342428052
Node 1039, 4631.260049043024
Node 626, 2290.0675148240675
Node 250, 384.1156270022294
Node 133, 134.71666838722743
Node 224, 226.81632980874556
Node 88, 112.47264309681825
Node 52, 101.90161070994728
Node 208, 202.60826685198165
Node 45, 100.75022457925122
Node 136, 135.51531194136953
Node 648, 2400.422629665378
Node 181, 170.35393919706902
Node 153, 148.31640506302466
Node 119, 127.14489353340335
Node 65, 106.17734858177317
Node 43, 100.69387170525279
Node 141, 137.978696073898
