node_generations, branch_length
1864.5822906347462, 300.6777703597577
958.9536411472841, 905.6286494874621
758.7460569429486, 200.2075842043355
571.385057026326, 187.36099991662263
0.0, 571.385057026326
0.0, 571.385057026326
673.7133130423462, 85.03274390060244
0.0, 673.7133130423462
560.1523272379957, 113.56098580435048
0.0, 560.1523272379957
0.0, 560.1523272379957
907.9503933538958, 51.003247793388255
678.7370547919564, 229.2133385619394
0.0, 678.7370547919564
593.5864961168147, 85.15055867514172
577.1862377986524, 16.400258318162287
0.0, 577.1862377986524
246.507878537077, 330.67835926157545
0.0, 246.507878537077
0.0, 246.507878537077
583.6558072327073, 9.93068888410744
0.0, 583.6558072327073
535.3959230070776, 48.25988422562966
0.0, 535.3959230070776
0.0, 535.3959230070776
854.9222004760517, 53.02819287784416
0.0, 854.9222004760517
521.6716692706742, 333.25053120537746
0.0, 521.6716692706742
0.0, 521.6716692706742
1146.6171011450863, 717.9651894896599
0.0, 1146.6171011450863
562.4936344330258, 584.1234667120605
0.0, 562.4936344330258
0.0, 562.4936344330258
2146.8598581399965, 18.40020285450737
1035.4021375972022, 1111.4577205427943
553.8013563700316, 481.6007812271706
0.0, 553.8013563700316
0.0, 553.8013563700316
595.5610315908069, 439.8411060063953
0.0, 595.5610315908069
556.7006942606395, 38.860337330167454
0.0, 556.7006942606395
537.3049494475426, 19.395744813096826
0.0, 537.3049494475426
0.0, 537.3049494475426
1819.5984561701262, 327.26140196987035
1008.5725175564703, 811.0259386136559
785.6215277504986, 222.95098980597174
0.0, 785.6215277504986
536.6782691932845, 248.9432585572141
0.0, 536.6782691932845
0.0, 536.6782691932845
946.5223460210826, 62.050171535387676
0.0, 946.5223460210826
746.7017518003282, 199.8205942207544
720.1842435783974, 26.517508221930825
0.0, 720.1842435783974
0.0, 720.1842435783974
725.5278635863908, 21.173888213937403
0.0, 725.5278635863908
688.6553892417107, 36.872474344680086
529.2315976379369, 159.4237916037738
0.0, 529.2315976379369
0.0, 529.2315976379369
624.398470590088, 64.25691865162275
0.0, 624.398470590088
545.234286385149, 79.16418420493903
0.0, 545.234286385149
524.2486400068507, 20.98564637829827
0.0, 524.2486400068507
517.1981267280028, 7.050513278847916
0.0, 517.1981267280028
0.0, 517.1981267280028
1021.9484321056756, 797.6500240644506
0.0, 1021.9484321056756
0.0, 1021.9484321056756
