Node, generations
Node 641, 3239.76978712953
Node 490, 1478.0115070546003
Node 609, 2478.129405429174
Node 544, 1812.3074751975141
Node 320, 1088.9197392240674
Node 313, 1082.9758547463946
Node 210, 1024.6248533374414
Node 529, 1692.30433082472
Node 364, 1128.329623062297
Node 521, 1653.4722538702686
Node 501, 1537.2258758884102
Node 448, 1320.0942870732
Node 370, 1137.7459767296598
Node 348, 1111.884867940131
Node 508, 1564.1056811513756
Node 419, 1227.5882145786109
Node 608, 2443.486856458517
Node 231, 1034.4754207327292
Node 52, 557.2150508153634
