Node, generations
Node 3404, 59911.46370462768
Node 1545, 8217.288792474437
Node 1486, 7731.7426536247995
Node 853, 3188.5713667451328
Node 579, 1834.7398909792196
Node 549, 1658.0930422608374
Node 169, 234.83333744283132
Node 68, 202.8570119354214
Node 58, 201.08950420432222
Node 162, 231.85266542502154
Node 51, 200.3419334093087
Node 652, 2185.414664083312
Node 535, 1594.0959951858442
Node 328, 377.12172028550486
Node 314, 350.9709474776274
Node 1129, 4902.280938398496
Node 330, 383.36601666767285
Node 258, 282.2628021268255
Node 92, 206.95458389399218
Node 286, 311.4966579008449
Node 230, 261.50945202793173
Node 110, 210.3592030927515
Node 216, 252.94751413301515
Node 193, 240.9186110767712
Node 94, 207.51170358229086
Node 265, 287.971523060888
Node 262, 284.64782160362006
Node 152, 228.1956488612947
Node 73, 203.47371385014856
Node 545, 1639.47098177333
Node 293, 320.37386865971894
Node 270, 293.19774308811844
Node 143, 223.4498931995181
Node 454, 1111.4655596476282
Node 367, 636.8130684514056
Node 233, 265.50396511003044
Node 154, 228.54939205969947
Node 65, 202.51232704204756
Node 130, 215.98466795618512
