Node, generations
Node 3673, 37182.095756289564
Node 1177, 2811.839268113734
Node 433, 576.8198003355583
Node 109, 104.44930413662057
Node 76, 100.35814935054117
Node 63, 31.57109166928264
Node 1111, 2598.246961744646
Node 817, 1550.984893825205
Node 525, 780.0687249112412
Node 127, 106.29140227022837
Node 406, 505.17905551765307
Node 305, 173.90906458880295
Node 279, 160.72862111874124
Node 263, 149.8793315060252
Node 715, 1281.8187252703735
Node 135, 107.71354612840415
Node 105, 103.56643592774297
Node 542, 834.447377747704
Node 243, 137.0917362098275
Node 365, 352.81761880984476
Node 220, 128.49998298658173
Node 213, 125.75568823412344
Node 180, 116.76090947342513
Node 209, 124.25385766342141
Node 310, 178.00758654431723
Node 909, 1815.3740904853823
Node 377, 407.79262833918955
Node 316, 181.45951317118792
Node 674, 1179.722896177537
Node 367, 354.6844543328934
Node 2582, 12654.829902318204
Node 816, 1538.4800186411353
Node 137, 107.89041974832388
Node 289, 164.7716194557558
Node 287, 163.37840432551272
Node 248, 138.13042132161667
Node 2340, 10253.697666834121
Node 1515, 4348.646949589625
Node 280, 160.76358716747933
Node 228, 131.38217574325046
Node 60, 11.52800421192011
Node 129, 106.57623587402836
Node 346, 277.97098753495
Node 312, 178.6363023111275
Node 241, 136.83398688387805
Node 302, 172.2752864312898
Node 194, 119.37422382329372
Node 99, 102.7219463143783
Node 333, 197.38674258462837
Node 319, 183.11908555920166
Node 187, 118.49233252107757
Node 1803, 5921.9754749262265
Node 303, 173.12221123941336
Node 202, 121.87968532062249
Node 787, 1466.2950894046035
Node 358, 336.88893219181705
Node 275, 156.05212474928246
Node 150, 109.92062069061471
Node 573, 899.1540669453507
