Node, generations
Node 2355, 17395.012326862394
Node 1674, 8210.250047886713
Node 416, 190.0412283919883
Node 344, 148.16658473417593
Node 338, 145.58665752008832
Node 248, 118.7657110190628
Node 326, 138.6092400639757
Node 313, 135.30472311476186
Node 273, 123.81759722439469
Node 304, 130.76027853467357
Node 250, 119.34893769369184
Node 284, 125.6553869481201
Node 163, 104.57264071987059
Node 1262, 4679.180694865427
Node 408, 186.43858902050428
Node 387, 166.18409775046254
Node 192, 108.55330198885297
Node 279, 124.74297089068503
Node 522, 330.4753467247665
Node 424, 199.30690650473667
Node 252, 119.55504023279315
Node 106, 100.29644960654822
Node 346, 148.43763591447143
Node 460, 240.93434263557305
Node 325, 138.32427828502378
Node 324, 138.14095311397935
Node 116, 100.8857342988175
Node 361, 152.5827272708047
Node 230, 115.04614701090053
Node 168, 105.7583580838896
Node 1701, 8417.105328889484
Node 970, 2787.170333462651
Node 328, 140.16056737176066
Node 299, 129.81128078609754
Node 243, 117.90586176896872
Node 1317, 4986.476156121224
Node 963, 2749.9909741924325
Node 293, 128.02501951323902
Node 175, 106.15833505495685
Node 86, 62.8441400955295
Node 841, 2157.2007830715033
Node 339, 145.8853844234159
Node 240, 117.6309228452576
Node 204, 110.24407054722892
Node 95, 90.96002252403545
Node 498, 285.45830433505597
Node 308, 132.87652373229858
Node 127, 101.4900073346273
Node 1169, 4008.3390525978743
Node 1091, 3528.1341194663873
Node 1001, 2923.262889118868
Node 668, 1227.0685816750013
Node 368, 155.08916442830585
Node 566, 657.9836926938451
Node 494, 279.36183017518067
Node 110, 100.56704386158256
Node 427, 202.66759079205
Node 513, 318.0531491705269
Node 509, 304.68837358724164
Node 388, 166.52051575785111
Node 372, 156.53164354028596
Node 155, 103.6790992308976
Node 454, 231.98515103283398
Node 806, 1979.8707083141555
Node 591, 800.8092960591465
Node 202, 109.86724671903417
Node 519, 326.0316885349449
Node 464, 246.19900726649806
Node 318, 136.6353593892347
Node 189, 108.40133453042581
Node 322, 137.7556673604916
Node 1010, 2980.905631824643
Node 256, 119.8316061497251
Node 283, 125.46148619407298
Node 152, 103.30751863958366
Node 235, 116.06733018298858
Node 111, 100.59506976626712
Node 98, 98.54496829111451
Node 207, 110.41556119729393
