Node, generations
Node 1156, 24715.578172320944
Node 417, 1289.1399310981058
Node 323, 1095.3923149920047
Node 129, 1005.6605014003476
Node 501, 1760.9615827548246
Node 345, 1125.280256129044
Node 138, 1006.3286755408329
Node 492, 1675.7575538006931
Node 466, 1474.6102994536573
Node 341, 1120.418254360266
Node 321, 1091.9922360521696
Node 21, 41.567102038450365
Node 308, 1080.802917536948
Node 257, 1041.6566461439795
Node 250, 1039.8902065998152
Node 205, 1024.4864035609596
Node 29, 315.9535090978914
Node 476, 1553.3317745526506
Node 272, 1050.8878829787852
