node_generations, branch_length
4943.187817210362, 35010.97300560427
0.0, 4943.187817210362
1414.5224007215595, 3528.6654164888023
0.0, 1414.5224007215595
1218.7567962667565, 195.765604454803
1124.4718389577042, 94.28495730905229
0.0, 1124.4718389577042
0.0, 1124.4718389577042
1126.2345963490736, 92.52219991768288
0.0, 1126.2345963490736
0.0, 1126.2345963490736
27349.753819811558, 12604.40700300307
3000.424349053871, 24349.329470757686
1006.9316373307915, 1993.4927117230795
0.0, 1006.9316373307915
0.0, 1006.9316373307915
1090.2902334264434, 1910.1341156274277
0.0, 1090.2902334264434
1037.7755427495304, 52.514690676913006
0.0, 1037.7755427495304
1028.549783079699, 9.225759669831405
0.0, 1028.549783079699
1027.6484793418995, 0.9013037377994806
0.0, 1027.6484793418995
84.11415398735417, 943.5343253545453
0.0, 84.11415398735417
0.0, 84.11415398735417
12404.564674338146, 14945.189145473412
1004.553992287791, 11400.010682050355
0.0, 1004.553992287791
0.0, 1004.553992287791
1417.9855420484632, 10986.579132289682
1212.9525894518374, 205.03295259662582
1060.8853171123437, 152.06727233949368
0.0, 1060.8853171123437
1032.8073973567268, 28.077919755616904
0.0, 1032.8073973567268
1026.3828896918483, 6.424507664878547
1012.28438096264, 14.098508729208334
0.0, 1012.28438096264
666.8746387952788, 345.4097421673612
0.0, 666.8746387952788
0.0, 666.8746387952788
1025.314289917413, 1.06859977443537
0.0, 1025.314289917413
0.0, 1025.314289917413
1069.734116150923, 143.2184733009144
0.0, 1069.734116150923
1028.5745713058043, 41.15954484511872
0.0, 1028.5745713058043
1022.0792638020578, 6.495307503746517
533.7162810327408, 488.362982769317
0.0, 533.7162810327408
0.0, 533.7162810327408
1021.6684398498725, 0.41082395218529655
0.0, 1021.6684398498725
0.0, 1021.6684398498725
1278.8264243698166, 139.15911767864668
1127.9591749646888, 150.86724940512772
0.0, 1127.9591749646888
1119.03081787718, 8.928357087508857
0.0, 1119.03081787718
1087.339473048849, 31.69134482833101
0.0, 1087.339473048849
0.0, 1087.339473048849
1209.0928014984868, 69.73362287132977
1067.2784289950478, 141.81437250343902
132.7960339906824, 934.4823950043653
0.0, 132.7960339906824
0.0, 132.7960339906824
219.4174950816398, 847.860933913408
0.0, 219.4174950816398
0.0, 219.4174950816398
1112.8159352059495, 96.2768662925373
0.0, 1112.8159352059495
290.6406815968597, 822.1752536090899
0.0, 290.6406815968597
0.0, 290.6406815968597
