node_generations, branch_length
13898.84228837592, 48520.70488471186
325.2136327383952, 13573.628655637523
0.0, 325.2136327383952
105.78466545074028, 219.4289672876549
0.0, 105.78466545074028
0.0, 105.78466545074028
4430.854922799001, 9467.987365576919
111.34386243481876, 4319.5110603641815
0.0, 111.34386243481876
65.82971602239827, 45.51414641242049
0.0, 65.82971602239827
0.0, 65.82971602239827
3905.1706235362935, 525.6842992627071
209.01238967496334, 3696.1582338613302
0.0, 209.01238967496334
110.97559395796078, 98.03679571700256
0.0, 110.97559395796078
0.0, 110.97559395796078
3670.9501324940225, 234.22049104227108
667.8714268633969, 3003.0787056306253
0.0, 667.8714268633969
172.3804880744955, 495.4909387889014
0.0, 172.3804880744955
0.0, 172.3804880744955
1836.6821950714545, 1834.267937422568
202.958921393966, 1633.7232736774886
0.0, 202.958921393966
185.01122366494488, 17.947697729021115
0.0, 185.01122366494488
0.0, 185.01122366494488
221.31673194089018, 1615.3654631305644
0.0, 221.31673194089018
214.59111030025014, 6.725621640640043
0.0, 214.59111030025014
0.0, 214.59111030025014
15524.591064924107, 46894.95610816367
0.0, 15524.591064924107
0.0, 15524.591064924107
