Node, generations
Node 2732, 21646.082741967468
Node 1672, 4894.183971876009
Node 1092, 1051.4481308376314
Node 989, 1024.4489720721451
Node 341, 673.878077255166
Node 1288, 1217.7859862837772
Node 1270, 1182.0886947336235
Node 1136, 1065.8243893871327
Node 1123, 1061.757059574962
Node 1054, 1039.1466680299184
Node 925, 1016.3522290957889
Node 1286, 1211.21314535798
Node 1204, 1115.2382138957018
Node 1018, 1029.427774136393
Node 611, 1000.338234110484
Node 342, 675.7232425096887
Node 1195, 1106.5656437658274
Node 2168, 10755.138640178855
Node 1761, 5901.092368067079
Node 1400, 1989.1470094333229
Node 1277, 1193.2533806053134
Node 1024, 1030.8949053647102
Node 986, 1023.6023960715977
Node 802, 1007.258696158471
Node 234, 520.8438481970508
Node 1262, 1176.4651517867007
Node 710, 1003.5568216475277
Node 1403, 1998.7165385546984
Node 1171, 1088.7150911741091
Node 1010, 1028.3168793053476
Node 642, 1001.3503359549416
Node 1019, 1029.5196732140735
Node 128, 321.5018077267098
Node 1379, 1480.9975821729827
Node 908, 1015.129138957568
Node 1276, 1190.735825502796
Node 1254, 1166.7937289922925
Node 921, 1016.0245044509102
Node 705, 1003.341778021016
Node 898, 1014.0338082052633
Node 151, 374.85264062271665
Node 700, 1003.1499517450897
Node 230, 515.0808434060308
Node 177, 424.46822523587076
Node 62, 55.4943969011332
Node 1810, 6428.36405828903
Node 1169, 1088.478166223705
Node 1167, 1087.5019511470555
Node 971, 1021.0756318277158
Node 1246, 1155.8942814220354
Node 1179, 1093.4202514099836
Node 1050, 1037.3430409339046
Node 889, 1013.453941791562
Node 326, 659.721184328138
Node 877, 1012.1295074873525
Node 663, 1002.0569376119128
Node 249, 540.9418126554139
Node 60, 31.251254191327018
Node 970, 1020.8846214275046
