Node, generations
Node 974, 1933.3392913255404
Node 869, 1133.339176228594
Node 803, 839.5646906516439
Node 417, 511.81313541628356
Node 92, 217.11511750040904
Node 738, 665.5787697528473
Node 677, 588.3146066174143
Node 671, 585.252980810659
Node 616, 556.7150668100008
Node 806, 843.9220558610377
Node 531, 531.0424301572646
Node 211, 481.5393194434726
Node 130, 289.7601233219711
Node 723, 643.5050599471487
Node 955, 1713.192914633451
Node 925, 1444.987727452419
Node 822, 915.3247914987367
Node 641, 566.9996110353698
Node 124, 273.1182235101021
Node 94, 217.97328293758767
Node 419, 512.4167271976198
Node 128, 285.1398754763165
Node 666, 581.6630057907531
Node 511, 526.6197143018057
Node 363, 507.6620907044168
Node 515, 527.2421472108415
Node 60, 13.747729190096882
Node 909, 1330.4547449081062
Node 757, 723.7925677968807
Node 591, 549.0910244139013
Node 569, 541.7316309209215
Node 830, 946.7938631738145
Node 674, 586.7130344489833
Node 548, 535.8640776034063
Node 516, 527.5626439433609
Node 769, 747.2999342178636
Node 646, 569.7716239876394
Node 471, 518.2384366628728
Node 712, 629.8056207445135
Node 929, 1455.9161457443158
Node 839, 972.8348462882848
Node 691, 606.1554044418411
Node 683, 593.277129065418
Node 123, 272.8271360839007
Node 690, 604.4869429576472
Node 506, 525.5880749350515
Node 401, 510.5415144457921
Node 823, 921.8059247456671
Node 762, 734.3735622207787
Node 664, 580.458890738024
Node 657, 577.3637071494785
Node 584, 546.5909060940376
Node 524, 528.804619150835
Node 711, 627.4084977648957
Node 108, 244.0991559466519
Node 104, 240.22707484589816
Node 611, 554.4458496716501
Node 350, 506.6629624551068
Node 193, 436.0455359808706
