Node, generations
Node 2823, 38096.388409177045
Node 801, 2674.1775864828865
Node 389, 273.13913656288094
Node 187, 123.64854473037418
Node 159, 116.7239496458784
Node 758, 2443.035418049488
Node 649, 1836.0536938497737
Node 416, 318.03560924572974
Node 167, 118.50458980679683
Node 64, 61.009853156536266
Node 414, 314.7037185769701
Node 218, 135.12300285062503
Node 204, 128.53592394430459
Node 427, 338.64360522555654
Node 396, 287.7163888525592
Node 363, 238.43812229763452
Node 420, 327.16718661087464
Node 336, 203.93410979226746
Node 301, 178.04826690424264
Node 272, 160.22035661675181
Node 217, 134.78541759644528
Node 198, 126.70292968887519
Node 287, 169.7833383975842
Node 285, 168.1773934720568
Node 171, 119.72038031155974
Node 100, 104.52420984670663
Node 2565, 28551.944174756678
Node 2097, 17127.764750695245
Node 1245, 5616.974256925268
Node 706, 2132.281383142034
Node 331, 201.16339586751937
Node 330, 200.8841142433703
Node 229, 140.9343923972651
Node 670, 1934.9010553785552
Node 60, 2.767013905129909
Node 569, 1320.4157686108038
Node 537, 1191.9775990033731
Node 358, 227.18297387994068
Node 328, 200.4151486791985
Node 258, 153.34459145366208
Node 153, 115.70624300519344
Node 352, 218.64060836315693
Node 183, 122.50590134304588
Node 107, 105.571565163795
Node 1082, 4366.501812724524
Node 757, 2442.983529633573
Node 279, 164.57014937814168
Node 243, 146.3901427928556
Node 271, 159.61665229331248
Node 293, 174.7354195833498
Node 199, 127.49615627659206
Node 1555, 8933.135949782925
Node 405, 299.390543344422
Node 238, 144.1898249868273
Node 273, 160.22054674746616
Node 211, 131.92864746450377
Node 252, 151.00757865222747
Node 423, 330.54044573641346
Node 206, 128.9068161870084
