node_generations, branch_length
812.4996604319036, 8906.750765976345
0.0, 812.4996604319036
236.3817965640283, 576.1178638678754
0.0, 236.3817965640283
227.41470251051868, 8.967094053509612
0.0, 227.41470251051868
213.14183326211122, 14.27286924840746
0.0, 213.14183326211122
0.0, 213.14183326211122
1052.5638007656894, 8666.68662564256
257.9385173689911, 794.6252833966983
0.0, 257.9385173689911
225.47077705491617, 32.467740314074916
0.0, 225.47077705491617
0.0, 225.47077705491617
1034.8904150016451, 17.67338576404427
1.569152395764064, 1033.321262605881
0.0, 1.569152395764064
0.0, 1.569152395764064
850.8087217385096, 184.08169326313555
732.6580894899037, 118.15063224860592
300.26205853677374, 432.3960309531299
0.0, 300.26205853677374
259.1611672114879, 41.10089132528583
0.0, 259.1611672114879
0.0, 259.1611672114879
468.45774413749956, 264.2003453524041
0.0, 468.45774413749956
266.032508305369, 202.42523583213057
0.0, 266.032508305369
233.8637258442831, 32.1687824610859
0.0, 233.8637258442831
0.0, 233.8637258442831
804.0127628223318, 46.795958916177824
499.3004938199606, 304.71226900237116
0.0, 499.3004938199606
262.5090878028408, 236.7914060171198
0.0, 262.5090878028408
247.6997112425162, 14.80937656032458
0.0, 247.6997112425162
0.0, 247.6997112425162
662.6351457372986, 141.3776170850332
346.8010723238757, 315.83407341342286
0.0, 346.8010723238757
330.60183771191765, 16.199234611958047
223.53666016821742, 107.06517754370023
0.0, 223.53666016821742
0.0, 223.53666016821742
326.8096920613378, 3.7921456505798687
0.0, 326.8096920613378
0.0, 326.8096920613378
537.1521540286282, 125.4829917086704
426.10299763362457, 111.04915639500359
0.0, 426.10299763362457
353.138199220856, 72.96479841276857
252.95763623835782, 100.18056298249817
0.0, 252.95763623835782
240.87114815792927, 12.086488080428552
0.0, 240.87114815792927
31.552876478875138, 209.31827167905413
0.0, 31.552876478875138
0.0, 31.552876478875138
324.8131027985847, 28.325096422271315
0.0, 324.8131027985847
307.207603860816, 17.605498937768687
0.0, 307.207603860816
0.0, 307.207603860816
510.0252773985486, 27.12687663007955
262.38720894972903, 247.63806844881958
0.0, 262.38720894972903
0.0, 262.38720894972903
336.2269368225707, 173.79834057597793
0.0, 336.2269368225707
227.17500623335795, 109.05193058921273
0.0, 227.17500623335795
202.4109987693397, 24.76400746401825
0.0, 202.4109987693397
0.0, 202.4109987693397
