Node, generations
Node 3220, 23597.50998957241
Node 44, 100.20772521461959
Node 3117, 21563.477043722403
Node 2194, 8900.468442597014
Node 1489, 4077.2593296697064
Node 717, 1550.4384360239974
Node 502, 1054.6189613336314
Node 201, 343.9008948053422
Node 130, 132.24141571078363
Node 96, 116.45079676323769
Node 102, 118.60907517786977
Node 194, 324.95224440026715
Node 131, 132.48498580494925
Node 2522, 12397.571740721778
Node 1643, 4806.016870608001
Node 1616, 4610.084748947876
Node 570, 1215.8923938371217
Node 98, 117.24211396608685
Node 45, 100.21224730820205
Node 467, 983.7463232614926
Node 108, 122.69607849340545
Node 1362, 3527.611370743155
Node 681, 1462.2788479917142
Node 157, 179.45953530569153
Node 306, 562.1689111592638
Node 683, 1469.368641029956
Node 321, 602.5268533590031
Node 119, 126.92547171087847
Node 2220, 9185.454686732202
Node 1486, 4067.4951800051044
Node 307, 570.9472204552056
Node 162, 199.56391214729462
Node 129, 131.86144722073118
Node 214, 375.73410421014006
Node 109, 122.8850051946075
Node 1087, 2592.5135872616515
Node 2116, 8272.730828219037
Node 1345, 3459.977035340697
Node 612, 1292.4488828803799
