Node, generations
Node 1253, 29899.079636707902
Node 552, 2119.1940891471486
Node 400, 1242.0402229079373
Node 340, 1124.4269221599734
Node 81, 846.1719458382435
Node 625, 4896.567434205248
Node 571, 2337.3753511547557
Node 527, 1867.6098893606236
Node 495, 1660.7155225776676
Node 404, 1247.4356477492659
Node 373, 1176.931961747954
Node 307, 1075.385965693865
Node 91, 907.2696250278158
Node 247, 1034.7362151350042
Node 368, 1170.5157388062557
Node 350, 1134.6563286637474
Node 302, 1069.0333497595695
Node 297, 1066.0771376956018
Node 50, 555.7875073550834
