Node, generations
Node 2955, 61464.134056382034
Node 1041, 7521.499239212663
Node 140, 314.48377751560565
Node 55, 222.95474125024148
Node 175, 385.4399088055752
Node 153, 335.9014623981886
Node 61, 225.3655061992
Node 1906, 20426.836006765756
Node 164, 360.6284803893109
Node 1564, 13971.175469125674
Node 509, 2923.0727874506347
Node 127, 298.0442266288242
Node 444, 2480.5831925540806
Node 239, 982.0544185227327
Node 163, 359.49280181604064
Node 326, 1621.647040416355
Node 80, 245.65385238208663
Node 102, 265.0942305128384
Node 1182, 9228.112076184592
