Node, generations
Node 2597, 67942.69704961753
Node 1011, 8743.377459166999
Node 313, 329.58587864281645
Node 269, 288.37857076322086
Node 273, 292.19240183022265
Node 184, 236.18811654181192
Node 426, 617.1481413675275
Node 296, 312.35206299629493
Node 190, 238.48606928107338
Node 55, 179.57186015833884
Node 2147, 38505.48214026579
Node 440, 724.380450296135
Node 325, 346.1454558000379
Node 347, 381.58266280123047
Node 295, 312.030105945372
Node 278, 295.81331331667695
Node 115, 213.22211130159081
Node 223, 253.2912957571023
Node 756, 5224.517615140224
Node 615, 3390.345098225306
Node 341, 374.545038708505
Node 683, 4333.532074578307
Node 425, 614.3340018082989
Node 369, 449.84904526894474
Node 166, 228.3168177296097
Node 357, 401.1438926889219
Node 160, 226.2737233905231
Node 337, 361.10180400790415
Node 259, 279.79700574604266
Node 119, 214.24748670371656
Node 243, 267.6138476604647
Node 165, 228.07767336337753
Node 410, 569.9931745908451
Node 290, 305.1500618372546
Node 222, 253.02653943822688
Node 430, 665.3156155002118
Node 175, 230.90435397132327
Node 149, 221.08560509456672
Node 141, 219.0221705170187
