Node, generations
Node 2166, 10887.467518343408
Node 1845, 1468.1023648463854
Node 1832, 1404.6708200033224
Node 1704, 1146.1309843042695
Node 619, 735.0058532296938
Node 485, 600.7999704297725
Node 255, 371.7183580084108
Node 1527, 1045.0453338179827
Node 296, 412.91156119396487
Node 1757, 1233.1731168116987
Node 309, 425.7062746570943
Node 219, 324.8073514499922
Node 1614, 1078.3362402442654
Node 1439, 1025.5158278680074
Node 674, 775.4611402337442
Node 1834, 1411.9303246476775
Node 1786, 1300.521645859544
Node 1749, 1226.4063631756621
Node 1703, 1143.5265269536073
Node 1451, 1027.3352786259486
Node 1489, 1036.0991310798431
Node 284, 402.06291746630296
Node 1759, 1233.8027396380105
Node 1525, 1044.768646719007
Node 986, 1000.5586427811263
Node 1521, 1044.1551618091996
Node 495, 611.9808281228792
Node 1472, 1031.520253090878
Node 89, 73.54173656068593
Node 1633, 1086.5288821407732
Node 1519, 1043.9719786536048
Node 522, 642.6646038610519
Node 1598, 1069.4909287601824
Node 1523, 1044.5220089394272
Node 139, 198.08252099423044
Node 1505, 1040.368874192519
Node 2121, 9187.128390892054
Node 1861, 1506.6225997963118
Node 1694, 1129.7966467496046
Node 1682, 1117.1541506746228
Node 1108, 1003.2937131221039
Node 466, 583.3265354822329
Node 1663, 1103.328990387154
Node 1581, 1062.0593427649465
Node 1317, 1011.9965163366227
Node 132, 187.37208443500577
Node 1771, 1265.4746061919911
Node 1533, 1046.1099637039997
Node 1965, 2395.71347407696
Node 1804, 1334.7302644354138
Node 1631, 1084.4204326342094
Node 1621, 1081.8671913075607
Node 1499, 1038.495027055175
Node 1626, 1083.311889026751
Node 1550, 1051.4175219678925
Node 1455, 1027.9243476331587
Node 217, 323.72128439869334
Node 1285, 1010.1979403660324
Node 1036, 1001.559712250751
Node 1139, 1004.2008667854527
Node 1606, 1073.764008567932
Node 1571, 1057.7773839289039
Node 265, 380.59903507420404
Node 1492, 1036.9795445496964
Node 871, 929.6035941144626
Node 193, 292.37658736355905
Node 1188, 1005.8923911827441
Node 523, 642.9795768658727
Node 1891, 1677.1134562737132
Node 1802, 1334.1162873026851
Node 1431, 1024.7059498604667
Node 1690, 1125.3016857416865
Node 1365, 1016.4789040861447
Node 166, 251.88358465085187
Node 1678, 1115.7573535265556
Node 1656, 1096.998417411944
Node 1224, 1006.9632044557773
Node 94, 104.40372397939649
Node 1457, 1028.7183700864632
