node_generations, branch_length
1601.849933152382, 820.5477052434433
0.0, 1601.849933152382
897.5503602707872, 704.2995728815947
0.0, 897.5503602707872
0.0, 897.5503602707872
1772.2045771943308, 650.1930612014944
853.93966197025, 918.2649152240808
547.082631266893, 306.85703070335694
0.0, 547.082631266893
546.9881427995207, 0.09448846737234362
0.0, 546.9881427995207
0.0, 546.9881427995207
680.7006368664736, 173.23902510377638
0.0, 680.7006368664736
0.0, 680.7006368664736
1180.13219519928, 592.0723819950508
598.9668169959718, 581.1653782033081
443.3347134111194, 155.63210358485242
0.0, 443.3347134111194
0.0, 443.3347134111194
575.7134529857252, 23.253364010246628
0.0, 575.7134529857252
0.0, 575.7134529857252
1051.444724421832, 128.68747077744797
727.556677074394, 323.88804734743803
0.0, 727.556677074394
715.182530178198, 12.374146896195953
505.30759126181005, 209.87493891638798
0.0, 505.30759126181005
0.0, 505.30759126181005
614.657033990449, 100.52549618774901
0.0, 614.657033990449
0.0, 614.657033990449
764.6997353734894, 286.74498904834263
0.0, 764.6997353734894
586.0143563207458, 178.68537905274354
0.0, 586.0143563207458
0.0, 586.0143563207458
