Node, generations
Node 1806, 14101.823275267214
Node 1445, 1624.0642896250533
Node 1369, 1349.3340215068863
Node 1083, 1044.1520697869257
Node 996, 1024.5414434975978
Node 909, 1014.4166493154826
Node 389, 706.7520639885082
Node 1439, 1585.8275366802
Node 968, 1020.9128812263284
Node 406, 733.8830070570069
Node 1406, 1445.0084491984987
Node 963, 1020.5697745471097
Node 454, 793.4437010795358
Node 1325, 1251.171630452091
Node 1300, 1208.8780136220357
Node 1263, 1165.7116210768795
Node 997, 1024.5917494241537
Node 877, 1011.9650406099112
Node 245, 493.71760900590317
Node 811, 1006.9534790832627
Node 1137, 1064.408655567408
Node 774, 1005.7028244032559
Node 708, 1002.9712236604502
Node 1122, 1057.6050863309056
Node 1524, 2151.4549482952925
Node 1391, 1401.1970672792372
Node 1251, 1152.21684733597
Node 120, 280.69550475931095
Node 1291, 1200.8524896260192
Node 1159, 1074.8004050511959
Node 1262, 1164.2833673346445
Node 960, 1020.0878593440261
Node 317, 598.0451928184337
Node 1024, 1029.1827437568606
Node 590, 973.3309599680224
Node 366, 673.002372146905
Node 136, 310.4873038198304
Node 1428, 1536.6921920748166
Node 1349, 1296.4390747142588
Node 1273, 1180.6378965479496
Node 219, 455.87155703511945
Node 1146, 1069.6269262718688
Node 263, 512.6203527939653
Node 213, 444.2333514971958
Node 71, 96.03862094110956
Node 1283, 1190.2652250409744
Node 1174, 1082.2028472026163
Node 1118, 1055.5774638076894
Node 1177, 1083.5876879210568
Node 404, 730.9350366578809
Node 1081, 1043.6250517854376
Node 359, 663.9812807076216
Node 192, 413.44321446210665
Node 1426, 1530.7119952851863
Node 1188, 1090.3678815292085
Node 649, 1001.0180038337596
Node 1321, 1236.4467862609035
Node 1092, 1047.6446352915084
Node 1028, 1030.4420287818045
