node_generations, branch_length
12437.325556154869, 12340.3762781642
0.0, 12437.325556154869
2316.465183680707, 10120.860372474162
93.9913426124044, 2222.4738410683026
0.0, 93.9913426124044
62.93291897202951, 31.058423640374883
0.0, 62.93291897202951
0.0, 62.93291897202951
1106.0314824598813, 1210.4337012208257
0.0, 1106.0314824598813
984.667384804478, 121.36409765540327
145.91873254635703, 838.748652258121
0.0, 145.91873254635703
0.0, 145.91873254635703
710.2061222683869, 274.4612625360911
57.50601567703794, 652.700106591349
0.0, 57.50601567703794
0.0, 57.50601567703794
256.91295020395506, 453.2931720644319
0.0, 256.91295020395506
0.0, 256.91295020395506
14398.348419247144, 10379.353415071924
4525.006622350661, 9873.341796896482
354.5031223117853, 4170.503500038876
136.22877732867073, 218.2743449831146
103.79963822705581, 32.42913910161492
63.955164446014486, 39.84447378104132
0.0, 63.955164446014486
54.02253432113373, 9.932630124880752
0.0, 54.02253432113373
0.0, 54.02253432113373
77.8316804443253, 25.967957782730508
0.0, 77.8316804443253
0.0, 77.8316804443253
128.33530529254273, 7.893472036128003
0.0, 128.33530529254273
0.0, 128.33530529254273
206.52178093941507, 147.98134137237025
0.0, 206.52178093941507
76.90953752510211, 129.61224341431296
0.0, 76.90953752510211
59.02885626165618, 17.88068126344593
0.0, 59.02885626165618
0.0, 59.02885626165618
2673.1966164689043, 1851.8100058817568
0.0, 2673.1966164689043
153.59177355413408, 2519.6048429147704
0.0, 153.59177355413408
135.00504016225042, 18.586733391883655
0.0, 135.00504016225042
0.0, 135.00504016225042
7987.429063242399, 6410.919356004745
0.0, 7987.429063242399
4662.3646585465995, 3325.0644046957996
241.24506269762009, 4421.11959584898
0.0, 241.24506269762009
183.57231836441997, 57.672744333200114
51.356121628841684, 132.21619673557828
0.0, 51.356121628841684
0.0, 51.356121628841684
148.7722129383659, 34.800105426054074
0.0, 148.7722129383659
78.83378300441608, 69.93842993394982
0.0, 78.83378300441608
0.0, 78.83378300441608
4201.60326246119, 460.7613960854096
70.27784113576813, 4131.325421325421
0.0, 70.27784113576813
0.0, 70.27784113576813
1548.9676448960693, 2652.635617565121
0.0, 1548.9676448960693
1485.1429397296843, 63.824705166385
0.0, 1485.1429397296843
876.8512240385315, 608.2917156911527
0.0, 876.8512240385315
162.41273178100175, 714.4384922575298
0.0, 162.41273178100175
0.0, 162.41273178100175
