Node, generations
Node 4156, 45595.81587654624
Node 1341, 2650.3222902461716
Node 923, 1427.9129958882268
Node 736, 1001.7316164490386
Node 566, 611.0311681810291
Node 369, 157.44901281714462
Node 117, 101.26481323933227
Node 1135, 2010.29142106046
Node 1040, 1752.1043726511616
Node 269, 121.47907639796857
Node 187, 107.34657267277996
Node 263, 120.18544503711853
Node 1087, 1881.002294436219
Node 430, 217.21094701261643
Node 281, 124.16189300282785
Node 167, 105.4519382992535
Node 315, 133.53781456126347
Node 159, 104.53184258338709
Node 1015, 1672.1727358097146
Node 388, 166.37155105679952
Node 358, 151.24517358501822
Node 494, 438.67621175666176
Node 294, 127.62232052371417
Node 247, 117.0693300932747
Node 3439, 22373.095233895547
Node 974, 1557.7515413733092
Node 429, 216.56315380820953
Node 313, 133.26030944639112
Node 190, 108.19428581697257
Node 180, 106.55677944145013
Node 370, 158.03118415547166
Node 267, 120.87431646639409
Node 179, 106.32912282045775
Node 367, 157.01714490968152
Node 151, 104.02801933043436
Node 129, 102.59699031828654
Node 257, 119.21553138238271
Node 489, 432.16227075793125
Node 400, 171.56557972957197
Node 2160, 6654.485744314813
Node 1798, 4553.128377320078
Node 1540, 3398.687228579493
Node 295, 127.76721535695296
Node 386, 165.44758236396402
Node 334, 141.17373089076082
Node 255, 118.91499326173181
Node 146, 103.5009599766119
Node 131, 102.74757761492161
Node 379, 163.06254819656337
Node 1594, 3613.076967603741
Node 1300, 2531.687417830576
Node 556, 579.4569593426542
Node 390, 166.81028168603936
Node 246, 116.95002701154276
Node 208, 111.03885993880762
Node 90, 69.7025938377384
Node 84, 50.95257945578874
Node 1517, 3317.1592361726885
Node 285, 124.73852775195905
Node 1380, 2774.6698891607734
Node 261, 119.77527091920858
Node 1136, 2010.5544428950454
Node 600, 693.3537371262814
Node 561, 599.4249405597748
Node 258, 119.22870625053683
Node 254, 118.2614562445082
Node 227, 114.11206797435959
Node 106, 100.43717896495848
Node 402, 173.38747294426716
Node 322, 136.2848993003494
Node 169, 105.87034705295557
Node 323, 136.40802831970075
Node 287, 125.7795471069412
Node 1929, 5178.149014784788
Node 406, 179.82952188657666
Node 700, 927.7207192185658
Node 260, 119.53027569973383
Node 341, 144.1978297265938
Node 116, 101.20209435052652
