node_generations, branch_length
8970.432618296307, 25892.591974594507
289.6520688850911, 8680.780549411216
0.0, 289.6520688850911
197.71340455815198, 91.93866432693915
0.0, 197.71340455815198
143.42263933598113, 54.29076522217085
0.0, 143.42263933598113
0.0, 143.42263933598113
972.5924270100999, 7997.840191286207
0.0, 972.5924270100999
163.3715255773479, 809.2209014327519
0.0, 163.3715255773479
0.0, 163.3715255773479
12494.792162119416, 22368.232430771393
0.0, 12494.792162119416
7639.978132559837, 4854.8140295595795
126.59402755320936, 7513.384105006628
0.0, 126.59402755320936
0.0, 126.59402755320936
4240.690099133039, 3399.2880334267975
229.05314278770757, 4011.636956345332
0.0, 229.05314278770757
159.42818970701595, 69.62495308069163
0.0, 159.42818970701595
0.0, 159.42818970701595
400.08090082508085, 3840.6091983079586
200.3119141082419, 199.76898671683895
0.0, 200.3119141082419
155.61686150245674, 44.69505260578515
0.0, 155.61686150245674
135.063659294885, 20.55320220757173
0.0, 135.063659294885
0.0, 135.063659294885
258.19883056622905, 141.8820702588518
0.0, 258.19883056622905
174.24226992394867, 83.95656064228038
0.0, 174.24226992394867
0.0, 174.24226992394867
