Node, generations
Node 3426, 39474.043905675804
Node 2239, 10892.637208136526
Node 1535, 3564.2138654740047
Node 1449, 2900.4305683808047
Node 1292, 1335.975247675499
Node 1089, 1056.4681303330233
Node 1361, 1900.0087616517956
Node 1190, 1131.727674315119
Node 1142, 1093.7597099036784
Node 121, 297.3071695107955
Node 204, 481.57590929602554
Node 74, 90.85401986832919
Node 1915, 7159.140238721523
Node 1119, 1071.7436254514123
Node 1350, 1761.5268893349682
Node 1093, 1059.0693334324637
Node 435, 829.0587367294227
Node 294, 641.4287692445922
Node 1033, 1039.7937415650076
Node 745, 1006.4707737160799
Node 938, 1022.8232343329719
Node 1324, 1417.0721246954633
Node 1311, 1370.7819790178387
Node 1200, 1151.1385727362242
Node 1150, 1101.738570399015
Node 998, 1034.065123083206
Node 957, 1025.2078351606322
Node 1127, 1078.0762499003654
Node 77, 126.42802351937505
Node 61, 11.51425818524012
Node 1169, 1118.0564222862351
Node 1080, 1054.6704661528443
Node 1137, 1086.9324236531265
Node 605, 1001.47092972441
Node 1077, 1054.0780913901401
Node 1031, 1039.283711695137
Node 1249, 1234.0114728417725
Node 1240, 1213.1047721547025
Node 1015, 1036.458714082113
Node 60, 4.371795917458462
Node 1232, 1193.7307385933095
Node 227, 534.7316224873937
Node 953, 1024.5470381106454
Node 2483, 14256.045897686066
Node 1727, 5313.386032172105
Node 1346, 1489.3492404081662
Node 1180, 1126.809808868302
Node 919, 1019.7163569070649
Node 884, 1016.9119337645491
Node 64, 49.81041622101079
Node 1349, 1687.7841451137842
Node 932, 1021.8585407103337
Node 470, 885.7226817337138
Node 1235, 1196.6479950150474
Node 1045, 1043.1797749548743
Node 891, 1017.476521160039
Node 992, 1033.411630261844
Node 1177, 1124.5134245275933
Node 71, 82.58736550016484
