node_generations, branch_length
2214.6685971172838, 1645.6798119223972
0.0, 2214.6685971172838
2203.921931917764, 10.746665199519612
0.0, 2203.921931917764
2185.337325944573, 18.584605973191174
0.0, 2185.337325944573
2082.6438567250484, 102.69346921952456
0.0, 2082.6438567250484
2035.0393127463526, 47.6045439786958
0.0, 2035.0393127463526
2020.6533221447694, 14.385990601583217
0.0, 2020.6533221447694
2004.7325909740678, 15.920731170701629
0.0, 2004.7325909740678
0.0, 2004.7325909740678
2957.761893242723, 902.5865157969579
2157.197392944292, 800.5645002984311
2039.7380783080027, 117.45931463628926
0.0, 2039.7380783080027
1033.8247880880394, 1005.9132902199633
0.0, 1033.8247880880394
0.0, 1033.8247880880394
2142.578564409695, 14.618828534597014
0.0, 2142.578564409695
0.0, 2142.578564409695
2634.707352806007, 323.05454043671625
2092.138539834968, 542.5688129710388
0.0, 2092.138539834968
0.0, 2092.138539834968
2408.1795096967585, 226.52784310924835
2093.956480756522, 314.2230289402364
0.0, 2093.956480756522
0.0, 2093.956480756522
2196.4205406571054, 211.75896903965304
0.0, 2196.4205406571054
2130.7525183852504, 65.66802227185508
0.0, 2130.7525183852504
0.0, 2130.7525183852504
