Node, generations
Node 1404, 9517.000883961739
Node 1070, 1466.3629544369833
Node 942, 851.2405906866882
Node 848, 666.3483504826044
Node 428, 507.38380247643806
Node 764, 588.2287966576188
Node 347, 503.26756179821746
Node 733, 566.559136501173
Node 65, 60.60334000498121
Node 863, 689.5454279907952
Node 656, 539.7817482888881
Node 690, 550.017197626533
Node 93, 185.12920590940732
Node 686, 549.0932829735668
Node 1042, 1283.4971148027962
Node 614, 528.2560710115436
Node 271, 500.15754282178096
Node 981, 968.3942854015916
Node 860, 684.790424344667
Node 756, 581.8914839283897
Node 533, 515.9744895324951
Node 442, 508.5396494224204
Node 826, 634.4104509237696
Node 759, 584.3285985862811
Node 605, 526.9213521239818
Node 439, 508.4157337473749
Node 62, 33.931508199034454
Node 462, 509.50494046077006
Node 817, 629.9428547538187
Node 259, 489.5387233375633
Node 768, 592.2797626012307
Node 602, 526.8363431118878
Node 590, 523.8093877743494
Node 522, 515.3639253167146
Node 959, 885.1252556814301
Node 866, 701.9717574885278
Node 937, 847.5024930483652
Node 704, 555.5186461623442
Node 643, 534.397846971797
Node 127, 265.151867765429
Node 903, 761.3091577708703
Node 819, 631.5113562566927
Node 226, 434.7060925297928
Node 1172, 2766.972051189824
Node 820, 631.5305969450334
Node 787, 605.5691435071116
Node 788, 606.1863565772111
Node 82, 158.4880375776508
Node 1017, 1137.6763754470405
Node 964, 894.3426026697454
Node 620, 529.8885852220994
Node 337, 502.7815744639194
Node 862, 688.8682983084491
Node 836, 642.4634129134722
Node 60, 16.074158684502095
Node 379, 505.16643447562757
Node 993, 1023.3708245490269
Node 865, 700.7234627217323
Node 159, 308.29697177574263
