Node, generations
Node 1350, 12082.437413676042
Node 854, 846.277698389928
Node 773, 533.6584985507038
Node 683, 356.0522661685468
Node 357, 213.85762227281975
Node 605, 289.2104762948453
Node 552, 256.4721165418211
Node 440, 224.81129193288015
Node 144, 200.42093371989395
Node 691, 372.7678634371022
Node 233, 204.80407486736812
Node 139, 200.08854650023002
Node 282, 208.44068976810507
Node 799, 602.2037038353677
Node 685, 362.3444465909086
Node 600, 282.89310773717824
Node 411, 220.20781553771403
Node 553, 256.58195981608765
Node 496, 237.764467761019
Node 656, 323.5972743152092
Node 528, 248.80590144183788
Node 158, 200.81827478112842
Node 267, 207.6910863032597
Node 246, 205.98226051083162
Node 576, 268.44047981515826
Node 331, 212.0766274139107
Node 327, 211.76793345644992
Node 287, 208.76123700492664
Node 791, 588.5134620024664
Node 681, 355.25474427322234
Node 491, 236.27066392033203
Node 463, 229.52386102133954
Node 568, 266.23337634706786
Node 413, 220.26127674315865
Node 540, 251.0509331509834
Node 219, 203.83331270939453
Node 473, 231.50052715794013
Node 729, 438.52583344684234
Node 1306, 11005.980590401006
Node 803, 620.7706238865103
Node 772, 531.1183660495525
Node 80, 20.832444416098568
Node 395, 218.00492395134668
Node 779, 561.3947443577704
Node 639, 313.1757152425532
Node 274, 208.02229866416755
Node 168, 201.24545621589718
Node 94, 97.3751447923902
Node 755, 490.21624265216593
Node 668, 338.6223817074709
Node 649, 317.38480215608325
Node 490, 235.81831273801905
Node 308, 210.43161601507197
Node 152, 200.77797766581398
Node 196, 202.83210272260482
Node 748, 478.38404368597725
Node 512, 242.1014335643815
Node 299, 209.84812458906316
Node 223, 204.0226558421792
Node 731, 443.4871454949368
Node 679, 354.68029162317873
Node 286, 208.66053897726692
Node 595, 279.5013524759504
Node 1234, 9374.463080657042
Node 525, 247.5717299876445
Node 399, 218.68194896929535
Node 294, 209.29162929906153
Node 408, 219.95050943455885
Node 393, 217.8325235257154
Node 806, 633.1544817790233
Node 646, 316.7406989361238
Node 563, 262.39160804214396
Node 479, 232.10012734152912
Node 643, 315.9362160098877
Node 716, 412.7365318028982
Node 428, 222.28790535418844
Node 412, 220.23275181150635
Node 583, 270.3639597860968
Node 551, 256.31474089746695
