node_generations, branch_length
0.0, 14209.223627004785
2868.5598346279953, 11340.66379237679
0.0, 2868.5598346279953
1971.758068230776, 896.8017663972194
1300.9921757500547, 670.7658924807213
1032.1294130288068, 268.8627627212479
0.0, 1032.1294130288068
0.0, 1032.1294130288068
1047.452732696115, 253.53944305393975
0.0, 1047.452732696115
1009.3354934281261, 38.11723926798879
0.0, 1009.3354934281261
0.0, 1009.3354934281261
1595.043744701398, 376.7143235293779
1342.667417625786, 252.37632707561215
1083.024156785097, 259.643260840689
0.0, 1083.024156785097
0.0, 1083.024156785097
1261.9870174380628, 80.68040018772308
0.0, 1261.9870174380628
1195.6536927377945, 66.33332470026835
1087.9278044635264, 107.72588827426807
0.0, 1087.9278044635264
0.0, 1087.9278044635264
1094.7628245125331, 100.89086822526133
0.0, 1094.7628245125331
288.9642921323167, 805.7985323802164
0.0, 288.9642921323167
0.0, 288.9642921323167
1553.0002945459246, 42.043450155473465
0.0, 1553.0002945459246
1152.973167615335, 400.0271269305897
0.0, 1152.973167615335
1116.5530830549073, 36.42008456042754
0.0, 1116.5530830549073
198.99522416128573, 917.5578588936216
0.0, 198.99522416128573
0.0, 198.99522416128573
