Node, generations
Node 1202, 8800.568256202094
Node 951, 1274.894469358263
Node 822, 815.754770532984
Node 720, 630.0568946290897
Node 703, 606.9032902521272
Node 661, 570.539091224574
Node 575, 534.4689946330977
Node 224, 461.9656904202096
Node 651, 563.6983048965297
Node 543, 529.1648541900287
Node 879, 971.2998018368413
Node 800, 759.9617856850997
Node 396, 508.4697523471687
Node 61, 17.506317952308677
Node 623, 550.8973113730071
Node 290, 501.8819418815556
Node 96, 197.99406222686156
Node 836, 845.2826284047699
Node 475, 516.8956595202683
Node 1046, 2300.7139811472093
Node 889, 1005.5043706573692
Node 771, 704.7116461362642
Node 663, 571.662988363596
Node 435, 511.75323021267474
Node 580, 535.653723374146
Node 551, 530.7016475862597
Node 247, 500.048485807464
Node 305, 502.7612437156418
Node 780, 719.2921121358293
Node 681, 584.2270382624241
Node 213, 439.8247920720399
Node 700, 601.1593033331498
Node 271, 500.9507607590096
Node 998, 1696.389729189005
Node 907, 1064.7277128305018
Node 710, 615.3227799782494
Node 959, 1309.3031113193952
Node 942, 1237.424583997295
Node 727, 638.5312957163068
Node 691, 593.7701701060383
Node 339, 504.6855633886871
Node 798, 755.1310712965244
Node 519, 523.7823736182751
Node 409, 509.59610935902674
Node 76, 136.86181571113767
Node 756, 675.7319640566365
Node 316, 503.20582455673843
Node 250, 500.1310662226782
Node 943, 1239.1914817648305
Node 693, 594.8980995644139
Node 405, 509.2266371209136
Node 669, 575.3150957272153
Node 641, 558.4825236919044
Node 256, 500.39904228038154
Node 799, 756.4428143206915
Node 694, 595.4091564407522
Node 630, 554.4417546917116
Node 129, 297.4538854573855
Node 652, 564.9117086130497
