Node, generations
Node 1287, 12584.077288662966
Node 1005, 2013.5699176976295
Node 988, 1880.6653931118874
Node 927, 1518.1153126724803
Node 900, 1435.2243049616307
Node 416, 1006.866567427641
Node 856, 1300.5516631443436
Node 683, 1071.9529812773244
Node 524, 1016.7040429602512
Node 761, 1133.656474871539
Node 756, 1131.4586576438776
Node 1178, 8717.848411125768
Node 831, 1244.2076774737018
Node 775, 1157.1560345282523
Node 695, 1080.1850288596388
Node 365, 1003.1793153457321
Node 255, 892.242415105718
Node 217, 781.7442801482548
Node 65, 247.16974262865207
Node 829, 1242.6623929706923
Node 1019, 2118.7346464234556
Node 697, 1080.7620822852082
Node 556, 1021.7772832939576
Node 1015, 2076.252241314666
Node 754, 1130.8387896716963
Node 975, 1772.223184404712
Node 771, 1152.3078141526064
Node 163, 613.6955118036532
Node 385, 1004.1026887237236
Node 297, 980.2165857461725
Node 167, 627.7348214759509
Node 157, 597.139898939463
Node 76, 302.57469618330435
Node 884, 1366.2848641378966
Node 740, 1111.122848972303
Node 865, 1320.9423820384143
Node 612, 1036.2056348516699
Node 670, 1062.6330811815646
Node 49, 110.67596833641474
