Node, generations
Node 2953, 50526.488819121245
Node 345, 945.3115198463641
Node 246, 235.9940967202559
Node 189, 177.70450873801286
Node 49, 100.88970969693482
Node 105, 119.56089074453308
Node 238, 230.8734424052916
Node 45, 100.17079208309764
Node 289, 312.447349396611
Node 182, 170.0658685174049
Node 106, 120.45663733516291
Node 267, 268.7957685525667
Node 181, 169.4317796471597
Node 111, 125.9650022802344
Node 2094, 19398.44644549073
Node 307, 495.1241565899564
Node 90, 114.04260385150398
Node 173, 165.23311422760185
Node 1580, 10993.260992917825
Node 301, 396.13322604652933
Node 260, 259.3500086242272
Node 99, 117.39616017052789
Node 257, 252.97103334861583
Node 130, 135.63019179546947
Node 135, 138.54458243501762
Node 80, 109.07224672733757
Node 1484, 10026.064651536368
Node 199, 189.31555816349933
Node 949, 4890.6329801821685
Node 187, 175.29317975147768
Node 312, 588.4415634856414
Node 148, 143.41522732091136
Node 40, 65.40770508421502
Node 263, 264.6533110252427
Node 236, 229.10857867071874
Node 93, 114.72698359658058
Node 59, 102.74257025195155
Node 176, 167.438366522006
Node 126, 133.28240781485368
