Node, generations
Node 1032, 13631.461536452593
Node 512, 1622.1805947083042
Node 105, 994.1716597150079
Node 459, 1339.7992289694776
Node 438, 1285.0277108430018
Node 183, 1011.5882131513946
Node 34, 371.84088331608655
Node 171, 1010.2887277209294
Node 672, 5392.192741334213
Node 555, 1992.9721441427878
Node 333, 1102.2860131911034
Node 356, 1128.5681035967255
Node 568, 2840.2156687431197
Node 378, 1154.5434041363285
Node 47, 573.236191501446
Node 92, 916.6921696618889
Node 395, 1187.134804592652
Node 350, 1123.9070562511613
Node 152, 1006.362360681557
