Node, generations
Node 596, 2390.8983802662133
Node 254, 1041.9859274086034
Node 568, 2062.2438388249143
Node 543, 1883.4944440131226
Node 512, 1647.4287686694638
Node 297, 1068.8809668214387
Node 283, 1058.5934087269586
Node 442, 1353.565845391205
Node 198, 1019.0311617763293
Node 147, 1007.0988784550605
Node 250, 1040.5781998437533
Node 549, 1908.9695633698943
Node 396, 1188.0933050428923
Node 273, 1051.9256732720498
Node 185, 1015.0959733786977
Node 520, 1680.0544261345235
Node 488, 1523.8335697935636
Node 434, 1311.5401903809427
Node 136, 1005.5328322639065
