node_generations, branch_length
2784.303052219802, 13316.933674909516
0.0, 2784.303052219802
2297.9804266927017, 486.3226255271002
1004.5286478031153, 1293.4517788895864
0.0, 1004.5286478031153
934.0989367834162, 70.42971101969908
0.0, 934.0989367834162
0.0, 934.0989367834162
1181.9773603463864, 1116.0030663463153
0.0, 1181.9773603463864
0.0, 1181.9773603463864
10579.707491157043, 5521.529235972275
6608.42896620634, 3971.2785249507033
1245.8320445003485, 5362.596921705992
1053.8396019763038, 191.9924425240447
0.0, 1053.8396019763038
0.0, 1053.8396019763038
1199.414061085616, 46.41798341473259
0.0, 1199.414061085616
0.0, 1199.414061085616
1610.9821423436863, 4997.446823862654
1056.1133898708727, 554.8687524728136
0.0, 1056.1133898708727
1040.4297523139655, 15.683637556907115
0.0, 1040.4297523139655
0.0, 1040.4297523139655
1212.2125502403692, 398.7695921033171
1023.3033833939337, 188.90916684643548
0.0, 1023.3033833939337
0.0, 1023.3033833939337
1176.6301042202301, 35.58244602013906
0.0, 1176.6301042202301
0.0, 1176.6301042202301
6859.967527888466, 3719.7399632685774
0.0, 6859.967527888466
1052.9347993755837, 5807.032728512882
0.0, 1052.9347993755837
0.0, 1052.9347993755837
