node_generations, branch_length
4783.499045954568, 8311.060495279497
1192.414823214698, 3591.08422273987
0.0, 1192.414823214698
1075.5089622902947, 116.90586092440321
0.0, 1075.5089622902947
0.0, 1075.5089622902947
1237.3725778739029, 3546.1264680806653
0.0, 1237.3725778739029
1211.264443999398, 26.1081338745048
0.0, 1211.264443999398
1109.8783048680427, 101.38613913135532
0.0, 1109.8783048680427
0.0, 1109.8783048680427
11348.484979330224, 1746.0745619038407
3461.608171808335, 7886.876807521889
1076.9811822975312, 2384.626989510804
0.0, 1076.9811822975312
0.0, 1076.9811822975312
1480.1344842322874, 1981.4736875760477
0.0, 1480.1344842322874
1458.0609815441087, 22.073502688178678
1046.2750604753364, 411.78592106877227
0.0, 1046.2750604753364
0.0, 1046.2750604753364
1117.7247535265717, 340.336228017537
0.0, 1117.7247535265717
1032.2742492228797, 85.45050430369201
0.0, 1032.2742492228797
0.0, 1032.2742492228797
8936.248791766911, 2412.2361875633123
1085.8591351708505, 7850.38965659606
0.0, 1085.8591351708505
1000.6534640255501, 85.20567114530047
0.0, 1000.6534640255501
0.0, 1000.6534640255501
1145.6202205008606, 7790.628571266051
0.0, 1145.6202205008606
0.0, 1145.6202205008606
