node_generations, branch_length
10284.398976452228, 51069.13420593935
0.0, 10284.398976452228
2265.5960480441972, 8018.802928408031
1308.3212543993038, 957.2747936448934
0.0, 1308.3212543993038
0.0, 1308.3212543993038
2155.554894956851, 110.04115308734617
0.0, 2155.554894956851
165.87125657335125, 1989.6836383834998
0.0, 165.87125657335125
152.96633445231313, 12.904922121038112
0.0, 152.96633445231313
129.4323288929897, 23.534005559323447
0.0, 129.4323288929897
0.0, 129.4323288929897
26972.231173299722, 34381.30200909186
0.0, 26972.231173299722
13554.728208523378, 13417.502964776344
6228.124448483794, 7326.603760039584
149.1141627112261, 6079.010285772568
0.0, 149.1141627112261
106.78457526442665, 42.32958744679945
0.0, 106.78457526442665
0.0, 106.78457526442665
4976.1793241433215, 1251.9451243404728
109.88958859219478, 4866.289735551127
0.0, 109.88958859219478
0.0, 109.88958859219478
1846.3461248758542, 3129.8331992674675
0.0, 1846.3461248758542
1410.7153983392895, 435.6307265365647
0.0, 1410.7153983392895
0.0, 1410.7153983392895
11516.507766566569, 2038.2204419568097
0.0, 11516.507766566569
2127.340698958338, 9389.16706760823
0.0, 2127.340698958338
0.0, 2127.340698958338
