Node, generations
Node 479, 6829.448467305021
Node 286, 827.2435502939177
Node 138, 318.5362558641186
Node 27, 202.84913726671888
Node 51, 213.891296265297
Node 150, 335.46613056423587
Node 296, 973.0892848369672
Node 187, 414.62088257848876
Node 120, 293.55777645483994
Node 285, 808.3519230241434
Node 221, 504.4760646636376
Node 208, 467.4550105979232
Node 149, 335.40956150262633
Node 108, 279.04145019755003
Node 42, 208.49028251749922
Node 279, 780.460468285689
Node 222, 505.2391515734184
Node 154, 340.73365979233574
Node 116, 288.835543444343
