node_generations, branch_length
945.3115198463641, 49581.17729927488
235.9940967202559, 709.3174231261082
177.70450873801286, 58.289587982243035
100.88970969693482, 76.81479904107805
0.0, 100.88970969693482
0.0, 100.88970969693482
119.56089074453308, 58.14361799347978
0.0, 119.56089074453308
0.0, 119.56089074453308
230.8734424052916, 5.120654314964298
0.0, 230.8734424052916
100.17079208309764, 130.70265032219396
0.0, 100.17079208309764
0.0, 100.17079208309764
312.447349396611, 632.8641704497531
170.0658685174049, 142.3814808792061
0.0, 170.0658685174049
120.45663733516291, 49.609231182242
0.0, 120.45663733516291
0.0, 120.45663733516291
268.7957685525667, 43.651580844044304
0.0, 268.7957685525667
169.4317796471597, 99.36398890540701
0.0, 169.4317796471597
125.9650022802344, 43.466777366925285
0.0, 125.9650022802344
0.0, 125.9650022802344
19398.44644549073, 31128.042373630517
495.1241565899564, 18903.32228890077
114.04260385150398, 381.0815527384524
0.0, 114.04260385150398
0.0, 114.04260385150398
165.23311422760185, 329.89104236235454
0.0, 165.23311422760185
0.0, 165.23311422760185
10993.260992917825, 8405.185452572903
396.13322604652933, 10597.127766871296
0.0, 396.13322604652933
259.3500086242272, 136.78321742230213
117.39616017052789, 141.95384845369932
0.0, 117.39616017052789
0.0, 117.39616017052789
252.97103334861583, 6.378975275611367
135.63019179546947, 117.34084155314636
0.0, 135.63019179546947
0.0, 135.63019179546947
138.54458243501762, 114.42645091359822
0.0, 138.54458243501762
109.07224672733757, 29.472335707680045
0.0, 109.07224672733757
0.0, 109.07224672733757
10026.064651536368, 967.1963413814574
189.31555816349933, 9836.749093372868
0.0, 189.31555816349933
0.0, 189.31555816349933
4890.6329801821685, 5135.431671354199
175.29317975147768, 4715.339800430691
0.0, 175.29317975147768
0.0, 175.29317975147768
588.4415634856414, 4302.191416696527
143.41522732091136, 445.02633616473
0.0, 143.41522732091136
65.40770508421502, 78.00752223669633
0.0, 65.40770508421502
0.0, 65.40770508421502
264.6533110252427, 323.78825246039867
0.0, 264.6533110252427
229.10857867071874, 35.54473235452397
114.72698359658058, 114.38159507413816
0.0, 114.72698359658058
102.74257025195155, 11.984413344629033
0.0, 102.74257025195155
0.0, 102.74257025195155
167.438366522006, 61.67021214871275
0.0, 167.438366522006
133.28240781485368, 34.15595870715231
0.0, 133.28240781485368
0.0, 133.28240781485368
