node_generations, branch_length
1866.6003871621763, 40304.79091186736
1535.7435813872703, 330.856805774906
1155.8829864492943, 379.860594937976
0.0, 1155.8829864492943
1128.6158327263315, 27.267153722962803
0.0, 1128.6158327263315
1079.7747458414108, 48.84108688492074
0.0, 1079.7747458414108
243.53751430944317, 836.2372315319676
0.0, 243.53751430944317
225.8135548908042, 17.72395941863897
0.0, 225.8135548908042
0.0, 225.8135548908042
1234.7809925823094, 300.9625888049609
482.8520246596145, 751.9289679226949
0.0, 482.8520246596145
0.0, 482.8520246596145
1063.8600554393986, 170.92093714291082
0.0, 1063.8600554393986
0.0, 1063.8600554393986
1598.2950680446247, 268.30531911755156
0.0, 1598.2950680446247
1358.665613698279, 239.6294543463457
0.0, 1358.665613698279
0.0, 1358.665613698279
2910.4165917825403, 39260.974707247005
0.0, 2910.4165917825403
1453.5550651880326, 1456.8615265945077
0.0, 1453.5550651880326
1363.3666359741633, 90.18842921386931
1010.1359828245747, 353.23065314958853
0.0, 1010.1359828245747
0.0, 1010.1359828245747
1154.256481468349, 209.1101545058143
0.0, 1154.256481468349
1057.9412958712355, 96.31518559711344
0.0, 1057.9412958712355
0.0, 1057.9412958712355
