Node, generations
Node 3700, 37561.104281010164
Node 1557, 4005.75620903654
Node 1261, 2652.771350834683
Node 375, 217.73167962064028
Node 152, 200.31686999048605
Node 543, 272.25004525543585
Node 415, 222.8797814438187
Node 276, 206.45797347563646
Node 1494, 3653.2267320802143
Node 1118, 2172.0784656710134
Node 584, 309.2706612271987
Node 579, 298.82068216587226
Node 394, 220.12396828766668
Node 284, 207.309935441749
Node 267, 205.63951248102143
Node 502, 249.26937559870535
Node 320, 210.29127815684024
Node 1080, 2058.239803504695
Node 603, 322.44263223056606
Node 299, 208.178520032589
Node 536, 267.62992725248404
Node 455, 232.46735219656009
Node 387, 218.82462068695017
Node 451, 232.03381308675966
Node 254, 205.13359495329632
Node 516, 254.64484997033196
Node 412, 222.4817333064526
Node 407, 222.14157810080462
Node 1408, 3315.4681959297804
Node 452, 232.10189136333372
Node 526, 260.88406692874395
Node 87, 49.118368352412254
Node 2109, 7846.247788530947
Node 1370, 3102.0457294571374
Node 626, 349.8634798486204
Node 468, 237.32168358121407
Node 257, 205.2589539289618
Node 404, 221.4044009580596
Node 560, 286.12709021024625
Node 113, 136.30673366599314
Node 530, 263.39318647898494
Node 480, 242.75312231033794
Node 296, 208.1216528825489
Node 174, 201.14865389106237
Node 469, 238.45926396657353
Node 388, 218.84277129620918
Node 506, 251.22315703290553
Node 198, 202.00940893410953
Node 912, 1483.1342788746906
Node 617, 339.41868174282865
Node 297, 208.15540953634593
Node 600, 320.9149307272831
Node 517, 255.23661774395973
Node 490, 246.5234026012198
Node 705, 661.6995077530006
Node 463, 235.81524207310827
Node 83, 33.522082493988584
Node 1893, 6061.880902315221
Node 1517, 3784.910189144257
Node 666, 397.6247201350875
Node 609, 327.09151838712955
Node 402, 221.1442436162451
Node 663, 392.9784778350818
Node 232, 203.79097954058446
Node 127, 162.41421439454524
Node 99, 93.77776579835133
Node 1239, 2579.5892467975677
Node 669, 415.20359145294316
Node 256, 205.19438674199236
Node 374, 217.57599412240438
Node 312, 209.5501817970623
Node 1163, 2310.9428992064686
Node 599, 320.8941030535283
Node 515, 254.47140590738246
Node 577, 298.3060553749493
Node 364, 215.78869688263785
Node 678, 463.5087169481099
Node 511, 253.17567832344966
Node 439, 228.44358869785896
