Node, generations
Node 3120, 22045.045186984644
Node 2216, 6602.86186531323
Node 1669, 1267.47369568764
Node 1488, 1071.0796591828048
Node 147, 228.58018365319103
Node 1635, 1220.9696169568058
Node 1420, 1043.6360526512797
Node 446, 572.6833780669358
Node 356, 491.58521985607285
Node 1259, 1017.3735271292251
Node 1030, 1003.4478964762751
Node 2601, 11718.681534913652
Node 2303, 7605.870753328053
Node 1704, 1374.4214505164964
Node 1623, 1200.255594162333
Node 1381, 1034.0217935097974
Node 1283, 1019.5363378841572
Node 697, 832.6118114506969
Node 847, 968.8974413462162
Node 1619, 1198.7392871968082
Node 1389, 1036.2671086861235
Node 1038, 1003.7693926103709
Node 81, 16.06536298412896
Node 1687, 1325.8931821078954
Node 1616, 1192.5844164614764
Node 1509, 1082.213055225533
Node 1499, 1078.6936917341068
Node 1483, 1068.9920538816796
Node 1468, 1061.6886155878537
Node 1360, 1029.5903536204808
Node 1375, 1032.1708333618471
Node 1608, 1177.9630805177062
Node 1747, 1643.2175014687648
Node 1655, 1250.0885379077085
Node 1460, 1060.0369470177343
Node 351, 482.23423414101893
Node 80, 9.96948591631376
Node 1452, 1055.751821747619
Node 1355, 1028.722447384308
Node 223, 330.5917408002756
Node 1149, 1008.7875259433058
Node 237, 344.2075890118541
Node 1580, 1133.1745176214517
Node 1568, 1121.722148731415
Node 1215, 1013.000786970151
Node 1463, 1060.828473483464
Node 1696, 1346.2524533055414
Node 1553, 1112.47005488042
Node 1387, 1035.0379035857259
Node 944, 1001.0403615075685
Node 1665, 1264.1578868796114
Node 1585, 1141.0541997980206
Node 1474, 1065.7759361700114
Node 1170, 1010.4425210454382
Node 614, 739.6436653834779
Node 594, 721.9272722502653
Node 903, 1000.3363135156173
Node 463, 584.4325409455018
Node 84, 43.97345242210562
Node 1643, 1229.0599696678123
Node 873, 993.6815453346818
Node 747, 878.0666526105501
Node 1129, 1007.4212970651606
Node 2423, 9119.638482120254
Node 1542, 1107.0279018407532
Node 1489, 1071.8386206724056
Node 253, 364.1146130081002
Node 1332, 1024.9430394463404
Node 809, 935.3816524349711
Node 179, 276.37666159669095
Node 1536, 1100.6842208047174
Node 1466, 1061.1745639664157
Node 1497, 1078.28182519462
Node 805, 929.1779074569248
Node 1693, 1335.4989505034032
Node 1524, 1090.938319915093
Node 1397, 1037.9101269515259
Node 301, 415.8143402994758
Node 1529, 1096.6929558938825
