node_generations, branch_length
1755.2720825475087, 16694.309698018515
1098.810802804442, 656.4612797430668
0.0, 1098.810802804442
0.0, 1098.810802804442
1375.983787102367, 379.2882954451418
0.0, 1375.983787102367
0.0, 1375.983787102367
2184.8639153386357, 16264.717865227387
0.0, 2184.8639153386357
1500.7214134808137, 684.142501857822
1352.871772229765, 147.84964125104875
1037.813939943023, 315.05783228674204
0.0, 1037.813939943023
0.0, 1037.813939943023
1072.981288116401, 279.890484113364
0.0, 1072.981288116401
0.0, 1072.981288116401
1430.2479622493006, 70.47345123151308
1324.7624987342363, 105.48546351506434
0.0, 1324.7624987342363
1163.648597219941, 161.11390151429532
0.0, 1163.648597219941
0.0, 1163.648597219941
1378.7059939437054, 51.54196830559522
1005.4880452726945, 373.21794867101084
0.0, 1005.4880452726945
0.0, 1005.4880452726945
1256.0240112627596, 122.6819826809458
1030.9612487419788, 225.06276252078078
0.0, 1030.9612487419788
0.0, 1030.9612487419788
1071.7486032423615, 184.27540802039812
918.8514835828503, 152.8971196595112
0.0, 918.8514835828503
0.0, 918.8514835828503
1041.0677703571832, 30.680832885178233
0.0, 1041.0677703571832
0.0, 1041.0677703571832
