Node, generations
Node 2574, 22987.338096004754
Node 2317, 17629.97084775814
Node 2122, 14649.936621537436
Node 1419, 6794.541461841045
Node 304, 327.53997969701817
Node 231, 226.61989898905864
Node 220, 218.152886904198
Node 45, 100.79101995455164
Node 425, 1100.9358125372332
Node 301, 323.01303063919994
Node 75, 112.80902451678121
Node 255, 243.0106682095686
Node 310, 346.59292943065543
Node 200, 193.20493894621504
Node 57, 103.90495151038371
Node 1490, 7362.580899493965
Node 119, 134.46254439584663
Node 991, 3802.2641364485467
Node 590, 1800.5646145764229
Node 293, 301.4396319669935
Node 170, 169.57257133868788
Node 163, 163.04006602899608
Node 118, 134.27196345543203
Node 61, 104.67230952916918
Node 46, 101.00965342990109
Node 249, 240.51462595911647
Node 198, 189.6573451569301
Node 178, 173.4624078650085
Node 126, 138.3970336840817
Node 302, 324.5869352585268
Node 120, 135.6807047140137
Node 43, 66.663802415313
Node 807, 2829.8457258253984
Node 236, 231.2599803892723
Node 575, 1746.324646693283
Node 268, 269.0192190810721
Node 76, 113.19064700858998
Node 261, 257.7727906902806
Node 247, 239.23039608819414
