Node, generations
Node 1993, 2892.9153665491817
Node 1912, 2086.155054638657
Node 1800, 1437.8671214736576
Node 1512, 1054.6206993684375
Node 114, 126.74657766624509
Node 92, 85.19683359705326
Node 1511, 1054.2499578564837
Node 1152, 1006.5907238471427
Node 153, 213.0176732091014
Node 1401, 1024.5225778237514
Node 391, 517.0283046700862
Node 174, 247.76790438634532
Node 1718, 1232.64040098263
Node 1431, 1030.2526292393916
Node 797, 906.1192163275357
Node 1364, 1019.9631052073223
Node 1335, 1017.1979463440209
Node 223, 310.0557020253038
Node 1262, 1011.0941241721288
Node 1122, 1005.5666166616908
Node 1637, 1140.9504604945164
Node 96, 93.05705958637284
Node 1633, 1136.3872282656394
Node 123, 152.17854792437353
Node 550, 675.1078480064884
Node 1904, 2016.0261664049408
Node 1581, 1097.2456828951454
Node 210, 297.448963424829
Node 108, 113.17829108306215
Node 1347, 1018.6350013038947
Node 1049, 1003.0835024580831
Node 1627, 1129.924884634111
Node 212, 298.04500177141864
Node 150, 205.0842825999334
Node 1541, 1070.3328575917672
Node 1983, 2812.7945414359683
Node 1458, 1035.615947226885
Node 1980, 2772.7520717693537
Node 1795, 1408.5114736404162
Node 1770, 1334.720178250584
Node 1574, 1089.8552932746325
Node 1532, 1064.6561979130715
Node 1380, 1021.561301997737
Node 1350, 1018.9657608495313
Node 1224, 1009.3698825486548
Node 221, 308.0637832058649
Node 1354, 1019.3009244723819
Node 1342, 1017.8757925597155
Node 395, 520.010823030336
Node 1524, 1059.9144113915766
Node 473, 600.8122816096404
Node 405, 532.9977098837044
Node 1537, 1067.7387227486076
Node 1438, 1031.3347237808368
Node 190, 266.3788556257737
Node 94, 87.2959254337196
Node 1677, 1181.0225076292788
Node 761, 878.6909211396946
Node 1781, 1361.8258891247986
Node 81, 21.843781954405717
Node 1634, 1136.4248042782376
Node 756, 870.753777063236
Node 83, 30.05963466862226
Node 1950, 2432.6900624729806
Node 1766, 1330.3170337179151
Node 1824, 1521.3714681820845
Node 1597, 1105.493949802984
Node 1521, 1059.5518197807542
Node 1375, 1021.1752682269131
Node 1528, 1062.2693963381
Node 884, 980.706109273814
Node 1794, 1403.3718806488237
Node 1565, 1084.8437284850725
Node 1200, 1008.2301732551767
Node 1696, 1199.9004793535441
Node 107, 112.60686500329047
Node 1653, 1158.540133284116
Node 447, 572.1305389631486
Node 140, 186.54582926241744
