Node, generations
Node 2901, 34790.33528960142
Node 1632, 8903.45162114301
Node 357, 378.94312137609523
Node 629, 1744.589620176111
Node 257, 273.3318957030644
Node 177, 227.20565800990363
Node 135, 214.48731669594028
Node 390, 549.7114505323408
Node 238, 261.3901237271162
Node 174, 226.58338641596077
Node 1900, 12125.523443098396
Node 339, 347.32400580586227
Node 105, 208.11523135735345
Node 1702, 9737.871695844495
Node 866, 2899.9683719450445
Node 520, 1228.309701133839
Node 260, 274.8987467797716
Node 229, 253.21923594652426
Node 190, 232.13150943892828
Node 85, 203.71907941374553
Node 264, 277.22266719998646
Node 242, 262.04983964855336
Node 180, 228.0960178376393
Node 222, 248.9443644176862
Node 141, 215.9645895255992
Node 614, 1658.0189660168512
Node 223, 248.9674883601877
Node 1560, 8169.700940321655
Node 1037, 3963.723062448926
Node 749, 2254.1326920584925
Node 299, 309.1671401365479
Node 95, 205.7828971517007
Node 278, 288.92020559038673
Node 964, 3500.2900034251084
Node 409, 679.9583981491954
Node 301, 310.1360464513728
Node 142, 216.82235717412433
Node 1043, 3976.530023751039
Node 172, 226.40223221109252
