Node, generations
Node 3366, 43269.32873217895
Node 571, 1048.0964830995717
Node 272, 146.3706758478143
Node 190, 118.69773907148607
Node 2977, 28103.77163586658
Node 2436, 16173.866467475476
Node 1458, 5485.219586589725
Node 346, 199.56232766812084
Node 314, 175.02612915546752
Node 243, 129.70437354576788
Node 323, 180.08982374512718
Node 255, 135.12114228969108
Node 290, 154.55368682606507
Node 236, 127.3525851989493
Node 134, 107.31196908156635
Node 1231, 4163.338251884234
Node 944, 2620.5964221448976
Node 245, 130.62136808405808
Node 176, 114.78677148222393
Node 128, 106.24419531369573
Node 810, 2023.5392093709186
Node 270, 144.47018587213063
Node 234, 127.09285056582189
Node 214, 123.25388949346568
Node 406, 268.95127949093165
Node 354, 204.2072490275988
Node 166, 112.97352987858987
Node 399, 242.64528291604495
Node 351, 201.88895355918945
Node 161, 112.00274823038508
Node 326, 184.70640875163588
Node 224, 125.44506981408963
Node 113, 104.57595296459414
Node 80, 101.32258402934902
Node 380, 222.87720390891263
Node 1185, 3849.447869140785
Node 115, 104.86977927420736
Node 1165, 3733.9352086444837
Node 539, 940.6636549321171
Node 415, 382.52654400461785
Node 321, 176.38634261362648
Node 302, 164.09709662582367
Node 194, 119.03920593995255
Node 143, 108.900013039446
Node 121, 105.91640698585921
Node 178, 115.96028430587555
Node 233, 127.06878074232316
Node 923, 2497.0821531990364
Node 803, 1995.928825916053
Node 114, 104.78000345831568
Node 2259, 13603.017644831896
Node 1131, 3494.1225174659003
Node 90, 102.17618702404182
Node 410, 329.8657079753329
Node 209, 122.32814656099728
Node 60, 29.23372790871342
Node 365, 211.85663273972523
Node 2659, 20547.20235811224
Node 246, 130.80848542931244
