node_generations, branch_length
1995.5841294008485, 3724.2714640714075
0.0, 1995.5841294008485
1267.4078667752806, 728.1762626255679
0.0, 1267.4078667752806
0.0, 1267.4078667752806
2011.852914597068, 3708.0026788751884
1132.3950728924444, 879.4578417046237
0.0, 1132.3950728924444
1120.5645612228166, 11.830511669627867
1013.1713221265919, 107.39323909622465
0.0, 1013.1713221265919
0.0, 1013.1713221265919
1074.1298078192772, 46.43475340353939
1015.8104098486791, 58.31939797059806
0.0, 1015.8104098486791
0.0, 1015.8104098486791
1067.384654527546, 6.745153291731185
0.0, 1067.384654527546
0.0, 1067.384654527546
1368.785071021984, 643.067843575084
0.0, 1368.785071021984
1141.705353773453, 227.0797172485311
1123.5423856343268, 18.16296813912618
0.0, 1123.5423856343268
1044.3969278678915, 79.14545776643536
0.0, 1044.3969278678915
1026.9871576817989, 17.4097701860926
0.0, 1026.9871576817989
1022.921502791798, 4.065654890000815
0.0, 1022.921502791798
0.0, 1022.921502791798
1136.3644781565918, 5.34087561686124
0.0, 1136.3644781565918
1030.197284685375, 106.1671934712167
0.0, 1030.197284685375
6.518103225214113, 1023.679181460161
0.0, 6.518103225214113
0.0, 6.518103225214113
