Node, generations
Node 2396, 17696.43935046434
Node 1789, 1469.937479968447
Node 1140, 1006.118785116024
Node 1658, 1185.2178438620929
Node 1496, 1051.4749760003504
Node 1538, 1066.8559557998592
Node 937, 1000.7971191803198
Node 1456, 1043.0461374402962
Node 462, 599.5375469439883
Node 1425, 1033.6247864700608
Node 1948, 3703.298092663186
Node 1828, 1646.926872838948
Node 1516, 1059.682338251282
Node 1460, 1043.621331831276
Node 1795, 1492.3662261201011
Node 1711, 1266.3174924572293
Node 1566, 1077.8562440337455
Node 215, 317.7170283930917
Node 1699, 1243.1049081758063
Node 1282, 1014.4806500071228
Node 1769, 1411.1703692846647
Node 1362, 1022.1509995015242
Node 1046, 1003.3955616728821
Node 171, 257.9297547751365
Node 461, 598.0410303875176
Node 85, 55.36367787626601
Node 1729, 1293.4853639943724
Node 1696, 1240.5666047943066
Node 1650, 1175.8885179622232
Node 1551, 1071.4001503275172
Node 1348, 1019.826084459743
Node 1377, 1024.614886299465
Node 1361, 1022.0719430051746
Node 1293, 1015.229226715556
Node 1189, 1008.374777115431
Node 1334, 1017.8037185985553
Node 1677, 1221.5421536135445
Node 1605, 1113.2052702229205
Node 1577, 1087.5081264070654
Node 1083, 1004.4172620933384
Node 1545, 1068.5600867780038
Node 985, 1001.7442491783776
Node 966, 1001.4050410327626
Node 1486, 1049.200307126738
Node 95, 106.31704677936975
Node 1670, 1212.2102549748934
Node 1528, 1063.204147594522
Node 769, 887.2701456423953
Node 1240, 1011.6386058157095
Node 83, 34.36053897704238
Node 1841, 1720.0027868421594
Node 1657, 1184.4224457890145
Node 648, 770.9954944893169
Node 1603, 1112.0375986291506
Node 1277, 1014.1980324760455
Node 254, 367.0182819886195
Node 1573, 1083.3725029562565
Node 1468, 1044.2097868344722
Node 1527, 1063.1978873966268
Node 1276, 1014.1435055785754
Node 376, 512.8411056306343
Node 1410, 1031.6563809391937
Node 164, 241.99650183270893
Node 234, 343.86641335359315
Node 97, 111.05031687707753
Node 1783, 1464.153944223011
Node 1642, 1164.366438945706
Node 1563, 1076.5357108713288
Node 1323, 1016.893007190385
Node 1490, 1050.5246699455422
Node 94, 98.20309044671598
Node 1241, 1011.7216911506725
Node 1600, 1110.8573517133875
Node 1556, 1072.0492217018643
Node 1507, 1055.876857136955
Node 1375, 1024.1091874586884
Node 81, 24.878199679044453
Node 887, 987.0976910380468
Node 1493, 1051.1626762675007
