Node, generations
Node 3710, 24434.641988797855
Node 2994, 2873.470026041997
Node 2891, 2399.2605087977286
Node 2780, 2182.4565920757623
Node 2445, 2020.0849038757895
Node 991, 1079.7763179538856
Node 2482, 2025.9677989020186
Node 2858, 2315.550037239161
Node 1326, 1385.3765980956139
Node 2902, 2449.2159395762833
Node 2847, 2299.1065871484
Node 2620, 2057.4307880679157
Node 521, 649.729068437723
Node 105, 141.54254308087414
Node 1016, 1104.9801348367207
Node 2698, 2097.540672751248
Node 2636, 2063.869657458116
Node 2516, 2029.9445075172407
Node 1113, 1193.5381764968608
Node 806, 926.3038514929415
Node 732, 855.1912129279642
Node 347, 455.70427678795653
Node 1912, 1888.996796649428
Node 2623, 2057.8070716496945
Node 2537, 2033.8734212279574
Node 2347, 2011.197813278407
Node 639, 769.3827726071187
Node 2643, 2064.820581331475
Node 623, 758.4517526774498
Node 273, 384.7300079897837
Node 2540, 2034.3709476491142
Node 2025, 1990.0198582237363
Node 2870, 2352.2728468272358
Node 1023, 1113.6671663153911
Node 1324, 1381.9390351025431
Node 3031, 3113.721053699258
Node 2921, 2524.4591019439385
Node 2829, 2251.816840152051
Node 2728, 2117.558165884814
Node 2626, 2060.766253872724
Node 887, 1002.6130250465162
Node 669, 792.9769292394004
Node 2262, 2007.0156952711354
Node 138, 209.67398179591413
Node 437, 583.975967522426
Node 2724, 2115.0663000471795
Node 2580, 2047.016226270874
Node 777, 907.3760412122781
Node 2495, 2027.4785222554053
Node 1105, 1187.926306632856
Node 120, 167.5157762204094
Node 2475, 2024.8969610793772
Node 2383, 2013.5983685351785
Node 619, 755.036852477638
Node 455, 599.0493710874757
Node 2844, 2294.1904242989394
Node 384, 510.51208006322037
Node 2811, 2225.5681672698215
Node 2749, 2138.2504425163406
Node 737, 861.9789255634586
Node 646, 778.4203007822123
Node 2298, 2008.6499734667298
Node 595, 729.2561171090109
Node 274, 385.48291831128097
Node 649, 779.2284110266316
Node 2967, 2692.5260725400126
Node 2453, 2020.936528763211
Node 2931, 2552.5802980874582
Node 2467, 2023.4111322146716
Node 2897, 2434.6526186223823
Node 2666, 2075.8321731535225
Node 2533, 2033.3091003670595
Node 483, 619.6461667391728
Node 1682, 1695.6495885432132
Node 2608, 2055.159208666156
Node 2771, 2164.531765202147
Node 2754, 2144.5919666331515
Node 329, 444.1669309371233
Node 178, 276.4997579874174
