Node, generations
Node 1715, 33675.341195413486
Node 61, 217.3695985286663
Node 26, 201.1844816640642
Node 1304, 20348.283520904115
Node 1009, 14200.301892472644
Node 293, 1651.1141612453273
Node 228, 633.745724493583
Node 230, 640.2463239751453
Node 73, 229.34013636309905
Node 21, 39.777958111485376
Node 296, 1717.0700261249651
Node 216, 586.9799421981184
Node 125, 322.4166562654602
Node 139, 342.6366310123861
Node 250, 740.7319625665032
Node 170, 433.35387581008496
Node 119, 306.64667831100087
Node 223, 604.7562121363695
Node 118, 306.6334016397811
