node_generations, branch_length
817.0766895787272, 694.0056317065514
0.0, 817.0766895787272
810.2815492196404, 6.7951403590867585
291.78528107592973, 518.4962681437107
0.0, 291.78528107592973
0.0, 291.78528107592973
525.9622335954274, 284.319315624213
0.0, 525.9622335954274
365.9576552479315, 160.0045783474959
0.0, 365.9576552479315
306.6506250278821, 59.3070302200494
168.59748531252873, 138.05313971535335
0.0, 168.59748531252873
0.0, 168.59748531252873
215.58834330227293, 91.06228172560915
0.0, 215.58834330227293
0.0, 215.58834330227293
1252.1303385447718, 258.95198274050676
0.0, 1252.1303385447718
1084.1518014114215, 167.9785371333503
512.5209918266295, 571.630809584792
0.0, 512.5209918266295
262.2760347056086, 250.2449571210209
227.13948395168188, 35.13655075392671
0.0, 227.13948395168188
220.22113873735083, 6.918345214331055
0.0, 220.22113873735083
0.0, 220.22113873735083
247.96229766444708, 14.313737041161517
0.0, 247.96229766444708
202.04570045504656, 45.91659720940052
0.0, 202.04570045504656
0.0, 202.04570045504656
684.8191702244725, 399.332631186949
0.0, 684.8191702244725
313.23426797339755, 371.58490225107494
0.0, 313.23426797339755
0.0, 313.23426797339755
