node_generations, branch_length
1373.690328841624, 8105.406766709747
356.57520995244516, 1017.1151188891788
0.0, 356.57520995244516
302.77080986846704, 53.80440008397812
0.0, 302.77080986846704
256.8047109510153, 45.966098917451745
0.0, 256.8047109510153
0.0, 256.8047109510153
896.361333454832, 477.32899538679203
295.553907292459, 600.8074261623731
0.0, 295.553907292459
0.0, 295.553907292459
326.1815601724023, 570.1797732824297
0.0, 326.1815601724023
217.5694409455726, 108.61211922682972
0.0, 217.5694409455726
217.338817598886, 0.230623346686599
0.0, 217.338817598886
0.0, 217.338817598886
6834.28990232338, 2644.807193227991
337.21415705091397, 6497.0757452724665
0.0, 337.21415705091397
244.64975378734914, 92.56440326356483
0.0, 244.64975378734914
0.0, 244.64975378734914
415.3369435442102, 6418.95295877917
0.0, 415.3369435442102
410.0069256990417, 5.330017845168527
272.6116177858445, 137.3953079131972
0.0, 272.6116177858445
234.08249109090949, 38.529126694935
0.0, 234.08249109090949
209.69191935186115, 24.39057173904834
0.0, 209.69191935186115
0.0, 209.69191935186115
323.17141170740837, 86.83551399163332
0.0, 323.17141170740837
0.0, 323.17141170740837
