Node, generations
Node 2105, 58977.918850696995
Node 1025, 2418.353787684926
Node 919, 1500.8916265804107
Node 620, 1036.6615106291779
Node 759, 1114.4763021809579
Node 313, 1000.9379884811077
Node 679, 1058.0098163964153
Node 629, 1038.5181029058112
Node 358, 1003.0124126952913
Node 143, 652.1698203036519
Node 921, 1512.6727545395618
Node 860, 1276.4600875209617
Node 426, 1007.7560131512269
Node 344, 1002.4118219210255
Node 402, 1005.6875560499728
Node 650, 1044.2275809536143
Node 905, 1438.417589250466
Node 771, 1131.377276267132
Node 507, 1014.0798644198318
Node 836, 1231.1060287601138
Node 662, 1049.392826992016
Node 367, 1003.6002244228687
Node 775, 1141.318297681478
Node 1030, 2454.4797978855486
Node 704, 1068.5507435645834
Node 881, 1327.423730226338
Node 776, 1142.5867291696184
Node 667, 1051.8188265330234
Node 729, 1080.6722732880164
Node 45, 102.5291730672717
Node 655, 1045.8583066499339
Node 835, 1230.905256744099
Node 779, 1144.1756084705748
Node 735, 1083.9161711025458
Node 457, 1009.2509340311552
Node 671, 1054.2774802205024
Node 790, 1156.1056125780813
Node 598, 1029.6513419471298
Node 411, 1006.6991621475968
