node_generations, branch_length
760.9847251900492, 20165.76171284823
264.5196773152743, 496.4650478747749
0.0, 264.5196773152743
0.0, 264.5196773152743
585.4046668988218, 175.58005829122737
289.3447708558199, 296.0598960430019
0.0, 289.3447708558199
273.1654184008508, 16.17935245496909
0.0, 273.1654184008508
0.0, 273.1654184008508
449.55301109421987, 135.85165580460193
293.3413402713596, 156.21167082286024
0.0, 293.3413402713596
278.8923466665933, 14.448993604766315
123.21351219829535, 155.67883446829796
0.0, 123.21351219829535
0.0, 123.21351219829535
205.43851173072184, 73.45383493587147
0.0, 205.43851173072184
0.0, 205.43851173072184
338.1588949722736, 111.3941161219463
0.0, 338.1588949722736
0.0, 338.1588949722736
1312.658650684481, 19614.0877873538
500.5314190330522, 812.1272316514288
0.0, 500.5314190330522
213.24855998887796, 287.28285904417424
0.0, 213.24855998887796
0.0, 213.24855998887796
896.7424442066971, 415.91620647778393
321.78174617860986, 574.9606980280872
0.0, 321.78174617860986
312.58882910665443, 9.192917071955435
0.0, 312.58882910665443
0.0, 312.58882910665443
352.4574002437888, 544.2850439629083
0.0, 352.4574002437888
0.0, 352.4574002437888
