Node, generations
Node 1469, 2434.449169821565
Node 1358, 1566.0320228707842
Node 1303, 1360.1762535088237
Node 64, 54.378194594792504
Node 1229, 1167.947178186824
Node 971, 1024.959305029309
Node 753, 1005.5777940353922
Node 923, 1018.4333561695732
Node 60, 13.950943416717578
Node 1204, 1134.3177981618915
Node 1129, 1076.6187935760977
Node 785, 1006.8830149490594
Node 1100, 1062.9964430073387
Node 84, 135.76041176794064
Node 1306, 1362.5925195691796
Node 1207, 1138.8445891949461
Node 1236, 1187.0289542469277
Node 937, 1020.3356732955314
Node 579, 996.4827549134947
Node 112, 220.13066146502112
Node 1208, 1139.043556050094
Node 1067, 1050.7130139473313
Node 456, 833.0005929806617
Node 1032, 1040.1660162749056
Node 1020, 1036.1688492526669
Node 212, 435.8085332834562
Node 1453, 2281.744276850461
Node 1181, 1116.536840201487
Node 656, 1001.8169055577837
Node 576, 993.0459937521871
Node 1101, 1063.1895006510401
Node 62, 25.419268178987455
Node 1389, 1724.250299596672
Node 1273, 1258.1130238126368
Node 1186, 1120.8828911463686
Node 1088, 1057.2729333780014
Node 1241, 1196.2674333633133
Node 1224, 1159.2084499650516
Node 1116, 1070.6174473156527
Node 423, 781.3203055807683
Node 1199, 1130.877228932819
Node 1148, 1089.7062629880902
Node 855, 1012.3727429850925
Node 81, 132.5194728802616
Node 603, 1000.3946170624137
Node 1120, 1072.5121658103242
Node 881, 1014.4830273366174
Node 473, 858.1715960171208
Node 114, 222.2341016531492
Node 959, 1022.7357833628639
Node 1378, 1672.3076610207222
Node 1112, 1068.5173559806713
Node 1014, 1035.4126417686614
Node 830, 1010.1807231088773
Node 116, 227.30650698024664
Node 1264, 1236.9771326334208
Node 1083, 1055.0376638519149
Node 390, 736.1576857380214
Node 93, 169.64678443695985
