Node, generations
Node 2533, 15900.583700267322
Node 2300, 12725.686781831415
Node 739, 894.0751558896043
Node 402, 220.60762458939382
Node 367, 215.621930935222
Node 385, 218.0070679474249
Node 382, 217.34070559907104
Node 454, 235.2031922204566
Node 436, 228.30163052219285
Node 434, 227.90677828080254
Node 101, 108.30038922371227
Node 1682, 6639.168580443255
Node 529, 268.86431106570944
Node 460, 237.57294463948796
Node 386, 218.1220388291174
Node 1536, 5446.438191003686
Node 636, 339.8598925191423
Node 604, 314.30408705107476
Node 274, 207.0929286303368
Node 256, 205.6305912234638
Node 130, 185.27662990513912
Node 230, 203.86234590863003
Node 523, 266.894850120269
Node 515, 262.92523113724627
Node 509, 259.9291364868286
Node 521, 266.17654101777725
Node 505, 257.24145424227015
Node 374, 216.57502145222398
Node 834, 1437.9213827824112
Node 759, 1036.1979666416755
Node 730, 844.5083022727777
Node 81, 16.912353711810823
Node 628, 335.49545213012806
Node 439, 229.35904769167547
Node 207, 203.03649710466163
Node 520, 265.6151901258759
Node 746, 929.1520316660119
Node 686, 401.0169801094365
Node 609, 318.9325984323321
Node 145, 200.23820716260062
Node 508, 258.2516352549345
Node 623, 327.0404210335932
Node 350, 213.56016830098204
Node 540, 275.50437389623784
Node 261, 205.95569164174276
Node 2378, 13675.289879497994
Node 927, 1897.2640255019253
Node 100, 107.1151258250025
Node 649, 354.42905136788977
Node 377, 216.74842648466637
Node 269, 206.98091944965097
Node 475, 243.02543584931746
Node 1615, 6063.527167344004
Node 633, 339.4233893349143
Node 344, 213.18425892658303
Node 290, 208.49961634483057
Node 650, 358.695068652288
Node 600, 311.7651152439408
Node 499, 253.97355784912904
Node 373, 216.54698376255982
Node 161, 200.88761560506646
Node 371, 216.1113181832796
Node 452, 233.99675388127952
Node 265, 206.69405403017382
Node 444, 231.1196859125833
Node 321, 211.15471224383467
Node 586, 305.17377288683105
Node 430, 227.20028397229945
Node 351, 213.68009161492782
Node 554, 281.50351290896975
Node 270, 206.99882686706596
Node 222, 203.60312181138116
Node 634, 339.5611063120511
Node 486, 247.93623636871513
Node 287, 208.21915960342267
Node 581, 302.3502855536314
Node 524, 267.49699280319464
Node 461, 237.6797054134067
Node 359, 214.8051415586507
