Node, generations
Node 1883, 89349.89227690695
Node 848, 2957.1916066658437
Node 736, 2345.259675979922
Node 651, 2174.458821918617
Node 821, 2727.7963170106223
Node 788, 2555.523900236277
Node 422, 2017.8770039729618
Node 581, 2094.891506222441
Node 794, 2569.707316747731
Node 700, 2259.774682277323
Node 1041, 10396.684999919797
Node 883, 3328.4411439614814
Node 641, 2151.8877026050227
Node 562, 2076.872780062723
Node 454, 2026.5278140345765
Node 474, 2031.9507147621928
Node 677, 2208.2161235531316
Node 579, 2091.567254216077
Node 88, 905.7883758819278
