node_generations, branch_length
2608.462693182495, 24817.97414494851
1272.4996728606436, 1335.9630203218514
0.0, 1272.4996728606436
0.0, 1272.4996728606436
1413.7258978395923, 1194.7367953429027
0.0, 1413.7258978395923
1339.076065025029, 74.6498328145633
1113.317336359262, 225.75872866576697
0.0, 1113.317336359262
1006.1638695105553, 107.15346684870678
0.0, 1006.1638695105553
97.57953944386473, 908.5843300666905
0.0, 97.57953944386473
0.0, 97.57953944386473
1205.487932576175, 133.58813244885414
837.38086805246, 368.10706452371494
0.0, 837.38086805246
0.0, 837.38086805246
1145.0421153110349, 60.44581726514002
0.0, 1145.0421153110349
1127.1838314050979, 17.858283905937014
0.0, 1127.1838314050979
1002.457631598444, 124.72619980665388
0.0, 1002.457631598444
672.3012410395241, 330.15639055891984
0.0, 672.3012410395241
0.0, 672.3012410395241
16342.378867892296, 11084.057970238706
1216.2613200617823, 15126.117547830514
0.0, 1216.2613200617823
1037.4940850662717, 178.76723499551053
0.0, 1037.4940850662717
0.0, 1037.4940850662717
5463.694650263882, 10878.684217628414
1248.7340423968233, 4214.960607867059
1093.1806015827613, 155.55344081406201
0.0, 1093.1806015827613
0.0, 1093.1806015827613
1135.7161959963594, 113.0178464004639
1054.2181500950405, 81.49804590131885
0.0, 1054.2181500950405
0.0, 1054.2181500950405
1092.3376264626752, 43.378569533684185
727.8102283620178, 364.52739810065736
0.0, 727.8102283620178
0.0, 727.8102283620178
1027.0469433075534, 65.29068315512177
0.0, 1027.0469433075534
121.10859272595722, 905.9383505815962
0.0, 121.10859272595722
0.0, 121.10859272595722
1842.7893413728018, 3620.9053088910805
419.41821793679975, 1423.371123436002
0.0, 419.41821793679975
0.0, 419.41821793679975
1218.375325582827, 624.4140157899749
0.0, 1218.375325582827
1203.5631471892905, 14.812178393536442
0.0, 1203.5631471892905
1180.1820567660022, 23.381090423288242
1068.9389993363257, 111.24305742967658
0.0, 1068.9389993363257
0.0, 1068.9389993363257
1130.7985460830705, 49.38351068293173
1029.8257708222297, 100.97277526084076
0.0, 1029.8257708222297
1022.8631776648465, 6.962593157383253
0.0, 1022.8631776648465
241.99144107169266, 780.8717365931539
0.0, 241.99144107169266
0.0, 241.99144107169266
1130.03168890599, 0.7668571770805102
0.0, 1130.03168890599
1113.8492264489935, 16.182462456996518
0.0, 1113.8492264489935
1003.2862595668357, 110.56296688215775
0.0, 1003.2862595668357
0.0, 1003.2862595668357
