Node, generations
Node 2535, 35483.04745416958
Node 759, 473.3197511009437
Node 534, 250.14339097830637
Node 484, 233.93142004211546
Node 1736, 13481.552504645584
Node 949, 2289.862045855592
Node 696, 367.7915947268332
Node 691, 360.21650647704575
Node 413, 218.6352018761484
Node 641, 309.9217009016283
Node 558, 260.56877917594414
Node 294, 206.75577960576194
Node 104, 117.86632687878553
Node 93, 90.99316834961857
Node 632, 302.26790815290184
Node 521, 245.1057732025531
Node 212, 202.54091863178184
Node 136, 189.10225768152944
Node 154, 200.30598512486895
Node 565, 263.0015639641362
Node 462, 229.40398530649736
Node 424, 220.2571475163166
Node 438, 223.5365018347851
Node 564, 262.94747722471925
Node 336, 209.49390984662082
Node 269, 205.41184976053032
Node 849, 737.7355095535728
Node 792, 539.2026964379476
Node 576, 269.4073466389124
Node 723, 408.14163648879855
Node 649, 317.1023204592178
Node 622, 297.1068221357559
Node 601, 285.44452556823484
Node 507, 240.11743642113052
Node 840, 691.6021334837355
Node 544, 254.8194179781759
Node 824, 634.4013228058402
Node 652, 319.18248470558177
Node 476, 231.73889913508623
Node 296, 207.03344071243387
Node 183, 201.41881877065677
Node 290, 206.58057018702854
Node 281, 206.10707224974539
Node 82, 48.64388167332429
Node 698, 370.32752083014657
Node 1302, 6610.158988355737
Node 690, 359.4121590478095
Node 671, 334.64119043532185
Node 644, 311.15668034672535
Node 489, 235.45224017612423
Node 382, 213.50674850799004
Node 222, 203.00114504926907
Node 502, 239.11314747603737
Node 481, 233.31932734311235
Node 374, 212.56842369665733
Node 1186, 5272.454978432322
Node 788, 522.8055728241685
Node 560, 261.7395658249877
Node 703, 377.2528772625982
Node 669, 332.71511424631314
Node 593, 278.9668344122528
Node 673, 336.6893232193529
Node 956, 2373.6079760912726
Node 884, 1379.0256979861485
Node 952, 2325.907224921301
Node 739, 428.3000936464238
Node 440, 223.96140233217577
Node 497, 238.56823040916055
Node 351, 211.08179677675912
Node 390, 214.43888274300997
Node 887, 1457.7854436303105
Node 587, 276.728986424407
Node 333, 209.3153325706349
Node 528, 247.3942093945774
Node 395, 215.900778821974
Node 328, 208.8938208612946
Node 704, 377.4758962632074
Node 350, 210.9058325782297
Node 230, 203.4950126787063
