node_generations, branch_length
168.64172429746748, 7106.120610567234
136.74197999521627, 31.899744302251207
0.0, 136.74197999521627
135.06226682928596, 1.679713165930309
0.0, 135.06226682928596
0.0, 135.06226682928596
168.2849347136508, 0.3567895838166635
0.0, 168.2849347136508
0.0, 168.2849347136508
7139.387467125101, 135.37486773960063
1590.5879751140683, 5548.799492011032
224.57225560042792, 1366.0157195136403
0.0, 224.57225560042792
90.87950898926482, 133.6927466111631
0.0, 90.87950898926482
0.0, 90.87950898926482
782.5337725721745, 808.0542025418938
0.0, 782.5337725721745
167.43924600931047, 615.0945265628641
0.0, 167.43924600931047
0.0, 167.43924600931047
4717.404393108567, 2421.9830740165335
2178.99389661641, 2538.410496492157
0.0, 2178.99389661641
222.58901471751412, 1956.4048818988958
0.0, 222.58901471751412
0.0, 222.58901471751412
4281.478047878046, 435.9263452305213
106.49516905181072, 4174.982878826235
0.0, 106.49516905181072
84.83350831264559, 21.66166073916513
0.0, 84.83350831264559
0.0, 84.83350831264559
148.67122774782084, 4132.806820130225
0.0, 148.67122774782084
140.14090377722187, 8.530323970598971
0.0, 140.14090377722187
0.0, 140.14090377722187
