Node, generations
Node 3126, 3901.8987487038016
Node 3041, 2807.389349162263
Node 2869, 2179.5958572121176
Node 2647, 2034.5929118735885
Node 553, 652.6827180842487
Node 2454, 2011.4521837044463
Node 2742, 2066.0672614532587
Node 1767, 1692.9865970311264
Node 2739, 2065.004464548166
Node 2467, 2013.2063503052168
Node 1331, 1306.5469900892233
Node 85, 63.63293186744141
Node 137, 197.42886441536083
Node 2085, 1961.965977388487
Node 652, 727.0154010640924
Node 546, 647.577065024564
Node 1148, 1164.3852905826034
Node 257, 344.1916466837827
Node 245, 334.848753114005
Node 2693, 2047.7889499210744
Node 409, 533.3481439601895
Node 805, 876.1135257288757
Node 2956, 2382.9623312157346
Node 2774, 2081.182368636725
Node 1327, 1304.0376067265822
Node 344, 468.8268913985128
Node 2719, 2055.0169428641084
Node 2109, 1981.6991770631703
Node 1868, 1780.6519385618749
Node 1466, 1415.6001271225941
Node 2565, 2021.7196351238551
Node 2263, 2003.171115366418
Node 87, 70.46868324428003
Node 2911, 2246.742439482927
Node 2854, 2147.511615463592
Node 2674, 2042.4691466516613
Node 95, 99.27625910273487
Node 2643, 2033.865749630596
Node 2728, 2059.6535644661803
Node 90, 83.43001914545161
Node 2726, 2058.649864598638
Node 1617, 1561.4847896297154
Node 3098, 3332.6753518653186
Node 2979, 2489.2973545555956
Node 2968, 2432.3061696656546
Node 2887, 2206.452076797253
Node 2874, 2189.3720304105045
Node 2837, 2129.194211057406
Node 173, 243.77554538812677
Node 2758, 2071.849148726594
Node 415, 540.6051876897378
Node 255, 343.2207612133201
Node 2577, 2023.1248106982057
Node 1952, 1849.14901029996
Node 2885, 2198.481315661812
Node 787, 853.8638084903091
Node 2834, 2127.983753863745
Node 2800, 2099.2831728000792
Node 1413, 1374.0432903699077
Node 1339, 1312.446355396999
Node 2945, 2328.2268658363214
Node 2939, 2313.195886755759
Node 2878, 2190.9108788223307
Node 2579, 2023.225771793401
Node 2536, 2018.8690111468845
Node 1418, 1379.726314513109
Node 2132, 1997.4567027148303
Node 2821, 2117.1244438986087
Node 2324, 2005.277743985359
Node 490, 603.6467710793582
Node 1342, 1315.5980123102413
Node 2718, 2054.967183531806
Node 2142, 2000.1773594391339
Node 2913, 2247.621669940454
Node 2306, 2004.4795898548211
Node 2385, 2008.0420402193433
Node 2276, 2003.5154732872231
Node 3059, 2960.1526061237973
Node 2483, 2014.340140296286
