Node, generations
Node 1663, 51402.36072026796
Node 780, 1902.2752171696486
Node 64, 279.0280079799165
Node 745, 1540.4829472018562
Node 619, 812.53209737131
Node 588, 747.4432557750187
Node 535, 660.9535780630124
Node 467, 586.180634395708
Node 499, 611.8105245643449
Node 697, 1114.4412635439587
Node 524, 648.4679601071881
Node 660, 950.706871970283
Node 651, 928.7683629102146
Node 422, 557.096129889419
Node 597, 761.7112316734149
Node 587, 747.3806523488357
Node 561, 694.2850822492658
Node 1233, 21394.16249349768
Node 726, 1381.2969873885938
Node 469, 587.9893290205206
Node 332, 525.128304159988
Node 489, 604.208301975391
Node 430, 560.1732012062076
Node 361, 532.0307802380831
Node 40, 60.132699637905134
Node 410, 551.0022863954879
Node 756, 1627.6672027217799
Node 618, 811.4968523513948
Node 291, 516.9578817954346
Node 235, 509.4589568131901
Node 564, 698.7777510868576
Node 465, 584.5217014934722
Node 387, 539.4618344273522
Node 312, 520.9480497653822
Node 334, 525.3705673398259
Node 474, 592.2719363929929
Node 381, 538.4467336785377
Node 346, 528.9006745710933
Node 272, 513.9016387357137
