node_generations, branch_length
0.0, 33923.39380959219
21463.52483279813, 12459.86897679406
9316.2733318672, 12147.251500930932
1499.390350591301, 7816.882981275899
250.90754430385218, 1248.482806287449
0.0, 250.90754430385218
240.32317319681533, 10.584371107036844
209.72828712456575, 30.59488607224958
0.0, 209.72828712456575
0.0, 209.72828712456575
237.91434030393935, 2.408832892875978
0.0, 237.91434030393935
0.0, 237.91434030393935
663.8494619531854, 835.5408886381157
0.0, 663.8494619531854
309.9688458964282, 353.88061605675716
214.11925426863158, 95.84959162779663
0.0, 214.11925426863158
0.0, 214.11925426863158
259.59912216117175, 50.36972373525646
0.0, 259.59912216117175
231.76319030351019, 27.835931857661564
0.0, 231.76319030351019
200.4754670242862, 31.287723279223997
0.0, 200.4754670242862
0.0, 200.4754670242862
4080.8274889255727, 5235.445842941627
2237.6803991616794, 1843.1470897638933
0.0, 2237.6803991616794
263.57481228295933, 1974.10558687872
0.0, 263.57481228295933
0.0, 263.57481228295933
4011.3539295960663, 69.47355932950632
0.0, 4011.3539295960663
0.0, 4011.3539295960663
11850.840146016384, 9612.684686781748
0.0, 11850.840146016384
10885.394036519774, 965.44610949661
1402.0357357047114, 9483.358300815064
232.3222765395206, 1169.713459165191
0.0, 232.3222765395206
218.87658463202368, 13.445691907496922
0.0, 218.87658463202368
0.0, 218.87658463202368
288.89071742748115, 1113.1450182772303
0.0, 288.89071742748115
216.82015343435478, 72.07056399312637
200.88761801029995, 15.932535424054834
0.0, 200.88761801029995
0.0, 200.88761801029995
210.59418236159348, 6.225971072761297
0.0, 210.59418236159348
0.0, 210.59418236159348
4633.221817679101, 6252.172218840673
228.19862269285696, 4405.023194986245
0.0, 228.19862269285696
0.0, 228.19862269285696
680.4870610390547, 3952.7347566400467
0.0, 680.4870610390547
360.3828176986743, 320.1042433403804
0.0, 360.3828176986743
334.58662570112705, 25.796191997547226
107.82426669899164, 226.7623590021354
0.0, 107.82426669899164
34.728197296554974, 73.09606940243665
0.0, 34.728197296554974
0.0, 34.728197296554974
286.672441028024, 47.91418467310302
247.54628296168332, 39.12615806634071
0.0, 247.54628296168332
234.41003509744039, 13.136247864242932
0.0, 234.41003509744039
207.21010354444016, 27.199931553000226
0.0, 207.21010354444016
0.0, 207.21010354444016
252.62966965071388, 34.042771377310146
0.0, 252.62966965071388
0.0, 252.62966965071388
