Node, generations
Node 1654, 10058.485056464562
Node 1256, 6015.5865438930805
Node 315, 336.0043049165241
Node 199, 230.92881569286655
Node 164, 217.5633259773859
Node 967, 3958.9729830482866
Node 840, 3139.290711900031
Node 724, 2442.7903717303834
Node 506, 1316.9595646995285
Node 412, 862.9335028512882
Node 184, 224.4605198119907
Node 238, 248.67635006215423
Node 47, 134.55757002159987
Node 149, 214.69962393750305
Node 692, 2270.60412217329
Node 304, 321.21041205852435
Node 301, 315.86047821467315
Node 247, 255.98374374849928
Node 270, 279.76900198824757
Node 220, 239.60470079762297
Node 131, 210.27452909290915
Node 110, 207.84266459984732
Node 203, 231.7620139614236
Node 122, 209.18348176189195
Node 224, 242.10841296200303
Node 146, 213.83704922284412
Node 41, 40.92372837859028
Node 214, 237.53799101661258
Node 659, 2108.083735098226
Node 522, 1405.4100320055352
Node 401, 782.1753085604445
Node 848, 3171.683043338152
Node 46, 127.44583164828279
Node 729, 2447.3266385294796
Node 329, 358.6927777195927
Node 1275, 6142.281959839833
Node 1258, 6027.930226308204
Node 723, 2427.4481661898176
Node 278, 288.14724590434986
