Node, generations
Node 3409, 14316.581817544304
Node 3024, 2713.7722124367187
Node 2987, 2530.5943803078867
Node 2848, 2149.5285152038273
Node 2377, 2008.0379006779071
Node 2160, 2000.9636501238872
Node 1498, 1480.770633403712
Node 192, 304.45427818974076
Node 935, 1026.6028067516706
Node 591, 710.2904815372037
Node 2597, 2028.0830989257092
Node 2117, 2000.048862887991
Node 324, 478.3549100003069
Node 187, 284.798721473496
Node 1953, 1869.973320309114
Node 1798, 1730.7695247675672
Node 2926, 2343.4112186971074
Node 2614, 2030.9213364927434
Node 787, 882.9697510760351
Node 521, 639.2461564389743
Node 2900, 2270.649948042037
Node 2753, 2071.095361215852
Node 583, 702.8478996890672
Node 2731, 2060.8618625094023
Node 2675, 2042.8064214011606
Node 2671, 2042.2123356906889
Node 681, 789.3701938490834
Node 2791, 2097.8287132758146
Node 2654, 2037.1496584239735
Node 1387, 1388.3146601479052
Node 2775, 2087.02989880484
Node 1057, 1130.4087026052744
Node 287, 433.41376364962446
Node 1603, 1569.8346019742064
Node 203, 321.68890846533264
Node 3009, 2614.6045991909373
Node 2875, 2212.9811368456985
Node 1050, 1124.8303088651353
Node 2867, 2194.7077309970514
Node 740, 842.3928277047822
Node 438, 576.6093506783172
Node 2827, 2126.1201823714123
Node 2760, 2072.3993512063275
Node 2367, 2007.574914304967
Node 413, 553.4516728165922
Node 83, 56.8927863578043
Node 1427, 1423.2673066264429
Node 2910, 2290.4291536035134
Node 2674, 2042.614674512634
Node 717, 824.2362350901957
Node 251, 380.1706074487373
Node 2408, 2009.9117735205166
Node 2853, 2164.3371532808155
Node 745, 847.8466418048699
Node 2744, 2067.7094963938116
Node 3029, 2742.065929299937
Node 2868, 2194.9805620827815
Node 1196, 1249.1161331660803
Node 418, 556.7134943032893
Node 3019, 2663.8611485895285
Node 2917, 2321.6436738237635
Node 2721, 2057.514784770313
Node 428, 564.156973344599
Node 2416, 2010.3489621391445
Node 2944, 2386.7315759706416
Node 2819, 2117.777009493821
Node 2531, 2020.337929549168
Node 2392, 2008.9911456456293
Node 1885, 1799.815345435662
Node 2136, 2000.3214385215026
Node 140, 215.52501425116589
Node 99, 133.93992999163353
Node 2743, 2066.7112732618484
Node 2325, 2005.2504115156157
Node 980, 1070.8852596706054
Node 2415, 2010.3238184403526
Node 90, 91.27213138672833
Node 2826, 2125.544139507745
Node 2291, 2004.3112107639374
