node_generations, branch_length
8919.694137620821, 51192.67543908242
291.8905217424392, 8627.803615878382
109.29877672846321, 182.59174501397598
0.0, 109.29877672846321
0.0, 109.29877672846321
123.0216836266094, 168.86883811582982
0.0, 123.0216836266094
0.0, 123.0216836266094
4515.73613178147, 4403.958005839351
320.1476739772305, 4195.58845780424
0.0, 320.1476739772305
159.9874679811969, 160.16020599603362
0.0, 159.9874679811969
116.58101043597256, 43.40645754522433
0.0, 116.58101043597256
0.0, 116.58101043597256
2571.2837621112117, 1944.4523696702586
285.7247083345044, 2285.5590537767075
0.0, 285.7247083345044
63.940422717762736, 221.78428561674164
0.0, 63.940422717762736
0.0, 63.940422717762736
1777.3419137817898, 793.9418483294219
304.4058793177623, 1472.9360344640274
119.39404457915786, 185.01183473860442
0.0, 119.39404457915786
0.0, 119.39404457915786
291.8457016092658, 12.560177708496497
113.20304283085828, 178.6426587784075
0.0, 113.20304283085828
0.0, 113.20304283085828
169.32463830253707, 122.52106330672873
127.522617592046, 41.802020710491064
0.0, 127.522617592046
0.0, 127.522617592046
166.67853814221664, 2.6461001603204295
0.0, 166.67853814221664
0.0, 166.67853814221664
697.9142648216953, 1079.4276489600945
128.36424434719123, 569.550020474504
0.0, 128.36424434719123
120.65129597217201, 7.712948375019224
0.0, 120.65129597217201
116.30490959092523, 4.346386381246774
0.0, 116.30490959092523
0.0, 116.30490959092523
227.43719579671398, 470.4770690249813
0.0, 227.43719579671398
138.27370763521114, 89.16348816150284
0.0, 138.27370763521114
119.23970659791104, 19.0340010373001
0.0, 119.23970659791104
0.0, 119.23970659791104
30571.83642423511, 29540.53315246813
265.9281102052496, 30305.90831402986
0.0, 265.9281102052496
171.17175237955007, 94.75635782569952
0.0, 171.17175237955007
0.0, 171.17175237955007
1640.3610872286777, 28931.47533700643
249.61696580426258, 1390.744121424415
0.0, 249.61696580426258
128.12567675400294, 121.49128905025964
0.0, 128.12567675400294
120.6907731654876, 7.43490358851534
0.0, 120.6907731654876
0.0, 120.6907731654876
1411.8721183666444, 228.4889688620333
108.40211657706303, 1303.4700017895814
0.0, 108.40211657706303
0.0, 108.40211657706303
206.50569826806247, 1205.3664200985818
109.39153904726115, 97.11415922080133
0.0, 109.39153904726115
0.0, 109.39153904726115
137.75412423634813, 68.75157403171434
0.0, 137.75412423634813
0.0, 137.75412423634813
