Node, generations
Node 822, 14950.348482510824
Node 360, 1025.3452399299022
Node 260, 704.3397444300215
Node 106, 521.661935565108
Node 350, 975.3361399254755
Node 389, 1270.1613926518908
Node 271, 730.6357564350858
Node 229, 652.3095744929385
Node 337, 922.6254590331234
Node 280, 756.4814819369627
Node 142, 540.9352700780789
Node 276, 737.2673411149709
Node 153, 546.3869728372741
Node 270, 728.7927032744028
Node 239, 664.4519667415968
Node 162, 558.886904468158
Node 298, 792.7936269196113
Node 273, 732.9104086164632
Node 164, 560.3256433507195
