Node, generations
Node 2396, 34699.78699924156
Node 136, 345.0889685192098
Node 53, 136.55417228770656
Node 1181, 8608.259629280205
Node 939, 6349.679866328968
Node 582, 3625.654523968954
Node 559, 3475.898158840745
Node 948, 6431.475868634948
Node 215, 1115.3653645736497
Node 94, 236.79589075980616
Node 134, 334.7871841394957
Node 70, 186.36303228948597
Node 46, 128.10167798295086
Node 31, 111.2543533203391
Node 120, 293.5315178936567
Node 34, 113.33275184449182
Node 642, 4029.411916069674
Node 265, 1497.4373527801315
Node 48, 130.13612502315627
