Node, generations
Node 3651, 56689.55232101347
Node 2334, 14675.175082817594
Node 1366, 4779.261218394317
Node 408, 289.66639783537386
Node 381, 270.0860266739709
Node 202, 207.60996969850865
Node 68, 62.054217249324225
Node 348, 252.67876320644515
Node 483, 372.07164933035114
Node 366, 262.7167524078006
Node 184, 206.09421967708676
Node 377, 268.02364541836414
Node 287, 226.096595818449
Node 1892, 9317.228942377847
Node 1028, 2844.54449918186
Node 515, 531.7427929380309
Node 466, 350.8603448486318
Node 453, 334.9124331357991
Node 339, 246.38596335558077
Node 262, 217.84297437271903
Node 426, 306.4148468538472
Node 347, 251.78170032195257
Node 159, 204.41225201223563
Node 303, 230.5988896297382
Node 299, 229.42216556566441
Node 402, 282.9795260658741
Node 553, 754.1931146438721
Node 461, 344.3973981636371
Node 454, 337.1825045128582
Node 64, 49.549027103886
Node 394, 279.665909303575
Node 265, 219.06011215843708
Node 387, 272.84804425883203
Node 283, 225.21788739774334
Node 349, 252.72219580092118
Node 208, 208.91061535213692
Node 302, 230.27404524714416
Node 247, 215.2033864055307
Node 292, 227.79497964727622
Node 1541, 6104.270373013117
Node 762, 1593.2616182652914
Node 1385, 4933.546217892429
Node 464, 346.7429827599844
Node 383, 271.83948707382433
Node 78, 128.24522076836575
Node 435, 314.1786703106527
Node 327, 241.20636272859468
Node 308, 232.62375188622212
Node 1342, 4639.7504899691585
Node 355, 254.5499088603032
Node 470, 356.19397013203104
Node 251, 215.66237061371223
Node 168, 205.13363548696987
Node 326, 240.91359158313983
Node 248, 215.2748588305921
Node 2840, 24316.218215256675
Node 282, 224.99889175821568
Node 482, 371.94614084603484
Node 472, 357.4092684767474
