Node, generations
Node 3682, 26253.715085258103
Node 1658, 3672.9815314839598
Node 488, 609.3958760066333
Node 251, 141.95128593565713
Node 175, 116.05919742998162
Node 84, 102.46331511312053
Node 973, 1640.8258237109706
Node 208, 125.05142331028031
Node 906, 1462.987821436538
Node 662, 983.5040573182664
Node 150, 111.95198593133483
Node 217, 127.6280596954299
Node 3638, 25354.93244725007
Node 2123, 6223.521885424892
Node 1563, 3331.5559162782224
Node 952, 1574.5020545303787
Node 273, 149.1736676652164
Node 1124, 2013.4228355673104
Node 1073, 1900.7195426446142
Node 357, 355.99060594531437
Node 202, 123.7749367469524
Node 445, 501.63940524594875
Node 303, 241.26472198802998
Node 286, 174.38806040224787
Node 220, 128.31466084398275
Node 128, 107.96292898398347
Node 279, 156.87981755999866
Node 60, 39.60027987412349
Node 350, 329.1062902141146
Node 221, 128.38728802692998
Node 3069, 15695.34363497113
Node 2269, 7138.093183664743
Node 1553, 3310.0087237065686
Node 446, 502.1750578084969
Node 513, 673.9368613736261
Node 428, 478.80830745842553
Node 228, 132.29746617982133
Node 1753, 4146.272229051027
Node 262, 144.90477210211446
Node 165, 113.66901803825768
Node 115, 106.18692055283897
Node 265, 145.87542627889474
Node 3012, 14768.20207564269
Node 1564, 3332.086978676193
Node 253, 142.65418042970052
Node 119, 106.75930617358664
Node 224, 129.38861623577878
Node 92, 103.30906449248612
Node 1111, 1982.4542305247367
Node 683, 1017.6899127529226
Node 332, 299.43341249669953
Node 247, 140.32645839222016
Node 653, 956.8924997175127
Node 64, 66.29295699234142
Node 1001, 1716.2675404746267
Node 331, 295.2369985499492
Node 180, 117.55443317789185
Node 548, 762.5656706362712
Node 111, 105.6756168716436
