node_generations, branch_length
1989.089663468541, 7112.469650288705
1164.2664807434319, 824.8231827251091
1112.746725368384, 51.51975537504791
0.0, 1112.746725368384
1086.6390616010594, 26.10766376732454
383.79148175548875, 702.8475798455706
0.0, 383.79148175548875
0.0, 383.79148175548875
1033.626777603636, 53.01228399742354
0.0, 1033.626777603636
483.18043250859034, 550.4463450950456
0.0, 483.18043250859034
0.0, 483.18043250859034
1155.9904021316186, 8.276078611813318
0.0, 1155.9904021316186
1095.4771894969854, 60.51321263463319
0.0, 1095.4771894969854
1076.6812531525368, 18.79593634444859
0.0, 1076.6812531525368
1070.9817409297805, 5.6995122227563115
0.0, 1070.9817409297805
718.6856967557056, 352.29604417407484
0.0, 718.6856967557056
23.804528625328064, 694.8811681303775
0.0, 23.804528625328064
0.0, 23.804528625328064
1508.5511567477702, 480.5385067207708
0.0, 1508.5511567477702
1500.4939449435021, 8.057211804268036
1208.4002407716907, 292.0937041718114
0.0, 1208.4002407716907
1027.8655010622683, 180.5347397094224
0.0, 1027.8655010622683
1012.589012968373, 15.276488093895296
0.0, 1012.589012968373
451.77669582717374, 560.8123171411993
0.0, 451.77669582717374
0.0, 451.77669582717374
1266.682380514906, 233.81156442859606
0.0, 1266.682380514906
1075.4608595324646, 191.22152098244146
0.0, 1075.4608595324646
0.0, 1075.4608595324646
2295.2390180388156, 6806.320295718431
1308.3509500565192, 986.8880679822964
0.0, 1308.3509500565192
0.0, 1308.3509500565192
2016.2683120977892, 278.9707059410264
1005.180046221107, 1011.0882658766823
0.0, 1005.180046221107
0.0, 1005.180046221107
1919.5196514733152, 96.74866062447404
1168.4989225776299, 751.0207288956854
0.0, 1168.4989225776299
0.0, 1168.4989225776299
1291.1198377647838, 628.3998137085314
0.0, 1291.1198377647838
1285.65591203703, 5.463925727753804
1160.34164323552, 125.31426880151002
1073.024096771914, 87.31754646360605
1031.903227885528, 41.120868886386006
0.0, 1031.903227885528
0.0, 1031.903227885528
1033.7636372967884, 39.26045947512557
0.0, 1033.7636372967884
1032.3614518512086, 1.4021854455797893
0.0, 1032.3614518512086
0.0, 1032.3614518512086
1152.2666172145814, 8.075026020938594
197.32005040118295, 954.9465668133985
0.0, 197.32005040118295
0.0, 197.32005040118295
1002.3041267218547, 149.96249049272672
0.0, 1002.3041267218547
0.0, 1002.3041267218547
1269.364263514553, 16.29164852247709
0.0, 1269.364263514553
0.0, 1269.364263514553
