node_generations, branch_length
1315.0885105279242, 32715.15145546291
297.7532223487846, 1017.3352881791395
0.0, 297.7532223487846
0.0, 297.7532223487846
777.9983387733124, 537.0901717546118
344.0374048564887, 433.9609339168237
0.0, 344.0374048564887
0.0, 344.0374048564887
409.91144066567404, 368.0868981076384
0.0, 409.91144066567404
393.71958278517553, 16.191857880498503
0.0, 393.71958278517553
202.67680043398, 191.04278235119554
0.0, 202.67680043398
0.0, 202.67680043398
20132.302327025445, 13897.937638965388
0.0, 20132.302327025445
9298.065657611169, 10834.236669414277
314.3266897934327, 8983.738967817735
0.0, 314.3266897934327
284.3287393562231, 29.997950437209624
254.5302535649199, 29.798485791303193
0.0, 254.5302535649199
212.25285147055624, 42.27740209436365
0.0, 212.25285147055624
0.0, 212.25285147055624
262.14928184490884, 22.17945751131424
0.0, 262.14928184490884
0.0, 262.14928184490884
8118.52673933053, 1179.5389182806384
286.3898771615173, 7832.136862169013
0.0, 286.3898771615173
230.30069490660424, 56.089182254913055
0.0, 230.30069490660424
0.0, 230.30069490660424
4742.488251232603, 3376.0384880979273
0.0, 4742.488251232603
0.0, 4742.488251232603
