Node, generations
Node 1650, 20126.974363403482
Node 1517, 17505.31469641668
Node 121, 249.7905463165544
Node 20, 56.55396368062636
Node 1480, 16756.821245735133
Node 243, 1498.5834527349705
Node 148, 328.4875832508641
Node 171, 611.5551677838621
Node 970, 8263.544324218672
Node 939, 7920.961612886103
Node 462, 3179.1728255070766
Node 116, 243.12691172349824
Node 65, 144.12668983831256
Node 315, 2042.4851612796829
Node 280, 1807.9151539565207
Node 174, 618.9596614868294
Node 54, 133.3506527121099
Node 53, 132.99184865368667
Node 97, 210.60997243030172
