node_generations, branch_length
2274.556813709013, 15021.499447513208
0.0, 2274.556813709013
1631.9096721873318, 642.6471415216813
0.0, 1631.9096721873318
1169.2077027521143, 462.7019694352175
0.0, 1169.2077027521143
0.0, 1169.2077027521143
11590.87891397218, 5705.177347250041
1327.5671210050934, 10263.311792967086
1179.784398103769, 147.7827229013244
0.0, 1179.784398103769
1087.3600492542132, 92.42434884955583
52.344020189576995, 1035.0160290646363
0.0, 52.344020189576995
0.0, 52.344020189576995
783.8802979868439, 303.47975126736935
0.0, 783.8802979868439
0.0, 783.8802979868439
1203.4015753815652, 124.16554562352826
0.0, 1203.4015753815652
1113.2495315802623, 90.15204380130285
1067.552622034005, 45.6969095462573
0.0, 1067.552622034005
1024.9450051470535, 42.60761688695152
0.0, 1024.9450051470535
1005.7980744184633, 19.146930728590178
0.0, 1005.7980744184633
0.0, 1005.7980744184633
1086.2714915069791, 26.978040073283182
0.0, 1086.2714915069791
0.0, 1086.2714915069791
1789.7001355947525, 9801.178778377427
0.0, 1789.7001355947525
1200.4295046184318, 589.2706309763207
0.0, 1200.4295046184318
1156.9272675381121, 43.502237080319674
0.0, 1156.9272675381121
0.0, 1156.9272675381121
