node_generations, branch_length
2508.428645648682, 6444.810028582933
0.0, 2508.428645648682
982.1805852374522, 1526.2480604112297
0.0, 982.1805852374522
109.3087786625679, 872.8718065748843
0.0, 109.3087786625679
0.0, 109.3087786625679
3211.6974316735905, 5741.541242558025
572.6184425478928, 2639.0789891256977
0.0, 572.6184425478928
16.80173594305503, 555.8167066048377
0.0, 16.80173594305503
0.0, 16.80173594305503
2322.6119214812925, 889.085510192298
0.0, 2322.6119214812925
1812.518168062814, 510.0937534184784
47.40534620166629, 1765.1128218611477
0.0, 47.40534620166629
35.32397755973369, 12.081368641932599
0.0, 35.32397755973369
8.613575023956715, 26.71040253577698
0.0, 8.613575023956715
0.0, 8.613575023956715
1573.5385564270875, 238.97961163572654
0.0, 1573.5385564270875
180.83883124758, 1392.6997251795076
0.0, 180.83883124758
177.9634934805541, 2.8753377670259113
57.19719748955275, 120.76629599100134
0.0, 57.19719748955275
0.0, 57.19719748955275
159.17859932769355, 18.784894152860545
0.0, 159.17859932769355
77.21975701619645, 81.9588423114971
0.0, 77.21975701619645
50.42469002872983, 26.795066987466626
0.0, 50.42469002872983
0.0, 50.42469002872983
