node_generations, branch_length
12426.002409589584, 37803.65403821175
2481.049181776061, 9944.953227813523
0.0, 2481.049181776061
185.53046672567476, 2295.518715050386
0.0, 185.53046672567476
148.40386606988304, 37.12660065579172
0.0, 148.40386606988304
82.8366970108046, 65.56716905907844
0.0, 82.8366970108046
58.88218213753727, 23.95451487326733
0.0, 58.88218213753727
50.66635873040172, 8.215823407135552
0.0, 50.66635873040172
0.0, 50.66635873040172
5501.599025869372, 6924.403383720212
50.57236753149994, 5451.026658337872
0.0, 50.57236753149994
0.0, 50.57236753149994
2269.1544407887077, 3232.444585080664
230.91184083808946, 2038.2425999506181
186.59525936928034, 44.31658146880912
0.0, 186.59525936928034
166.7316044566877, 19.863654912592636
75.19339420497018, 91.53821025171753
0.0, 75.19339420497018
0.0, 75.19339420497018
147.09216591242202, 19.639438544265687
0.0, 147.09216591242202
74.08595922491145, 73.00620668751057
0.0, 74.08595922491145
58.49380765052826, 15.592151574383188
51.02062771670764, 7.473179933820624
0.0, 51.02062771670764
0.0, 51.02062771670764
54.15967799358748, 4.334129656940782
0.0, 54.15967799358748
0.0, 54.15967799358748
210.26494322831212, 20.64689760977734
120.47674704535457, 89.78819618295755
0.0, 120.47674704535457
0.0, 120.47674704535457
136.81825705083142, 73.4466861774807
0.0, 136.81825705083142
60.979306627458286, 75.83895042337313
0.0, 60.979306627458286
0.0, 60.979306627458286
1661.8508106910144, 607.3036300976933
71.498914962507, 1590.3518957285073
0.0, 71.498914962507
61.89149803307259, 9.607416929434414
0.0, 61.89149803307259
0.0, 61.89149803307259
129.01734058725273, 1532.8334701037618
0.0, 129.01734058725273
0.0, 129.01734058725273
14284.269585082291, 35945.386862719046
0.0, 14284.269585082291
2027.4887049804206, 12256.780880101871
1094.5210062053227, 932.9676987750979
53.31269511349111, 1041.2083110918315
0.0, 53.31269511349111
50.83849272131603, 2.47420239217508
0.0, 50.83849272131603
0.0, 50.83849272131603
76.79834233848932, 1017.7226638668334
0.0, 76.79834233848932
0.0, 76.79834233848932
1251.3443705897625, 776.1443343906581
97.96131826335277, 1153.3830523264098
0.0, 97.96131826335277
0.0, 97.96131826335277
173.8494841900899, 1077.4948863996726
0.0, 173.8494841900899
101.67336572203429, 72.1761184680556
0.0, 101.67336572203429
79.43431827808679, 22.2390474439475
0.0, 79.43431827808679
0.0, 79.43431827808679
