Node, generations
Node 815, 1904.6879155679349
Node 732, 1111.5523601831487
Node 626, 599.5775701967059
Node 372, 245.69995302104832
Node 316, 228.06527462868254
Node 233, 211.78869436730457
Node 456, 300.62078591355026
Node 60, 27.226713733348028
Node 706, 883.6885404352131
Node 611, 543.9353764239382
Node 553, 419.26811861600277
Node 519, 360.37930110559176
Node 464, 306.05001383794814
Node 257, 215.91015658688804
Node 115, 201.4505475893919
Node 494, 341.03910960856683
Node 396, 256.8022463367912
Node 472, 314.09280820108995
Node 433, 282.93864854674365
Node 214, 209.992510521088
Node 593, 516.4612718599268
Node 414, 268.8112640042562
Node 327, 231.57999602337844
Node 448, 292.2981742401638
Node 346, 236.34575969630183
Node 290, 221.15292818647347
Node 353, 237.86507943191398
Node 137, 202.7706137268446
Node 703, 855.2735732759936
Node 272, 218.0151868404234
Node 769, 1409.691704801416
Node 547, 414.2308736126104
Node 281, 219.93059630108962
Node 742, 1176.727863886703
Node 417, 270.0862768361378
Node 306, 225.17253692612564
Node 681, 754.6603886210212
Node 437, 284.5080846125519
Node 297, 222.6131818542741
Node 349, 237.11746415898185
Node 301, 223.31227385452846
Node 217, 210.06132913676888
Node 161, 205.24437411771208
Node 135, 202.56300780393715
Node 250, 214.5825575935018
Node 677, 741.592738816493
Node 546, 412.6869673891696
Node 350, 237.54436219398437
Node 469, 311.09410138211194
Node 276, 219.0057546785857
Node 363, 240.80007813906872
Node 268, 217.67155564143482
Node 62, 52.885148343760854
Node 596, 520.8155491700768
Node 407, 263.47320708329624
Node 308, 225.50781640724566
Node 348, 236.94867793013768
Node 171, 206.0267269507211
Node 484, 328.1000075979388
