Node, generations
Node 410, 3331.44199119962
Node 333, 1205.07059547418
Node 114, 292.113129345935
Node 103, 273.2474894112342
Node 20, 21.246565847263255
Node 315, 1079.7060471467553
Node 193, 444.37278815389914
Node 136, 330.6733074936538
Node 22, 73.58281457360951
Node 225, 549.3477429962705
Node 207, 490.3423179115979
Node 140, 335.4581906621617
Node 61, 222.1702573171915
Node 154, 360.8269903237177
Node 352, 1493.4347519031267
Node 48, 215.19297408545486
Node 280, 853.2210935489271
Node 163, 371.92408460075274
Node 106, 277.3735385305099
