node_generations, branch_length
1529.8831530127097, 10988.76473857933
1157.0062687405837, 372.87688427212606
0.0, 1157.0062687405837
728.2169737143035, 428.7892950262801
0.0, 728.2169737143035
0.0, 728.2169737143035
1251.5475288020245, 278.3356242106852
1019.8902803156828, 231.6572484863417
336.41166732138674, 683.4786129942961
0.0, 336.41166732138674
86.71991096053175, 249.69175636085498
0.0, 86.71991096053175
0.0, 86.71991096053175
1017.8512191333997, 2.039061182283149
0.0, 1017.8512191333997
0.0, 1017.8512191333997
1067.579620984748, 183.96790781727645
0.0, 1067.579620984748
1013.3903205016359, 54.18930048311222
0.0, 1013.3903205016359
0.0, 1013.3903205016359
7282.037798395277, 5236.610093196763
1175.4893163460083, 6106.548482049268
157.06874581162762, 1018.4205705343807
0.0, 157.06874581162762
0.0, 157.06874581162762
1046.9112191610056, 128.57809718500266
0.0, 1046.9112191610056
326.4935214605786, 720.417697700427
0.0, 326.4935214605786
0.0, 326.4935214605786
2339.2754956352983, 4942.762302759978
1161.8968719627553, 1177.378623672543
0.0, 1161.8968719627553
1054.2034770235396, 107.69339493921575
0.0, 1054.2034770235396
705.9720180800421, 348.2314589434975
0.0, 705.9720180800421
0.0, 705.9720180800421
1649.7601238248667, 689.5153718104316
1046.2827118729938, 603.4774119518729
0.0, 1046.2827118729938
1034.0412021202937, 12.24150975270004
0.0, 1034.0412021202937
185.02262555968665, 849.0185765606071
0.0, 185.02262555968665
0.0, 185.02262555968665
1629.4424735724274, 20.317650252439307
1315.3982196788645, 314.0442538935629
1073.0255671124987, 242.3726525663658
0.0, 1073.0255671124987
0.0, 1073.0255671124987
1085.7161415147873, 229.6820781640772
795.7163740664903, 289.999767448297
221.650527520939, 574.0658465455513
0.0, 221.650527520939
0.0, 221.650527520939
669.344467092526, 126.37190697396431
0.0, 669.344467092526
0.0, 669.344467092526
1043.0436303405345, 42.672511174252804
0.0, 1043.0436303405345
0.0, 1043.0436303405345
1458.638107739674, 170.80436583275332
0.0, 1458.638107739674
1131.641747149458, 326.996360590216
1025.3168970339127, 106.32485011554536
0.0, 1025.3168970339127
1010.0283175863665, 15.288579447546226
0.0, 1010.0283175863665
208.27340937187194, 801.7549082144945
0.0, 208.27340937187194
0.0, 208.27340937187194
1109.3424147897067, 22.29933235975136
0.0, 1109.3424147897067
1008.464664054354, 100.87775073535272
0.0, 1008.464664054354
0.0, 1008.464664054354
