Node, generations
Node 1528, 35035.615944403886
Node 343, 386.56090633767724
Node 248, 264.3017523751892
Node 86, 203.17314949057948
Node 234, 251.83612903527376
Node 189, 225.82684893286697
Node 175, 218.94995817001276
Node 64, 200.0166871783733
Node 206, 233.887043004797
Node 140, 212.4924235433299
Node 59, 185.48529979605465
Node 44, 98.25681833573023
Node 138, 212.0472905476696
Node 41, 63.243588867994276
Node 761, 8248.109588472595
Node 443, 710.4815561991202
Node 399, 541.7014481363502
Node 252, 266.6719738814919
Node 125, 209.86127106228926
Node 315, 339.18937457733756
Node 134, 211.36728456743748
Node 288, 293.8477207943162
Node 203, 231.51646701697769
Node 148, 214.32071927728305
Node 243, 259.93015246688685
Node 417, 594.1326928228793
Node 404, 562.8674190565262
Node 330, 365.1126731553377
Node 294, 299.9012717542287
Node 267, 275.5205203226804
Node 483, 953.0894201873497
Node 364, 438.6581027388288
Node 331, 365.2571519044931
Node 427, 647.7955581199835
Node 280, 286.4623618187821
Node 152, 214.9349687138196
Node 102, 205.29037798107137
Node 82, 202.8097315205712
Node 277, 283.7199537314665
