node_generations, branch_length
7896.537412429253, 48736.99940710969
0.0, 7896.537412429253
4821.487436615826, 3075.0499758134274
0.0, 4821.487436615826
1990.9633389998785, 2830.524097615947
1.0564733816032463, 1989.9068656182753
0.0, 1.0564733816032463
0.0, 1.0564733816032463
672.0339486580558, 1318.9293903418227
0.0, 672.0339486580558
337.0900374232857, 334.9439112347701
0.0, 337.0900374232857
302.7528579634314, 34.337179459854326
0.0, 302.7528579634314
203.1369263571501, 99.6159316062813
0.0, 203.1369263571501
0.0, 203.1369263571501
28721.753685880263, 27911.783133658675
301.07540168861095, 28420.678284191654
0.0, 301.07540168861095
286.65919075295176, 14.416210935659194
0.0, 286.65919075295176
263.08326316613073, 23.575927586821024
0.0, 263.08326316613073
0.0, 263.08326316613073
13077.180172162174, 15644.573513718089
747.1648781906094, 12330.015293971564
0.0, 747.1648781906094
0.0, 747.1648781906094
1822.9699078661204, 11254.210264296054
260.07798522277056, 1562.8919226433497
0.0, 260.07798522277056
238.70751309258517, 21.37047213018539
0.0, 238.70751309258517
0.0, 238.70751309258517
1165.0474125329572, 657.9224953331632
0.0, 1165.0474125329572
0.0, 1165.0474125329572
