Node, generations
Node 3263, 52173.20346505633
Node 2159, 2400.723276106522
Node 1715, 2014.987501377402
Node 1298, 1897.690002029955
Node 137, 298.5655362154972
Node 857, 1328.01154069812
Node 194, 418.3415181744202
Node 1962, 2078.16873595741
Node 1912, 2052.4235848601525
Node 2223, 2728.734154809969
Node 2074, 2198.057566563023
Node 1713, 2014.8785714433743
Node 1131, 1691.4830143365934
Node 1774, 2022.0963612532344
Node 65, 88.95382049537355
Node 1351, 1971.2986511513482
Node 2192, 2532.315225152608
Node 2167, 2422.6034373371126
Node 1235, 1835.0251501149573
Node 2178, 2441.3115126398534
Node 2118, 2286.872990235145
Node 2053, 2158.9204762786144
Node 1770, 2021.8058624458577
Node 265, 543.4976377956336
Node 2080, 2208.2536239276324
Node 1797, 2025.0480933465303
Node 1796, 2024.9432485797063
Node 893, 1374.0707438970796
Node 505, 927.1949998261034
Node 2040, 2141.2551890113664
Node 164, 352.26855190466006
Node 2004, 2110.2870891465245
Node 1944, 2068.413053713003
Node 1819, 2029.747283260423
Node 531, 956.375999972814
Node 275, 566.1532069435995
Node 1909, 2051.9272739303774
Node 1836, 2032.0502024193656
Node 404, 769.3346074333763
Node 180, 378.4044757071575
Node 1976, 2085.7711615901667
Node 772, 1228.6499989923227
Node 1608, 2008.096098449707
Node 1186, 1774.541460170268
Node 2152, 2382.4807575733853
Node 2083, 2210.2542924153727
Node 1907, 2051.221822312745
Node 1881, 2042.4856846309226
Node 1087, 1638.0883088845292
Node 185, 387.8472206793971
Node 1870, 2038.5680870479086
Node 809, 1270.2224534992095
Node 1015, 1546.498605986702
Node 2007, 2112.6080601489894
Node 2096, 2236.72817016757
Node 1893, 2045.958107749562
Node 1202, 1801.969507213497
Node 1916, 2054.0161824656816
Node 1702, 2013.3580227945083
