Node, generations
Node 1857, 20395.332820881427
Node 1467, 13273.893254913643
Node 98, 259.37326774107953
Node 1563, 14606.596749804568
Node 507, 2954.56501761883
Node 1476, 13366.585073038537
Node 170, 420.11815887992447
Node 104, 271.53022247777307
Node 1287, 10606.936532646132
Node 294, 1519.8855097427183
Node 161, 387.2845899209809
Node 117, 289.41743289565613
Node 109, 281.20641627773387
Node 195, 829.5937587545786
Node 89, 248.66925260231812
Node 423, 2496.646587641507
Node 163, 390.50182382883344
Node 185, 740.8564869495445
Node 67, 232.61723792406866
