Node, generations
Node 3190, 40848.59213307447
Node 1258, 1259.4403540706105
Node 1170, 1146.1286448908231
Node 1253, 1251.6018636532824
Node 1074, 1062.8283903619952
Node 720, 1005.4755022644725
Node 2401, 15831.083409410045
Node 1348, 1804.1078501144532
Node 1155, 1130.628679662551
Node 1002, 1041.1447833225907
Node 627, 1001.4261681268645
Node 471, 847.7863603891217
Node 832, 1011.2503200359702
Node 1053, 1052.758362263076
Node 1180, 1157.6332489752972
Node 964, 1028.9581943505418
Node 948, 1025.9115068572407
Node 1047, 1051.5842999794663
Node 731, 1005.8480755675367
Node 2389, 15466.500819669542
Node 1235, 1216.1952196719305
Node 1112, 1087.8386164333165
Node 953, 1026.7296420715625
Node 940, 1024.780165270604
Node 467, 842.8749566418634
Node 382, 736.6735036392432
Node 96, 222.70308591178227
Node 1198, 1177.281286879475
Node 1097, 1077.580458555501
Node 764, 1007.679919221458
Node 1086, 1072.6659996786402
Node 1588, 4532.290095686485
Node 1271, 1281.2692394601263
Node 1015, 1044.710723023852
Node 199, 454.74388420301887
Node 1260, 1261.418046013213
Node 1151, 1126.5754808159652
Node 1143, 1120.327556732386
Node 90, 201.22298368894542
Node 929, 1023.6731487610631
Node 844, 1012.2846860870561
Node 772, 1008.0304701561945
Node 789, 1008.7967420352194
Node 1241, 1229.037289534413
Node 901, 1019.0895579461351
Node 1120, 1091.2177379391353
Node 877, 1016.3167988464407
Node 965, 1029.1693199407152
Node 1468, 3227.6295984501044
Node 1065, 1056.9962253013002
Node 1019, 1045.2420141495206
Node 243, 560.575386999893
Node 1033, 1047.6051009170235
Node 1318, 1412.832824090368
Node 1070, 1060.3399463825692
Node 82, 181.50497161787496
Node 1290, 1325.350046402066
Node 794, 1008.9215640815851
Node 61, 18.774367621033154
