node_generations, branch_length
271.59884445196326, 78202.19017975898
0.0, 271.59884445196326
0.0, 271.59884445196326
9135.496510638637, 69338.2925135723
845.6954708981643, 8289.801039740472
239.02932012994674, 606.6661507682176
0.0, 239.02932012994674
215.86891141409797, 23.160408715848774
0.0, 215.86891141409797
0.0, 215.86891141409797
665.4570520617937, 180.23841883637067
18.117489202852227, 647.3395628589415
0.0, 18.117489202852227
0.0, 18.117489202852227
465.67946872935875, 199.77758333243492
250.37652186805153, 215.30294686130722
0.0, 250.37652186805153
0.0, 250.37652186805153
366.24167961455856, 99.43778911480018
0.0, 366.24167961455856
0.0, 366.24167961455856
4556.080875382286, 4579.415635256351
0.0, 4556.080875382286
1094.9677348053237, 3461.113140576962
345.1442325897929, 749.8235022155309
222.68415675155165, 122.46007583824127
0.0, 222.68415675155165
0.0, 222.68415675155165
238.48285325730433, 106.6613793324886
0.0, 238.48285325730433
0.0, 238.48285325730433
358.69696010421785, 736.2707747011059
307.0264429204967, 51.67051718372113
0.0, 307.0264429204967
0.0, 307.0264429204967
344.1714760776449, 14.52548402657294
0.0, 344.1714760776449
0.0, 344.1714760776449
