Node, generations
Node 3243, 46150.052170454044
Node 1331, 5782.9351332697925
Node 753, 2412.984195105666
Node 339, 230.70744499400155
Node 137, 69.93067572655141
Node 88, 55.34496442590304
Node 74, 51.60201460944079
Node 328, 213.2360668877311
Node 242, 115.5570102366498
Node 172, 86.23573331611003
Node 282, 154.5824145755351
Node 1328, 5763.619961655822
Node 259, 138.06951702666828
Node 113, 62.94084056400255
Node 125, 66.80174508592879
Node 112, 62.80106838244849
Node 96, 57.58187118133113
Node 110, 61.761965718843044
Node 1135, 4408.6501362171275
Node 317, 200.77791036409042
Node 271, 148.17370577867965
Node 280, 152.98313642631203
Node 171, 86.1536917231362
Node 516, 1302.9122582108253
Node 346, 238.75691735141174
Node 201, 94.2658015667795
Node 166, 81.68400669341668
Node 164, 81.60501934554625
Node 224, 103.6347445734751
Node 95, 57.298262182173346
Node 61, 30.36997087406499
Node 2756, 27874.0356961808
Node 971, 3449.2184013189226
Node 436, 928.3055639169368
Node 244, 120.76374512506686
Node 211, 97.84091779528167
Node 131, 67.74032439911348
Node 191, 91.73223966445951
Node 103, 60.2341359821363
Node 228, 106.70819097134502
Node 268, 144.65838220975076
Node 252, 129.5279459255543
Node 168, 83.89805166896926
Node 149, 78.0911596253515
Node 222, 103.34439296757863
Node 143, 73.11497726692608
Node 264, 143.0718157086818
Node 657, 2030.4022284744588
Node 344, 233.25709890725898
Node 66, 44.23237402404719
Node 275, 149.6904623625949
Node 126, 66.81580462420087
Node 230, 107.76952018985055
Node 219, 102.69687936448568
Node 194, 92.20705575673276
Node 195, 92.25507373915733
Node 180, 88.2771826876851
Node 347, 243.10281548084055
Node 237, 112.0465954206168
