Node, generations
Node 667, 4229.619816601352
Node 133, 1004.4822800315754
Node 634, 3041.3794169461567
Node 558, 1927.8369660926269
Node 439, 1299.233688745275
Node 398, 1193.2448633312556
Node 20, 7.753225624500304
Node 215, 1026.563796081452
Node 527, 1641.4826368837291
Node 171, 1014.2680122966286
Node 621, 2810.9419686980204
Node 194, 1017.6299488268965
Node 530, 1654.161434437932
Node 475, 1408.6607091634596
Node 235, 1034.6861373312229
Node 465, 1369.310645128422
Node 405, 1203.7610398435797
Node 187, 1016.3979710112629
Node 49, 661.8485848279196
