node_generations, branch_length
0.0, 2529.7291635619163
2179.1847554251062, 350.54440813681003
1624.513241731629, 554.6715136934772
1360.708258273214, 263.8049834584151
1008.5491237268586, 352.1591345463553
0.0, 1008.5491237268586
0.0, 1008.5491237268586
1263.5508029378054, 97.15745533540849
1042.0181992244484, 221.53260371335705
0.0, 1042.0181992244484
0.0, 1042.0181992244484
1086.5513025634546, 176.99950037435087
0.0, 1086.5513025634546
0.0, 1086.5513025634546
1410.051337452367, 214.46190427926194
1245.690901402143, 164.36043605022405
1160.2983816313044, 85.39251977083859
0.0, 1160.2983816313044
0.0, 1160.2983816313044
1199.5178567857677, 46.173044616375364
0.0, 1199.5178567857677
1123.5836617633377, 75.93419502243
929.2254923130009, 194.35816945033673
0.0, 929.2254923130009
0.0, 929.2254923130009
1022.0186118788092, 101.56504988452843
0.0, 1022.0186118788092
0.0, 1022.0186118788092
1291.1976827974136, 118.85365465495352
0.0, 1291.1976827974136
1284.857356161883, 6.340326635530573
0.0, 1284.857356161883
0.0, 1284.857356161883
1742.7648507193092, 436.4199047057971
0.0, 1742.7648507193092
1033.3393881996526, 709.4254625196565
0.0, 1033.3393881996526
0.0, 1033.3393881996526
