node_generations, branch_length
1667.1443417718983, 15516.325368865339
1000.6491775647166, 666.4951642071817
29.65638334530149, 970.9927942194151
0.0, 29.65638334530149
0.0, 29.65638334530149
533.6954896493763, 466.9536879153403
0.0, 533.6954896493763
0.0, 533.6954896493763
1587.3158424038038, 79.82849936809453
0.0, 1587.3158424038038
1469.1405514557073, 118.17529094809652
1027.4404305665144, 441.70012088919293
0.0, 1027.4404305665144
1023.3585813441817, 4.0818492223326075
0.0, 1023.3585813441817
0.0, 1023.3585813441817
1269.393967642774, 199.7465838129333
0.0, 1269.393967642774
1066.8589966872537, 202.5349709555203
0.0, 1066.8589966872537
3.35757656614951, 1063.5014201211043
0.0, 3.35757656614951
0.0, 3.35757656614951
2264.6237046259885, 14918.846006011248
1806.5639280949113, 458.0597765310772
1128.3692495571916, 678.1946785377197
0.0, 1128.3692495571916
1089.3166587889698, 39.05259076822176
0.0, 1089.3166587889698
1027.792132195766, 61.524526593203746
0.0, 1027.792132195766
0.0, 1027.792132195766
1448.4014363173853, 358.16249177752593
0.0, 1448.4014363173853
1431.5385546464163, 16.862881670969045
0.0, 1431.5385546464163
1238.8229833191785, 192.71557132723774
1096.770513542425, 142.05246977675347
0.0, 1096.770513542425
0.0, 1096.770513542425
1233.797008746231, 5.025974572947462
1116.468184592863, 117.32882415336803
111.58117743741128, 1004.8870071554518
0.0, 111.58117743741128
0.0, 111.58117743741128
1070.104338201324, 46.36384639153903
0.0, 1070.104338201324
1009.6422923243854, 60.462045876938646
0.0, 1009.6422923243854
0.0, 1009.6422923243854
1152.8042112321502, 80.99279751408085
1057.7517084965555, 95.05250273559477
0.0, 1057.7517084965555
967.2277665142977, 90.52394198225772
0.0, 967.2277665142977
0.0, 967.2277665142977
1086.4083207184117, 66.39589051373855
0.0, 1086.4083207184117
0.0, 1086.4083207184117
2063.237661445811, 201.38604318017724
1016.5731482851338, 1046.6645131606774
0.0, 1016.5731482851338
743.3609288865938, 273.21221939854
0.0, 743.3609288865938
0.0, 743.3609288865938
1562.8379826583457, 500.3996787874655
1188.2586146191932, 374.57936803915254
0.0, 1188.2586146191932
1108.4172410951335, 79.84137352405969
0.0, 1108.4172410951335
99.81288253456314, 1008.6043585605703
0.0, 99.81288253456314
0.0, 99.81288253456314
1282.1169029914304, 280.72107966691533
0.0, 1282.1169029914304
1009.6523182148325, 272.4645847765979
0.0, 1009.6523182148325
0.0, 1009.6523182148325
