Node, generations
Node 1703, 6275.347998906833
Node 1589, 3029.3409120360957
Node 346, 1055.7849243669834
Node 1584, 3000.5890088168167
Node 1459, 2363.6628484239927
Node 1247, 2076.5588158115756
Node 1154, 2036.4520622869625
Node 887, 2002.5533149635612
Node 1326, 2146.055294140439
Node 1085, 2020.8368546980123
Node 237, 804.0408655046471
Node 89, 348.25751261879117
Node 64, 225.25483248630113
Node 1257, 2081.9498797855517
Node 195, 687.3530888033234
Node 1652, 3750.008986665472
Node 1267, 2087.159303884155
Node 1199, 2055.0117705499833
Node 451, 1293.588189269259
Node 1643, 3678.204856123694
Node 1366, 2189.586348761316
Node 1008, 2010.7689181872252
Node 387, 1137.3515540624192
Node 1165, 2040.5834341286954
Node 613, 1611.9502469893328
Node 50, 140.74562401678077
Node 58, 172.32827346538718
Node 820, 2000.0117048959912
Node 68, 250.2684472764345
Node 1575, 2952.949903586816
Node 1493, 2461.7186334654207
Node 1229, 2068.872966367595
Node 1273, 2089.998125167589
Node 1543, 2710.9585703826947
Node 1420, 2269.6726796727885
Node 1464, 2381.942350153199
Node 1364, 2186.3610721191526
Node 240, 809.1483203038069
Node 1407, 2248.531425324386
