node_generations, branch_length
749.9580221503523, 13636.784687259187
0.0, 749.9580221503523
601.7666390415699, 148.19138310878247
92.95011644250597, 508.8165225990639
0.0, 92.95011644250597
0.0, 92.95011644250597
259.592919297849, 342.1737197437209
0.0, 259.592919297849
0.0, 259.592919297849
4530.74709740131, 9855.99561200823
296.26571233345777, 4234.481385067853
0.0, 296.26571233345777
291.4829933260817, 4.782719007376045
0.0, 291.4829933260817
0.0, 291.4829933260817
1037.434037843511, 3493.3130595577995
620.2915805134204, 417.1424573300907
309.13527950872407, 311.15630100469633
0.0, 309.13527950872407
254.2219484023782, 54.91333110634588
0.0, 254.2219484023782
0.0, 254.2219484023782
474.6924885687685, 145.5990919446519
0.0, 474.6924885687685
419.1246086981002, 55.56787987066832
0.0, 419.1246086981002
228.45993974528852, 190.66466895281167
0.0, 228.45993974528852
218.92710233665636, 9.532837408632162
0.0, 218.92710233665636
211.20810787891517, 7.718994457741189
0.0, 211.20810787891517
0.0, 211.20810787891517
654.1585307724873, 383.27550707102375
0.0, 654.1585307724873
519.8113984809493, 134.34713229153806
0.0, 519.8113984809493
0.0, 519.8113984809493
