Node, generations
Node 2772, 20289.9556693787
Node 1486, 5736.419146529173
Node 197, 117.40446815733503
Node 183, 101.59821759961368
Node 181, 97.62707406375577
Node 155, 76.89360205641728
Node 61, 0.4171359017525138
Node 676, 2552.835562231623
Node 240, 174.40462789870935
Node 173, 88.94366850319423
Node 148, 71.50884872322621
Node 127, 55.679924539351404
Node 104, 31.338419189560618
Node 83, 17.450150021844372
Node 170, 87.9821434027767
Node 70, 9.174281971601863
Node 145, 67.59920970971237
Node 110, 38.80941541959584
Node 185, 102.21756879258676
Node 120, 49.70021017922959
Node 102, 30.880852614036815
Node 66, 8.001152840406593
Node 81, 15.643092888748615
Node 112, 39.55922504102001
Node 529, 2192.5159405302684
Node 62, 0.6931448814871101
Node 60, 0.08932752673744408
Node 172, 88.37199777476992
Node 2486, 15457.566592709678
Node 1794, 7683.905518135333
Node 152, 75.32019827150653
Node 97, 27.363842262343024
Node 87, 19.525729305298224
Node 1767, 7469.191758709316
Node 1343, 4927.0000781731615
Node 976, 3421.699547437268
Node 266, 248.5842065414518
Node 69, 8.875671017044201
Node 68, 8.834563003758998
Node 219, 141.95813698698453
Node 815, 2919.5777247829874
Node 93, 23.66836595796129
Node 246, 178.9223788843175
Node 1168, 4164.814057946164
Node 256, 188.6507391479503
Node 239, 171.45042530740784
Node 128, 56.00283157640959
Node 1544, 6126.045846793206
Node 161, 79.89062929814001
Node 142, 66.65155692657493
Node 207, 130.8718615044193
Node 204, 127.9941821155834
Node 2075, 10080.984727293331
Node 129, 56.947903588918884
Node 65, 7.991256373837217
Node 63, 4.2844549574322235
Node 189, 110.17680274659769
Node 153, 76.60872741804832
Node 72, 10.113696625600548
