Node, generations
Node 1548, 27633.28100838426
Node 707, 398.2838372215603
Node 285, 208.438772633256
Node 695, 384.4684253330889
Node 678, 370.48040133158435
Node 518, 251.87636096712674
Node 632, 315.7720416588333
Node 268, 206.98674111603228
Node 100, 127.77152124040133
Node 595, 291.7405226558941
Node 548, 264.72267346909706
Node 82, 32.926496829070075
Node 585, 285.4342788806608
Node 311, 209.91550178772016
Node 96, 102.77561266796002
Node 560, 271.87542494371627
Node 513, 249.73708680998763
Node 686, 376.9370939552931
Node 485, 242.72314681038694
Node 306, 209.66805491833878
Node 93, 91.4791081974397
Node 912, 1368.3135003290606
Node 660, 348.07808797989327
Node 438, 228.54265295553904
Node 894, 1237.8658236090487
Node 836, 830.219738357395
Node 573, 278.1207885090037
Node 472, 236.94865156069466
Node 742, 460.3738473875042
Node 618, 303.43170439796495
Node 600, 293.8215222864132
Node 562, 273.4704039010525
Node 551, 267.79170973095313
Node 458, 232.62805807477963
Node 418, 223.87772745060684
Node 353, 213.70038921150154
Node 689, 380.43055956166717
Node 179, 201.9664022420209
Node 187, 202.3381195519992
Node 160, 200.51089075664925
Node 866, 1056.5700997070142
Node 756, 501.92318760664284
Node 561, 272.095906054139
Node 460, 233.35660580391962
Node 501, 245.98481761452044
Node 316, 210.47553861968757
Node 736, 440.78808491094736
Node 733, 437.66627869682605
Node 590, 288.62897213246646
Node 528, 255.13102921237956
Node 397, 220.024799898936
Node 387, 218.65111413828595
Node 319, 210.84952807803776
Node 198, 202.7414040151464
Node 162, 200.75840950977567
Node 688, 377.89960270208337
Node 619, 304.50462053094867
Node 735, 440.7455336480244
Node 671, 359.8731667525827
Node 386, 218.55856048460305
Node 178, 201.96541558721833
Node 601, 295.2584809830045
Node 556, 269.99871597767066
Node 495, 245.01150238001333
Node 325, 211.0749289368393
Node 296, 209.11942587990046
Node 703, 391.5032433279081
Node 488, 243.51885234773164
Node 298, 209.1870105344307
Node 81, 24.32591580025177
Node 480, 240.65130151252774
Node 355, 214.08953759993676
Node 330, 211.39585591253925
Node 655, 345.73951763810106
Node 119, 164.0106277177689
Node 552, 268.1222805197169
Node 537, 258.2600649486125
Node 761, 523.2760060831525
Node 246, 205.37724474655596
