node_generations, branch_length
3029.3409120360957, 3246.007086870737
1055.7849243669834, 1973.5559876691123
0.0, 1055.7849243669834
0.0, 1055.7849243669834
3000.5890088168167, 28.75190321927903
0.0, 3000.5890088168167
2363.6628484239927, 636.9261603928239
2076.5588158115756, 287.1040326124171
0.0, 2076.5588158115756
2036.4520622869625, 40.10675352461317
0.0, 2036.4520622869625
2002.5533149635612, 33.89874732340127
0.0, 2002.5533149635612
0.0, 2002.5533149635612
2146.055294140439, 217.60755428355378
2020.8368546980123, 125.21843944242664
0.0, 2020.8368546980123
804.0408655046471, 1216.7959891933651
0.0, 804.0408655046471
348.25751261879117, 455.7833528858559
0.0, 348.25751261879117
225.25483248630113, 123.00268013249004
0.0, 225.25483248630113
0.0, 225.25483248630113
2081.9498797855517, 64.10541435488722
0.0, 2081.9498797855517
687.3530888033234, 1394.5967909822284
0.0, 687.3530888033234
0.0, 687.3530888033234
3750.008986665472, 2525.3390122413607
2087.159303884155, 1662.849682781317
0.0, 2087.159303884155
2055.0117705499833, 32.14753333417184
0.0, 2055.0117705499833
1293.588189269259, 761.4235812807244
0.0, 1293.588189269259
0.0, 1293.588189269259
3678.204856123694, 71.80413054177825
2189.586348761316, 1488.6185073623778
2010.7689181872252, 178.81743057409085
0.0, 2010.7689181872252
1137.3515540624192, 873.417364124806
0.0, 1137.3515540624192
0.0, 1137.3515540624192
2040.5834341286954, 149.00291463262056
1611.9502469893328, 428.6331871393627
140.74562401678077, 1471.204622972552
0.0, 140.74562401678077
0.0, 140.74562401678077
172.32827346538718, 1439.6219735239456
0.0, 172.32827346538718
0.0, 172.32827346538718
2000.0117048959912, 40.57172923270423
0.0, 2000.0117048959912
250.2684472764345, 1749.7432576195567
0.0, 250.2684472764345
0.0, 250.2684472764345
2952.949903586816, 725.2549525368777
2461.7186334654207, 491.2312701213955
2068.872966367595, 392.84566709782575
0.0, 2068.872966367595
0.0, 2068.872966367595
2089.998125167589, 371.72050829783166
0.0, 2089.998125167589
0.0, 2089.998125167589
2710.9585703826947, 241.99133320412147
2269.6726796727885, 441.2858907099062
0.0, 2269.6726796727885
0.0, 2269.6726796727885
2381.942350153199, 329.0162202294955
2186.3610721191526, 195.5812780340466
0.0, 2186.3610721191526
809.1483203038069, 1377.2127518153457
0.0, 809.1483203038069
0.0, 809.1483203038069
2248.531425324386, 133.41092482881322
0.0, 2248.531425324386
0.0, 2248.531425324386
