Node, generations
Node 1380, 12932.594718955988
Node 967, 3039.06039138224
Node 295, 161.7777644420099
Node 113, 18.767635901347077
Node 145, 39.33568882335352
Node 92, 4.862299427148508
Node 100, 9.862053966892562
Node 916, 2654.240827117299
Node 714, 1856.7731844305688
Node 289, 156.7306557261009
Node 269, 134.29831487994036
Node 274, 138.3074609111087
Node 265, 132.69034718892806
Node 166, 50.01125332501904
Node 200, 69.17574847728848
Node 114, 18.816401865669892
Node 167, 50.10815089541907
Node 83, 1.2837007466197443
Node 677, 1639.539182218072
Node 134, 29.670916339908747
Node 380, 495.38546367029653
Node 232, 100.88060402362954
Node 237, 107.23230105909361
Node 911, 2634.1642585792815
Node 293, 159.60629954554443
Node 298, 165.63391902661448
Node 124, 26.10716428209813
Node 105, 12.19068499856065
Node 174, 54.026958888434216
Node 116, 20.70773359548191
Node 119, 23.21913501409039
Node 91, 4.066101652445026
Node 1173, 6045.209110397161
Node 614, 1391.0919060794542
Node 343, 347.33330528043024
Node 308, 181.90244648286532
Node 80, 0.044779591610665005
Node 325, 265.5212012328425
Node 117, 21.663031134889902
Node 186, 59.633610979233424
Node 120, 23.963647089988832
Node 121, 24.30126429260295
Node 553, 1164.9227058077176
Node 391, 524.0253600294157
Node 206, 73.72694392234098
Node 122, 24.32807082330618
Node 94, 5.722819423459116
Node 84, 1.7489379628915322
Node 198, 67.31410877481287
Node 161, 45.77584556877389
Node 153, 42.937624549289424
Node 95, 5.735436664519245
Node 86, 2.3314642008960598
Node 137, 32.89255542521143
Node 177, 55.66074488996833
Node 159, 45.30988005831253
Node 90, 3.726764639751736
Node 300, 166.41397965538832
Node 285, 153.07132308167638
Node 87, 2.4921402272955198
Node 218, 84.93989475226009
Node 131, 28.60970923896714
Node 458, 807.035728914927
Node 99, 9.42723178916901
Node 147, 40.16025829466423
Node 97, 6.795293414671251
Node 82, 0.25888455992517545
Node 101, 10.00763604273735
Node 990, 3258.4698813997666
Node 170, 52.51023999020476
Node 149, 41.31821766834521
Node 266, 133.25799195591134
Node 190, 62.00767100327514
Node 171, 52.89139313676351
Node 106, 12.73593330592356
Node 81, 0.18487371562970248
Node 169, 52.29588552194528
Node 85, 1.9896560047562477
Node 98, 7.888937731851462
