Node, generations
Node 1785, 19120.458330749494
Node 1133, 8576.063521581744
Node 289, 1215.6483063058974
Node 143, 320.3580422275835
Node 82, 237.76211965699247
Node 108, 256.6248629426614
Node 771, 4843.1142235863545
Node 195, 440.6974001175933
Node 152, 331.74664079929437
Node 192, 398.1372687376507
Node 77, 231.77112326837093
Node 1229, 9968.679825099405
Node 417, 2074.897779780212
Node 31, 204.95156555733234
Node 880, 5792.154118959386
Node 121, 273.9676781520463
Node 49, 217.19682873209075
Node 602, 3458.3768771309933
Node 119, 271.95974132228724
