Node, generations
Node 2141, 18589.5164693697
Node 805, 1194.6842021478521
Node 453, 1008.8546445609942
Node 221, 786.9478390572871
Node 63, 209.37003625440065
Node 617, 1036.1613526654114
Node 609, 1032.9009302972486
Node 1760, 11836.829241409621
Node 1463, 7692.225243034208
Node 869, 1303.3996487534273
Node 700, 1080.0539393431131
Node 696, 1078.4448864777648
Node 855, 1275.4988386854598
Node 714, 1089.577474402844
Node 1455, 7554.315617822575
Node 853, 1272.0704720587614
Node 693, 1076.6916180295166
Node 836, 1234.4938735075898
Node 662, 1060.0958792931622
Node 52, 147.57659160765365
Node 660, 1058.4929443834278
Node 376, 1003.2289625916374
Node 183, 675.5743246275366
Node 1680, 10609.809538141566
Node 672, 1064.2279018826796
Node 1116, 3771.071224749401
Node 926, 1484.8260663893814
Node 925, 1480.924225672732
Node 513, 1015.9598657756468
Node 910, 1423.9358285542628
Node 879, 1321.4743132463013
Node 722, 1099.0497815775866
Node 588, 1028.133152126792
Node 418, 1005.8595048462647
Node 831, 1225.728896335641
Node 719, 1094.2174334832935
Node 654, 1055.9239323335369
Node 125, 503.5942720359087
Node 66, 221.98874337090334
