Node, generations
Node 1363, 30848.604728956863
Node 647, 981.3600157618207
Node 523, 662.9032447790689
Node 54, 116.5165587185852
Node 511, 651.1342539228223
Node 427, 571.3404283251353
Node 346, 533.137445339921
Node 213, 507.85630162237226
Node 881, 7767.832657983882
Node 717, 1478.5507317875722
Node 619, 846.0047764833288
Node 617, 844.3277654767202
Node 421, 568.0070700688458
Node 405, 559.2120902280327
Node 502, 643.6200624940133
Node 629, 902.7423113553971
Node 577, 754.6350277006502
Node 461, 598.6856299540046
Node 281, 516.3616484665071
Node 815, 4553.4056887668585
Node 701, 1315.2255036101774
Node 597, 797.1013279893325
Node 352, 534.9643532181046
Node 364, 537.9859003334809
Node 662, 1029.9714210585132
Node 536, 676.2878998277858
Node 438, 576.5127793213345
Node 134, 500.98344762339264
Node 408, 561.2884776321682
Node 328, 526.1437275729916
Node 555, 709.3382497536885
Node 398, 555.0694033012192
Node 382, 544.378574339257
Node 249, 512.2452786274166
Node 44, 51.487995261847544
Node 312, 522.9716563020969
Node 173, 504.42795893011527
Node 497, 636.0970027719709
Node 406, 559.4705435422223
