node_generations, branch_length
1697.2719129707584, 41089.38321693611
0.0, 1697.2719129707584
0.0, 1697.2719129707584
8687.832771200909, 34098.82235870596
906.6644960107575, 7781.168275190151
235.16778390348486, 671.4967121072726
0.0, 235.16778390348486
0.0, 235.16778390348486
270.14972044623016, 636.5147755645273
0.0, 270.14972044623016
237.38004705543764, 32.76967339079252
0.0, 237.38004705543764
226.8862218973382, 10.49382515809944
0.0, 226.8862218973382
0.0, 226.8862218973382
6673.268980898451, 2014.5637903024572
276.34598483852585, 6396.922996059926
0.0, 276.34598483852585
0.0, 276.34598483852585
2819.885507089684, 3853.3834738087676
972.134306033993, 1847.751201055691
252.3369045211923, 719.7974015128007
0.0, 252.3369045211923
0.0, 252.3369045211923
764.0052161312165, 208.1290899027765
0.0, 764.0052161312165
224.2977177670784, 539.707498364138
0.0, 224.2977177670784
0.0, 224.2977177670784
2275.791325960506, 544.0941811291777
236.5294935632285, 2039.2618323972777
0.0, 236.5294935632285
0.0, 236.5294935632285
251.00780430994791, 2024.7835216505582
0.0, 251.00780430994791
31.527866251885637, 219.4799380580623
0.0, 31.527866251885637
0.0, 31.527866251885637
