Node, generations
Node 1395, 29218.594115861495
Node 776, 1429.9696082893931
Node 587, 466.6982047724041
Node 447, 299.42315955775945
Node 374, 252.8414280204919
Node 355, 248.36550141645475
Node 554, 407.8866136654037
Node 481, 321.591930990634
Node 445, 298.44144627506466
Node 325, 234.47011422115835
Node 502, 346.62263543719735
Node 295, 224.78923559665853
Node 449, 301.7831615040095
Node 356, 248.42400244727972
Node 677, 735.5651173471967
Node 578, 439.3683154480914
Node 571, 435.6668224097
Node 509, 354.63745741784885
Node 402, 266.9943073195385
Node 381, 258.63785061473084
Node 348, 246.77664055429082
Node 550, 402.6746787386429
Node 517, 369.80534265730904
Node 524, 374.9416788707525
Node 480, 320.805431221808
Node 333, 238.18296505889793
Node 85, 160.5316180844681
Node 459, 307.2157561427187
Node 238, 213.55599735941888
Node 243, 214.32764255795732
Node 825, 1911.196390090764
Node 634, 586.3417652856317
Node 555, 408.1244780952554
Node 395, 262.61765954857407
Node 61, 41.26762380250977
Node 391, 260.9022220090733
Node 514, 365.84910067389893
Node 500, 343.1553789595106
Node 326, 235.6960431885774
Node 646, 617.3761942633255
Node 525, 376.7728381887854
Node 385, 259.9551553347632
Node 284, 222.11257112013786
Node 440, 295.59049760119393
Node 642, 612.9246917106565
Node 344, 244.85172230181502
Node 338, 239.87241975005824
Node 428, 287.30822733169776
Node 392, 260.992777527212
Node 286, 222.8274360945871
Node 239, 213.6771116861747
Node 196, 208.11005684658758
Node 67, 72.42111591799308
Node 169, 205.29422350662318
Node 63, 45.046064266981595
Node 76, 134.8251905210417
Node 275, 220.00594467412543
Node 369, 251.57922723549294
Node 294, 224.679777462948
