node_generations, branch_length
6056.075756521714, 30142.113586520783
0.0, 6056.075756521714
0.0, 6056.075756521714
17599.390974588874, 18598.798368453623
0.0, 17599.390974588874
12143.414005058205, 5455.9769695306695
3659.6287811508773, 8483.785223907327
343.4845753760039, 3316.1442057748736
0.0, 343.4845753760039
179.09709642070166, 164.3874789553022
106.4486268942712, 72.64846952643046
0.0, 106.4486268942712
0.0, 106.4486268942712
118.78517903057165, 60.311917390130006
0.0, 118.78517903057165
0.0, 118.78517903057165
930.6469505594771, 2728.9818305914005
344.1150759517455, 586.5318746077317
0.0, 344.1150759517455
209.99902356833599, 134.1160523834095
0.0, 209.99902356833599
177.3524694551843, 32.646554113151694
0.0, 177.3524694551843
0.0, 177.3524694551843
427.6313763985766, 503.0155741609005
0.0, 427.6313763985766
0.0, 427.6313763985766
8382.378766685892, 3761.035238372313
0.0, 8382.378766685892
284.1592383901041, 8098.219528295787
160.25693491316076, 123.90230347694336
0.0, 160.25693491316076
0.0, 160.25693491316076
204.80748667280469, 79.35175171729944
0.0, 204.80748667280469
124.90482780431435, 79.90265886849033
0.0, 124.90482780431435
0.0, 124.90482780431435
