Node, generations
Node 1917, 2159.0912698678526
Node 1896, 1984.3207939599915
Node 1808, 1465.5979294565777
Node 1667, 1160.6604668815326
Node 1538, 1073.825662892647
Node 1510, 1063.5740417488216
Node 1499, 1059.8873817294132
Node 632, 757.1284594346506
Node 1487, 1055.0402034765523
Node 1047, 1003.7185215993671
Node 562, 698.644716660702
Node 1651, 1143.7780293760063
Node 1455, 1045.1684377215302
Node 683, 809.9305221478584
Node 940, 1001.2729500133793
Node 381, 521.6131761593474
Node 1640, 1131.5088225113507
Node 752, 872.1003392868611
Node 292, 436.27719444355466
Node 87, 70.04853317693072
Node 1245, 1012.403856475832
Node 1768, 1349.5352632826805
Node 1639, 1130.508444277763
Node 497, 638.4544964184389
Node 433, 582.6857438457864
Node 1431, 1037.753353680291
Node 1765, 1340.3511548382714
Node 1149, 1007.4529507011647
Node 1692, 1199.2522921435086
Node 1445, 1042.0447701775795
Node 1647, 1139.275607570335
Node 1536, 1073.5651242454835
Node 1461, 1047.0060803773958
Node 1405, 1032.7726204061078
Node 83, 44.7404203712813
Node 1351, 1023.4441101436199
Node 220, 322.20612149516796
Node 964, 1001.7316805778003
Node 118, 152.3622052669117
Node 863, 969.4543008018907
Node 1611, 1110.110291231098
Node 1077, 1004.3555372627414
Node 1849, 1649.351393282864
Node 1814, 1506.8766449397538
Node 1599, 1101.854956658237
Node 1837, 1594.1256194767293
Node 1627, 1122.2839748811434
Node 1347, 1022.4440966551825
Node 1443, 1041.162063467633
Node 1916, 2153.6558052036617
Node 1327, 1020.7546208340958
Node 392, 533.2394406228597
Node 1790, 1412.4659242697987
Node 1716, 1233.5263939323706
Node 1634, 1126.656619256033
Node 1375, 1026.2133894830142
Node 1009, 1002.8118106397226
Node 351, 492.74992795698955
Node 1290, 1016.0166026484005
Node 902, 1000.2631053966061
Node 100, 120.86456860634235
Node 1598, 1101.7483834582542
Node 1508, 1062.604876450434
Node 1370, 1025.9841977057145
Node 564, 700.1827517258159
Node 1222, 1011.0008300447439
Node 1424, 1036.2877576063643
Node 1687, 1189.0945628552195
Node 1377, 1026.7842204797141
Node 367, 504.36184438833516
Node 213, 312.63773845961
Node 1360, 1024.0339866598342
Node 527, 665.1802883963434
Node 252, 378.28059168897823
Node 1675, 1173.6879391862128
Node 1432, 1037.9007826556042
Node 1581, 1091.5169761956797
Node 1724, 1254.012065129774
Node 726, 851.5059693863502
