Node, generations
Node 2976, 26010.23074513572
Node 1054, 2865.123657911185
Node 779, 1700.7535588541793
Node 126, 56.453863403280245
Node 122, 55.90624381833487
Node 777, 1695.722385401262
Node 443, 263.3871726408455
Node 274, 90.79501686825779
Node 615, 1009.9677209676386
Node 405, 194.33470485501877
Node 340, 129.2789993518274
Node 159, 63.09248678260181
Node 151, 60.78457070258164
Node 145, 59.47771715935358
Node 364, 153.09621335611797
Node 239, 81.53990016771372
Node 112, 54.23986858157298
Node 342, 129.63032033910252
Node 303, 105.73590228349856
Node 272, 90.44889906422775
Node 269, 89.45955976174616
Node 278, 91.44129684371977
Node 134, 58.26223879081131
Node 227, 78.59832333164785
Node 87, 50.92282573461925
Node 424, 224.9545483573555
Node 212, 75.05552676986005
Node 165, 64.65569936589058
Node 817, 1867.2321124958507
Node 326, 119.65048548976279
Node 280, 91.53793931011772
Node 176, 67.25253017383895
Node 265, 88.31656303849452
Node 133, 57.57654363473294
Node 585, 932.4646576312834
Node 339, 128.9594264788563
Node 304, 106.26808756612532
Node 287, 97.00717930284371
Node 423, 224.2749050867938
Node 350, 137.98132798978537
Node 160, 63.10001484507435
Node 406, 197.30155027142365
Node 381, 164.4168578340819
Node 394, 186.73419125345228
Node 2625, 18060.551805015308
Node 956, 2370.9589399670726
Node 626, 1059.513476600046
Node 417, 208.56172975014002
Node 328, 122.14320651045331
Node 251, 83.95898381186919
Node 127, 56.82579371902248
Node 371, 156.4687180614576
Node 307, 106.82062673566853
Node 139, 58.53681687918028
Node 229, 79.69153742873269
Node 171, 66.91878493605624
Node 440, 243.25760266525197
Node 372, 156.55988942213222
Node 175, 67.10882245120244
Node 362, 149.01835596292457
Node 322, 117.09813336024291
Node 264, 87.53765770023514
Node 91, 51.33152086977792
Node 121, 55.86925100512117
Node 319, 114.08579990007723
Node 150, 60.76331950350125
Node 2380, 14131.280411551565
Node 432, 237.8072414555618
Node 245, 83.15129647330308
Node 325, 119.33666513445942
Node 172, 66.92769209533178
Node 850, 1972.6090094139222
Node 289, 97.9108823090853
Node 216, 76.00704331883048
Node 202, 73.49325573710496
Node 482, 515.3763468779513
Node 349, 137.4555882621767
Node 306, 106.6408952663985
Node 156, 62.13029328664774
