Node, generations
Node 3313, 50766.27812799527
Node 1864, 11131.354178247564
Node 191, 188.56963215798353
Node 51, 55.288100594132295
Node 1459, 6865.730001788075
Node 202, 207.25561100485896
Node 65, 60.59172957130267
Node 113, 96.5895919982664
Node 112, 95.48000971585866
Node 1202, 5065.527420395008
Node 240, 371.357135589594
Node 108, 90.11838383585241
Node 225, 239.6303725843914
Node 140, 129.8445469118705
Node 192, 188.57247792242416
Node 48, 53.314776020710084
Node 144, 132.02823204451784
Node 103, 83.82618330830411
Node 71, 64.05965548548467
Node 1012, 4025.6435985033118
Node 114, 96.99729329876966
Node 86, 72.84632402180354
Node 133, 121.51577477002571
Node 2397, 19009.314662267832
Node 1327, 5955.915647276114
Node 600, 2008.640825690421
Node 268, 542.3002866938093
Node 328, 864.2237329421597
Node 58, 57.03418737825298
Node 219, 230.33325788481784
Node 180, 167.40700538455363
Node 160, 153.26051925144134
Node 89, 73.77738325631829
Node 960, 3705.2060188049563
Node 70, 63.718194708676364
Node 806, 2963.172544390803
Node 214, 223.3445928518795
Node 186, 178.82315878234743
Node 60, 57.46941227641732
