node_generations, branch_length
10040.85255111648, 5782.891428809708
3277.5884579136964, 6763.264093202784
0.0, 3277.5884579136964
2597.728799290857, 679.8596586228396
61.271276903534684, 2536.457522387322
0.0, 61.271276903534684
0.0, 61.271276903534684
65.7681760455165, 2531.9606232453402
0.0, 65.7681760455165
0.0, 65.7681760455165
4353.411529639251, 5687.44102147723
2055.2961498776904, 2298.1153797615607
0.0, 2055.2961498776904
149.36161032913475, 1905.9345395485557
8.133612007879897, 141.22799832125486
0.0, 8.133612007879897
0.0, 8.133612007879897
135.19662862791597, 14.164981701218778
0.0, 135.19662862791597
0.0, 135.19662862791597
3718.2138609844233, 635.1976686548278
0.0, 3718.2138609844233
5.175073764099332, 3713.038787220324
0.0, 5.175073764099332
0.0, 5.175073764099332
15316.93817970078, 506.80580022540744
86.59923782998182, 15230.3389418708
0.0, 86.59923782998182
75.08298510354707, 11.516252726434743
0.0, 75.08298510354707
0.0, 75.08298510354707
13697.85039963251, 1619.0877800682701
0.0, 13697.85039963251
2465.18762524502, 11232.66277438749
0.0, 2465.18762524502
161.7993258079748, 2303.388299437045
0.0, 161.7993258079748
0.0, 161.7993258079748
