Node, generations
Node 1871, 13988.11862581535
Node 1451, 2260.7022127501014
Node 1279, 2065.1504482853866
Node 1110, 2016.5505185295694
Node 1268, 2059.4490645127053
Node 1230, 2043.4065127635906
Node 1352, 2108.5416442227274
Node 391, 1147.0393759622007
Node 1245, 2047.7054739961295
Node 917, 2002.5470569918882
Node 355, 1067.173909277585
Node 53, 156.4662416250135
Node 1671, 4454.149071116994
Node 1457, 2265.3554697728196
Node 1386, 2145.0168243430126
Node 1219, 2041.0334465053152
Node 940, 2003.4747446067172
Node 1450, 2257.8832552590075
Node 331, 1015.6027762460485
Node 1660, 3812.001234915656
Node 1573, 2774.1440750551415
Node 1524, 2510.95895999585
Node 1397, 2168.6014268445715
Node 1200, 2036.8513933760894
Node 1478, 2324.2999401766615
Node 1469, 2289.0493368774632
Node 1389, 2149.066959655054
Node 1390, 2151.7277306544843
Node 1253, 2052.4131947804212
Node 1572, 2771.142072181601
Node 61, 241.79547099988883
Node 1495, 2413.8550989698792
Node 100, 414.5186833443717
Node 1402, 2173.1021225391382
Node 1183, 2032.7597663317808
Node 1361, 2116.94237006669
Node 77, 330.20632979435203
Node 1600, 3093.8612035904252
Node 848, 1980.2426819261184
