Node, generations
Node 2862, 24933.543375518824
Node 2194, 12886.096267184643
Node 381, 158.98669978454356
Node 287, 100.58852575354307
Node 340, 133.035796505616
Node 294, 105.57927245971
Node 292, 104.49954007745697
Node 2642, 20175.346653198514
Node 753, 1518.656697760983
Node 328, 125.43609303801168
Node 318, 115.32945064639215
Node 188, 65.87255930892401
Node 280, 98.50789270278585
Node 251, 87.39436170074535
Node 726, 1436.5712349900698
Node 430, 222.65646921297
Node 310, 112.2417500491456
Node 110, 53.491487470854786
Node 414, 193.73798658066755
Node 293, 105.31974549538043
Node 141, 58.425542917465336
Node 258, 89.80633872801364
Node 361, 146.26591385072902
Node 346, 136.23152500945437
Node 257, 89.59387587081349
Node 322, 120.00729105548051
Node 291, 102.32074719956239
Node 261, 91.21893215906996
Node 115, 54.23841311884177
Node 355, 142.89175695373712
Node 333, 129.43413564439265
Node 219, 73.64570981253804
Node 272, 93.95549158852137
Node 337, 130.54363977025653
Node 283, 98.86659057284476
Node 303, 110.99160095809101
Node 250, 85.34279005458272
Node 263, 91.8070601704304
Node 437, 227.28355673180164
Node 375, 153.5356005475202
Node 284, 99.14297980636404
Node 190, 66.24096200560132
Node 389, 167.22251682804966
Node 204, 70.28756284143162
Node 104, 53.088993461224575
Node 140, 58.38630987650234
Node 1285, 4176.3440090868635
Node 548, 783.3624720538055
Node 308, 111.99795617219189
Node 265, 92.36657042501535
Node 108, 53.352509644327725
Node 262, 91.763286593223
Node 143, 58.912856011132426
Node 80, 26.96180529269227
Node 166, 62.17552614309771
Node 431, 223.4836086804726
Node 214, 72.87790553232678
Node 95, 51.66679185853935
Node 1039, 2775.3454837600857
Node 370, 150.66474299282274
Node 324, 120.61753696119953
Node 323, 120.3092504232563
Node 225, 75.40809063478852
Node 180, 63.948541407367614
Node 178, 63.61717907029864
Node 273, 94.12897493255292
Node 329, 125.74147192141348
Node 312, 113.62674529079098
Node 109, 53.44829081734511
Node 105, 53.1480970435163
Node 285, 99.58655335874423
Node 904, 2140.367020964619
Node 304, 111.01320398175085
Node 156, 61.49632432098025
Node 212, 72.3176002345964
Node 842, 1869.9026804209327
Node 377, 155.3899616709547
Node 94, 51.61185918070859
Node 367, 150.41921370499543
