Node, generations
Node 1417, 20313.72845277822
Node 406, 533.0180029275892
Node 162, 228.7130923353196
Node 126, 214.97561069903813
Node 161, 228.1267583874313
Node 318, 343.65253203283066
Node 276, 288.9133541755292
Node 226, 260.7826914222396
Node 906, 8758.70561072058
Node 491, 894.9135997005168
Node 431, 613.596190594608
Node 469, 772.0767447975774
Node 430, 608.1680002096765
Node 383, 478.28874017431883
Node 270, 283.37171889730894
Node 299, 313.6179293364275
Node 87, 206.77457527382265
Node 268, 281.5177220613096
Node 112, 212.83497619841566
Node 415, 557.9122323212428
Node 317, 343.245262298856
Node 284, 298.5569558112329
Node 279, 290.4063722622815
Node 298, 312.93433013240013
Node 250, 274.03570395348623
Node 59, 200.24971515748607
Node 183, 235.45989254937385
Node 171, 231.1925946390956
Node 338, 380.8954101696242
Node 197, 240.4086127538642
Node 312, 330.3376225328882
Node 261, 277.758031670573
Node 451, 698.2309652876845
Node 319, 344.7698486195739
Node 316, 340.05004083165863
Node 190, 237.88809193937843
Node 244, 271.3832894358387
Node 435, 618.7015043740273
Node 358, 422.19278180945224
