Node, generations
Node 4022, 48204.69295407809
Node 3012, 2601.7373318117916
Node 3120, 3581.0338390215356
Node 2987, 2478.631668910926
Node 2804, 2089.939100806173
Node 1223, 1253.4391158676472
Node 209, 288.91747621455283
Node 127, 152.51883671124924
Node 155, 200.43053447517897
Node 1293, 1309.6357598715447
Node 741, 838.0614565400044
Node 2962, 2386.0580691979685
Node 2061, 1959.870601572349
Node 2611, 2026.467673780002
Node 163, 220.13597094648225
Node 1008, 1066.6836506352097
Node 660, 751.0237088854759
Node 3066, 2970.2967205432765
Node 2975, 2425.591398187751
Node 2933, 2287.7105353700167
Node 2797, 2086.458917520333
Node 2778, 2076.400519143726
Node 2704, 2046.5102245503642
Node 1055, 1106.8149072854096
Node 2652, 2035.2034371847321
Node 2629, 2028.7057278111397
Node 2303, 2004.4508171140633
Node 662, 756.6207616147207
Node 2848, 2138.1616272246583
Node 2742, 2056.913991881106
Node 1078, 1127.9772889597778
Node 2745, 2057.3733931221286
Node 685, 777.9843899894048
Node 2421, 2009.0653384586524
Node 1360, 1364.9817821181566
Node 2971, 2411.686294924455
Node 2691, 2042.7080849298964
Node 2673, 2039.1583042299967
Node 2612, 2026.5292872053212
Node 2764, 2069.34534759573
Node 2424, 2009.2115047868326
Node 1484, 1472.6942915447125
Node 682, 774.858136589283
Node 2383, 2007.3462789429896
Node 2025, 1930.4005435646936
Node 1107, 1149.1385207089784
Node 979, 1041.4410375680222
Node 628, 725.0108040800866
Node 501, 611.8423157924434
Node 140, 171.24776590823512
Node 2269, 2003.6351346044282
Node 2494, 2013.0315796495554
Node 3055, 2875.1153926949282
Node 2973, 2424.0789726148455
Node 2913, 2244.350608003195
Node 1595, 1572.1464120063115
Node 123, 136.54095766197887
Node 1515, 1492.146395227356
Node 105, 95.3402743649618
Node 2818, 2107.812192588178
Node 768, 858.8864771514753
Node 2766, 2071.6163795859406
Node 568, 658.4842266216485
Node 1873, 1807.5355112648717
Node 319, 446.909195737511
Node 311, 440.57728991910346
Node 766, 852.2928937861176
Node 3051, 2847.9944059708
Node 2872, 2176.1969960296046
Node 2325, 2004.9439833630702
Node 424, 545.7869033222667
Node 1580, 1556.073320274565
Node 2720, 2051.0191120030854
Node 1848, 1784.8624194780807
Node 1349, 1357.7288515776474
Node 2877, 2180.2086755716173
Node 201, 278.2129889137766
Node 1342, 1352.7208114962748
Node 423, 543.6421901985658
