Node, generations
Node 2663, 66012.95470546556
Node 1453, 1887.4214510119782
Node 1345, 1327.4521801894537
Node 1270, 1168.4642240822475
Node 1269, 1166.5254398800644
Node 1045, 1032.8576220671005
Node 1160, 1076.4405030179466
Node 1293, 1209.7701541512047
Node 1059, 1035.6709358237074
Node 107, 246.60478408051918
Node 1248, 1145.0231165639882
Node 1200, 1097.6802231502204
Node 407, 728.1152641141009
Node 1432, 1736.351654578202
Node 1243, 1139.9698354564337
Node 1017, 1026.1989839749972
Node 518, 875.2560685804075
Node 68, 116.32682206003749
Node 1107, 1050.6582499355563
Node 997, 1023.5814284346865
Node 844, 1008.7859863469386
Node 157, 351.3889607387199
Node 89, 195.34369543851486
Node 120, 282.5369823531776
Node 990, 1021.9515560709171
Node 1251, 1146.81827015079
Node 1139, 1063.7518197106026
Node 955, 1017.3911480586697
Node 2373, 37780.2516159422
Node 1501, 2324.896758258935
Node 1335, 1291.2078195269535
Node 1187, 1087.8866722914042
Node 994, 1022.1068226001039
Node 1179, 1085.0994467858973
Node 766, 1004.3745855914826
Node 1120, 1056.7886748690394
Node 1401, 1565.3335715973703
Node 1341, 1310.6915201485085
Node 1343, 1314.4800084446179
Node 663, 1001.0412006469294
Node 167, 369.76445452614206
Node 1091, 1044.8236198729012
Node 884, 1012.0135728817711
Node 122, 284.3381182559527
Node 67, 110.16125059910601
Node 1065, 1037.0795217544123
Node 1026, 1027.2718322587004
Node 1502, 2333.0491357258816
Node 930, 1015.5092561147424
Node 440, 773.6062299160222
Node 1393, 1513.6414670038648
Node 1317, 1251.941429174986
Node 1303, 1224.764231680792
Node 1008, 1025.1003578848015
Node 1258, 1151.9177775903022
Node 747, 1003.6661935828082
Node 1186, 1087.7908195525952
Node 267, 537.715889542201
Node 121, 283.21649620732944
