node_generations, branch_length
1563.3162689952526, 6201.408864065752
409.9498824996042, 1153.3663864956484
281.1324172495161, 128.8174652500881
0.0, 281.1324172495161
279.2205627846954, 1.911854464820692
0.0, 279.2205627846954
259.6263713166572, 19.59419146803822
0.0, 259.6263713166572
216.603587769311, 43.022783547346194
0.0, 216.603587769311
0.0, 216.603587769311
289.55738979840856, 120.39249270119564
0.0, 289.55738979840856
0.0, 289.55738979840856
615.1650912508549, 948.1511777443977
0.0, 615.1650912508549
220.65624331054676, 394.5088479403081
0.0, 220.65624331054676
216.13092681342934, 4.525316497117416
0.0, 216.13092681342934
0.0, 216.13092681342934
7139.298311902632, 625.4268211583721
0.0, 7139.298311902632
5592.164902596755, 1547.1334093058767
0.0, 5592.164902596755
4024.404134570166, 1567.7607680265892
364.55237584512366, 3659.8517587250426
0.0, 364.55237584512366
297.69866495465897, 66.8537108904647
0.0, 297.69866495465897
0.0, 297.69866495465897
652.1639757402688, 3372.240158829897
0.0, 652.1639757402688
436.90747693433394, 215.25649880593488
0.0, 436.90747693433394
221.95426921813132, 214.95320771620263
0.0, 221.95426921813132
0.0, 221.95426921813132
