Node, generations
Node 1672, 3811.5075464542683
Node 1588, 2861.0872161470943
Node 1455, 2338.136754927576
Node 486, 1383.998859773618
Node 1224, 2045.164153541964
Node 1563, 2697.421342692669
Node 444, 1299.8869637024109
Node 1341, 2129.985567677833
Node 1296, 2078.793620957713
Node 1157, 2025.9546499177802
Node 1006, 2008.124696825935
Node 349, 1062.306680846886
Node 1304, 2085.428762667885
Node 1633, 3241.357954964921
Node 1452, 2330.3685401260327
Node 892, 2002.136330842596
Node 1605, 2964.1848682326713
Node 1395, 2220.573968613432
Node 963, 2006.0419810209735
Node 1319, 2101.241184561077
Node 1235, 2048.4332727617248
Node 52, 147.2504219260416
Node 1133, 2021.4373553032
Node 490, 1393.4110107971424
Node 208, 705.8199651126253
Node 1275, 2067.7273794908697
Node 1171, 2027.9289008580738
Node 455, 1317.985642962424
Node 1268, 2063.0084198082327
Node 1259, 2056.5577913377433
Node 700, 1792.3307706789233
Node 247, 813.2126801974181
Node 1267, 2061.19423623282
Node 1589, 2880.0585856896532
Node 1444, 2313.7269738080136
Node 82, 311.0861480549817
Node 1436, 2295.8782843555446
Node 1328, 2116.153793265874
Node 1265, 2060.552301252128
