Total time,Next time interval,Population size
0.0,7.8431372549019605,5000
7.8431372549019605,8.16326530612245,5000
16.00640256102441,8.503401360544217,5000
24.509803921568626,8.865248226950355,5000
33.37505214851898,9.250693802035153,5000
42.62574595055413,9.66183574879227,5000
52.287581699346404,10.1010101010101,5000
62.38859180035651,10.570824524312897,5000
72.9594163246694,11.074197120708748,5000
84.03361344537815,11.614401858304298,5000
95.64801530368246,12.195121951219512,5000
107.84313725490196,12.820512820512821,5000
120.66365007541478,13.49527665317139,5000
134.15892672858618,14.22475106685633,5000
148.3836777954425,15.015015015015015,5000
163.39869281045753,15.873015873015873,5000
179.2717086834734,16.80672268907563,5000
196.07843137254903,17.825311942959,5000
213.90374331550802,18.939393939393938,5000
232.84313725490196,20.161290322580644,5000
253.0044275774826,21.50537634408602,5000
274.5098039215686,22.988505747126435,5000
297.4983096686951,24.63054187192118,5000
322.12885154061627,26.455026455026456,5000
348.58387799564275,28.49002849002849,5000
377.0739064856712,30.76923076923077,5000
407.843137254902,33.333333333333336,5000
441.1764705882353,36.231884057971016,5000
477.4083546462063,39.52569169960474,5000
516.934046345811,43.29004329004329,5000
560.2240896358543,47.61904761904762,5000
607.8431372549019,52.63157894736842,5000
660.4747162022703,58.47953216374269,5000
718.954248366013,65.359477124183,5000
784.313725490196,73.52941176470588,5000
857.8431372549019,83.33333333333333,5000
941.1764705882352,95.23809523809524,5000
1036.4145658263305,109.89010989010988,5000
1146.3046757164404,128.2051282051282,5000
1274.5098039215686,151.5151515151515,5000
1426.0249554367201,181.8181818181818,5000
1607.8431372549019,222.22222222222223,5000
1830.065359477124,277.77777777777777,5000
2107.8431372549016,714.2857142857143,10000
2822.128851540616,952.3809523809524,10000
3774.509803921568,1333.3333333333333,10000
5107.843137254901,2000.0,10000
7107.843137254901,3333.3333333333335,10000
10441.176470588234,6666.666666666667,10000
17107.843137254902,20000.0,10000
