Total time,Next time interval,Population size
0.0,4775.580952380952,501436
4775.580952380952,19.589473684210525,1861
4795.170426065162,21.76608187134503,1861
4816.936507936507,24.326797385620914,1861
4841.263305322128,27.36764705882353,1861
4868.630952380951,31.016666666666666,1861
4899.647619047618,35.44761904761905,1861
4935.095238095237,40.9010989010989,1861
4975.996336996335,47.717948717948715,1861
5023.7142857142835,56.39393939393939,1861
5080.1082251082225,67.67272727272727,1861
5147.78095238095,82.71111111111111,1861
5230.492063492061,103.38888888888889,1861
5333.88095238095,132.92857142857142,1861
5466.809523809521,177.23809523809524,1861
5644.0476190476165,248.13333333333333,1861
5892.18095238095,372.2,1861
6264.38095238095,2436.6666666666665,7310
8701.047619047617,4873.333333333333,7310
13574.38095238095,14620.0,7310
