Total time,Next time interval,Population size
0.0,833.3333333333334,50000
833.3333333333334,952.3809523809524,50000
1785.7142857142858,21.978021978021978,1000
1807.6923076923078,25.641025641025642,1000
1833.3333333333335,30.303030303030305,1000
1863.6363636363637,36.36363636363637,1000
1900.0,44.44444444444444,1000
1944.4444444444443,55.55555555555556,1000
2000.0,714.2857142857143,10000
2714.285714285714,952.3809523809524,10000
3666.6666666666665,1333.3333333333333,10000
5000.0,2000.0,10000
7000.0,3333.3333333333335,10000
10333.333333333334,6666.666666666667,10000
17000.0,20000.0,10000
