Total time,Next time interval,Population size
0.0,1818.1818181818182,50000
1818.1818181818182,444.44444444444446,10000
2262.626262626263,555.5555555555555,10000
2818.1818181818185,714.2857142857143,10000
3532.4675324675327,952.3809523809524,10000
4484.848484848485,1333.3333333333333,10000
5818.181818181818,2000.0,10000
7818.181818181818,3333.3333333333335,10000
11151.515151515152,6666.666666666667,10000
17818.18181818182,20000.0,10000
