Total time,Next time interval,Population size
0.0,1515.1515151515152,50000
1515.1515151515152,36.36363636363637,1000
1551.5151515151515,44.44444444444444,1000
1595.9595959595958,55.55555555555556,1000
1651.5151515151515,71.42857142857143,1000
1722.9437229437228,95.23809523809524,1000
1818.181818181818,133.33333333333334,1000
1951.5151515151513,200.0,1000
2151.515151515151,333.3333333333333,1000
2484.8484848484845,666.6666666666666,1000
3151.515151515151,20000.0,10000
