Total time,Next time interval,Population size
0.0,2222.222222222222,50000
2222.222222222222,55.55555555555556,1000
2277.777777777778,71.42857142857143,1000
2349.2063492063494,95.23809523809524,1000
2444.444444444445,133.33333333333334,1000
2577.7777777777783,200.0,1000
2777.7777777777783,333.3333333333333,1000
3111.1111111111118,6666.666666666667,10000
9777.77777777778,20000.0,10000
