Total time,Next time interval,Population size
0.0,1282.051282051282,50000
1282.051282051282,30.303030303030305,1000
1312.3543123543122,36.36363636363637,1000
1348.7179487179485,44.44444444444444,1000
1393.1623931623928,55.55555555555556,1000
1448.7179487179485,71.42857142857143,1000
1520.1465201465198,952.3809523809524,10000
2472.527472527472,1333.3333333333333,10000
3805.860805860805,2000.0,10000
5805.860805860805,3333.3333333333335,10000
9139.194139194138,6666.666666666667,10000
15805.860805860804,20000.0,10000
