Total time,Next time interval,Population size
0.0,1515.1515151515152,50000
1515.1515151515152,363.6363636363636,10000
1878.787878787879,444.44444444444446,10000
2323.2323232323233,555.5555555555555,10000
2878.787878787879,714.2857142857143,10000
3593.073593073593,952.3809523809524,10000
4545.454545454546,1333.3333333333333,10000
5878.787878787879,2000.0,10000
7878.787878787879,3333.3333333333335,10000
11212.121212121212,6666.666666666667,10000
17878.78787878788,20000.0,10000
