Total time,Next time interval,Population size
0.0,2222.222222222222,50000
2222.222222222222,555.5555555555555,10000
2777.777777777778,714.2857142857143,10000
3492.063492063492,952.3809523809524,10000
4444.444444444444,1333.3333333333333,10000
5777.777777777777,2000.0,10000
7777.777777777777,3333.3333333333335,10000
11111.111111111111,6666.666666666667,10000
17777.777777777777,20000.0,10000
