Total time,Next time interval,Population size
0.0,1098.901098901099,50000
1098.901098901099,25.641025641025642,1000
1124.5421245421246,30.303030303030305,1000
1154.8451548451549,36.36363636363637,1000
1191.2087912087911,44.44444444444444,1000
1235.6532356532355,55.55555555555556,1000
1291.2087912087911,71.42857142857143,1000
1362.6373626373625,95.23809523809524,1000
1457.8754578754576,133.33333333333334,1000
1591.208791208791,200.0,1000
1791.208791208791,333.3333333333333,1000
2124.5421245421244,666.6666666666666,1000
2791.208791208791,20000.0,10000
