Total time,Next time interval,Population size
0.0,128.2051282051282,50000
128.2051282051282,134.9527665317139,50000
263.1578947368421,142.2475106685633,50000
405.4054054054054,150.15015015015015,50000
555.5555555555555,158.73015873015873,50000
714.2857142857142,168.0672268907563,50000
882.3529411764705,178.25311942959001,50000
1060.6060606060605,3.787878787878788,1000
1064.3939393939393,4.032258064516129,1000
1068.4261974584554,4.301075268817204,1000
1072.7272727272725,4.597701149425287,1000
1077.3249738766979,4.926108374384237,1000
1082.2510822510822,5.291005291005291,1000
1087.5420875420875,5.698005698005698,1000
1093.2400932400933,6.153846153846154,1000
1099.3939393939395,6.666666666666667,1000
1106.0606060606062,7.246376811594203,1000
1113.3069828722005,7.905138339920948,1000
1121.2121212121215,8.658008658008658,1000
1129.87012987013,9.523809523809524,1000
1139.3939393939397,10.526315789473685,1000
1149.9202551834135,11.695906432748538,1000
1161.6161616161621,13.071895424836601,1000
1174.6880570409987,14.705882352941176,1000
1189.39393939394,16.666666666666668,1000
1206.0606060606067,19.047619047619047,1000
1225.1082251082257,21.978021978021978,1000
1247.0862470862478,25.641025641025642,1000
1272.7272727272734,30.303030303030305,1000
1303.0303030303037,36.36363636363637,1000
1339.39393939394,44.44444444444444,1000
1383.8383838383843,55.55555555555556,1000
1439.39393939394,71.42857142857143,1000
1510.8225108225113,952.3809523809524,10000
2463.203463203464,1333.3333333333333,10000
3796.536796536797,2000.0,10000
5796.536796536797,3333.3333333333335,10000
9129.87012987013,6666.666666666667,10000
15796.536796536799,20000.0,10000
