Total time,Next time interval,Population size
0.0,952.3809523809524,50000
952.3809523809524,1098.901098901099,50000
2051.2820512820513,25.641025641025642,1000
2076.923076923077,30.303030303030305,1000
2107.2261072261076,36.36363636363637,1000
2143.589743589744,44.44444444444444,1000
2188.0341880341884,55.55555555555556,1000
2243.589743589744,71.42857142857143,1000
2315.0183150183157,95.23809523809524,1000
2410.256410256411,133.33333333333334,1000
2543.5897435897446,200.0,1000
2743.5897435897446,333.3333333333333,1000
3076.923076923078,6666.666666666667,10000
9743.589743589746,20000.0,10000
