Total time,Next time interval,Population size
0.0,653.59477124183,50000
653.59477124183,735.2941176470588,50000
1388.8888888888887,16.666666666666668,1000
1405.5555555555554,19.047619047619047,1000
1424.6031746031745,21.978021978021978,1000
1446.5811965811965,25.641025641025642,1000
1472.2222222222222,30.303030303030305,1000
1502.5252525252524,363.6363636363636,10000
1866.1616161616162,444.44444444444446,10000
2310.6060606060605,555.5555555555555,10000
2866.161616161616,714.2857142857143,10000
3580.4473304473304,952.3809523809524,10000
4532.828282828283,1333.3333333333333,10000
5866.161616161616,2000.0,10000
7866.161616161616,3333.3333333333335,10000
11199.494949494949,6666.666666666667,10000
17866.161616161615,20000.0,10000
