Total time,Next time interval,Population size
0.0,653.59477124183,50000
653.59477124183,735.2941176470588,50000
1388.8888888888887,16.666666666666668,1000
1405.5555555555554,19.047619047619047,1000
1424.6031746031745,21.978021978021978,1000
1446.5811965811965,25.641025641025642,1000
1472.2222222222222,30.303030303030305,1000
1502.5252525252524,36.36363636363637,1000
1538.8888888888887,44.44444444444444,1000
1583.333333333333,55.55555555555556,1000
1638.8888888888887,71.42857142857143,1000
1710.31746031746,95.23809523809524,1000
1805.5555555555552,133.33333333333334,1000
1938.8888888888885,200.0,1000
2138.8888888888887,3333.3333333333335,10000
5472.222222222223,6666.666666666667,10000
12138.88888888889,20000.0,10000
