Total time,Next time interval,Population size
0.0,395.25691699604744,50000
395.25691699604744,432.9004329004329,50000
828.1573498964804,476.1904761904762,50000
1304.3478260869565,10.526315789473685,1000
1314.8741418764303,11.695906432748538,1000
1326.570048309179,13.071895424836601,1000
1339.6419437340155,14.705882352941176,1000
1354.3478260869567,16.666666666666668,1000
1371.0144927536235,19.047619047619047,1000
1390.0621118012425,21.978021978021978,1000
1412.0401337792646,25.641025641025642,1000
1437.6811594202902,30.303030303030305,1000
1467.9841897233205,36.36363636363637,1000
1504.3478260869567,444.44444444444446,10000
1948.7922705314013,555.5555555555555,10000
2504.347826086957,714.2857142857143,10000
3218.633540372671,952.3809523809524,10000
4171.014492753624,1333.3333333333333,10000
5504.347826086957,2000.0,10000
7504.347826086957,3333.3333333333335,10000
10837.68115942029,6666.666666666667,10000
17504.347826086956,20000.0,10000
