Total time,Next time interval,Population size
0.0,333.3333333333333,50000
333.3333333333333,362.3188405797101,50000
695.6521739130435,395.25691699604744,50000
1090.909090909091,8.658008658008658,1000
1099.5670995670996,9.523809523809524,1000
1109.0909090909092,10.526315789473685,1000
1119.617224880383,11.695906432748538,1000
1131.3131313131316,13.071895424836601,1000
1144.3850267379682,14.705882352941176,1000
1159.0909090909095,16.666666666666668,1000
1175.7575757575762,19.047619047619047,1000
1194.8051948051952,21.978021978021978,1000
1216.7832167832173,25.641025641025642,1000
1242.424242424243,30.303030303030305,1000
1272.7272727272732,36.36363636363637,1000
1309.0909090909095,44.44444444444444,1000
1353.5353535353538,55.55555555555556,1000
1409.0909090909095,71.42857142857143,1000
1480.5194805194808,95.23809523809524,1000
1575.757575757576,133.33333333333334,1000
1709.0909090909092,200.0,1000
1909.0909090909092,333.3333333333333,1000
2242.4242424242425,666.6666666666666,1000
2909.090909090909,20000.0,10000
