Total time,Next time interval,Population size
0.0,735.2941176470588,50000
735.2941176470588,833.3333333333334,50000
1568.627450980392,190.47619047619048,10000
1759.1036414565824,219.78021978021977,10000
1978.8838612368022,256.4102564102564,10000
2235.2941176470586,303.030303030303,10000
2538.3244206773616,363.6363636363636,10000
2901.960784313725,444.44444444444446,10000
3346.4052287581694,555.5555555555555,10000
3901.960784313725,714.2857142857143,10000
4616.246498599439,952.3809523809524,10000
5568.627450980392,1333.3333333333333,10000
6901.960784313725,2000.0,10000
8901.960784313724,3333.3333333333335,10000
12235.294117647058,6666.666666666667,10000
18901.960784313724,20000.0,10000
