Total time,Next time interval,Population size
0.0,215.05376344086022,50000
215.05376344086022,229.88505747126436,50000
444.9388209121246,246.30541871921181,50000
691.2442396313364,264.55026455026456,50000
955.794504181601,284.9002849002849,50000
1240.694789081886,6.153846153846154,1000
1246.8486352357322,6.666666666666667,1000
1253.515301902399,7.246376811594203,1000
1260.7616787139932,7.905138339920948,1000
1268.6668170539142,8.658008658008658,1000
1277.3248257119228,9.523809523809524,1000
1286.8486352357324,10.526315789473685,1000
1297.3749510252062,11.695906432748538,1000
1309.0708574579548,13.071895424836601,1000
1322.1427528827915,14.705882352941176,1000
1336.8486352357327,16.666666666666668,1000
1353.5153019023994,19.047619047619047,1000
1372.5629209500185,21.978021978021978,1000
1394.5409429280405,25.641025641025642,1000
1420.1819685690662,30.303030303030305,1000
1450.4849988720964,36.36363636363637,1000
1486.8486352357327,44.44444444444444,1000
1531.293079680177,55.55555555555556,1000
1586.8486352357327,71.42857142857143,1000
1658.277206664304,95.23809523809524,1000
1753.5153019023992,133.33333333333334,1000
1886.8486352357324,200.0,1000
2086.848635235732,333.3333333333333,1000
2420.1819685690657,666.6666666666666,1000
3086.848635235732,20000.0,10000
