Total time,Next time interval,Population size
0.0,81.63265306122449,50000
81.63265306122449,85.03401360544218,50000
166.66666666666669,88.65248226950355,50000
255.31914893617022,92.50693802035153,50000
347.82608695652175,96.61835748792271,50000
444.44444444444446,101.01010101010101,50000
545.4545454545455,105.70824524312897,50000
651.1627906976745,110.74197120708749,50000
761.9047619047619,116.14401858304298,50000
878.048780487805,121.95121951219512,50000
1000.0000000000001,128.2051282051282,50000
1128.2051282051284,134.9527665317139,50000
1263.1578947368423,142.2475106685633,50000
1405.4054054054056,150.15015015015015,50000
1555.5555555555559,3.1746031746031744,1000
1558.730158730159,3.361344537815126,1000
1562.091503267974,3.5650623885918002,1000
1565.6565656565658,3.787878787878788,1000
1569.4444444444446,4.032258064516129,1000
1573.4767025089607,4.301075268817204,1000
1577.7777777777778,4.597701149425287,1000
1582.3754789272032,4.926108374384237,1000
1587.3015873015875,5.291005291005291,1000
1592.5925925925928,5.698005698005698,1000
1598.2905982905986,6.153846153846154,1000
1604.4444444444448,6.666666666666667,1000
1611.1111111111115,7.246376811594203,1000
1618.3574879227058,7.905138339920948,1000
1626.2626262626268,8.658008658008658,1000
1634.9206349206354,9.523809523809524,1000
1644.444444444445,10.526315789473685,1000
1654.9707602339188,11.695906432748538,1000
1666.6666666666674,13.071895424836601,1000
1679.738562091504,14.705882352941176,1000
1694.4444444444453,16.666666666666668,1000
1711.111111111112,19.047619047619047,1000
1730.158730158731,21.978021978021978,1000
1752.136752136753,25.641025641025642,1000
1777.7777777777787,30.303030303030305,1000
1808.080808080809,36.36363636363637,1000
1844.4444444444453,44.44444444444444,1000
1888.8888888888896,55.55555555555556,1000
1944.4444444444453,71.42857142857143,1000
2015.8730158730166,95.23809523809524,1000
2111.1111111111118,133.33333333333334,1000
2244.4444444444453,200.0,1000
2444.4444444444453,333.3333333333333,1000
2777.7777777777787,666.6666666666666,1000
3444.4444444444453,2000.0,1000
