Total time,Next time interval,Population size
0.0,362.3188405797101,50000
362.3188405797101,395.25691699604744,50000
757.5757575757575,432.9004329004329,50000
1190.4761904761904,476.1904761904762,50000
1666.6666666666665,10.526315789473685,1000
1677.1929824561403,11.695906432748538,1000
1688.888888888889,13.071895424836601,1000
1701.9607843137255,14.705882352941176,1000
1716.6666666666667,16.666666666666668,1000
1733.3333333333335,19.047619047619047,1000
1752.3809523809525,21.978021978021978,1000
1774.3589743589746,25.641025641025642,1000
1800.0000000000002,30.303030303030305,1000
1830.3030303030305,36.36363636363637,1000
1866.6666666666667,44.44444444444444,1000
1911.111111111111,55.55555555555556,1000
1966.6666666666667,71.42857142857143,1000
2038.095238095238,95.23809523809524,1000
2133.3333333333335,133.33333333333334,1000
2266.666666666667,200.0,1000
2466.666666666667,333.3333333333333,1000
2800.0000000000005,666.6666666666666,1000
3466.666666666667,2000.0,1000
