Total time,Next time interval,Population size
0.0,476.1904761904762,50000
476.1904761904762,526.3157894736842,50000
1002.5062656641603,584.7953216374269,50000
1587.3015873015872,13.071895424836601,1000
1600.3734827264238,14.705882352941176,1000
1615.079365079365,16.666666666666668,1000
1631.7460317460318,19.047619047619047,1000
1650.7936507936508,21.978021978021978,1000
1672.771672771673,25.641025641025642,1000
1698.4126984126985,30.303030303030305,1000
1728.7157287157288,36.36363636363637,1000
1765.079365079365,44.44444444444444,1000
1809.5238095238094,55.55555555555556,1000
1865.079365079365,71.42857142857143,1000
1936.5079365079364,95.23809523809524,1000
2031.7460317460316,133.33333333333334,1000
2165.079365079365,200.0,1000
2365.079365079365,333.3333333333333,1000
2698.4126984126983,666.6666666666666,1000
3365.079365079365,2000.0,1000
