Total time,Next time interval,Population size
0.0,307.6923076923077,50000
307.6923076923077,333.3333333333333,50000
641.025641025641,362.3188405797101,50000
1003.3444816053511,395.25691699604744,50000
1398.6013986013986,432.9004329004329,50000
1831.5018315018315,9.523809523809524,1000
1841.025641025641,10.526315789473685,1000
1851.5519568151149,11.695906432748538,1000
1863.2478632478635,13.071895424836601,1000
1876.3197586727001,14.705882352941176,1000
1891.0256410256413,16.666666666666668,1000
1907.692307692308,19.047619047619047,1000
1926.7399267399271,21.978021978021978,1000
1948.7179487179492,25.641025641025642,1000
1974.3589743589748,30.303030303030305,1000
2004.662004662005,36.36363636363637,1000
2041.0256410256413,44.44444444444444,1000
2085.470085470086,55.55555555555556,1000
2141.0256410256416,71.42857142857143,1000
2212.454212454213,95.23809523809524,1000
2307.6923076923085,133.33333333333334,1000
2441.025641025642,200.0,1000
2641.025641025642,333.3333333333333,1000
2974.3589743589755,666.6666666666666,1000
3641.025641025642,20000.0,10000
