Total time,Next time interval,Population size
0.0,333.3333333333333,50000
333.3333333333333,362.3188405797101,50000
695.6521739130435,395.25691699604744,50000
1090.909090909091,432.9004329004329,50000
1523.8095238095239,9.523809523809524,1000
1533.3333333333335,10.526315789473685,1000
1543.8596491228072,11.695906432748538,1000
1555.5555555555559,13.071895424836601,1000
1568.6274509803925,14.705882352941176,1000
1583.3333333333337,16.666666666666668,1000
1600.0000000000005,19.047619047619047,1000
1619.0476190476195,21.978021978021978,1000
1641.0256410256416,25.641025641025642,1000
1666.6666666666672,30.303030303030305,1000
1696.9696969696975,36.36363636363637,1000
1733.3333333333337,44.44444444444444,1000
1777.777777777778,55.55555555555556,1000
1833.3333333333337,71.42857142857143,1000
1904.761904761905,95.23809523809524,1000
2000.0000000000002,133.33333333333334,1000
2133.3333333333335,200.0,1000
2333.3333333333335,333.3333333333333,1000
2666.666666666667,666.6666666666666,1000
3333.3333333333335,2000.0,1000
