Total time,Next time interval,Population size
0.0,264.55026455026456,50000
264.55026455026456,284.9002849002849,50000
549.4505494505495,307.6923076923077,50000
857.1428571428571,333.3333333333333,50000
1190.4761904761904,362.3188405797101,50000
1552.7950310559004,7.905138339920948,1000
1560.7001693958214,8.658008658008658,1000
1569.35817805383,9.523809523809524,1000
1578.8819875776396,10.526315789473685,1000
1589.4083033671134,11.695906432748538,1000
1601.104209799862,13.071895424836601,1000
1614.1761052246986,14.705882352941176,1000
1628.8819875776398,16.666666666666668,1000
1645.5486542443066,19.047619047619047,1000
1664.5962732919256,21.978021978021978,1000
1686.5742952699477,25.641025641025642,1000
1712.2153209109733,30.303030303030305,1000
1742.5183512140036,36.36363636363637,1000
1778.8819875776398,44.44444444444444,1000
1823.3264320220842,55.55555555555556,1000
1878.8819875776398,71.42857142857143,1000
1950.3105590062112,95.23809523809524,1000
2045.5486542443064,133.33333333333334,1000
2178.88198757764,200.0,1000
2378.88198757764,333.3333333333333,1000
2712.2153209109733,666.6666666666666,1000
3378.88198757764,2000.0,1000
