Total time,Next time interval,Population size
0.0,1098.901098901099,50000
1098.901098901099,1282.051282051282,50000
2380.9523809523807,30.303030303030305,1000
2411.255411255411,36.36363636363637,1000
2447.6190476190477,44.44444444444444,1000
2492.063492063492,55.55555555555556,1000
2547.6190476190477,71.42857142857143,1000
2619.0476190476193,95.23809523809524,1000
2714.2857142857147,133.33333333333334,1000
2847.619047619048,200.0,1000
3047.619047619048,333.3333333333333,1000
3380.9523809523816,666.6666666666666,1000
4047.619047619048,20000.0,10000
