Total time,Next time interval,Population size
0.0,432.9004329004329,50000
432.9004329004329,476.1904761904762,50000
909.0909090909091,526.3157894736842,50000
1435.4066985645932,584.7953216374269,50000
2020.20202020202,13.071895424836601,1000
2033.2739156268567,14.705882352941176,1000
2047.979797979798,16.666666666666668,1000
2064.6464646464647,19.047619047619047,1000
2083.694083694084,21.978021978021978,1000
2105.6721056721058,25.641025641025642,1000
2131.3131313131316,30.303030303030305,1000
2161.616161616162,36.36363636363637,1000
2197.9797979797986,44.44444444444444,1000
2242.424242424243,55.55555555555556,1000
2297.9797979797986,71.42857142857143,1000
2369.40836940837,95.23809523809524,1000
2464.6464646464656,133.33333333333334,1000
2597.979797979799,200.0,1000
2797.979797979799,333.3333333333333,1000
3131.3131313131325,666.6666666666666,1000
3797.979797979799,2000.0,1000
