Total time,Next time interval,Population size
0.0,333.3333333333333,50000
333.3333333333333,362.3188405797101,50000
695.6521739130435,395.25691699604744,50000
1090.909090909091,432.9004329004329,50000
1523.8095238095239,476.1904761904762,50000
2000.0,10.526315789473685,1000
2010.5263157894738,11.695906432748538,1000
2022.2222222222224,13.071895424836601,1000
2035.294117647059,14.705882352941176,1000
2050.0,16.666666666666668,1000
2066.6666666666665,19.047619047619047,1000
2085.714285714286,21.978021978021978,1000
2107.6923076923076,25.641025641025642,1000
2133.3333333333335,30.303030303030305,1000
2163.636363636364,36.36363636363637,1000
2200.0000000000005,44.44444444444444,1000
2244.444444444445,55.55555555555556,1000
2300.0000000000005,71.42857142857143,1000
2371.428571428572,95.23809523809524,1000
2466.6666666666674,133.33333333333334,1000
2600.000000000001,200.0,1000
2800.000000000001,333.3333333333333,1000
3133.3333333333344,666.6666666666666,1000
3800.000000000001,2000.0,1000
