Total time,Next time interval,Population size
0.0,584.7953216374269,50000
584.7953216374269,653.59477124183,50000
1238.3900928792568,735.2941176470588,50000
1973.6842105263156,833.3333333333334,50000
2807.017543859649,19.047619047619047,1000
2826.065162907268,21.978021978021978,1000
2848.04318488529,25.641025641025642,1000
2873.684210526316,30.303030303030305,1000
2903.9872408293463,36.36363636363637,1000
2940.350877192983,44.44444444444444,1000
2984.795321637427,55.55555555555556,1000
3040.350877192983,71.42857142857143,1000
3111.7794486215544,95.23809523809524,1000
3207.01754385965,133.33333333333334,1000
3340.3508771929833,200.0,1000
3540.3508771929833,333.3333333333333,1000
3873.6842105263167,666.6666666666666,1000
4540.350877192984,20000.0,10000
