Total time,Next time interval,Population size
0.0,264.55026455026456,50000
264.55026455026456,284.9002849002849,50000
549.4505494505495,307.6923076923077,50000
857.1428571428571,333.3333333333333,50000
1190.4761904761904,362.3188405797101,50000
1552.7950310559004,395.25691699604744,50000
1948.0519480519479,432.9004329004329,50000
2380.9523809523807,9.523809523809524,1000
2390.4761904761904,10.526315789473685,1000
2401.002506265664,11.695906432748538,1000
2412.6984126984125,13.071895424836601,1000
2425.770308123249,14.705882352941176,1000
2440.47619047619,16.666666666666668,1000
2457.1428571428564,19.047619047619047,1000
2476.1904761904757,21.978021978021978,1000
2498.1684981684975,25.641025641025642,1000
2523.8095238095234,30.303030303030305,1000
2554.112554112554,36.36363636363637,1000
2590.4761904761904,44.44444444444444,1000
2634.9206349206347,55.55555555555556,1000
2690.4761904761904,71.42857142857143,1000
2761.904761904762,95.23809523809524,1000
2857.1428571428573,133.33333333333334,1000
2990.476190476191,200.0,1000
3190.476190476191,333.3333333333333,1000
3523.8095238095243,666.6666666666666,1000
4190.476190476191,20000.0,10000
