Total time,Next time interval,Population size
0.0,1098.901098901099,50000
1098.901098901099,1282.051282051282,50000
2380.9523809523807,1515.1515151515152,50000
3896.1038961038957,36.36363636363637,1000
3932.4675324675322,44.44444444444444,1000
3976.9119769119766,55.55555555555556,1000
4032.4675324675322,71.42857142857143,1000
4103.896103896103,95.23809523809524,1000
4199.134199134199,133.33333333333334,1000
4332.467532467532,200.0,1000
4532.467532467532,3333.3333333333335,10000
7865.800865800866,6666.666666666667,10000
14532.467532467534,20000.0,10000
