Total time,Next time interval,Population size
0.0,395.25691699604744,50000
395.25691699604744,432.9004329004329,50000
828.1573498964804,476.1904761904762,50000
1304.3478260869565,526.3157894736842,50000
1830.6636155606407,584.7953216374269,50000
2415.4589371980674,653.59477124183,50000
3069.0537084398975,14.705882352941176,1000
3083.7595907928385,16.666666666666668,1000
3100.426257459505,19.047619047619047,1000
3119.4738765071243,21.978021978021978,1000
3141.451898485146,25.641025641025642,1000
3167.092924126172,30.303030303030305,1000
3197.3959544292024,36.36363636363637,1000
3233.759590792839,44.44444444444444,1000
3278.2040352372833,55.55555555555556,1000
3333.759590792839,71.42857142857143,1000
3405.1881622214105,95.23809523809524,1000
3500.426257459506,133.33333333333334,1000
3633.7595907928394,200.0,1000
3833.7595907928394,333.3333333333333,1000
4167.092924126173,666.6666666666666,1000
4833.75959079284,20000.0,10000
