Total time,Next time interval,Population size
0.0,128.2051282051282,50000
128.2051282051282,134.9527665317139,50000
263.1578947368421,142.2475106685633,50000
405.4054054054054,150.15015015015015,50000
555.5555555555555,158.73015873015873,50000
714.2857142857142,168.0672268907563,50000
882.3529411764705,178.25311942959001,50000
1060.6060606060605,189.3939393939394,50000
1250.0,201.61290322580646,50000
1451.6129032258063,215.05376344086022,50000
1666.6666666666665,229.88505747126436,50000
1896.551724137931,246.30541871921181,50000
2142.8571428571427,264.55026455026456,50000
2407.4074074074074,284.9002849002849,50000
2692.3076923076924,6.153846153846154,1000
2698.4615384615386,6.666666666666667,1000
2705.128205128205,7.246376811594203,1000
2712.374581939799,7.905138339920948,1000
2720.27972027972,8.658008658008658,1000
2728.937728937729,9.523809523809524,1000
2738.4615384615386,10.526315789473685,1000
2748.9878542510123,11.695906432748538,1000
2760.6837606837607,13.071895424836601,1000
2773.755656108597,14.705882352941176,1000
2788.461538461538,16.666666666666668,1000
2805.1282051282046,19.047619047619047,1000
2824.175824175824,21.978021978021978,1000
2846.1538461538457,25.641025641025642,1000
2871.7948717948716,30.303030303030305,1000
2902.097902097902,36.36363636363637,1000
2938.4615384615386,44.44444444444444,1000
2982.905982905983,55.55555555555556,1000
3038.4615384615386,71.42857142857143,1000
3109.89010989011,95.23809523809524,1000
3205.1282051282055,133.33333333333334,1000
3338.461538461539,200.0,1000
3538.461538461539,333.3333333333333,1000
3871.7948717948725,666.6666666666666,1000
4538.461538461539,20000.0,10000
