Total time,Next time interval,Population size
0.0,121.95121951219512,50000
121.95121951219512,128.2051282051282,50000
250.15634771732334,134.9527665317139,50000
385.10911424903725,142.2475106685633,50000
527.3566249176006,3.003003003003003,1000
530.3596279206035,3.1746031746031744,1000
533.5342310952067,3.361344537815126,1000
536.8955756330218,3.5650623885918002,1000
540.4606380216137,3.787878787878788,1000
544.2485168094925,4.032258064516129,1000
548.2807748740086,4.301075268817204,1000
552.5818501428257,4.597701149425287,1000
557.179551292251,4.926108374384237,1000
562.1056596666352,5.291005291005291,1000
567.3966649576405,5.698005698005698,1000
573.0946706556462,6.153846153846154,1000
579.2485168094923,6.666666666666667,1000
585.915183476159,7.246376811594203,1000
593.1615602877532,7.905138339920948,1000
601.0666986276742,8.658008658008658,1000
609.7247072856828,9.523809523809524,1000
619.2485168094923,10.526315789473685,1000
629.774832598966,11.695906432748538,1000
641.4707390317145,13.071895424836601,1000
654.5426344565511,14.705882352941176,1000
669.2485168094923,16.666666666666668,1000
685.915183476159,19.047619047619047,1000
704.962802523778,21.978021978021978,1000
726.9408245018,25.641025641025642,1000
752.5818501428256,30.303030303030305,1000
782.8848804458559,36.36363636363637,1000
819.2485168094922,44.44444444444444,1000
863.6929612539367,55.55555555555556,1000
919.2485168094922,71.42857142857143,1000
990.6770882380637,95.23809523809524,1000
1085.915183476159,133.33333333333334,1000
1219.2485168094922,200.0,1000
1419.2485168094922,333.3333333333333,1000
1752.5818501428255,666.6666666666666,1000
2419.2485168094922,2000.0,1000
