Total time,Next time interval,Population size
0.0,56.49717514124294,50000
56.49717514124294,58.445353594389246,50000
114.94252873563218,60.49606775559589,50000
175.43859649122805,62.65664160401003,50000
238.09523809523807,64.93506493506493,50000
303.030303030303,67.34006734006734,50000
370.3703703703703,69.88120195667365,50000
440.25157232704396,72.5689404934688,50000
512.8205128205127,1.5082956259426847,1000
514.3288084464554,1.5686274509803921,1000
515.8974358974358,1.6326530612244898,1000
517.5300889586603,1.7006802721088434,1000
519.230769230769,1.7730496453900708,1000
521.0038188761591,1.8501387604070305,1000
522.8539576365662,1.932367149758454,1000
524.7863247863246,2.0202020202020203,1000
526.8065268065266,2.1141649048625792,1000
528.9206917113892,2.2148394241417497,1000
531.1355311355309,2.3228803716608595,1000
533.4584115071917,2.4390243902439024,1000
535.8974358974357,2.5641025641025643,1000
538.4615384615382,2.699055330634278,1000
541.1605937921724,2.844950213371266,1000
544.0055440055437,3.003003003003003,1000
547.0085470085467,3.1746031746031744,1000
550.1831501831498,3.361344537815126,1000
553.544494720965,3.5650623885918002,1000
557.1095571095568,3.787878787878788,1000
560.8974358974356,4.032258064516129,1000
564.9296939619517,4.301075268817204,1000
569.2307692307688,4.597701149425287,1000
573.8284703801941,4.926108374384237,1000
578.7545787545783,5.291005291005291,1000
584.0455840455836,5.698005698005698,1000
589.7435897435893,6.153846153846154,1000
595.8974358974355,6.666666666666667,1000
602.5641025641021,7.246376811594203,1000
609.8104793756963,7.905138339920948,1000
617.7156177156173,8.658008658008658,1000
626.3736263736259,9.523809523809524,1000
635.8974358974355,10.526315789473685,1000
646.4237516869091,11.695906432748538,1000
658.1196581196576,13.071895424836601,1000
671.1915535444942,14.705882352941176,1000
685.8974358974355,16.666666666666668,1000
702.5641025641021,19.047619047619047,1000
721.6117216117211,21.978021978021978,1000
743.5897435897431,25.641025641025642,1000
769.2307692307687,30.303030303030305,1000
799.533799533799,36.36363636363637,1000
835.8974358974353,44.44444444444444,1000
880.3418803418798,55.55555555555556,1000
935.8974358974353,71.42857142857143,1000
1007.3260073260068,95.23809523809524,1000
1102.564102564102,133.33333333333334,1000
1235.8974358974353,200.0,1000
1435.8974358974353,333.3333333333333,1000
1769.2307692307686,666.6666666666666,1000
2435.897435897435,2000.0,1000
