Total time,Next time interval,Population size
0.0,952.3809523809524,50000
952.3809523809524,21.978021978021978,1000
974.3589743589744,25.641025641025642,1000
1000.0,30.303030303030305,1000
1030.3030303030303,36.36363636363637,1000
1066.6666666666665,44.44444444444444,1000
1111.1111111111109,55.55555555555556,1000
1166.6666666666665,71.42857142857143,1000
1238.0952380952378,95.23809523809524,1000
1333.333333333333,133.33333333333334,1000
1466.6666666666663,200.0,1000
1666.6666666666663,333.3333333333333,1000
1999.9999999999995,666.6666666666666,1000
2666.666666666666,20000.0,10000
