Total time,Next time interval,Population size
0.0,219.78021978021977,10000
219.78021978021977,256.4102564102564,10000
476.19047619047615,303.030303030303,10000
779.2207792207791,363.6363636363636,10000
1142.8571428571427,444.44444444444446,10000
1587.301587301587,555.5555555555555,10000
2142.8571428571427,714.2857142857143,10000
2857.142857142857,952.3809523809524,10000
3809.523809523809,1333.3333333333333,10000
5142.857142857142,2000.0,10000
7142.857142857142,3333.3333333333335,10000
10476.190476190475,6666.666666666667,10000
17142.85714285714,20000.0,10000
