Total time,Next time interval,Population size
0.0,45.97701149425287,10000
45.97701149425287,49.26108374384236,10000
95.23809523809524,52.91005291005291,10000
148.14814814814815,56.98005698005698,10000
205.12820512820514,61.53846153846154,10000
266.6666666666667,66.66666666666667,10000
333.33333333333337,72.46376811594203,10000
405.7971014492754,79.05138339920948,10000
484.8484848484849,86.58008658008659,10000
571.4285714285714,95.23809523809524,10000
666.6666666666667,105.26315789473684,10000
771.9298245614036,116.95906432748538,10000
888.888888888889,130.718954248366,10000
1019.607843137255,147.05882352941177,10000
1166.6666666666667,166.66666666666666,10000
1333.3333333333335,190.47619047619048,10000
1523.8095238095239,219.78021978021977,10000
1743.5897435897436,256.4102564102564,10000
2000.0,303.030303030303,10000
2303.030303030303,363.6363636363636,10000
2666.6666666666665,444.44444444444446,10000
3111.111111111111,555.5555555555555,10000
3666.6666666666665,714.2857142857143,10000
4380.952380952381,952.3809523809524,10000
5333.333333333333,1333.3333333333333,10000
6666.666666666666,2000.0,10000
8666.666666666666,3333.3333333333335,10000
12000.0,6666.666666666667,10000
18666.666666666668,20000.0,10000
