Total time,Next time interval,Population size
0.0,61.53846153846154,10000
61.53846153846154,66.66666666666667,10000
128.2051282051282,72.46376811594203,10000
200.66889632107024,79.05138339920948,10000
279.72027972027973,86.58008658008659,10000
366.3003663003663,95.23809523809524,10000
461.53846153846155,105.26315789473684,10000
566.8016194331984,116.95906432748538,10000
683.7606837606838,130.718954248366,10000
814.4796380090498,147.05882352941177,10000
961.5384615384617,166.66666666666666,10000
1128.2051282051284,190.47619047619048,10000
1318.6813186813188,219.78021978021977,10000
1538.4615384615386,256.4102564102564,10000
1794.871794871795,303.030303030303,10000
2097.902097902098,363.6363636363636,10000
2461.5384615384614,444.44444444444446,10000
2905.982905982906,555.5555555555555,10000
3461.5384615384614,714.2857142857143,10000
4175.824175824176,952.3809523809524,10000
5128.205128205128,1333.3333333333333,10000
6461.538461538461,2000.0,10000
8461.538461538461,3333.3333333333335,10000
11794.871794871795,6666.666666666667,10000
18461.53846153846,20000.0,10000
