Total time,Next time interval,Population size
0.0,166.66666666666666,10000
166.66666666666666,190.47619047619048,10000
357.1428571428571,219.78021978021977,10000
576.9230769230769,256.4102564102564,10000
833.3333333333333,303.030303030303,10000
1136.3636363636363,363.6363636363636,10000
1500.0,444.44444444444446,10000
1944.4444444444443,555.5555555555555,10000
2500.0,714.2857142857143,10000
3214.285714285714,952.3809523809524,10000
4166.666666666667,1333.3333333333333,10000
5500.0,2000.0,10000
7500.0,3333.3333333333335,10000
10833.333333333334,6666.666666666667,10000
17500.0,20000.0,10000
