Total time,Next time interval,Population size
0.0,303.030303030303,10000
303.030303030303,363.6363636363636,10000
666.6666666666666,444.44444444444446,10000
1111.111111111111,555.5555555555555,10000
1666.6666666666665,714.2857142857143,10000
2380.9523809523807,952.3809523809524,10000
3333.333333333333,1333.3333333333333,10000
4666.666666666666,2000.0,10000
6666.666666666666,3333.3333333333335,10000
10000.0,6666.666666666667,10000
16666.666666666668,20000.0,10000
