Total time,Next time interval,Population size
0.0,16.3265306122449,10000
16.3265306122449,17.006802721088434,10000
33.33333333333333,17.73049645390071,10000
51.06382978723404,18.501387604070306,10000
69.56521739130434,19.32367149758454,10000
88.88888888888889,20.2020202020202,10000
109.0909090909091,21.141649048625794,10000
130.2325581395349,22.148394241417495,10000
152.38095238095238,23.228803716608596,10000
175.609756097561,24.390243902439025,10000
200.0,25.641025641025642,10000
225.64102564102564,26.99055330634278,10000
252.6315789473684,28.44950213371266,10000
281.0810810810811,30.03003003003003,10000
311.11111111111114,31.746031746031747,10000
342.8571428571429,33.61344537815126,10000
376.47058823529414,35.650623885918,10000
412.1212121212121,37.878787878787875,10000
450.0,40.32258064516129,10000
490.3225806451613,43.01075268817204,10000
533.3333333333334,45.97701149425287,10000
579.3103448275863,49.26108374384236,10000
628.5714285714287,52.91005291005291,10000
681.4814814814815,56.98005698005698,10000
738.4615384615385,61.53846153846154,10000
800.0,66.66666666666667,10000
866.6666666666666,72.46376811594203,10000
939.1304347826086,79.05138339920948,10000
1018.1818181818181,86.58008658008659,10000
1104.7619047619048,95.23809523809524,10000
1200.0,105.26315789473684,10000
1305.2631578947369,116.95906432748538,10000
1422.2222222222222,130.718954248366,10000
1552.9411764705883,147.05882352941177,10000
1700.0,166.66666666666666,10000
1866.6666666666667,190.47619047619048,10000
2057.1428571428573,219.78021978021977,10000
2276.923076923077,256.4102564102564,10000
2533.3333333333335,303.030303030303,10000
2836.3636363636365,363.6363636363636,10000
3200.0,444.44444444444446,10000
3644.4444444444443,555.5555555555555,10000
4200.0,714.2857142857143,10000
4914.285714285715,952.3809523809524,10000
5866.666666666667,1333.3333333333333,10000
7200.0,2000.0,10000
9200.0,3333.3333333333335,10000
12533.333333333334,6666.666666666667,10000
19200.0,20000.0,10000
