Total time,Next time interval,Population size
0.0,15.686274509803921,10000
15.686274509803921,16.3265306122449,10000
32.01280512204882,17.006802721088434,10000
49.01960784313725,17.73049645390071,10000
66.75010429703796,18.501387604070306,10000
85.25149190110827,19.32367149758454,10000
104.57516339869281,20.2020202020202,10000
124.77718360071302,21.141649048625794,10000
145.9188326493388,22.148394241417495,10000
168.0672268907563,23.228803716608596,10000
191.2960306073649,24.390243902439025,10000
215.68627450980392,25.641025641025642,10000
241.32730015082956,26.99055330634278,10000
268.31785345717236,28.44950213371266,10000
296.767355590885,30.03003003003003,10000
326.79738562091507,31.746031746031747,10000
358.5434173669468,33.61344537815126,10000
392.15686274509807,35.650623885918,10000
427.80748663101605,37.878787878787875,10000
465.6862745098039,40.32258064516129,10000
506.0088551549652,43.01075268817204,10000
549.0196078431372,45.97701149425287,10000
594.9966193373901,49.26108374384236,10000
644.2577030812325,52.91005291005291,10000
697.1677559912855,56.98005698005698,10000
754.1478129713424,61.53846153846154,10000
815.686274509804,66.66666666666667,10000
882.3529411764706,72.46376811594203,10000
954.8167092924126,79.05138339920948,10000
1033.868092691622,86.58008658008659,10000
1120.4481792717086,95.23809523809524,10000
1215.6862745098038,105.26315789473684,10000
1320.9494324045406,116.95906432748538,10000
1437.908496732026,130.718954248366,10000
1568.627450980392,147.05882352941177,10000
1715.6862745098038,166.66666666666666,10000
1882.3529411764705,190.47619047619048,10000
2072.829131652661,219.78021978021977,10000
2292.609351432881,256.4102564102564,10000
2549.0196078431372,303.030303030303,10000
2852.0499108734402,363.6363636363636,10000
3215.6862745098038,444.44444444444446,10000
3660.130718954248,555.5555555555555,10000
4215.686274509803,714.2857142857143,10000
4929.971988795518,952.3809523809524,10000
5882.35294117647,1333.3333333333333,10000
7215.686274509803,2000.0,10000
9215.686274509804,3333.3333333333335,10000
12549.019607843138,6666.666666666667,10000
19215.686274509804,20000.0,10000
