Total time,Next time interval,Population size
0.0,79.05138339920948,10000
79.05138339920948,86.58008658008659,10000
165.63146997929607,95.23809523809524,10000
260.8695652173913,105.26315789473684,10000
366.13272311212813,116.95906432748538,10000
483.09178743961354,130.718954248366,10000
613.8107416879795,147.05882352941177,10000
760.8695652173913,166.66666666666666,10000
927.5362318840579,190.47619047619048,10000
1118.0124223602484,219.78021978021977,10000
1337.7926421404682,256.4102564102564,10000
1594.2028985507245,303.030303030303,10000
1897.2332015810275,363.6363636363636,10000
2260.869565217391,444.44444444444446,10000
2705.3140096618354,555.5555555555555,10000
3260.869565217391,714.2857142857143,10000
3975.1552795031052,952.3809523809524,10000
4927.536231884058,1333.3333333333333,10000
6260.869565217391,2000.0,10000
8260.869565217392,3333.3333333333335,10000
11594.202898550726,6666.666666666667,10000
18260.869565217392,20000.0,10000
