Total time,Next time interval,Population size
0.0,147.05882352941177,10000
147.05882352941177,166.66666666666666,10000
313.72549019607845,190.47619047619048,10000
504.20168067226894,219.78021978021977,10000
723.9819004524887,256.4102564102564,10000
980.3921568627452,303.030303030303,10000
1283.4224598930482,363.6363636363636,10000
1647.0588235294117,444.44444444444446,10000
2091.503267973856,555.5555555555555,10000
2647.0588235294117,714.2857142857143,10000
3361.344537815126,952.3809523809524,10000
4313.725490196079,1333.3333333333333,10000
5647.058823529412,2000.0,10000
7647.058823529412,3333.3333333333335,10000
10980.392156862745,6666.666666666667,10000
17647.058823529413,20000.0,10000
