Total time,Next time interval,Population size
0.0,1285.7333333333333,501436
1285.7333333333333,2.785425101214575,1032
1288.5187584345479,2.9359886201991463,1032
1291.454747054747,3.099099099099099,1032
1294.553846153846,3.276190476190476,1032
1297.8300366300366,3.46890756302521,1032
1301.2989441930617,3.679144385026738,1032
1304.9780885780885,3.909090909090909,1032
1308.8871794871795,4.161290322580645,1032
1313.0484698097603,4.438709677419355,1032
1317.4871794871797,4.744827586206896,1032
1322.2320070733865,5.083743842364532,1032
1327.315750915751,5.4603174603174605,1032
1332.7760683760685,5.880341880341881,1032
1338.6564102564103,6.350769230769231,1032
1345.0071794871794,6.88,1032
1351.8871794871795,7.478260869565218,1032
1359.3654403567448,8.15810276679842,1032
1367.5235431235433,8.935064935064934,1032
1376.4586080586082,9.82857142857143,1032
1386.2871794871796,10.863157894736842,1032
1397.1503373819164,12.070175438596491,1032
1409.2205128205128,13.490196078431373,1032
1422.7107088989442,15.176470588235293,1032
1437.8871794871795,17.2,1032
1455.0871794871796,19.65714285714286,1032
1474.7443223443224,22.681318681318682,1032
1497.4256410256412,26.46153846153846,1032
1523.8871794871798,31.272727272727273,1032
1555.159906759907,37.527272727272724,1032
1592.6871794871797,45.86666666666667,1032
1638.5538461538463,57.333333333333336,1032
1695.8871794871795,73.71428571428571,1032
1769.6014652014653,98.28571428571429,1032
1867.8871794871795,137.6,1032
2005.4871794871794,206.4,1032
2211.8871794871793,620.3333333333334,1861
2832.220512820513,1240.6666666666667,1861
4072.8871794871793,3722.0,1861
