Total time,Next time interval,Population size
0.0,111.11111111111111,2500
111.11111111111111,138.88888888888889,2500
250.0,357.14285714285717,5000
607.1428571428571,476.1904761904762,5000
1083.3333333333333,666.6666666666666,5000
1750.0,1000.0,5000
2750.0,3333.3333333333335,10000
6083.333333333334,6666.666666666667,10000
12750.0,20000.0,10000
