Total time,Next time interval,Population size
0.0,90.9090909090909,2500
90.9090909090909,111.11111111111111,2500
202.02020202020202,277.77777777777777,5000
479.7979797979798,357.14285714285717,5000
836.940836940837,476.1904761904762,5000
1313.1313131313132,666.6666666666666,5000
1979.7979797979797,1000.0,5000
2979.7979797979797,3333.3333333333335,10000
6313.131313131313,6666.666666666667,10000
12979.797979797979,20000.0,10000
