Total time,Next time interval,Population size
0.0,51.282051282051285,20000
51.282051282051285,53.98110661268556,20000
105.26315789473685,56.89900426742532,20000
162.16216216216216,60.06006006006006,20000
222.22222222222223,31.746031746031747,10000
253.96825396825398,33.61344537815126,10000
287.58169934640523,35.650623885918,10000
323.2323232323232,37.878787878787875,10000
361.1111111111111,40.32258064516129,10000
401.43369175627237,43.01075268817204,10000
444.4444444444444,45.97701149425287,10000
490.42145593869725,49.26108374384236,10000
539.6825396825396,52.91005291005291,10000
592.5925925925926,56.98005698005698,10000
649.5726495726495,61.53846153846154,10000
711.1111111111111,66.66666666666667,10000
777.7777777777777,72.46376811594203,10000
850.2415458937197,79.05138339920948,10000
929.2929292929292,86.58008658008659,10000
1015.8730158730158,95.23809523809524,10000
1111.111111111111,105.26315789473684,10000
1216.374269005848,116.95906432748538,10000
1333.3333333333333,130.718954248366,10000
1464.0522875816991,147.05882352941177,10000
1611.1111111111109,166.66666666666666,10000
1777.7777777777776,190.47619047619048,10000
1968.2539682539682,219.78021978021977,10000
2188.034188034188,256.4102564102564,10000
2444.4444444444443,303.030303030303,10000
2747.4747474747473,363.6363636363636,10000
3111.111111111111,444.44444444444446,10000
3555.555555555555,555.5555555555555,10000
4111.11111111111,714.2857142857143,10000
4825.396825396825,952.3809523809524,10000
5777.777777777777,1333.3333333333333,10000
7111.11111111111,2000.0,10000
9111.11111111111,3333.3333333333335,10000
12444.444444444443,6666.666666666667,10000
19111.11111111111,20000.0,10000
